legacy_id;active;created_at;slug;title;content;content_short;meta_title;meta_desc;meta_keywords;video;author;
"1";"1";"2015-05-20 16:02:12";"october-jobs";"Догляд за садом в жовтні";"Незважаючи на теплі вересневі дні, зараз уже в свої права безумовно увійшла осінь. Осінь це зовсім не привід для смутку, а прекрасна пора, коли ваші рослини радують вас різноманіттям і зміною кольору, а також це чудова нагода підготувати ваш сад до наступного року.
Позрізайте і приберіть верхівки багатолітників, що вже зжухли. Це допорможе зберегти гарний вигляд вашому садку і захистить його від шкідників, які полюбляють зжухле листя.
Розділіть занадто густі скупчення травянистих багаторічників, щоб наступного року вони виглядали якнайкраще.
Висадіть нарциси, тюльпани та інші весняні квіти, щоб вони потім навесні виглядали насправді приголомшливо. Зверніть увагу на глибину та час висадки.
Обріжте кущі троянд після того як вони відквітли і підвяжіть стовбури витких рослин, поки вітри не знищили їх.
Зберіть врожай яблук, абрикосів та інших мяких фруктів. Багато фруктів може бути використано для виготовлення різноманітних джемів. Або ви может залишити їх в саду - дял пташок.
До перших морозів зберіть врожай ваших гарбузів, кабачків та капусти.  Цвітну капусту необхідно захистити від морозів, обернувши спеціальною захисною плівкою або оберніть зовнішними листками, закріпивши завязкою.
Приберіть солому довкола полуниць, щоб забезпечити кращу вентиляцію основі рослини.
Приберіть опавше осіннє листя, хоча це й може здатися невдячною справою коли вітер їх розносить по вашому садку.Але листя - чудовий матеріал для компосту, і , прибравши його ви забезпечите більше сонця для вашого газону.
Викосіть газон востаннє перед настанням холодів і морозів.
Оскільки стає холодніше, саме час перенести ваші тендітні рослини до теплиці. Вичистіть і продезинфікуйте спершу теплицю, щоб разом з рослинами в ній не зимували які-небудь шкідники чи хвороби.
Захистіть поверхню ваших ставків сіткою, щоб в них не падало листя.";"Літні деньки вже в минулому, саме час потрудитися в саду. Дізнайтеся, що корисного для свого саду ви можете зробити в жовтні";"Догляд за садом в жовтні";"Догляд за садом в жовтні";"";"";"";
"2";"1";"2015-05-20 16:07:43";"november-jobs";"Догляд за садом в листопаді";"Опадання листя і зниження температури вказує нам на неминучий і близький прихід зими. Тому саме зараз настав час, щоб підготувати ваші рослини і сад до її настання.
Рослини
Якщо ви ще досі цього не зробили, висадіть цибулини квітів, що квітнуть навесні, наприклад тюльпани. Час, поки грунт ще не замерз, саме підходить для цього.
Листопад - чудовий час, щоб подумати про вигляд ваших живоплотів і хеджуючих рослин. Можна сформувати їх нову форму та виправити прогалини в вашоум саду. У нас є широкий асортимент таких рослин до продажу.
Проведіть мульчування неморозостійких рослин, багатолітніх, чагарників і вічнозелених рослини у вашому саду. Ви можете використати солому, щепу або навіть старі килимки. Фуксії і цеанотуси, безумовно, потребують захисту. Зріжте живці від будлеї , фіги , верби , форзиції , кизилу і кущів троянд в цьому місяці. Як тільки листя опало зробіть акуратний похилий розріз безпосередньо під пуп'янком , щоб ви могли відділити верхню частину від нижньої. Тримайте їх у теплиці до весни. Оберніть змащеними сумгами фруктові дерева, щоб зловити усю міль, що взимку піднімаєся з грунту.
Контейнери.
Перенесіть усі ваші чутливі до морозів рослини в теплиці або в захищені місця. Вкрийте горщики газетою або флісом, що є додатковим захистом аби рослини гарно пеернесли зиму. Групування рослин разом також допоможе їм залишитися захищенеми. Підніміть контейнери та горщики, помістивши під них блоки з дерева або цегли. Це допоже запобігти попаданню в них вологи взимку.
У регіонах з помірним кліматом, ви можете почати сіяти і саджати овочі в горщиках і контейнерах у теплиці. Цибулю-порей, спаржу, ревінь можна сіяти вже зараз.
Не обмежуйтесь вашим будинкок, висадіть ззовні зивоі контейнери і кошики з рослинами. Вереси, осоки , плющі , зима братки , цикламени та фуксії стануть окрасою зовнішньої частини будинку.
 
Роботи в саду.
Продовжуйте прибирати опале листя з вашого саду, в ньому люблять ховатися слимаки і равлики.  Якщо у вас є "голі" ділянки саду залиште листя - воно буде гнити, створюючи мульчу. Також слідкуйте за листям у канавах і ставках.
Холодна погода нагадує про те, що слід прибрати на зиму газонокосарку. Але перед тим як відкласти її проведіть її чистк, видаляючи все, що до неї прислохло і переконайтеся, що мішок для збору порожній. У бензинових газонокосарок слід злити паливо, перед тим як її відкласти.
Для запобігання слизькості ваших садових доріжок обріжте гілки, що нависають над ними - це дасть більше сонячного світла на доріжки. Мох і водорості, зазвичай, можна видалити струменем під тиском, це дозволить значно знизити ймовірність утворення слизьких шляхів.
Продовжуйте залишати їжу і воду для пердставників тваринного світу у вашому саду. По мірі наближення зими, кількість харчування в природі для них зменшується. Рослини, такі як барбарис, горобина та піраканта взимку стануть цінним джерелом ягід для пташок у вашому саду.";"Наближення зими потребує від вас приділити увагу усім вашим зеленим улюбленцям.
Ви впевнені, що знаєте, які саме садові роботи потрібно провести в листопаді, аби ваш сад і наступного сезону радував вас гарним виглядом?
";"Догляд за садом в листопаді";"Догляд за садом в листопаді";"";"";"";
"3";"1";"2015-05-20 16:11:12";"video-z-yaroslavom-nedoluzhenkom";"Відео з Ярославом Недолуженком";"Перегляньте відео з експертом Ярославом Недолуженком
";"";"Відео з Ярославом Недолуженком";"";"";"";"";
"4";"1";"2015-05-20 16:13:56";"posadka-roslin-legko-prosto";"Посадка рослин - легко і просто!";"Час посадки.
Контейнерні рослини - в будь-яку пору року, але найкраще - восени, тому що грунт природньо зволожений, але не перенасичений вологою, сонце не занадто сильне і, якщо температури не занизькі, то рослини гарно вкоріняться, щоб розквітнути навесні.
Рослини відкритого грунту - з листопада по березень, але, знову ж таки, найкраще - восени.
Вічнозелені рослини - деколи, як виняток, краще висаджувати в березні та квітні, ніж восени, щоб холодні вітри не зневоднювали їх взимку. У захищених місцях їх так само краще висаджувати восени.
Підготовка
Не висаджуйте рослини коли грунт підмерз або занадто зволожений. Якщо місце висадки може підтоплюватись додайте грунт і компост до місця висадки, щоб підняти його над місцем можливого затоплення. Ретельно перекопайте грунт навколо місця посадки, щоб земля була пухкою. Це убереже рослину від надмірного заволоження і дасть їй змогу гарно вкорінитися.
Висадка дерев і чагарників.





1. Замочіть коріння в горщику перед висадкою години на 4.
Не давайте корінню висохнути. Викопайте лунку під посадку в півтори рази більшого розміру ніж розмір коріння.






2. Змішайте порівну викопаний грунт і посадковий компост (підійде універсальний компост для висадки рослин і дерев), висипте жменю добрива (кісткова/рибна мучка) на грунт і компост та перемішайте.






3. Висадіть рослину або чагарник на ту ж глибину, що раніше або на 25мм глибше - орієнтуйтесь по зміні кольору пагона - слідкуйте, щоб рослина не стирчала занадто з посадкової лунки.
Не потрібно також стискати коріння аби вмістити їх в лунку. Переконайтеся, що рослина правильно висаджена і виглядатиме найкраще - поверніть її в лунці так, щоб її найбільш атраткивна частина була видимою.






4. Засипте лунку підготовленю сумішшю з викопаного грунту, компосту і добрива, слідкуючи, щоб рослина при цьому залишалась вертикальною.






5. Після посадки потрібно мульчувати корою або добре перепрілим гноєм і гарно полити. Гарний полив дуже важливий, особливо в перший рік.





Якщо висаджували ранньої осені минулого сезону, обережно присипте тим самим добривом (не пошкодивши листя) навколо рослини, але після серпня підкормку робити не потрібно. В наступні роки потрібно повторювати мульчування і підкормку в квітні.





Додатково для саджанців дерев - закріпіть їх за допомогою палки 1,5м завздовжки втсавленої в лунку безпосередньо біля саджанця. Для контейнерних рослин закріпіть палку під кутом 45 градусів щоб уберегти коріння від пошкодження. У будь-якому випадку скористайтесь регульованою стрічою-"пряжкою" і прокладкою для уникнення тертя об стовбур. Перевірте що пряжка знаходиться не вище ніж 100 мм від верхівки палки і прокладка забезпечує відсутність тертя стовбура об упір. Гарним рішенням для закріплення стрічки-"пряжки" є використання невеликого оцинкованого цвяшка. Хвойні мають висаджуватися з використанням "45 градусного" методу.





Додатково щодо вічнозелених рослин - в незахищених від вітру місцях їх радше слід висаджувати в квітні, а не восени, щоб убезпечити від висушування. Або можна додатково їх захистити, огородивши трьома-чотирма палками на відстані принаймні 500 мм від саджанця і натягнувши на них захисну плівку. Рослини з круглою кореневою системою потребують ще більшої акуратності при висадці. Коли кореневий ком вже в лунці, обережно розвяжіть верхню частину коріння і підгорніть під рослину. Засипте землею щільно, але мяко, щоб не пошкодити кореневий ком.



";"";"Посадка рослин - легко і просто!";"Посадка рослин - легко і просто!";"";"";"";
"5";"1";"2015-05-20 16:16:35";"doglyad-za-sadom-v-grudni";"Догляд за садом в грудні";"Сонця і тепла все менше, морози все частіші - кому спаде на думку працювати в саду в таку пору? На щастя, насправді, не так вже й багато потрібно зробити "на повітрі".
Рослини
Грудень - місяць, коли потрібно впевнитись у надійному захисті ваших рослин для того, щоб вони "ожили" в новому році.
 Клени, берези і в'юнкі рослини та ліани необхідно обрізати. Для цього оберіть день коли нема заморозків аби зберегти рослини якнайкраще.
Коренеплоди, такі як пастернак, цибуля-порей, капусту треба зібрати в цьому місяці - якраз до Новорічного та Різдвяного столу.
Проведіть сухе мульчування таких рослин як Agapanthus, Hedychium і Melianthus - це вбереже їх від зимових морозів і снігу.
Зменшуйте інтенсивність поливу кімнатних рослин. В зимові місяці їм потрібно менше води.
Але зауважте на рослини, що розташовані поблизу джерел тепла, таких як радіатори, батареї, обігрівачі - через таке розташування рослини можуть висихати.
Контейнерні рослини, такі як м'ята чи базилік можна занести в приміщення.
Найкраще розмістити їх на добре осітлених підвіконнях.

Яблуні та груші можна обрізати в грудні для підтримки здорового зростання і поліпшення наступних врожаїв.
Аби запобігти будь-яким можливим хворобам ваших дерев, впевніться, що секатор чи пилка чисті і добре нагострені.
 
 
 
 
 
 
Загальні рекомендації
Перевірте, що усе зовнішнє сантехнічне обладнання добре ізольоване, навіть якщо воно не використовується, включаючи крани, ставки та водостічні труби.
Якщо в вашому ставку ви тримаєте риб, переконайтеся, що в них буде достатньо вентиляційних отворів на випадок замерзання води. Залиште, наприклад, на поверхні води плавати гумовий м'яч - це зашкодить замерзанню води під ним.
 
Невикористані теракотові горщики потрібно занестив закрите приміщення або зберігати їх у сараї до весни. Якщо деякі з них використовуються - загорніть їх у захисну плівку або газету аби захистити від руйнівної дії морозів.
 
В годівнички для птахів треба додавати свіже насіння і горішки в зимові місяці. Чайник води вранці в поїлку для пташок забезпечить її незамерзання на протязі більшої частини дня.
Грудень - чудова пора для перекопки "важких" грунтів, а морози допоможуть перетворити їх на більш зручні для наступно сезону.
Гарний вигляд саду взимку
 Нехай літо вже давно закінчилося, але немає жодної перепони аби ваш сад і взимку виглядав чудово і привабливо.
Неоціненні в цьому сенсі Cornus, з їх вражаюче виглядаючими взимку стеблами і пагонами.
Дерен білий 'Sibirica'(Cornus Alba 'Sibirica') має яскраво-червоні пагони, так само як Дерен білий 'Spaethii'(Cornus Alba 'Spaethii').
Дерен кривавий (Cornus sanguinea) має винятковий яскравий оранжево-червоний окрас стебел, і стане вражаючим акцентом будь-якого зимового саду.";"";"Догляд за садом в грудні";"Догляд за садом в грудні";"";"";"";
"6";"1";"2015-05-20 16:19:37";"agrovolokno";"Агроволокно";"Застосування агроволокна, і його переваги при вирощуванні ранніх овочів.
При застосуванні агроволокна не потрібні додаткові споруди (наприклад каркаси), агроволокно стелять на грунт з висіяним насінням або розсадою.
Для фіксації агроволокна досить просто присипати краї землею або придавити якимсь предметом.
Грунт під агроволокном краще прогрівається, що сприяє швидкому проростанню насіння.
У період початкової фази розвитку рослини, агроволокно стелять над рослиною ( на розпірках ), що дозволяє «дихати» рослині, захищаючи її від несприятливих зовнішніх факторів.
Через агроволокно проходять сонячні промені і повітря, завдяки цьому немає необхідності в провітрюванні теплиць в спеку.
Це дуже вигідно вирізняє застосування агроволокна від плівкової теплиці, бо повітря в теплицях дуже сильно нагрівається і з'являється необхідність у провітрюванні і постійному контролі температури.
Застосування агроволокна істотно покращує умови росту культур, бо в нічний час агроволокно, в порівнянні з плівкою,  набагато довше утримує тепло отримане протягом дня, а вдень не допускає перегріву рослин і грунту за рахунок пропускання повітря, що зменшує число поливів.
Агроволокно здатне захистити рослини від заморозків (до -9 ° С), що спрощує вирощування, а також знижує собівартість продукції і витрати часу.
А також дозволяє отримати якісний і ранній урожай (підвищення врожайності на 20%-30%, термін дозрівання скорочується на 8-12 днів, ніж при вирощуванні під плівкою).
При правильному використанні термін експлуатації становить 2-3 сезони (при знятті необхідна обов'язкова очистка від сміття, а також просушка. Зберігати потрібно в сухому місці, без можливості потрапляння прямих сонячних променів.﻿";"";"Агроволокно";"Агроволокно";"";"";"";
"7";"1";"2015-05-20 16:21:54";"lyutnevi-roboti-v-sadu";"Лютневі роботи в саду";"Нехай ще не так очевидно, але весна, безумовно, наближається - з'являються цибулини, дика природа повільно прокидається через більш високі температури і більш сонячні дні.Наближення весни додає роботи в саду.

Обріжте відмерші частини ваших квітнучих взимку чагарників та вічнозелених рослин, таких як Гліцинія , Троянди , Клематиси , Виноградна лоза і вічнозелені живоплоти.
Завершіть зимову обрізку плодових дерев, таких як яблука, груші, смородина і агрус.
Якщо у вас є тисові огорожі, що потребують обробки, то кінець лютого - найкращий час для цього.
Багатолітники, що занадто розрослися потрібно розділити - це сприятиме їх здоровому зростанню.
У теплі дні на квіткових грядках мотикою видаліть бур'яни і розбийте поверхню грунту для готовності до посадки, а все сміття перемістіть в компостну купу.
Горщикові чагарники можуть постраждати в морозну погоду, тому, якщо ви досі цього не зробили, перемістіть їх в теплицю або вкрийте.
Як тільки земля прогріється трохи потрібно добре промульчувати ваші рослини. Але спершу переконайтеся, що земля очищена від бур'янів, інакше ви створите для них ідеальне для зростання середовище.
Оберіть насіння рослин, які б ви хотіли висадити в цьому році. Якщо у вас є теплиця або теплі підвіконня, то ви можете почати висаджувати насіння однорічних рослин, наприклад, бальзамінів.
Хоча поки ще холодно на вулиці, зараз саме час для посадки хедж-рослин. Голокореневі огорожі можна висаджувати коли земля не промерзла, так само як і Рододендрони, Хвойні, Троянди і широкий спектр чагарників і дерев.
Якщо у вас є ставок, то очистіть його від опалого листя та гілочок. Приберіть з нього фонтани чи насоси та проведіть їх докладну очистку. Встановлення тонкої сітки над ставком не тільки зменшить потрапляння в нього садового сміття, але й допоможе захистити рибок у ставку від птахів або сусідських котів!
Якщо у вас є рослини, які б ви хотіли розмножити живцями, зараз саме час братися до справи. Візьміть живці з молодого, товстого коріння і пересадіть їх у горщик кінчиками вниз.
Не слід забувати і про овочі. По-перше, підготуйте поверхню грунту для висіву насіння ранніх овочевих культур. Тоді скористайтесь ковпачками, щоб підготувати грунт до овочів, таких як боби, морква, пастернак .

Майте на увазі, якщо сніг ще впаде цього року, потрібно прибрати його з ваших дерев, чагарників та інших рослин, щоб уникнути їх пошкодження.﻿";"";"Лютневі роботи в саду";"Лютневі роботи в саду";"";"";"";
"8";"1";"2015-05-20 16:24:31";"top-bereznevikh-sadovikh-robit";"Топ березневих садових робіт";"Нарешті прийшла весна і настав час, щоб підготувати свій сад до наближення теплих місяців.Чим більше часу ви віддасте ретельній підготовці вашого саду, тим кращим буде кінцевий результат.Висадіть всі дерева, чагарники, троянди та ліани, що потребують висадки навесні. У нас ви знайдете широкий асортимент голокорінних саджанців. Ретельно вичистіть ваш газон від зимового сміття, обріжте кінчики, скосіть зайве, але не занадто низько.Також можна відновити повторним посівом або дернуванням ті ділянки, що виглядають занадто "голими". Ранні сорти картоплі можна висаджувати на початку березня, а більш пізні - ближче до кінця місяця.Пам'ятайте, картопля найкраще росте на багатих, родючих грунтах, за наявності великої кількісті сонця.Також можна висаджувати цибулю, горох, бобові, пастернак і моркву.У вашій теплиці починайте висаджування огірків, помідорів, баклажанів та перцю.Березень - це чудовий час для того, щоб обрізати ваші троянди, якщо ви досі цього не зробили.Відріжте пошкоджені, хворі або мертві стебла, і після такої обрізки, вдобріть троянди якісним добривом або органічним компостом. Якщо ви помітили на трояндах якісь плямки, необхідно невідкладно позбавити кущ від них.Цього місяця почнуть підійматися багато цибулинних рослин. Видаліть ті квіткові голівки, що похилені, і не забувайте про необхідність гарного зволоження контейнерних та рослин в горщиках.Можна починати збирати ваші ставкові фонтани і встановлювати їх назад на місце та прибрати нагрівачі через настання більш теплої пори.Також можна очистити шпаківні та пташині годівнчки перед тим як пернаті представники дикої природи повернуться до вашого саду.Поповніть гравійну і піщану мульчу навколо ваших рослин та встановіть бар'єри для захисту рослин від садових слимаків.Підготуйте ваші садові рослини до виносу назовні шляхом їх аклиматизації - переносом у холодний парник перед висадкою.﻿";"";"Топ березневих садових робіт";"Топ березневих садових робіт";"";"";"";
"9";"1";"2015-05-20 00:00:00";"yalina-chi-yalicya";"Ялина чи ялиця?";"Досить часте запитання - в чому ж відмінність між ялиною (лат. Picea) і ялицею (лат. Abies) (рос. "ель" і "пихта").Давайте розберемо.Якщо красуню-ялину ми сприймаємо як один з атрибутів святкування Нового Року, то її "сестра" ялицячомусь залишається в її тіні. А це несправедливо! Адже ялиця не поступається їй ні красою, ні стрункістю, а за чудовим запахом - перевершує усіх своїх хвойних "родичок".Здалеку ялицю практично неможливо відрізнити від ялини - та сама пірамідальна форма, те саме горизонтально звисаючевіття, що починаються майже від самої поверхні землі. Але якщо торкнутися гілок різниця стає очевидною!В чому ж відмінність хвої ялини від хвої ялиці?У ялини хвоя колюча, а в ялиці - м'яка і щовковиста на дотик. Чому так? Виявляється уся справа в будові голок.Хвоя, по-науковому - листкоподібні органи багатьох голонасінних (хвойних) рослин. Простіше кажучи, листя рослин, схоже за формоюна голки. Така форма листя з'явилася в результаті тривалої еволюції і боротьби за виживання в умовах зміни клімату.Саме тому хвойні дерева легко переносять сильну спеку, посуху, тріскучі морози.Хвоя ялини.Голочки хвої ялини розташовані на гілках ніби по спіралі і стирчать рівномірно у всі боки. Кожна хвоїнка чотиригранна.Грані не завжди помітні, тому хвоїнки можуть здаватися пласкими. Кожна голка має загострений кінчик. Якщо подивтися ялинковуголку в розтині, стане видно що вона має форму неправильного ромбу, спрямованого великим кутом вниз.В цьому куті знаходиться центральна жилка листка. Така форма сприяє жорсткості голки. Відразу під епідермісом (зовнішнім шаром клітин) розтаовано два шари клітин з дуже твердою оболонкою. Саме вони надаютьялинковим гілкам жорсткості.Хвоя ялиці.Хвоїнки у ялиці м'які і пласкі, при більш детальному огляді вони схожі на видовжені пласкі листочки. Іх пласка форма не єгеометрично жорсткою конструкцією. Окрім того, ялицева хвоя плавно загнута на кінчиках, не має гостроти, як в у хвоїнок ялинки.Тому хвоя ялиці просто немає чим дряпати шкіру чи колоти. Хвоя ялиці розташована горизонтально по обидва боки від стовбура гілля, що надає йому більш пласкої форми.Усі шанувальники лазні знають, що з ялиці виходять чудові віники для лазні, сауни, бані - дуже пахучі і приємні.Шишки.
Іще одна принципова відмінність ялини від ялиці - це шишки. У ялиці шишки стирчать вертикально вгору, а в ялини висять майже вертикально донизу.     Інші особливості.Ялиця дає багато тіні, та й сама любить затінені місцини. Ялиця потребує якісних грунтів і вологого клімату. Тому ареал поширення ялиці не такий великий, як у менш вибагливої ялини. У середній кліматичній смузі ялиця практично не зустрічається. У зв'язку з тим, щогілки у ялини і ялиці починаються майже у самої поверхні землі, в ялинниках і ялицевниках майже відсутній підлісок.Різновидів як ялини, так і ялиці, є кілька десятків. Саме з ялини виготовляють найякісніший папір. Ялини і ялиці виростають до 60 м заввишки,стовбури мають прямі. Вік окремих дерев може сягати до 500 років, але є рекордсмени, вік яких понад 1000 років! При горінні ялина сильно тріщить.Як матеріал для меблевого виробництва обидві породи дуже близькі і широко використовуються. Ялицю використовують також для виготовлення музичних інструментів.    Короткий підсумок.Ялина: голки хвої ромбовидні, жорсткі, загострені на кінчиках, колючі на дотик. Шишки звисають майже вертикально донизу.Поширена майже на всій території України.Ялиця: голки пласкі, скруглені на кінчиках, нежорсткі, шовковисті на дотик. Шишки ростуть вертикально вгору.Найбільш поширена в Україні ялиця біла або гребінчаста, переважно в Карпатах. Як декоративне дерево її вирощують такожв парках разом з ялицею бальзамічною, ялицею одноколірною та ін.";"";"Ялина чи ялиця?";"Ялина чи ялиця?";"";"";"";
"10";"1";"2015-05-20 16:32:04";"rozmiri-i-poznachennya-kontejneriv-dlya-roslin";"Розміри і позначення контейнерів для рослин";"Що означають "загадкові" абревіатури "Р9","С3" та інші в прайсах на рослини?
Внесімо ясність.﻿
Це загальновживане кодування розмірів горщиків (контейнерів), в яких продаються рослини.
Насправді все досить просто, найбільш вживані позначення Cx﻿ та Рx:
Cx﻿: де x﻿ - об'єм горщика в літрах
Рx: де x - розмір контейнера в сантиметрах (йдеться про квадратні контейнери зі стороною x см﻿) ﻿
Отже отримуємо наступну порівняльну табличку:
C1 = P13 C1,5 = P15 C2 = P17 C2,5 = P18 C3 = P19 C4 = P21 C5 = P23 C7,5 = P26 C10 = P28 ﻿
Ціни на рослини одного сорту й кольору різняться в залежності від розмірів горщика (контейнера):

Найбільш дешеві рослини в горщиках Р9,﻿ найдорожчі - в горщиках С5﻿
Чим більший розмір горщика (контейнера), тим більший розмір кореневої системи рослини, її розмір та вік
Рослини в горщиках Р9﻿ - найменші за розміром та віком

Зверніть увагу! В картці товару вказано ціну за рослину в горщику Р9﻿, щоб побачити ціну і замовити рослину в горщику іншого розміру необхідно вибрати розмір у відповідному полі на картці товару.";"";"Розміри і позначення контейнерів для рослин";"Розміри і позначення контейнерів для рослин. Відповідність об'єму до абревіатури.";"контейнери";"";"";
"11";"1";"2015-05-20 16:34:33";"traven-v-sadu";"Травень в саду";"Різноманіття кольорів цвітіння, довші ночі і тепліша пора - ті самі знаки, що сигналізують нам про близький прихід літа. Пропонуємо список робіт в Вашому саду в травні.
Хоча стає все тепліше, однак все ще можливі похолодання в деяких областях. Слідкуйте за місцевими прогнозами погоди, і, за необхідності, не забудьте захистити рослини, що цього потребують, особливо плодові дерева і чагарники.
Ваш газон саме в цей час починає проростати - час діставати газонокосарку. В залежності від вашого газону, рекомендуємо щотижневе косіння. Перед косінням потрібно вичистити газон, перевірити на наявність каменів та ін. сміття, аби не пошкодити леза косарки. Перше косіння повинно бути просто легким обрізанням верхівок. А тоді вже можна обрізати кінчики для збереження охайного зовнішнього вигляду. Можна застосувати засоби боротьби з бур'янами та підкормку газону для доведення його до ідеального стану.
 
Починаючи з середини травня вже безпечно висаджувати більшість літніх рослин. Гарно перекопайте грунт, перш ніж висадити їх. Видаліть будь-які бур'яни, додайте компост хорошої якості, і одразу після висадки добре зволожіть та регулярно поливайте, особливо в посушливі періоди. У разі похолодання прикривайте їх флісом.
Травень - чудова пора для обрізки вічнозелених живоплотів, щоб їх контури виглядали акуратно і чітко. Дрібні чагарники можна обрізати вручну за допомогою ножиць, а для більших живоплотів краще скористатися триммером.
 
Бур'яни, що проросли на ваших стежках чи мощених доріжках можна прибрати спеціальними гербіцидними засобами. Багаторічні бур'яни, такі як кульбабки будуть повторно виростити з коріння, якщо видалити тільки листя. Найкращий спосіб їх видалення - прибрати їх коріння або скористатися спеціальним спреєм з гербіцидними засобами, що містять гліфосат.
Приготуйтеся висаджувати тепличні томати, коли ризики заморозків минули. Якщо ви вирішите залишите їх у теплиці, забезпечте регулярну підкормку і провітрювання теплиці в спекотні дні. Саджанці огірків, гарбуза або кабачків теж можна висаджувати назовні в кінці місяця. Але все ж переконайтеся, що грунт теплий і сухий, перш ніж висаджувати їх.
 
На в'юнких рослинах та ліанах теж скоро з'являться молоді відростки - саме час надати їм підтримку: гратки та підв'язку. Підв'яжіть кущі троянд - це стимулюватиме троянду пустити бічні пагони, які дадуть більшу кількість квітів.
Салатний сезон розпочато! Почніть травень посівом буряка, салату, крес-салату, зелери та інших. Висіваючи їх кожні кілька тижнів ви забезпечите собі зелену та вітамінну добавку до столу протягом усього літа. Не забудьте про регулярний полив. Якщо у вас обмежений простір для висаджування, чилі і солодкий стручковий перець ідеально підходять для вирощування в контейнерах. В травні можна посадити і іншу городину, таку як петрушка, зелена цибуля, цикорій і редис.
 
Вирощені в контейнерах троянди і кущі також можна безпечно висаджувати назовні, як тільки морози пройшли. Квітнучі навесні чагарники, такі як Форзиція, Смородина, Піраканта потрібно обрізати, як тільки вони закінчили цвітіння.
Зараз саме час цвітіння ранньої полуниці. Видаліть зайві пагони для кращого їх зростання. Нові пагони на таких плодових чагарниках як Ожина треба підвязати і вкрити сіткою, для захисту плодів від птахів.";"";"Травень в саду";"Травень в саду";"";"";"";
"12";"1";"2015-05-20 16:44:37";"cherven-v-sadu";"Червень в саду";"Саме в червні найдовший світловий день в році.
Яка користь і які можливі негативні наслідки для ваших зелених улюбленців від такої сонячної щедрості читайте далі.
Багато за ранньоквітнучих багаторічників вже відцвіли, залишивши прогалини в ваших живих огорожах. Їх видалення призведе до появи нового листя, а в окремих випадках і повторного літнього цвітіння. У випадку посушливої погоди слід одразу після видалення гарно зволожити рослини.
Полуницям та іншим ягодам в вашому саду може знадобитися ваша допомога. Полуниці для гарного дозрівання не завадить покриття з шару соломи, або садового флісу, в якості "подушки". Зважте також на необхідність укриття ваших ягідних чагарників захисною сіткою від птахів та тварин, аби вберегти врожай від цих "злодюжок наших менших".
Ті з ваших томатів, які ще не були висаджені назовні, можна тепер сміливо висаджувати. Видаляйте зайві бічні пагони для отримання кращих врожаїв. Вже можна збирати врожай салатних овочів, таких як салат, редис і ранні сорти картоплі.
Додатковою порцією сонячного тепла скористаються, на жаль, не тільки ваші улюблені рослини, але й бур'яни. Раціональним способом прополки буде поділ вашого саду на секції і почергова прополка кожної з них. Таким чином жодна ділянка вашого саду не буде "забутою", а вам такий спосіб дозволить заощадити зусилля.
Покращення погоди вимагатиме від вас додаткових зусиль для підтримки ваших газонів у гарному стані, косити їх потрібно буде раз на тиждень. Проте, у посушливі періоди не варто зловживати вкороченням газону, аби він міг краще впоратися з посухою і зберегти більше вологи.
Безумовно, за теплої погоди варто слідкувати за необхідним зволоженням ваших рослин. Поливати слід здійснювати коли сонце вже низько, щоб зробити полив більш ефективним і зменшити втрати вологи. В особливо сонячні дні треба забезпечити затінення ваших парників та їх гарну вентиляцію.
Червень - чудова пора, щоб зібрати насіння з незабудок і аквілегій. Після збору їх необхідно висадити якнайшвидше, поки насіння ще свіже.";"";"Червень в саду";"Червень в саду";"";"";"";
"13";"1";"2015-05-20 16:47:17";"lipen-v-sadu";"Липень в саду";"Липневі роботи в саду.
Липень найчастіше - один з найспекотніших місяців в році в Україні і дарує безліч можливостей для проведення часу в вашому садку і насолоди сонячним промінням.
Теплі весняні дні та початок літа заклали гарну основу для отримання вами високих врожаїв у липні. Шпинат, горох, квасоля, вишня, смородина, м'які фрукти та ягоди, як абрикоси і полуния можна збирати протягом всього літа. Гілки дерев, перевантажених плодами, можна підтримати опорами, щоб запобігти їх ламанню.
Обмежете зростання томатів, прищіпуючи верхівку, коли вона досягне стелі теплиці. Прищіпуйте бічні пагони по мірі їх розростання. Багато овочів можна ще висаджувати на протязі літа: салати, морква, буряк, стручкова квасоля.
Відшипніть Запашний горошок та інші в'юнкі квіти на протязі липня щоб стимулювати продовження цвітіння, вкоротіть довгі відростки, які з'явились, наприклад, на Гліцинії з часу цвітіння. Це дозволить сонячному промінню досягати деревнистих частин рослини і покращить формування бруньок наступного сезону.
Продовжуйте поливати сад у вечірній час, але пам'ятайте, що вашим рослинам потрібний гарний полив, а не купання :). Якщо контейнерні рослини все ще виглядають сухими, замочіть їх у відро дощової води, аби оживити.
Не забувайте перевіряти ваші живоплоти. Регулярно підрізайте бирючини, для заохочення гарного, щільного зростання, а обрізані частини помістіть на компостну купу. Хвойні також можна привести в порядок, але зверніть увагу, що регенерація буде тільки від нового зростання. Кордиліни, лаврові і топіари також потребують регулярного прибирання.
Поки немає посух, регулярно підгодовуйте ваш газон для досягнення здорового пишного зростання. Під час сухої погоди, треба підняти леза і зрізати менше - це допоможе вашій галявині краще утримувати вологу. Якщо виявите на галявині бур'яни обробіть її спеціальними засобами.
Підріжте ранньоквітучі багаторічники, такі як герань і дельфініуми для заохочення появи нового листя, і, можливо, отримання "бонусу" у вигляді пізньолітнього квітіння. Підтримуйте якнайкращий вигляд інших рослин, таких як, наприклад, рододендрони, люпини та азалії регулярною обрізкою відмерлих частин.
За сухої погоди потрібно приділити трішки уваги і деяким іншим аспектам у вашому саду. Вироби з дерева, такі як паркани, навіси, альтанки або лавки, за допомогою невеликої кількості фарби чи барвника, негайно нададуть охайного і доглянутого вигляду вашому саду. Ставкові бур'яни повинні треба регулярно вичерпувати як і підтримувати рівень води в ставку.
Бур'яни також будуть насолоджуватися сонцем в липні цього року. Слідкуйте за ними, і винищуйте за допомоги відповідних гербіцидних засобів, якщо вони з'являться на мощеннях садових доріжок або проїздів.
Візьміть живці витривалих чагарників влітку. Звіробій, Лапчатка,Жимолость,Плющ,Спірея і Піраканта. Скористайтесь гострим ножем, щоб обрізати нижче однолистового суглоба і отримати закінченого живця 8- 10 см завдовжки. Заповніть 10см горщик сумішшю з компосту з обрізків та садового піску для швидшого вкорінення. Вставте живця в компост і обережно полийте. Накрийте горщик поліетиленовим пакетом і помістіть в приміщенні в добре освітленому місці.";"";"Липень в саду";"Липень в саду";"";"";"";
"14";"1";"2015-05-21 14:27:48";"zdayutsya-apartamenti-v-elitnomu-zhitlovomu-kompleksi-abies-koreana-";"Здаються апартаменти в елітному житловому комплексі 'Abies Koreana'";"Здаються апартаменти в елітному житловому комплексі 'Abies Koreana' площею 25 кв.см. порядній сім'ї пернатих у зв'язку з відльотом попередніх хазяїв:)
Житло розташоване в екологічному житловому комплексі 'Abies Koreana' (Ялиця корейська, рос.: Пихта корейская) заввишки понад 250 см, чудовий вид на оригінальну хвою - зверху зелено-блакитна, знизу - з двома продольними сріблясто-білими смужками.
 
Бажаючі можуть придбати і весь "житловий комплекс" Ялиця корейська за ціною 3800 грн.﻿
Здаються апартаменти в елітному житловому комплексі 'Abies Koreana' площею 25 кв.см. порядній сім'ї пернатих у зв'язку з відльотом попередніх хазяїв:)
Житло розташоване в екологічному житловому комплексі 'Abies Koreana' (Ялиця корейська, рос.: Пихта корейская) заввишки понад 250 см, чудовий вид на оригінальну хвою - зверху зелено-блакитна, знизу - з двома продольними сріблясто-білими смужками.
 
Бажаючі можуть придбати і весь "житловий комплекс" Ялиця корейська за ціною 3800 грн.﻿";"";"Здаються апартаменти в елітному житловому комплексі 'Abies Koreana'";"Здаються апартаменти в елітному житловому комплексі 'Abies Koreana'";"";"";"";
"15";"1";"2015-05-21 14:34:43";"pirig-z-sirom-ta-inzhirom";"Пиріг з сиром та інжиром.";"Я люблю випічку і десерти з інжиром.
Вам знадобиться:6 свіжих плодів інжиру300 г сиру камамбер (але можна взяти і сулугуні, і адигейський, і моцарелу)500 г готового листового тіста1 яйце3-4 ст. л. рідкого медурослинне масло для змащування формиІнжир вимити і тонко нарізати уздовж, сир нарізати тонкими скибочками. Тісто розкачати за розміром форми, помістити пласт в змащену маслом форму. Розкласти поверх тіста скибочки сиру, залишаючи вільними краї близько 1 см завширшки.Розкласти на сир скибочки інжиру так, щоб вони злегка перекривалися. Яйце злегка збити та змастити ним краї тіста.Поставити в розігріту до 200 градусів духовку на 20 хвилин.Мед перелити в миску, поставити на водяну баню і підігріти, не доводячи до кипіння. Змастити готовий пиріг гарячим медом, при бажанні прикрасити подрібненими горіхами. Подавати теплим.﻿
За матеріалами сайту: sea-id.ru";"";"Пиріг з сиром та інжиром.";"Пиріг з сиром та інжиром.";"";"";"";
"16";"1";"2015-05-21 14:37:04";"vejgela-karikatura-nezasluzhena-nevidomist";"Вейгела 'Карикатура' - незаслужена невідомість";"Вейгела квітуча 'Карикатура' (Weigela florida 'Caricature') - незаслужена невідомість
Вейгела 'Карикатура' відносно новий, і тому маловідомий сорт Вейгел. Спробуємо позбавити цей чудовий декоративний кущик безумовно незаслуженої безвісності.
Одного разу побачивши 'Карикатуру' ви відразу її запам'ятаєте і безпомилково вирізнятиме - чи в складі зеленого бордюру чи в одиночній посадці в саду.
Кремово-білі краї на чудернацько скручених листках, що за формою нагадують листя базиліка, але набагато більші і грубіші - це, так би мовити, оригінальна візитівка цієї Вейгели.

Привабливість цієї рослини значно зростає в травні-червні, коли на ній зацвітають дзвоникоподібні рожеві квіти.

Бажаєте прикрасити свій сад, дачну або присадибну ділянку? Тоді широкі можливості застосування Вейгели 'Карикатура' - іще одна причина, щоб зупинити свій вибір саме на цій рослині.
Одиночна посадка або контейнерна - для невеликих садів та патіо, висадка в групі -для формування низького живоплоту або зеленого бордюру.
А чи згадували ми про найголовніші відомості для будь-якого садівника чи того, чиє хобі - прикрашання свого обійстя декоративними рослинами? Так, ідеться про умови вирощування та вимоги до родючості грунту та вологості. А вони досить прості - зволожений грунт і розташування від сонця до півтіні.
Резюмюємо, чому варто обрати саме Вейгелу 'Карикатура':

Не втрачає привабливості навіть коли не цвіте
Гарні рожеві дзвоникоподібні квіти навесні та влітку
Характерне оригінальне скручене листя з білими краями
Універсальне застосування
";"";"Вейгела 'Карикатура' - незаслужена невідомість";"Вейгела 'Карикатура' - незаслужена невідомість";"";"";"";
"17";"1";"2015-05-29 13:53:48";"vejgela-kvitucha-ekonomnij-variant";"Вейгела квітуча - економний варіант для швидкої зміни вашого саду.";"Вейгела квітуча - економний варіант для швидкої зміни вашого саду.
Для більшості з 'не-садівників' весна закінчується з відцвітанням азалій, але сад підказує нам, що є чудові рослини, які перемагають календар і продовжують весну і на червень. Один з таких прекрасних кущів, про який чомусь забувають у сучасних садах, хоча він мало не культовий - Вейгела квітуча (Weigela florida).
Це чагарник, що швидко зростає до розмірів від 0,5 до 2м у висоту та ширину, в залежності від сорту. Яскраві та привабливі квіти з'являються в кінці весни. Вони великі, трубчаті, а гама кольорів вражає різноманітністю - від білого до темно-червоного.

Вейгела домінувала у вікторіанських садах у Британії ( а вікторіанський стиль в сучасному дизайні зараз є одним з наймодніших трендів), разом з дейцією, жасмином, форзицією в другій половині 19го століття. А потрапила вона до Британії з Китаю зусиллями британського колекціонера Роберт Форчуна. Він був вражений її чудовим цвітінням у приморських містах південних провінцій Китаю.
Незабаром до справи взялися численні селекціонери з Голландії, Франції, Бельгії - створені ними гібриди 10 близьких сортів заповнили сади. Спочатку експериментували з квітками, але згодом стало популярнішим виведення компактних сортів з ефектним кольором листя, щоб зробити рослину цікавою та привабливою протягом усього сезону, а не лише на час цвітіння. За останні десять років спостерігається значне зростання інтересу серед садівників до нових, легких в догляді та вирощуванні сортів з барвистим листям.

Вейгела - дуже проста в вирощуванні, зона стійкості USDA - 4-8. Адаптується до будь-якого типу грунту, краще садити на сонці, але вона буде цвісти і при посадці в напівтінь. Цвіте навесні на старих пагонах, але на протязі літа буде з'являтися цвітіння на нових відростках. На непідрізаних рослинах може з'являтися сухостій, який потрібно видаляти одразу, щоб зберегти акуратну форму Вейгели квітучої.
Багато ландшафтників зараз використовують Вейгелу квітучу радше через ефектне влітку листя і не так сильно зважають на квіти. Періодичне підстригання протягом вегетаційного сезону допоможе зберегти компактну форму, а барвисте листя забезпечить яскравий фон.
Думка експерта:
Ландшафтний архітектор та власник розпліднику "Ландшафт Центр" Ярослав Недолуженко ділиться своєю думкою про переваги Вейгели квітучої:
Чому мені подобається Вейгела квітуча? Вейгела - це яскравий акцент для будь-якого об'єкту ландшафтної архітектури (саду, дачі, парку), який може кардинально змінити його вигляд, і зробить це дуже швидко. Я часто рекомендую їх своїм клієнтам, коли вони питають яку рослину обрати для ландшафтного дизайну чи живоплоту. Вейгели дуже швидко ростуть, невибагливі в догляді, невимогливі до вологості грунту, стійкі проти хвороб та шкідників, і, так, це саме та рослина, яка може заповнити сад. Вони особливо гарні коли квітнуть. Мені особисто дуже подобається їх натуральна фонтаноподібна форма.
Щодо догляду: дорослим рослинам непотрібний додатковий полив, вони дуже посухостійкі. Просто трохи підрізати, після того як вони повністю виросли. Легка омолоджуюча обрізка - видалення третини довжини пізньою весною, інколи влітку. Це стимулюватиме зростання нових пагонів, та збереже прекрасний природній вигляд Вейгели.
Тому, на мою думку, Вейгела квітуча - прекрасний вибір для професійних ландшафтних архітекторів чи любителів, що шукають гарну швидкоростучу і невибагливу рослину для зміни вигляду свого саду чи створення живоплоту. До речі, живопліт з вейгел дуже ефектні та ефективні навіть у агресивному міському середовищі.
Підсумовую: Вейгела - одна з найгарніших рослин для озеленення.
У нашому розпліднику ми вирощуємо Вейгелу квітучу в контейнерах, і зараз пропонуємо її та багато інших декоративних рослин в контейнерах для висадки у відкритий грунт. Контейнерні рослини мають сформоване кореневище, яке тільки й чекає на висадку в грунт. Особлива перевага висадки контейнерних рослин влітку - до зими рослина встигне гарно вкорінитись, прижитись, підготоуватись до зими, а значить, і краще перенесе зимові холоди.";"Для більшості з 'не-садівників' весна закінчується з відцвітанням азалій, але сад підказує нам, що є чудові рослини, які перемагають календар і продовжують весну і на червень. Один з таких пізноквітучих кущів, про які чомусь забувають у сучасних садах і вважають 'старомодними' - Вейгела квітуча (Weigela florida).";"Вейгела квітуча - економний варіант для швидкої зміни вашого саду.";"Вейгела квітуча - економний варіант для швидкої зміни вашого саду.";"";"";"";
"18";"1";"2015-06-03 20:40:14";"art-keramika-stilni-avtorski-landshaftni-prikrasi";"Арт-кераміка - стильні авторські ландшафтні прикраси";"Той, хто любить та цінує красу рослин, думаємо, оцінить належним чином і ці чудові авторські керамічні вироби.
Цикади, жуки, керамічна плитка - виготовлені вручну, кожний такий мистецький витвір є неповторним та унікальним.
В часи засилля т.зв. "ширпотребу" особливий попит на індивідуальність та оригінальність. І ці арт-вироби призначені саме для поціновувачів небуденності. Вони стануть художнім акцентом вашого будинку, саду, дачі, штучного ставка чи водоспаду - словом, майже будь-якого ландшафтного елементу. Деякі з них наділені в культурі і містичним значенням і можуть служити оберегами вашого дому.
Усі вони виготовлені з якісної кераміки, захищені від шкідливого впливу навколишнього середовища, тому ви сміливо можете використати їх для декорування саду, патіо, двору, тераси.";"Оригінальні мистецькі вироби, що зроблять ваш улюблений сад чи будинок неповторними.";"Арт-кераміка - стильні авторські ландшафтні прикраси";"Арт-кераміка - Оригінальні мистецькі вироби, що зроблять ваш улюблений сад чи будинок неповторними.";"";"";"";
"19";"1";"2015-06-04 15:45:33";"garni-aromatni-cilyusshi";"Гарні, ароматні, цілющі";"Гарні, ароматні, цілющі.
Сьогодні розповімо про три чудові декоративні та ароматні рослини, що мають багато спільного, і які обов'язково мають бути у вашому саду чи на ділянці.
Це Полин 'Боже дерево' або полин лікарський (Artemisia abrotanum), Сантоліна (Santolina) та Лаванда (Lavandula).
В їх назвах присутні слова 'Cвятий' та 'Божий'. І це зовсім не випадковість, а високою оцінка їх чудових декоративних та цілющих властивостей. Додайте святості та божественності й свому саду.
    
Полин 'Боже дерево' або полин лікарський (Artemisia abrotanum).
Важко знайти таку універсальну у використанні рослину як полин лікарський 'Боже дерево'.
До нас вона потрапила з Південної Європи та Малої Азії і була відома ще з середньовіччя як чудова лікарська рослина.
Зараз його вирощують здебільшого в якості декоративної рослини.
Невибагливий, морозостійкий листопадний напівкущ зростає до 120 см в ширину та висоту, має оливково-зелене перисте гарне листя, дуже ароматне.
В липні-серпні з'являються акуратні невеликі квіточки. Обрізати слід навесні після останніх морозів. Підходить для створення живоплотів, висадки в скелястих палісадниках, невеликих садах.
Основна принада Божого дерева - сильний приємний лимонний аромат листя. Що може бути краще в літню спеку ніж склянка холодного домашнього лимонаду чи чаю? Додайте листя полину лікарського і отримаєте чудовий лимонний натуральний напій.
Також він зробить цікавим смак салату, дичини, риби, птиці чи тушкованих овочів. У Німеччині його використовують при виготовленні вина і називають Wermutkraut.
Але цим чудові еко-властивості полину лікарського не вичерпуються. Про одну 'секретну' властивість Божого дерева добре знали наші бабусі та широко використовували в побуті. Саме тому вони вішали пучок листя полину в шафу - адже він чудовий репелент, що відлякує міль, мух та комарів. Чим не замінник всіляких шкідливих аерозольних засобів. До речі, одна з назв полину лікарського у Франції саме так і звучить - Garde-Robe.
А перелік цілющих лікарських властивостей Божого дерева може зайняти декілька сторінок. Настої та відвари - допомагають при проблемах зі шлунком, гастритах, ентеритах; компреси, мазі - для загоєння ран, фурункулів, наривів та обморожень.
'Боже дерево' - саме таку назву має полин лікарський (Artemisia abrotanum), від латинського 'abrotos' - 'божественний', у більшості слов'янських країн.
Сантоліна сиза або кипарисовидна (Santolina chamaecyparissus) та Сантоліна зелена (Santolina virens).
Дуже декоративний компактний вічнозелений кущик, схожий на лаванду. Називають його у різних країнах по-різному: бавовняна лаванда, свята трава, светоліна, 'французька лаванда'.
Але у святої трави гарна не тільки назва - вона приваблює погляди своєю щільною округлою кроною сріблясто-блакитного (Сантоліна кипарисовидна) або яскраво-зеленого (Сантоліна зелена) листя та гарними яскраво-жовтими кулястими квітами.
Спочатку більш відома як лікарська рослина, ця ароматна та гарна гостя з Середземномор'я завойовує заслужену популярність і місце 'під сонцем' (в буквальному сенсі теж - рослина чудово росте на сонці, досягаючи 50 см заввишки і близько метру в діаметрі) на альпійських гірках, підпірних стінках, рокаріях, в низьких живоплотах.
Сантоліна зелена (Santolina virens) - 'сестра' Сантоліни сизої, низький вічнозелений кущик, що відрізняється від неї якравим листям та більш компактною формою.
З давніх часів вважається чудовим лікарським засобом від болю у суглобах, використовують при масажі та для ванн. З квіток готують прекрасний тонізуючий чай.
Квітки та листя збирають, висушують і використовують для боротьби з шкідливими комахами в побуті, наприклад з міллю.
Для низьких живоплотів, і в цілому в садовій архітектурі, сантоліна особливо цінується і через її габітус. Зростає повільно, тому підходить і для невеликих садів, контейнерної висадки на балконі чи патіо, для декорування доріжок. Компактність підтримується дуже легко - шляхом підрізання і створення бажаної форми навесні.
Вимоги до грунту стандартні - він має добре пропускати воду і некислим.
Лаванда (Lavandula)
Розказувати про Лаванду, її красу та аромат - невдячна справа, адже рослина широко відома та мегапопулярна
Тому наголосимо на ландшафтних перевагах цього чудового дарунку французького Середземномор'я. Багаторічний вічнозелений кущик з ефектними квітками фіолетового кольору.
Колір квіток на сонці ніжно-фіолетовий, а вражаючий насичено-фіолетовий на фотографіях отримуємо, якщо сфотографувати лаванду за пасмурної погоди або надвечір. Довге цвітіння, майже 2 місяці літа. Іще одна дизайнерська підказка - найкраще лаванда виглядає в масовій посадці, тому висаджувати її треба більшими групами.
Знайдіть місце для Лаванди при облаштуванні низьких живоплотів, бордюрів, доріжок, і ви не будете розчаровані - ви створите маленький куточок Провансу там, де забажаєте.
Характерний пряно-терпкий, злегка гіркуватий смак Лаванди додасть середземноморського колориту і вашому столу - квітки і масло лаванди можна використати як прянощі, або для ароматизації чаїв та інших напоїв.
Резюмуємо:
Усі рослини об'єднує їх виняткова цінність в ландшафтній архітектурі - для формування живоплотів, бордюрів, оформлення доріжок та в якості грунтопокривної рослини.
Повільна швидкість росту, компактна, але щільна форма, ефектне ароматне листя, гарні квітки - декоративні переваги цих рослин
Маса цілющих лікарських та корисних у побуті застосувань - для поціновувачів усього екологічного та натурального.

У нашому розпліднику декоративних рослин 'Ландшафт Центр', Ужгород, ми вирощуємо Полин лікарський, Сантоліну зелену та сизу в контейнерах, і зараз пропонуємо їх та багато інших декоративних рослин в контейнерах для висадки у відкритий грунт. Контейнерні рослини мають сформоване кореневище, яке тільки й чекає на висадку в грунт. Особлива перевага висадки контейнерних рослин влітку - до зими рослина встигне гарно вкорінитись, прижитись, підготуватись до зими, а значить краще перенесе зимові холоди.";"Три чудові декоративні та ароматні рослини, що мають багато спільного, і які 
обов'язково мають бути у вашому саду чи на ділянці.";"Гарні, ароматні, цілющі";"Полин Боже дерево, сантоліна, лаванда - гарні, ароматні, цілющі.";"";"";"";
"20";"1";"2015-06-12 12:55:28";"foto-nashikh-alpijciv";"Фото наших альпійців";"";"Фотографії альпійських та грунтопокривних рослин нашого розплідника";"Фото наших альпійців";"Фотографії альпійських та грунтопокривних рослин нашого розплідникаФотографії альпійських та грунтопокривних рослин нашого розплідника";"";"";"";
"21";"0";"2015-06-13 12:07:24";"barbarisi-silni-ta-stilni";"Барбариси - сильні та стильні";"Барбариси - стильні та сильні.
Кожному з нас дорогі рослини в його саду чи біля будинку - і через їх красу, і через докладені зусилля по їх догляду, а інколи і вартість самих рослин є досить значною - до декількох тисяч гривень. А якщо вже ваш двір прикрашений садовими скульптурами чи коштовними статуями, чи просто у вас є дорогий садовий інструмент, меблі, електрообладнання - усе це може упасти в око злодюжкам. Ви власник ресторану чи кафе з відкритою терасою і хочете захистити своє майно? Любите та тримаєте вдома тварин, але хочете мати певність, що вони будуть у відведених для них місцях і не причинять ні собі, ні комусь іншому шкоди?
Чудова порада від ландшафтних дизайнерів та спеціалістів з безпеки та відповідь на всі ці важливі питання - жива огорожа з барабарисів.
В 'садово-прикордонних військах' барбариси можна було б назвати або 'краповими беретами' (через колір листя багатьох сортів) або садовими нінзя (через японське походження). В будь-якому випадку ці чудові рослинки вас не підведуть і з честю виконуватимуть свій обов'язок - захищати всіма своїми шипами та прикрашати усіма своїми різнобарвними листочками ваш сад чи будинок, на будь-якій ділянці, яку ви їм довірите - в живих огорожах, бордюрах, японських садках.
Серед насправді величезного різноманіття сортів декоративного барбарису кожний знайде собі щось до душі та саду.
Сьогодні розповімо про два цікаві та ціновані в ландшафтній архітектурі сорти барбарису.
Барбарис оттавський 'Сілвер Майлз' (Berberis x ottawensis 'Silver Miles')
Барбарис оттавський 'Сілвер Майлз' (Berberis x ottawensis 'Silver Miles') виглядає як фіолетоволистий японський барбарис-велет.
Він поєднує в собі кращі риси своїх 'батьків': Європейського барбарису (Berberis vulgaris) та Японського барбарису (Berberis thunbergii). В нього декоративне темно-червоне та фіолетове листя з ділянками сріблясто-сірого кольору. Зростає у високий, заокруглений до форми пагорбу кущ.
Листя овалоподібне та округле, інколи з дрібними зубчиками на краях, восени стає червоним до оранжевого. Навесні на кінцях з'являються суцвіття декоративних блідо-жовтих квітів. Після запилення їх замінюють овальні червоні плоди.
Вирощувати можна як на сонячних ділянках, так і в тіні. Вимоги до грунту помірні. Використовується як захисний екран, бар'єр для захисту майна або щоб тримати тварин в межах виділеної ділянки.
Естетично дуже виграшним буде контраст від розміщення цього барбарису у змішаному бар'єрі з іншими зеленолистими кущами . Заввишки досягає від 1,5м до 3,5м, в ширину - до 2,5м.
Барбарис Тунберга 'Атропурпуреа Нана' (Berberis thunbergii 'Atropurpurea Nana') або пурпуролистий низький.
Повільнозростаючий, що є безумовною перевагою для невеликих просторів, карликовий сорт, з дуже густим листям, до 50 см заввишки та
до 70 см в діаметрі. В Британії та США його ще називають 'Малиновий карлик', а в ландшафтній архітектурі 'карлик' - це визнана декоративна перевага.
Іще одна, вже колористична родзинка цього барбарису - пурпурово-червоне, червоне та коричнево-червоне листя на одному кущі.
Ефектно виглядає в бордюрах та японських садках, поруч з камінням. Зимостійкий.
Коротко резюмуємо чудові декоративні та ужиткові властивості барбарисів:

В живих огорожах - захист майна, що знаходиться за живоплотом і значне утруднення можливості його крадіжки злодіями або пошкодження тваринами (якщо йдетья про заміський будинок).
В місті - захист від шкідливого впливу агресивного міського середовища - пилу, шуму, автомобільних викидів.
Зонування ділянки для контролю над домашніми тваринами.
Великий вибір сортів дає ладшатфному архітектору широкий можливості: створення низьких бордюрів та середньої висоти огорож з барбарисів дозволить мати постійний візуальний контроль за територією, високі огорожі - комбіновані з іншими рослинами або лише з барбарису це щільний захисний та непролазний екран.
Сезонна зміна кольору листя робить барбарис майже незамінним, якщо ви хочете мати привабливий і цікавий сад весь сезон.
Невибагливість до родючості грунту та чудова стійкість - додаткова перевага барбарисів.

У нашому розпліднику декоративних рослин 'Ландшафт Центр', Ужгород, ми вирощуємо різноманітні сорти декоративного барбарису в контейнерах, і зараз пропонуємо їх та багато інших декоративних рослин в контейнерах для висадки у відкритий грунт. Контейнерні рослини мають сформоване кореневище, яке тільки й чекає на висадку в грунт. Особлива перевага висадки контейнерних рослин влітку - до зими рослина встигне гарно вкорінитись, прижитись, підготоуватись до зими, а значить, і краще перенесе зимові холоди.";"";"";"";"";"";"";
"22";"1";"2015-07-14 00:00:00";"kriptomeriya-yaponska-elegans";"Криптомерія японська 'Елеганс' (Cryptomeria japonica 'Elegans')";"криптомерія японська 'Елеганс'﻿
Сьогоднішня цікава рослина - криптомерія японська 'Елеганс' (Cryptomeria japonica 'Elegans')﻿
Коли прийде зима в саду можуть з'явитися 'пробіли' після опадання листя у листопадних кущів та дерев. Тому завжди краще висаджувати в саду і елегантні вічнозелені рослини, щоб мати чудовий колористичний акцент, щоприкрасить сірі зимові будні. Криптомерія - чудовий приклад такої вічнозеленої рослини, яка ще й змінює колірхвої на осінь/зиму. Це значить, що її можна використати як в одиночній висадці, так і для формування щільногоживоплоту з сезонним забарвленням.﻿
З весни до літа Криптомерію вкриває мяка  і пухнаста сіро-зелена хвоя. З настанням осені та зими хвоя набуваєчервонувато-бронзовий відтінок. ﻿
Легка в вирощуванні та догляді, криптомерія потребує мінімальної обрізки для збереження пірамідальної форми. Але також можна застосовувати обрізку для надання їй каскадної, багаторівневої форми і щоб зробити більш видимоюїї декоративну червонувато-шоколадну кору.  З максимальною висотою в 3,5 м та шириною в 2,5 м криптомерія чудовопасуватиме і невеликим садкам.﻿
 
﻿";"Коли прийде зима в саду можуть з'явитися 'пробіли' після опадання листя у листопадних кущів та дерев. Тому 
завжди краще висаджувати в саду і елегантні вічнозелені рослини, щоб мати чудовий колористичний акцент, що
прикрасить сірі зимові будні. Криптомерія - чудовий приклад такої вічнозеленої рослини, яка ще й змінює колір
хвої на осінь/зиму.";"Криптомерія японська 'Елеганс' (Cryptomeria japonica 'Elegans')";"Криптомерія - чудовий приклад вічнозеленої рослини, що змінює колір хвої на осінь/зиму і прикрасить ваш сад.";"";"";"";
"23";"1";"2015-07-16 12:24:58";"tuya-teddi-vichnozelenij-vedmedik-u-vashomu-sadu";"Туя 'Тедді' - вічнозелений ведмедик у вашому саду";"Thuja occidentalis 'Teddy' Туя західна
Туя Тедді (Teddy) дуже гарний витвір майстрів селекції туй, хоча вона навіть трошки і не схожа на тую.
Назва 'Тедді' походить від імені ведмедика, і якнайкраще підходить для цього карликового хвойника, такого ж густого та щільного як ведмежий кожух, і, цілком можливо, так само приємного на дотик.
Колір дрібної м'якої хвої насичений смарагдово-зелений з весни по осінь, а взимку з'являється відтінок благородного бронозового, навіть злегка фіолетового кольору.
Росте повільно підтримуючи овальну форму, у віці 4-5 років досягає висоти 40-50см і трохи менше половини від цього у ширину. Можна формувати підстриганням з весни до половини літа.
Підходить для рокаріїв, невеликих садів, для створення бордюрів, а також для висадки у складі композицій або для одиночної висадки в контейнер.
Ця туя невибаглива до типу грунту, вона переносить як кислий так і лужний грунт, але слід уникати екстремальних значень зволоження - Тедді не любить як надмірного зволоження/заболочення, так і посухи. Повністю морозостійка без додаткового укриття.
&lt;
Невеличкий секрет: для того щоб рослина мала якнайкращий вигляд радимо постійне мульчування.";"Назва 'Тедді' походить від імені ведмедика, і якнайкраще підходить для цього карликового хвойника, такого ж густого та щільного як ведмежий кожух";"Thuja occidentalis 'Teddy' Туя західна";"Назва 'Тедді' походить від імені ведмедика, і якнайкраще підходить для цього карликового хвойника, такого ж густого та щільного як ведмежий кожух";"";"";"";
"24";"1";"2015-07-23 11:09:05";"kiparisovik-gorokhoplidnij-sungold";"Кипарисовик горохоплідний 'Sungold'";"Chamaecyparis pisifera 'Sungold' Кипарисовик горохоплідний
Кипарисовики одні з найбільш улюблених серед садівників та ландшафтних дизайнерів декоративних рослин в Україні та Європі - через різноманітність форм, барв та стійкість.
Кипарисовик горохоплідний 'Санголд' (Chamaecyparis pisifera 'Sungold') - дуже елегантний представник великої родини кипарисовиків. В нього продовгувасті пагони, які привабливо нахиляються до землі, що нескладно для цього низького культивару - він з віком розростається більше в ширину та стає більш пишнішим і щільнішим.
Колір - яснозелений та жовто-зелений, найкраще колір розкривається при висадці на сонці. Швидкість росту мала та середня, з часом набуває форми подушки. Висаджений над стінами, парапетами або у високо розташованих контейнерах кипарисовик санголд прикрасить їх своїми елегантно звисаючими через краї донизу гілками.
Надає перевагу помірно кислим грунтам, які не висихають надміру, але в той же час добре дреновані. Особливих вимог до родючості грунту нема. Після укорінення рослина толерує і посуху, хоча ми радимо її замульчувати, тому що при тривалій посусі старі гілки можуть відмирати. Морозостійкість до -34.";"Кипарисовики одні з найбільш улюблених серед садівників та ландшафтних дизайнерів декоративних рослин в Україні
та Європі - через різноманітність форм, барв та стійкість.";"Кипарисовик горохоплідний 'Санголд'";"Кипарисовики одні з найбільш улюблених серед садівників та ландшафтних дизайнерів декоративних рослин в Україні та Європі - через різноманітність форм, барв та стійкість.";"";"";"";
"25";"1";"2015-10-17 12:11:21";"den-vidkritikh-dverej";"День відкритих дверей";"";"";"День відкритих дверей на розпліднику";"День відкритих дверей на розпліднику - трохи фото";"";"";"";
"26";"1";"2016-01-27 11:38:02";"pit-odolf-ta-jogo-kazkova-nova-khvilya";"Піт Одольф та його казкова "Нова хвиля".";"Піт Одольф та його казкова "Нова хвиля".
Дизайнери обожнюють свої "пунктики" і їм важко від них відмовитися. Кантрі-сади, тропічні сади, середземноморські сади ставали модними і виходили з моди протягом років. Здавалося б що вже використано всі можливі комбінації і навряд чи з'явиться хтось з новим способом поєднання тих самих рослин.
Тим більш вражаючими є дизайни від нідерландського архітектора і садівника Піта Одольфа(Piet Oudolf), якого вважають "найвпливовішим садовим дизайнером останніх 25и років". Одольф і ще декілька європейських ландшафтних дизайнерів створили новий напрям у ландшафтній архітектурі - те, що вони назвали "Нова Хвиля", описавши особливості свого підходу в книгах і показавши в реалізації конкретних проектів.
"Вся моя робота полягає у намаганні відтворити відчуття рослин у природі. Ідея полягає не в тому, щоб копіювати природу, а в тому, щоб дати відчуття природи" каже сам Одольф. Він розробив публічні та приватні сади в Німеччині та Нідерландах, Швеції, Великобританії та США (Gardens of Remembrance в Нью-Йорку та Lurie Garden в чиказькому Millennium Park).
Провідний принцип роботи в цьому стилі - першість структури, форми і текстури над кольором. Одольф каже не створювати сад керуючись кольором: отут фіалковий, отут червоний. Створіть і розмістіть форми, а тоді вже плануйте які кольори їм пасуватимуть.
Одольф класифікує рослини відповідно до їх форми. Це не означає буквального зосередження на формі квітки, наприклад - в кінці кінців, квіти не цвітуть увесь рік. Категорія рослин, які утворюють шпилі чи зубці може включати в себе наперстянку та шавлію, але також сюди можуть входити вертикальнозростаючі трави. До рослин, які утворюють екрани і завіси, можна віднести лугову рутвицю, але також високі, вузькі трави чи навіть фенхель або вербену, дві рослини, що уворюють квітки на високих, тонких стеблах, даючи відчуття висоти, при цьому не закриваючи вид позаду. Той самий підхід використовуємо і для кольору: беремо до уваги не лише квіти, які цвітуть відтінками червоного і бордового, але трави і листя, які теж дають такий колір.
По-друге, він віддає перевагу багаторічникам перед деревами та чагарниками. Особливо цінним він вважає те, що багаторічники постійно змінюються, і гарно виглядають. Фактично, він бере до уваги форму рослини протягом усього року, з розумінням того, що навіть коли стебла стають ламкими та відмирають на зиму, вони залишаються частиною дизайну.
Ці постійні зміни надають саду його особливого настрою. Він пише: "Деякі сади, зокрема створені ландшафтними архітекторами, схожі на монументи: застиглі та заморожені... Сад, що показує циклічну сутність, це саме той сад, який має емоцію і настрій". Щоб вловити настрій, він розглядає як на рослини падає світло, як вітер і дощ змінюють їх, і, навіть, як квіткові стебла виглядають, коли на них павутинка з краплями роси чи коли вони вкриті інеєм.
Нарешті, вибір рослин спирається на їх стійкість, відповідність клімату та неінвазивний, м'який характер поширення. Такий підхід дозволяє рослинам проростати між собою, утворюючи зарослий, кошлатий, рясний вигляд, що додає відчуття природності. Це не обов'язково мають бути рослини "посадив, і забув" - вони можуть потребувати і прорідження, і мульчування, підкормки - основна мета, це вибір рослин, які повністю розкриють свій потенціал в ваших кліматичних та грунтових умовах, і яких не турбуватимуть ні хвороби, ні шкідники. У садах Одольфа рослини мають вміти постояти за себе. Годі скиглити, рослини! Беріться до справи і вирішуйте свої проблеми! Цікавий і правильний підхід. :)
Деякі з його улюбленців це декоративні трави: циміціфуга (cimicifuga), яка виробляє високі колоски квітів, після яких з'являються маленькі, міцні ягідки, і деякі "слухняні" види гірчаку. Гірчак має погану репутацію інвазивного "нахаби", тому Одольф надає перевагу видам, наприклад, Гірчак свічковидний (Persicaria amplexicaulis), які ростуть повільніше і не ведуть себе як бур'ян. Хоча він і не проти бур'янів, якщо вони "йдуть в ногу" з іншими рослинами і не заважають їм.
У книгах Одольфа приваблює те, що він пише дуже відверто і самовпевнено. Більшість книг з садівництва та дизайну "пустишки" - не такий важливий зміст статей, усе впирається в чудові фотографії. А у Одольфа його особистість видно навіть коли він пише простий перелік рослин. Його абзац про ехінацею пурпурову починається так: "З великим розчарованням доводиться визнати, що ехінацея ненадійна... Вони не витримують суперництва з іншими рослинами, на протязі двох років вони зникають під тиском інших рослин. Нехай знехотя, але ми маємо надію, що врешті-решт знайдеться правильне місце для них, де вони будуть благословенні довгим і щасливим життям."
Погляд дизайнера настільки всепроникний, що кожного разу при першому погляді на ліричний сад на думку спадає "Піт". На фото - дизайни, інспіровані і цілком в "одольфійському" стилі.";"Piet Oudolf: "Деякі сади, зокрема створені ландшафтними архітекторами, схожі на монументи: застиглі та заморожені...
Сад, що показує циклічну сутність, це саме той сад, який має емоцію і настрій"";"Піт Одольф та його "Нова хвиля"";"Piet Oudolf (Піт Одольф) та його "Нова хвиля" в садовому дизайні";"";"";"";
"27";"1";"2016-01-27 15:55:35";"posadka-roslin";"Посадка рослин";"


Що необхідно знати про посадку





Підбір рослин
Тільки на підходящому місці, рослина розкриє усі свої декоративні якості, ефектно зацвіте, дасть рясні плоди чи забарвиться у надзвичайно яскравий колір восени. Якщо є можливість, краще звернутися за допомогою до спецаліста - ландшафтного дизайнера, перевіреної фірми з озеленення. Це допоможе уникнути неприємни сюрпризів і помилок.
При купівлі рослини в магазині інформацію про неї можна отримати у продавця і вивчити примітки, вказані на етикетці.
Вимоги роcлин до сонця
Надзвичайно важливо ознайомитися з вимогами тих рослин, які необхідно посадити.
Потрібно усвідомлювати, що різні сорти одного й того ж виду можуть мати абсолютно різні вимоги. Одна з найважливіших - вимоги до освітленості. Існують світлолюбні рослини, які погано ростуть у холодних тінистих місцях. особливо мінливі умови освітленості біля будівель. Зовсім інакше освітлені та зволожені рослини, що ростуть біля стіни з південного боку, де набагато тепліше і сухіше, ніж з північного боку, де рослини отримують більше волологи, а часто - повну тінь. Найбільш відчувають цю різницю зростаючі безпосередньо на стіні ліани.
Правильний вибір місця для посадки рослин, і навпаки - підбір рослин на заплановане місце - перший і важдивий крок до успішного вирощування.
Вічнозелені рослини
Місце для вічнозелених листяних та хвойних рослин потрібно обирати особливо старанно. Вони потребують теплих, захищених від морозних зимніх вітрів місць, і родючого, непосшливого грунту. Також потрібно мати на увазі, що призакладці саду на відкритій сонячній ділянці, хоча б на першому етапі його реалізації необхідно обмежити посадку цих чутливих рослин. Слід зачекати, поки швидкоростучі і невибагливі рослини не створять тихі і теплі місця. Практично в будь-якому, навіть маленькому, але існуючому вже декілька років саду, можна знайти місце з умовами, що підходять різним рослинам.
Дивимося в майбутнє
Особливо це стосується дерев та експанзивних чагарників. Маленький дуб колись стане могутнім велетом-дубом і буде домінувати над посадженою поруч карликовою ялинкою, хоча в момент купівлі вона була більша за нього.
Висаджуючи рослину необхідно знати як вона буде виглядати за декілька років та десятиліть.
Час посадки
Після того як обрали рослину і місце, наступний крок - посадка. Найчастіше висаджують вирощені в контейнерних розсадниках рослини, які мають добре розвинену кореневу систему. Такі рослини можна висаджувати увесь рік, за винятком часу коли земля підмерзла.


Рослини з голим коренем (чагарники для живоплоту, троянди, плодові чагарники) саджають тільки восени або ранньою весною. Рослини в комах, загорнутих у мішковину, найчастіше крупноміри хвойних і листяних, добре саджати восени. Інколи їм вдається вкоренитися ще до настання зими, і в новий сезон вони входять уже вкорінені, чим уникають небезпеки висохнути у випадку спекотної і сухої весни та літа. Виключенням можуть бути тільки особливо чутливі до морозів рослини і деякі вічнозелен дерева та чагарники. Їх посадку краще перенести на весну через ризик можливого підмерзання.
Прополка
Багатолітні будяки, такі як пирій, кульбаби чи подорожник, конкурують з висадженою рослиною і їх буде важче видалити.

Перед підготовкою грунту для посадки рослин необхідно поблизу видалити з землі будяки

Підготовка місця посадки
Яма для посадки має бути відповідного розміру (фото 1).

Зазвичай яму роблять удвічі більшу, ніж ком рослини.

Верхній шар грунту завжди родючіший, ніж нижні, позбавлені майже всіх мікроелементів, як наприклад, пісок чи глина (фото 2,3).

В залежності від вимог, змішуємо місцевий грунт з компостом чи родючим садовим грунтом.

Якщо грунт бідний і пропускний, суміш, що додаєтья, має бути багатою на гумус і щільнозв'язаною, щоб затримувати воду і поживні речовини. Якщо ж навпаки, грунт тяжкий і утримує вологу, то треба його полегшити додавши пісок. У випадку повністю непроникного глинистого або мулистого, дно посадкової ями слід добре розпушити і змішати з піском чи гравієм. Така дія дозволить хоча б частково відвести воду з посадкової ями, яка інакше перетвориться на горщик без дренажних отворів. Якщо грунт дуже щільний, незайвим буде розпушити також стінки посадкової ями. Для верескових рослин грунт має мати відповідну кислотність (кислий).


Підготовка кореневої системи - рослини в контейнерах
Рослину обережно виймаємо з контейнера так, аби не пошкодити ком і коріння (фото 4).

Успішна посадка і подальше вкорінення рослини до великої міри залежать від якості кому.

Корені зазвичай дуже ніжні, легко ламаютья і рвуться. Не варто рослини витягати з силою з контейнеру за надземну частину. Великі контейнери можна акуратно розрізати, менші - перевернувши, злегка стукнути, тоді рослину буде легше з нього дістати. Якщо корені закручені і утворюють щільний клубок в кінці кому, частину необхідно зрізати секатором, а ті, що залишаться акуратно розправити. Це полегшить проникання коріння в грунт. Трапляється, що рослина в контейнері пересушена, тоді потрібно перед посадкою на декілька хвилин "втопити" ком у воді, аби він добре наволожився. Пересушений ком після посадки погано вбирає навіть рясний полив.
Підготовка кореневої системи - рослини з комом
Необхідно бути уважним, щоб не пошкодити ком при посадці рослини з комом в "баллоті" (загорнутому в мішковину або сітку) (фото 5). В основному це крупномірні дерева та чагарники. Важкі коми необхідно переносити з особливою обережністю, щоб не пошкодити. Сітку або мішковину, що захищає ком, знімати не потрібно.















Підготовка кореневої системи - рослини з голим коренем

Перед посадкою, корені рослини завжди треба опустити у воду на декілька годин.

Зазвичай таким рослинам обрізають корені на 15-20 см (фото 6). Гілки теж вкорочують таким же чином на висоту близько 20 см (фото 7). Ця процедура зменшує масу надземної частини, що дозволяє рослині правильно розподіляти воду в перший період після посадки.
Підживлення перед посадкою
У випадку, якщо грунт бідний, можна висипати на дно посадкової ями жменю добрив, краще повільнодіючих. Не варто насипати добриво в одне місце, краще рівномірно розсипати навколо рослини і злегка змішати з підсипуваним грунтом (фото 8). Не можна перебільшувати порцію добрив. Передозування при посадці спричиняє погане вкорінення в новому грунті. Тому, якщо грунт помірно родючий чи родючий, то додавання добрив під час посадки не рекомендується.


Глибина посадки
Деякі рослини потребують в посадці трохи глибше, але зазвичай ця інформація вказана на етикетці (фото 9,10).

Рослини розміщуємо в ямі так, щоб при засипанні грунтом, воно опинилося на тій же глибині, на якій росло.

Наповнення ями землею і утрамбування грунту
Якщо посаджена рослина була з контейнеру чи з комом, то ногами утрамбовуємо землю навколо рослини, сильніше з зовнішнього боку від кореневого кому (фото 11). У випадку посадки крупноміру, землю слід утрамбовувати шарами. При посадці рослини з відкритою кореневою системою (голим коренем) дуже важливо акуратно засипати таким чином, щоб корені були спрямовані вниз і розташовані по боках, не закручувалися і не підгинались (фото 12). Далі утрамбовуємо грунт поблизу рослини.
Також потрібно уникати можливості зміщення рослини, нахилу дерева вбік.

Гарне ущільнення грунту сприяє щільному приляганню землі до дрібних корінців, полегшує підгрунтове зрошення і убезпечує рослину від осідання після посадки.



Полив після посадки
Поливати слід великою кількістю води, щоб грунт осів і обліпив дрібні корінці. Рослина після посадки переживає шок і перший час знаходиться під загрозою висихання. Навколо посадженої рослини (дерева) треба сформувати пристовбурове коло з земляною "мискою" (фото 13). На перший час це дозволить затримати воду поблизу рослини.

Після посадки, навіть в дощану погоду рослини потребують поливу.

Мульчування
Рослини дуже добре реагують на мульчування (фото 14,15).
Частіше за все мульчують шаром кори хвойних дерев, тирсою, рідше рінню. Ця операція обмежує ріст бур'яну, а також зменшує випарування вологи з грунту. Якщо рослини висаджуються на газоні, то мульчування убезпечить їх від пошкоджень при косінні. Важливо пам'ятати, що навіть непомітні дрібні пошкодження молодих дерев в районі стовбура можуть перетворитися на серйозні ракові рани. Тому, скошуючи траву навколо дерев, необхідно це робити вкрай акуратно. Функції мульчі навколо високих чагарників і дерев можуть виконувати також грунтопокривні рослини, такі як пахізандра (фото 16), барвінок (фото 17), плющ (фото 18) чи бересклет.















Полив
Для правильного розвитку рослин необхідна вода, хоча ми часто про це забуваємо.
Одноразова велика кількість води наволожить не тільки поверхневі шари грунту, а і глибинні. Це особливо актуально в період довготривалої посухи, коли верхній зашкарублий твердий шар не дає просякнути воді глибше, а сам майже одразу після поливу висихає. Корисніше поливати рослини вранці або ввечері. Дуже гарне рішення - крапельний полив. Кожна рослина вчасно полита, а сама крапельна система вкрита під шаром мульчі або грунту. Навіть найкращі системи поливу необхідно час від часу перевіряти, чи правильно вони працюють по всій своїй довжині.
Підживлення
Перша доза добрив має бути невеликою, приблизно половина від рекомендованої. Тільки згодом, наступного року, дозу добрив можна застосовувати по рекомендації, вказаній на обгортці. Внесення мінеральних, комбінованих добрив повинно бути завершене до кінця червня. Використання добрив у більш пізній період продовжує процес вегетації рослин, що заважає їм гарно підготуватись до зими. Найкращий ефект дає використання повільнодіючих добрив (фото 19). Вони використовуються один раз, ранньої весни, невеликою дозою (для молодих кущів бл. 10 г). Добрива слід висипати у 2-3 невеликі отвори поблизу рослини.



Якщо при посадці рослини не використовувалося стартове добриво, то навесні наступного року рослині можна додати добрив.

Укриття рослин на зиму
Безліч дерев і чагарників походять з більш теплого клімату, ніж наш. Тому, вибираючи рослину, необхідно ретельно підбирати місце для посадки, а також уникати посадки таких, для яких наш клімат занадто холодний.

Найчастіше ризик замерзання загрожує вічнозеленим рослинам.

На зиму їх краще вкрити сіткою (фото 20), а основу захистити шалашиком з хвойних гілок. Троянди і ніжні листяні кущі можна вкрити шалашиками з соломи (фото 21), а найбільш чутливі - солом'яним килимком разом з тіньовою сіткою (фото 22 - укриття троянд на трельяжі).
Рослини з вічнозеленим листям чи хвоєю частіше за все під час морозів не замерзають, а висихають. Причиною є нестача доступної води. Взимку, особливо в сонячні дні, рослини витрачають вологу, а поповнити її запаси не можуть, бо поверхневий шар разом з водою в ньому, замерз.



Тому надзвичайно важливим є рясний полив вічнозелених рослин і мульчування пристовбурового кола пізньої осені.

Мульчування, крім зменшення випарування води з грунту, також захищає корені - найчутливіші до морозів частини рослини. Саме при укритті кореневої частини рослина може відростати і після підмерзання. Підстилка для укриття має бути відповідної товщини (бл. 10-15 см).
Догляд за інструментами
Доглядаючи за рослинами, слід пам'ятати про те, що садові інструменти необхідно зберігати в гарному стані (фото 23). Тоді наша праця буде набагато приємнішою!













";"";"Посадка рослин і догляд";"Посдка контейнерних рослин та з відкритою кореневою системою, догляд за рослинами";"";"";"";
"28";"0";"2016-09-13 11:35:18";"festival-garden-family-fest";"Фестиваль "Garden Family Fest"";"
Ландшафт центр приймає участь у «Garden Family Fest», що пройде 17-18 вересня 2016 року у с. Мила. Відвідувачі фестивалю мають можливість познайомитися з великим різноманіттям рослинної продукції, різноманітними новинками, купити саджанці рослин із суттєвими знижками. На фестивалі будуть проводитися майстер класи з садівництва і приготування барбекю. Відвідувачів чекає дегустація ароматних вин. Протягом фестивалю також будуть проводитися змагання із стрільби з лука, арбалету, аеро-розваги і радіокеровані машинки.﻿
Ландшафт центр презентує рослини власного виробництва котрі можна придбати прямо на виставці або замовити з доставкою по Україні на нашому сайті.
Також тут наш розсадник презентує свою нову торгову марку.";"Ландшафт центр приймає участь у «Garden Family Fest», що пройде 17-18 вересня 2016 року у с. Мила.";"Фестиваль "Garden Family Fest"";"Ландшафт центр приймає участь у «Garden Family Fest»";"фест, рослини, відпочинок, сад";"";"";
"29";"1";"2016-09-14 14:58:56";"zeleni-yangoli-nova-torgova-marka-landshaft-centru-landshaftinfo";"Зелені янголи - нова торгова марка ландшафт центру landshaft.info";"Зелені янголи Вони укривають нас від спеки, утримують воду, очищують повітря, заспокоюють, дарують красу, оберігають наш дім, наше довкілля, наше майбутнє. Але спочатку їм треба вирости! Ми доглядаємо за нашими рослинами 24 години на добу, 365 днів на рік. Ми так багато часу проводимо з нашими рослинами, що, здається, передаємо їм власну душу. І вони справді варті цього. Вирощені з турботою, щоб радувати вас!﻿
Всі наші саджанці адаптовані до місцевих природніх умов. Вирощені в Ужанській долині, пройшовши природній відбір, наші саджанці почуватимуться прекрасно в будь-яких природніх умовах. Ми самі виконуємо повний цикл виробництва рослин - від посіву чи живцювання до отримання дорослих рослин.﻿";"Зелені янголи
Вони укривають нас від спеки, утримують воду, очищують повітря,
заспокоюють, дарують красу, оберігають наш дім, наше довкілля, наше майбутнє.";"Ландшафт центр "Зелені янголи"";""Зелені янголи" - нова назва ландшафт центру landshaft.info";"ландшафт, рослини, розплідник";"";"";
"31";"1";"2016-09-15 08:33:39";"landshaft-centr-zeleni-yangoli-prijmaye-uchast-u-festivali-roslin-ta-landshaftnogo-dizajnu-garden-festival-17-18-veresnya-2016";"Ландшафт центр "Зелені янголи" приймає участь у фестивалі рослин та ландшафтного дизайну Garden Festival 17-18 вересня 2016";"Ландшафт центр "Зелені янголи" приймає участь у фестивалі рослин та ландшафтного дизайну Garden Festival, який пройде в гіпермаркеті "Епіцентр" у м.  Київ, Полярна 20Д. Цей захід об'єднає провідних виробників у галузі декоративних рослин та ландшафтного дизайну. Загальна площа експозиції  5000 м.кв.﻿
Ми представимо на фестивалі  Garden Festival,﻿ одні з найкращих зразків своєї продукції, зокрема кипарисовики, ялівці, туї﻿ власного виробництва, що з любов'ю та турботою вирощені в Ужанській долині. Ми ростемо, розвиваємося і тому також на фестивалі "Garden Festival"наш ландшафт центр презентує свою нову назву: "Зелені Янголи".
Нажаль ми не можемо взяти на фестиваль велику кількість і різномаїття нашої продукції тому ми очікуємо Вас у нашому інтернет-магазині, де представлений весь асортимент нашої продукції, а також у нашому ландшафт центрі, що знаходиться за адресою Закарпатська обл., м. Ужгород, вул. Оноківська-Об'їзна, 1﻿";"Ландшафт центр "Зелені янголи" приймає участь у фестивалі рослин та ландшафтного дизайну Garden Festival, який пройде в гіпермаркеті "Епіцентр" у м.  Київ, Полярна 20Д. Цей захід об'єднає провідних виробників у галузі декоративних рослин та ландшафтного дизайну. Загальна площа експозиції  5000 м.кв.";"Ландшафт центр "Зелені янголи" приймає участь у фестивалі рослин та ландшафтного дизайну Garden Festival 17-18 вересняя 2016";"Ландшафт центр "Зелені янголи" їде на фестиваль рослин та ландшафтного дизайну Garden Festival 17-18 вересня";"Garden Festival, Зелені янголи, ландшафт центр, туї, кипарисовики, ялівці";"";"";
"32";"1";"2016-09-15 11:38:44";"tuya-derevo-zhittya";"Туя - дерево життя";"Туя або дерево життя, як і кіпарисовик, розвивається в колоновидне дерево з кроною правильної форми. На перший погляд ці два роди нелегко відрізнити один від іншого. Для диких видів туї характерні вертикальний верхушечний пагін і типовий для неї, запах, що дають масляні залози. Відмінною рисою є і форма плоских і ребристих хвоїнок-листочків, і різна будова шишок. У кіпарисовика шишки округлої форми і маленькі, що нагадує шишки справжнього кіпариса, шишки туї більш-менш яйцевидно-продовгуваті і складаються з декількох находячих одна на одну шкірястих чешуйок. Цікаво, що рід Thuja складається тільки з 6 видів, котрі так як і кіпарис ростуть в Північній Америці та Східній Азії.
Туї в цілому не так різноманітні за окрасом і формою, як кіпарисовики, але тим не менше є для любителів рослин цінною групою, особливо сорту Thuja occidentalis (туя західна), котра дуже морозостійка і надзвичайно вітростійка. Крім того, вона добре відростає і призначена для огорож (живоплотів). І хоча туї, як і інші хвойні, потребують підвищену вологість повітря, вони добре ростуть і у місті, де з успіхом використовуються як стрункі, вітростійкі живі загорожі. Туї невимогливі і до розположенняя і клімату, але оптимально ростуть і на свіжих і більш вологих, родючих грунтах.";"Туя або дерево життя, як і кіпарисовик, розвивається в колоновидне дерево з кроною правильної форми. На перший погляд ці два роди нелегко відрізнити один від іншого. Для диких видів туї характерні вертикальний верхушечний пагін і типовий для неї, запах, що дають масляні залози. Відмінною рисою є і форма плоских і ребристих хвоїнок-листочків, і різна будова шишок. У кіпарисовика шишки округлої форми і маленькі, що нагадує шишки справжнього кіпариса, шишки туї більш-менш яйцевидно-продовгуваті і складаються з декількох находячих одна на одну шкірястих чешуйок. Цікаво, що рід Thuja складається тільки з 6 видів, котрі так як і кіпарис ростуть в Північній Америці та Східній Азії.";"Туя - дерево життя";"Туя або дерево життя, різноманіття сортів та особливості туї. туя західна.";"туя, туї, кіпарисовик, рослини, огорожа";"";"";
"33";"1";"2016-09-15 15:03:22";"kiparisovik";"Кипарисовик";"В міських садах і парках кипарисовики можуть створити цікаву картину. Серед них такі дикі види, як Chamaecyparis nootkatensis або Chamaecyparis pisifera, котрі в природі ростуть як дуже сильні, врражаючі дерева. З 6 видів, що ростуть в Північній Америці, Японії і Тайвані в наших центральноєвропейських садах культивуються тільки 4.﻿ Всі вони представляють собою більш чи менш конусовидні дерева з прямим стовбуром і звисаючими вершинками пагонів і гілок. Хвоя лускоподібна, з нижньої сторони часто білувата. Чоловічі квітки з'являються у великій кількості і достатньо декоративні (C.lawsoniana). Жіночі квіти розположені по одній на бічних гілках і малопомітні. Шишки (лат. strobilus)﻿ маленькі, круглі, міцні і за виключенням Chamaecyparis nootkatensis, достигають вже на перший рік. Оскільки види кипарисовиків легко мутують, у садоводів і любителів за останні 100 років було виведено велику кількість варіантів форм зросту і кольору хвої. В північно-американських видів кипарисовиків Chamaecyparis Lawsoniana і Chamaecyparis nootkatensis дуже міцна деревина, котра дуже довго протистоїть шкідникам і деревопошкоджуючим грибам.﻿﻿";"В міських садах і парках кипарисовики можуть створити цікаву картину. Серед них такі дикі види, як Chamaecyparis nootkatensis або Chamaecyparis pisifera, котрі в природі ростуть як дуже сильні, врражаючі дерева. З 6 видів, що ростуть в Північній Америці, Японії і Тайвані в наших центральноєвропейських садах культивуються тільки 4.";"Кипарисовик";"Кипарисовик це конусовидне хвойне дерево з прямим стовбуроб і звисаючими вершинками пагонів і гілок";"кипарисовик, Chamaecyparis, хвойні, живопліт, купити, Україна, доставка";"";"";
"34";"1";"2016-09-19 10:14:04";"tuya-khvojna-krasunya";"Туя - хвойна красуня";"Туя – це надзвичайно красива рослина, котра здатна стати окрасою будь-якого саду чи присадибної ділянки. Окрім цього вона надзвичайно корисна, оскільки очищає повітря та насичує його своїм ароматом. Назва туї походить від давніх магічних ритуалів, а саме тому, що при спалювання деревини туї поширюється легкий приємний запах. «Туя» перекладається з грецької мови як воскуріння (кадіння) і жертвоприношення. 
В англомовній літературі зустрічаються такі синоніми назви туя (історично обумовлені) – північний білий кедр, східний білий кедр, болотний кедр та інші.
Туя (thuja) – це однодомне, вічнозелене дерево або чагарник з щільною кроною, що утворена розгалуженими в одній площині пагонами та щільною, притиснутою до пагонів, навхрест ростучою і лусковидною хвоєю. Туя походить з родини кипарисових, порядок соснові, клас хвойні.
Особливості туї. Туя характеризується доброю морозостійкістю, невибагливістю, потребує мінімального догляду, добре росте в частково тінистих місцях, але не любить місць де взагалі немає світла. Полюбляє вологу, тому потребує поливу під час засушливих і спекотних періодів.
Стрижка туї. Туя дуже добре реагує на стрижку. Чим більше і частіше рослину стригти - тим густішою  і красивішою вона стає і, завдяки цьому її можна використовувати для створення живих архітектурних форм.
Особливості використання. Висока газостійкість дозволяє використовувати тую в озелененні міст і промислових об'єктів. У зеленому будівництві застосовують в групових і одиночних посадках, при створенні алей, живих стін і огорож.
Різномаїття туй. Відомо більше сотні різноманітних сортів цієї рослини, що відрізняються кольором хвої і видом крон. Усі туї мають високі естетичні якості. Природна форма хороша для утворення густих груп, алей, карликова - для кам'янистих ділянок і альпійських гірок, плакуча – як окремі дерева на газонах і на берегах водойм. Хоча туї не мають стільки різновидів за кольорами як кіпарисовики та її форми також успішно використовуються для створення дизайну основаному на поєднанні різних кольорів і відтінків. 
Туя декоративна за формою поділяється на різноманітні форми – колоновидну, плакучу, низькорослу – усі ці форми виведені з природніх аналогів за допомогою багаторічної селекції у розплідниках. Колоновидна форма використовується для живих загорож, алей. Низькорослі карликові форми – у якості елементів прикраси газонів, кам’янистих гірок, берегів водойм.
Підживлення туї. Як і всім рослинам для життя і зростання туям необхідні азот, фосфор, калій і мікроелементи. Для успішного вирощування туй можна використовувати будь-які добрива для хвойних рослин, але завжди потрібно дотримуватися правил використання на етикетці. Найкраще добрива вносити весною.
Догляд взимку. Гілки туй можуть пошкоджуватися снігом, тому коли на туї навалило багато важкого мокрого снігу варто його обтрусити.
Використання туї в гомеопатії і медицині. Використовується також туя народними цілителями та гомеопатами. Зазвичай для цього використовується водні настойки з молодих паростків при лікуванні хвороб суставів, каменів у нирках і жовчному міхурі. Також використовується ефірна олія як інсектицид. Косметологічна промисловість також використовує ефірну олію туї для виробництва шампунів, кремів та іншого.
Пересадка туї. Найкраще купляти саджанці туї в контейнерах, доросла рослина може бути також пересаджена якщо викопати з великим земляним комом. Наш розсадник забезпечує викопку з земляним комом також у літній період. Якщо дотримуватися усіх умов і швидко протягом двох діб посадити рослину то вона гарантовано приживеться.
Найбільш поширені форми туї це туя західна і туя східна.
 ";"Туя - хвойна красуня, дерево, що походить з Північної Америки і широко використовується у ландшафтному дизайні як елемент живих огорож, кам'янистих ділянок, водойм та інших композицій.";"Туя - хвойна красуня";"туя - Хвойне дерево з роду кіпарисових, дуже популярна в різних ландшафтних композиціях рослина. Продаж з доставкою по Україні";"туя";"";"";
"35";"1";"2016-09-19 12:20:13";"samshitova-vognivka";"Самшитова вогнівка";"Самшитова вогнівка – один з найбільш небезпечних шкідників самшиту! Походить з східних територій: Китай, Індія, Японія, Корея і Далекий Схід Росії.
На території Європи вона з'явилася у 2006-му з території південної Німеччини куди потрапила з Китаю з посадковим матеріалом. У 2008 році вона була поширена на території Англії, Нідерландів та Швейцарії. У 2009 вона вже вразила території Франції та Австрії, а у 2011-му вже досягла території Турції, Румунії та Угорщини.
На території Закарпаття  самшитова вогнівка широко поширилася у 2016  році і вже встигла наробити шкоди декоративним насадженням самшиту. Цьому в першу чергу сприяла тепла зима. Самшит з давніх часів використовувався  на території Закарпаття ﻿на присадибних ділянках у якості живих огорож, а також у парковому озелененні. Враховуючи небезпеку для рослин, «Зелені янголи» у 2016 році обробили рослини самшиту на території греко-католицького собору вік котрих сягає понад 150 років і цим самим зберегли їх від загибелі.
Самшитова вогнівка надзвичайно шкідлива комаха, в умовах теплого клімату за рік може вивестися до 4-х поколінь шкідника. Гусінь відрізняється неймовірним апетитом і 20 гусениць на 2 години можуть пошкодити 3 літри листя самшиту в об’ємі. Через особливості змін клімату в останні роки самшитова вогнівка легко потрапляє на території де раніше не могла вижити. Тому боротьба з нею є дуже важливою. За відсутності самшиту шкідник живиться листям клену, ясеню, колхідської модрини, лавровишні, мушмули японської.﻿
Боротьба з самшитовою вогнівкою:

випробуваний "Зеленими ангелами" варіант: Актелік 6 мл на 5 л води
ще можна використати препарати: децис, фастак, карате, фьюрі а також сильнодіючі системні препарати БІ-58 та карбофос (з врахуванням шкоди середовищу).
﻿при обробці слід добре обробляти листя з усіх сторін, оскільки яйця та личинки зазвичай знаходяться на нижній частині листочків.

Пожалуйста, не забудьте правильно оформить цитату:Трохов Е. С. САМШИТОВАЯ ОГНЕВКА — ИНВАЗИОННЫЙ ВИД-ПАРАЗИТ САМШИТОВЫХ РОЩ // Научное сообщество студентов XXI столетия. ЕСТЕСТВЕННЫЕ НАУКИ: сб. ст. по мат. XXII-XXIII междунар. студ. науч.-практ. конф. № 8-9(22). URL: http://sibac.info/archive/nature/8-9(22).pdf (дата обращения: 19.09.2016)";"Самшитова вогнівка – один з найбільш небезпечних шкідників самшиту. Походить з східних територій: Китай, Індія, Японія, Корея і Далекий Схід Росії.

На території Європи вона з'явилася у 2006-му з території південної Німеччини куди потрапила з Китаю з посадковим матеріалом. У 2008 році вона була поширена на території Англії, Нідерландів та Швейцарії. У 2009 вона вже вразила території Франції та Австрії, а у 2011-му вже досягла території Турції, Румунії та Угорщини.";"Самшитова вогнівка - небезпечний шкідник самшиту";"Самшитова вогнівка - небезпечний шкідник самшиту, котрий потребує серйозних мір по боротьбі з ним";"самшитова вогнівка, самшит";"";"";
"36";"1";"2016-09-20 11:30:32";"tuya-zakhidna-kolumna-thuja-occidentalis";"Туя західна 'Колумна'";"Крона туї західної ‘Колумна’. Рослина характеризується вузькою колоновидною кроною і сильним ростом. Це єдиний сорт колоновидної туї, що росте у висоту до 8 метрів. Це найпопулярніша в Україні колоновидна туя, що використовується для утворення високих живоплотів, що не підстригаються, висотою 5-8 метрів. В разі необхідності посадки живоплоту до 6 метрів безумовно краще застосувати тую західну сорту ‘Брабант’ і підстригати її по мірі необхідності.  Максимальна висота до 10 метрів. За 10 років зріст біля 3 метрів. Діаметр крони до півтора метра. Цей сорт туї характеризується найбільш швидким ростом. Для посадки у живоплоти застосовується інтервал 60-70 сантиметрів між рослинами.
Хвоя туї західної ‘колумна’. Рослина має лускоподібну темно-зелену, блискучу хвою, що не змінює свій колір в зимовий період. В тіні забарвлення хвої темніє.
Догляд туї західної ‘колумна’. В цілому цей сорт невибагливий в догляді, але для хорошого росту потребує достатньо родючого грунту. Може рости на лужних і кислих грунтах.
Вимоги до освітлення сорту ‘колумна’. Цю тую можна висаджувати як на сонці так і у напівтіні. Але на сонці крона стає більш щільною і яскравою. В тіні густина і пишність крони втрачається.
Морозостійкість сорту туя західна ‘колумна’ . Рослина є достатньо морозостійкою для всіх районів України.
Пересадка туї західної ‘колумна’.  Рослини можна переміщувати як у контейнерах так і пересаджувати з грунту. При цьому наш розсадник пропонує викопну продукцію з добре упакованим земляним комом, котрий дозволяє здійснювати доставку по всій Україні без пошкодження кореневої системи. Зазвичай викопування і пересадка здійснюється восени і навесні, але за умови забезпечення швидкої доставки і висадки доросла рослина з досить великою земляною грудою добре переживає пересадку.﻿﻿";"Туя західна 'Колумна' застосовується для створення живоплотів висотою до 5-8 метрів, що не потребують стрижки. Даний сорт є дуже популярний в Україні завдяки поєднанню таких якостей як форма крони, швидкий ріст, морозостійкість і невибагливість у догляді.";"Туя західна 'Колумна'";"Туя західна 'Колумна' за низькою ціною оптом і в роздріб від виробника";"туя західна, колумна";"";"";
"37";"1";"2016-09-21 10:19:19";"deren-shovkovistij-flaviramea-dekorativnij-chagarnik";"Дерен шовковистий Flaviramea - декоративний чагарник";"Дерен шовковистий Flaviramea(Флавірамеа) це широкий, круглий чагарник висотою 2-3 (до 5) метри і шириною 2-3 (до 5) метри. Утворює зарослі, характеризується швидким ростом. Колір кори взимку і навесні жовтий, а влітку набуває жовтувато-зеленого кольору. Суцвіття цього сорту зонтиковидні, білі. Листки загострені, овальної форми, зелені, восени набувають червонуватого відтінку або не змінюють колір. Коренева система чагарника поверхнева, достатньо стійка і дає кореневі відростки. 
Дерен шовковистий Flaviramea ﻿характеризується доброю морозостійкістю, є вітростійким, переносить надмірне зволоження і навіть затоплення, в періоди тривалої посухи краще підлити рослину. Обрізати кущ треба один раз на декілька років для відновлення форми і покращення цвітіння. В 5 річному віці сягає висоти 180 см з діаметром крони 1.9м. Період цвітіння припадає на травень-червень.
Використовується у ландшафтному дизайні для формування живоплотів та декорування ділянки. Гарно комбінується із сортом дерен білий Кесельрінга.﻿﻿ Дерен високо цінується як декоративна рослина завдяки яскравому кольору кори.
 ";"Дерен шовковистий Flaviramea - високодекоративний кущ, що виділяється своїм гарним білим цвітом та жовтими пагонами (взимку).";"Декоративний чагарник - дерен шовковистий Flaviramea (Флавірамеа)";"Дерен шовковистий Flaviramea - декоративний листяний чагарник з жовтим кольором кори та білим цвітом";"дерен, флавірамеа,flaviramea,декоративний";"";"";
"38";"1";"2016-09-21 14:35:34";"poyizdka-zelenikh-yangoliv-na-festival-garden-festival-u-kiyiv";"Поїздка "Зелених Янголів" на фестиваль "Garden Festival" у Київ";"17-18 вересня на території гіпермаркету «Епіцентр», що в Києві на Полярній 20Д проходив фестиваль «Garden Festival» в якому взяли участь представники ландшафтного центру «Зелені янголи». Серед декількох десятків учасників, наші «Зелені Янголи» зайняли перше місце на виставці в номінації «Найкращий продажний стенд 2016», що стало підсумком продуманого дизайну стенду, поєднаного з представленою вперше торговою маркою «Зелені Янголи», брендованому одягу, гарною викладкою рослин та елементів стенду в поєднанні з новим логотипом. 
Стенд був оформлений у вигляді символічного ангела, котрий розпростер крила і накрив ними усіх свої зелених діток-рослинок. Під час проходження заходу ми щиро поспілкувалися з нашими постійними клієнтами та встигли познайомитися з новими друзями, що тільки відкрили для себе продукцію нашого розплідника рослин. Гості фестивалю по достоїнству оцінили щиру закарпатську гостинність Ярослава та Андріани Недолуженко і сподіваємося заклали фундамент дружби на багато років наперед.﻿";"";"Участь ландшафт центру "Зелені Янголи" у виставці "Garden Festival"";"Ландшафт центр "Зелені янголи" взяв участь у фестивалі рослин та ландшафтного дизайну Garden Festival в Епіцентрі";"ландшафт, рослини, розплідник, Зелені янголи";"";"";
"40";"1";"2016-09-21 17:25:30";"tuya-zakhidna-vereskovidna-erikoides-thuja-occidentalis-ericoides";"Туя західна вересковидна Ерікоідес (Thuja occidentalis Ericoides)";"Туя західна вересковидна Ерікоідес
 
Туя карликової форми орієнтовно 1м висотою. Своїм виглядом ця туя дещо нагадує ялівець. Крона має округлу, ширококонічну, багатовершинну форму. Пагони тонкі, гнучкі, прямі і загнуті, багаточисельні. 
 
Хвоя шиловидна (звідси походить назва «вересковидна»), м’яка, матова, зверху має забарвлення невластиве для туй димчато-сріблясто-зелене, а знизу сірувато зелена. Взимку хвоя стає бронзово-коричневою, навесні швидко відновлює свій нормальний колір. 
Стійкість до низьких температур: при температурі -25-28°С страждають не тільки молоді пагони але і старі гілки. Потребує достатньо родючого і добре зволоженого грунту.
В ландшафтному дизайні використовується для оформлення верескових, японських і кам’яних садків, альпійських гірок, схилів, доріжок, підпірних стінок.
Дуже ефектна туя Ерікоідес в одиночних і групових посадках. Використовується при створенні карликових садів і оформленні клумб. Добре переносить стрижку, добре заростає після стрижки.﻿﻿";"Туя карликової форми орієнтовно 1м висотою. Своїм виглядом ця туя дещо нагадує ялівець. Крона має округлу, ширококонічну, багатовершинну форму. Пагони тонкі, гнучкі, прямі і загнуті, багаточисельні.";"Туя західна вересковидна Ерікоідес (Thuja occidentalis Ericoides)";"Туя західна вересковидна Ерікоідес (Thuja occidentalis Ericoides) карликової форми орієнтовно 1м висотою. Крона має округлу, ширококонічну, багатовершинну форму. Пагони тонкі, гнучкі, прямі і загнуті, багаточисельні.";"Туя західна вересковидна Ерікоідес, Thuja occidentalis Ericoides";"";"";
"42";"1";"2018-03-02 00:00:00";"yak-vryatuvati-vashi-roslini-pid-chas-moroziv-ta-navesni";"Як врятувати ваші рослини під час морозів та навесні";"Як врятувати ваші рослини під час морозів та навесні
На календарі вже весна, але погода за вікном залишається зимовою. Осіннє зрошування та калійна підкормка надали сил вашим рослинам і підготували до снігопадів та заморозків. Але цей період часу залишається дуже ризикованим. Ми перерахуємо, які саме небезпеки чатують на ваших зелених улюбленців та як їх врятувати від них.
ПЕРЕСИХАННЯ
При підвищенні температури хвоя активно випаровує вологу, а коріння не в змозі забезпечити її притік з мерзлої землі
Хто в небезпеці:
ялівці (Stricta, Skyrocket, Meyerii, Blue Sweed), ялина (Conica, Sanders Blue, Daisy's White), ялина сербська, ялиця корейська, туя західна (Smaragd, Woodwardii). В зоні ризику - нещодавно посаджені рослини.
ЯК ВРЯТУВАТИ:
Слід нещільно обгорнути рослини мішковиною, марлею або притіночною сіткою. Не використовуйте поліетиленову плівку. Найефективніший спосіб - встановлення екранів з найбільш освітленого боку. Немає прямого контакту з хвоєю і гілки не пошкоджуються. Залиште ці екрани аж до повного танення снігу. Молоді рослини потребують вашої особливої уваги: перші 2-3 роки слід замульчувати пристовбуровий круг шаром сухого торфу або кори 6-8 см. Крону слід вкрити від сонця.

СНІГОПАДИ
можуть серйозно пошкодити хвою, поламати гілки
Хто в небезпеці:
Ялівці, кипарисовики, туї - особливо плакучі та вузькопірамідальні
ЯК ВРЯТУВАТИ:
Слід звязувати їх марлевими бинтами або капроновою сіткою- тоді гілки не травмуються і не затримується повітря


ХОЛОДОВІ ОПІКИ
Пронизливий вітер разом з морозами за -20 в той час коли запаси вологи у рослини обмежені - дуже небезпечне поєднання.
Хто в небезпеці:
Ялівці, кипарисовики, туї - особливо плакучі та вузькопірамідальні
ЯК ВРЯТУВАТИ:
Всі рослини навесні пролийте теплою водою для швидшого розмерзання землі під ними. За середньодобової температури 2-4 проведіть профілактичну обробку від таких захворювань як шютте препаратами, які містять мідь (фунгіциди "Абіга-Пік", "Хом", Хлорокис міді).";"Туї, кипарисовики та ялівці потребують особливої уваги взимку та навесні - в цей час на них чекає багато ризиків.";"Як врятувати рослини під час морозів та навесні";"Догляд за хвойними навесні - як уникнути небезпек опіків та пересихання. Способи захисту ялівців, туй, ялин та кипарисовиків";"";"";"Розсадник "Зелені Янголи"";
"43";"1";"2018-07-05 00:00:00";"sadzhanci-na-dorosshuvannya-p9";"Саджанці на дорощування (P9)";"  Замовити прайс-лист P9    Переглянути список наявних живців  
Вітаємо на сторінці розсадника  «Зелені Янголи»!

Ми понад 10 років на ринку декоративних рослин та є одним з найбільших спеціалізованих розсадників в Західній Україні. 
Виконуємо повний цикл виробництва – від вкоріненого живця до крупноміра.
Нам довіряють і співпрацюють замовники з усіх регіонів України від роздрібних до гуртових. Протягом року вирощуємо понад 450 000 рослин .
«Зелені Янголи» - визнані колегами найкращим розсадником 2017 (за результатами автобусного туру розсадниками України).


Пропонуємо на продаж садивний матеріал власного виробництва на кожному з етапів :

вкорінений живець
саджанці в контейнері П9
рослини в контейнері C2-C25 -рослини з ґрунту/крупноміри.


Задумовуєтесь над тим, щоб купити вкорінені живці та рослини в P9 (П9) за кордоном? - Вам не потрібно шукати саджанці в Польщі чи Голландії,  думати як організувати логістику – замовляйте саджанці європейської якості по вигідній ціні у нас. Ми пропонуємо близько 470 видів рослин, а також приймаємо замовлення наперед.
{gformbuilderpro:2}
Наразі вкорінені живці продаємо лише при наявності виробничих надлишків, але нагадуємо що можемо виростити рослини під замовлення. Основну увагу на цій сторінці приділимо продажу рослин в контейнері P9 гуртом і в роздріб.
Звичайно, якщо дозволяє бюджет, можна дорощувати саджанці в контенері C2. Таким чином можна заощадити 1-2 роки і швидше  отримати прибуток від продажу підрощених рослин.  Вагомою перевагою посадкового матеріалу у невеликих контейнерах (P9-C2) є невисока  ціна та зручність транспортування .
 
«Зелені Янголи» запрошують до співпраці всіх колег!   Ми пропонуємо вигідні умови та величезний асортимент вкорінених живців для тих хто займається, чи планує започаткувати «зелений» бізнес. Допоможемо підібрати асортимент і розмір для вашої найбільшої вигоди.
Наші саджанці добре сформовані, загартовані і,  що не менш важливо - адаптовані до наших кліматичних умов (усіх регіонів України). Нагадуємо, що рослини із закритою кореневою системою готові до  пересадки в будь який час року за наявності постійного поливу.

Якщо Ви наш колега (представляєте розсадник декоративних рослин чи садцентр і т д.) і бажаєте отримати наш гуртовий прайс  – представтеся і зверніться в гуртовий відділ за номером +380-503716996 або на пошту gurt@landshaft.info

Купуйте наші  саджанці на дорощування і очікуйте швидкий та дуже гарний результат – у вигляді стрімкого зростання вашого капіталу ;). 

А також ми пропонуємо гарно підрощену P9-ку в роздріб для кінцевого споживача. Купуйте на сайті, або завантажуйте прайс-лист та відправляйте своє замовлення нам на пошту  gurt@landshaft.info чи замовляйте за номером +380-503716996 (вайбер).


Уривки з процесу живцювання





";"Пропонуємо на продаж садивний матеріал власного виробництва на кожному з етапів : вкорінений живець, саджанці в контейнері П9,  рослини в контейнері C2-C25, рослини в контейнері C2-C25 -рослини з ґрунту/крупноміри. Саджанці на дорощування  гуртом, під замовлення.

";"Саджанці на дорощування  гуртом";"Вкорінені живці, саджанці p9 на дорощування  гуртом та під замовленя";"";"";"Розсадник "Зелені Янголи"";
"44";"1";"2019-01-22 00:00:00";"instrukciya-z-posadki-roslin";"ІНСТРУКЦІЯ З ПОСАДКИ РОСЛИН";"Правильна посадка рослин
Будьмо чесними: не завжди вистачає часу чи бажання читати довгі описи правил посадки рослин? Чим швидше викопати ямку, як правило – замалу, всунути в неї рослину і прикидати якоїсь землі зверху – ось майже гарантований спосіб як не дати вашій рослині пережити перший сезон. А правильна посадка має виняткове значення для виживання рослини. Вона залежить від типу пакування саджанця: голий корінь, кореневий ком або рослина контейнерного дорощування. Пакування впливає на стан коренів та прикореневого ґрунту. Тому,навіть якщо Вам знайомі принципи посадки, думаємо, Ви дізнаєтеся багато корисного прочитавши наші короткі поради.
РОСЛИНИ ВИРОЩЕНІ В КОНТЕЙНЕРІ: МОЖЕ ЗНАДОБИТИСЯ ПІДРІЗКА КОРЕНІВ

Зніміть контейнер перед посадкою, незалежно від його матеріалу, і перевірте стан кореневої системи. Тонкі білі корені ззовні кому свідчать, що з кореневою системою все гаразд.
Розпушіть корінці від кому пальцями перед посадкою, щоб надалі вони вростали в навколишній ґрунт. Це дуже важливо для виживання рослини. Відріжте товсті, задерев’янілі корені на деревах та кущах гострими ножицями, щоб вони не обмежували ріст. Густе коріння ззовні кому уповільнює потік поживних речовин .
Якщо кореневий ком вкритий кореневою «сіткою» ( щільний до корені ззовні), розріжте її ножем вертикальними глибокими розрізами зверху вниз у 3-4 місцях. Така обрізка не зашкодить росту рослини, а сприятиме більш енергійному росту нових коренів з місць розрізів. Викопайте ямку в 2-3 рази ширшу за контейнер, щоб дати простір для росту в сторони, та глибоку на висоту від верхнього рівня кореневого кому до дна контейнера, щоб коренева шийка після висадки була на рівні з навколишнім ґрунтом ( виняток – глинистий ґрунт, для нього потрібен дренаж).
Вставте рослину в посадкову ямку, засипте половину ґрунтосуміші і полийте, щоб дати ґрунту осісти. Досипте ґрунт. Надлишки землі використайте для формування «чаші» навколо посадкової ямки, де буде збиратися вода і підживлювати корені.
Проведіть повторний полив для остаточного осідання ґрунту.
Не притоптуйте ґрунт ногами – Ви можете пошкодити корені.
Рослини вирощені в контейнерах можна висаджувати майже увесь рік, у них краще виживання після висадки.

РОСЛИНИ З КОРЕНЕВИМ КОМОМ: ЯМКА ПОВИННА БУТИ ШИРОКОЮ

Старші та більші дерева і кущі з «кореневим комом» вирощуються у відкритому ґрунті, при викопці їх коренева система разом з ґрунтом утворюють міцний та щільний кореневий ком, затягнутий у мішковину або мішковину та металеву сітку.
Викопайте посадкову ямку у два-три рази ширшу за ширину кореневого кому, щоб забезпечити безперешкодний ріст коренів в сторони. Глибина посадкової ямки повинна бути такою, щоб після посадки верхня поверхня кореневого кому була на рівні з навколишнім ґрунтом. Якщо ямка заглибока, кореневий ком просяде, а надлишок землі навколо стовбура утворить ідеальне середовище для можливих хвороб.
Заповніть посадкову ямку ґрунтосумішшю наполовину після встановлення в ній рослин. Полив на даній стадії допоможе прибрати можливі повітряні «кишені» та стабілізує положення саджанця.
Приберіть джут або сітку навколо основного стовбура рослини. Якщо кореневий ком затягнуто у дротяний кошик, різцями відсічіть верхню частину дротяного кошика, яка може обмежити ріст коренів. Приберіть мішковину з верхньої частини кореневого кому за допомогою гострого ножа. Мішковина у верхній частині, якщо її залишити , підсохне і утворить міцний щит, який не даватиме кореням отримати вологу від поливу. Мішковина у нижній частині кореневого кому розкладається сама, коли корені проростуть через неї. Прибирати мішковину навколо кому не можна!
Досипте залишок землі. Зробіть «чашу» для утримання вологи над коренями. Не сипте ґрунт на кореневу шийку- це той самий негативний ефект, що і заглибока посадка. 
Проведіть полив, що дозволить ґрунту остаточно ущільнитися навколо коренів. Механічне втоптування ґрунту може призвести до пошкодження коренів.

ГАРАЗД, А ЩО РОБИТИ ПІСЛЯ ПОСАДКИ?
НЕ ДАЙТЕ РОСЛИНАМ ВІДЧУТИ СПРАГУПравильний і достатній полив – важливий для виживання, але вимоги до нього залежать від ґрунту. У важких глинистих ґрунтах полив повинен бути рідкішим, але більш щедрим – вода не так швидко просочиться до коренів. В піщаній землі вода легко проходить до коренів. Тому тут краще використовувати більш частий полив меншим об’ємом води. Щоб визначити чи не час вже поливати вставте в землю звичайну викрутку: якщо вона легко проникає в землю, то вона досить волога і додатковий полив не потрібен.
ЗАМУЛЬЧУЙТЕ КОРЕНЕВУ ЗОНУ Мульчування утримує вологість та температуру на комфортному для коренів рівні, а також контролює ріст бур’янів, допомагає тримати на безпечній відстані від стовбура газонокосарки та тримери. Мульча повинна бути від 5-10 см завтовшки, та вкривати всю поверхню над кореневою системою. Не слід допускати контакту мульчі з стовбуром рослини – постійно вологе середовище навколо стовбура може призвести до появи хвороб або шкідників.
 ВІДКЛАДІТЬ ПІДКОРМКУ Щойно висаджені дерева та кущі не потрібно підживлювати протягом першого року-двох. Єдиний виняток – бідні на поживні речовини ґрунти. Неправильне внесееня добрив насправді може навіть пригальмувати та зашкодити росту коренів, стимулюючи непропорційний ріст верхньої частини, який коренева система не зможе достатньо підтримувати. Багаторічникам слід надати тиждень-два відпочинку перед застосуванням синтетичних добрив.
 ОБМЕЖТЕ ДОДАТКОВУ ПІДТРИМКУ Метою застосування підтримки є захист кореневого кому від руйнування, а зовсім не захист верхньої частини дерева від поривів вітру. Для більшості дерев 1-2 підтримуючих кілків має бути достатньо. Закопайте метрової довжини кілки в землю під кутом 45 градусів поруч із стовбуром. Закріпіть кілок до стовбура гумовою стрічкою. Переконайтеся, що гумова стрічка знаходиться між кілком та стовбуром і кілок не тре стовбур. Протягом року перевіряйте чи кілок не обдирає кору та виконує свою функцію. За винятком дуже вітряних місць, кілкиможна прибирати після року використання
ОБРІЗАЙТЕ ДЕЛІКАТНО Уважно огляньте саджанець і обріжте усі хворі, пошкоджені або зламані гілки під час посадки. Окрім цього жодна підрізка не потрібна. Листя дає рослині необхідні речовини для росту нових коренів, а чим більше листя, тим більше поживних речовин. Тому обрізка листя тільки сповільнить ріст коренів. Відкладіть будь-які структурні обрізки дерев до остаточного вкорінення.
ПІДСУМОВУЮЧИ: основні помилки, яких Вам потрібно уникнути 

При посадці НЕ СЛІД прикопувати рослини заглибоко! Рослина після посадки має бути на одному рівні з навколишньою землею.
Тип ґрунту має відповідати типу рослин. Для хвойних ґрунт повинен бути нейтральний або злегка кислий. Саме тому не слід додавати для удобрення хвойних перегній чи органічні добрива. 
Після посадки рослинам потрібно забезпечити регулярний полив.
";"";"Інструкція по посадці рослин";"";"Як правильно пересадити саджанець з горщика, посадити рослину з кореневим комом? Читайте в інструкції.";"";"";
"46";"1";"2019-02-18 00:00:00";"landshaftnij-forum-2019";"Ландшафтний Форум - 2019";"Раді повідомити, що ми, розсадник «Зелені янголи», зробили свій свідомий внесок у організацію Всеукраїнського Ландшафтного форуму 2019, і стали генеральним спонсором!
Більше інформації про Форум - https://www.facebook.com/events/2340374122659159/ Реєстрація - https://docs.google.com/…/1FAIpQLSc2ZrJ6JyXKdsawX…/viewform…
«Ландшафтний форум - місце зустрічі однодумців - професіоналів і початківців ландшафтних архітекторів і ландшафтних дизайнерів. Ландшафтний форум - це площадка для зустрічей всіх представників зеленої індустрії. Ландшафтний форум - територія нових ідей і технологій, майданчик для обміну досвідом і навчання, місце зустрічі колег і друзів. Ландшафтний форум - територія гарного настрою та позитивних емоцій.» (Цитата з ФБ) Організатори : АЛАУ (Асоціація ландшафтних архітекторів України), ГЛАУ (Гільдія ландшафтних архітекторів України)


Андріанна Недолуженко (Співвласник розсадника “Зелені янголи” ТМ, керуюча гуртовими продажами): ««Зелені» колеги, давайте зустрінемось на Всеукраїнському ЛАНДШАФТНОМУ ФОРУМІ 2019, адже наше спілкування - це є внесок кожного у розвиток «зеленої індустрії» України! По суті- це пропущені Всеукраїнські збори 2018, так що - не вагайтеся, адже ви цього варті і нам усім це потрібно!»







Ольга Чаус (Керівник, ландшафтный архитектор в студії Изящное садоводство, керівник в Асоціація Ландшафтних Архітекторів України, Educator в Европейская Школа Дизайна, Организатор в PROSTONEBA architecture festival): «Зима - час для навчання, обміну досвідом, планування нових проектів та їх реалізацій! Зима - час зустрічей з колегами та друзями! 






Дві профільні громадські організації АЛАУ (Асоціація ландшафтних архітекторів України) та ГЛАУ (Гільдія ландшафтних архітекторів України) в цьому році об"єднали свої можливості та бажання щоб створити майданчик для спілкування однодумців, колег та друзів! У чудовому місці заміському готелі «ШишкiNN» ми організовуємо щорічну зустріч для представників ландшафтної індустрії - ландшафтних дизайнерів та архітекторів, представників садових центрів та розсадників, постачальників матеріалів для озеленення та благоустрою.  Запрошуємо всіх до чудової атмосфери спілкування! Нас чекають лекції та круглі столи на актуальні теми, зустрічі з колегами з усієї України, позитивне спілкування "без краваток", повітря соснового лісу, пісні під гітару, барбекю під кронами дерев та ще багато цікавого!   Генеральний партнер Ландшафтного Форуму один з провідних розсадників декоративних рослин України ЗЕЛЕНІ ЯНГОЛИ!»
Ми живемо в час коли дискусія набуває чи не найважливіше значення. Здатність почути опонента та прийти до спільного висновку чи навіть плану дій – рухома сила для розвитку ринку будь-яких послуг. На Ландшафтному Форумі організатори пропонують учасникам взяти участь у двох панельних дискусіях. Перша буде присвячена взаємодії усіх гілок ландшафтного бізнесу: ландшафтного дизайнера - садового центру та розсадника. Модератор – Андрій Бут Друга дискусія торкнеться теми ціноутворення в ландшафтному бізнесі та взаємодії в секторі міського озеленення. Модератор - Оксана Мілевьска
АКТУАЛЬНІ ТЕМИ :. 

Ціни, зміни в законодавчій та нормативній базі Як в умовах нашої не завжди стабільної економіки відповідати на запит клієнта? Як формувати ціну за свою послугу? Що насправді має її складати? На ці та інші не менш важливі запитання відповість Оксана Мілєвська - економіст, сертифікований інженер, президент Гільдії Ландшафтних Архітекторів України.
Презентація Стандартів якості садивного матеріалу. Лектор- Бут Андрій, кандидат с.-г. наук, засновник та керівник розсадника “Осокор”, Ландшафтної компанії “VERT”
Новітні технології висаджування рослин в місті – Кнак Тетяна (дендролог, Лаппен, Німеччина)
Досвід успішних сучасних проектів, Лектор- Гюнтер Де Рой (Ландшафтний Архітектор, Нідерланди)
Презентація конкурсу заміського парку , Добруцький Ігор
Сучасні матеріали в ландшафтному бізнесі, Гайдан Олександр, компанія “Дафа”
Бізнес-модель, та чому без неї не може бути успішного бізнесу (Грицький Дмитро)
Що таке брендинг і чому просто логотип вже не продає – Грицький Дмитро (Бренд стратег, власник Брендового Агенства «Бумеранг») 
Дискусійна панель.

  

ДОДАТКОВА ІНФОРМАЦІЯ:
Вартість участі при реєстрації  до 1.02.2019 - 3 500 грн, до 15.02. - 3 800  в день Форуму - 4 000 грн.  Реєстрація за посиланням: https://docs.google.com/forms/d/e/1FAIpQLSc2ZrJ6JyXKdsawXBBHeLz0NP7Ke5lBata9zcemvr-CbIN2Jw/viewform";"Ландшафтний форум - місце зустрічі однодумців - професіоналів і початківців ландшафтних архітекторів і ландшафтних дизайнерів. Ландшафтний форум - це площадка для зустрічей всіх представників зеленої індустрії. Ландшафтний форум - територія нових ідей і технологій, майданчик для обміну досвідом і навчання, місце зустрічі колег і друзів. Ландшафтний форум - територія гарного настрою та позитивних емоцій.";"";"";"";"";"";
"47";"1";"2019-05-13 00:00:00";"rozsadzhuvannya-tuj-v-rozsadniku-zeleni-yangoli";"Розсаджування туй в розсаднику "Зелені Янголи" ";"Розсаджування туй в розсаднику "Зелені Янголи" 


Використання нової технології в нашому розсаднику - навісне обладння для трактора, яке пришвидшує роботу і дозволяє висаджувати близько 2000 саджанців у день.Закладка роззсадника з викорстанням нових технологій дозволяє робити рівні посадки, та ефективно використовувати робочий час. Важливо підбирати характеристики навісного обладнання, враховуючи бажану ширину міжряддя.Наприклад, на даній території Ми плануємо дорощувати туї "Смарагд" до висоти 120см.
Також Ми пропонуємо широкий асортимент якісних саджанців, хвойних та листяних культур для дорощування. Самі вирощуємо і продаємо рослини різних розмірів: вкоріненний живець, саджанців P9, саджанців С2, С3, С5 та більших, крупноміри з грунту. З всім асортиментом саджанців, можете ознайомитись тут: Для дорощування
Якщо Ви хочете придбати саджанці гуртом, Ви можете заповнити анкету на за даним посилання Анкета";"Ми завжди вдосконалюємося, та прагнемо бути кращими!";"";"";"";"";"";
"48";"0";"2019-05-31 00:00:00";"khochete-privabiti-maksimum-kliyentiv-ta-otrimati-bilshe-zeleni-vid-biznesu-ozelenit-teritoriyu";"Хочете привабити максимум клієнтів та отримати більше 'зелені' від бізнесу? Озеленіть територію!";"Як відомо багатьом, зелені насадження приваблюють не тільки метеликів, а і клієнтів. Якщо ви ще не подбали про благоустрій своєї території, то зробіть це і, окрім плюсиків до карми, ви гарантовано привернете увагу до свого бізнесу, а ще й покращите умови праці собі та працівникам! Благоустрій та озеленення сприяє оздоровленню навколишнього простору, покращує ландшафт населеного пункту, його живописність. Рослини дуже позитивно впливають на організм людини та навколишній простір, а грамотні зелені насадження захистять ваших відвідувачів від шуму та пилу вулиці, вітру, сонця та очистять повітря.
Завдяки грамотному озелененню можна створити місце з унікальною атмосферою, підвищити його впізнаваність, а найголовніше створити місце в яке хочеться повертатись!
Якщо є власником підприємства то озеленення вашої території привабить до вас нових та прогресивних працівників, підвищить ваш статус в очах партнерів і дасть вам відчуття того, що ви на правильному шляху! Для вас ми пропонуємо:

Листяні кущі для масових посадок, композицій, бордюрів та живих огорож.
Листяні дерева для алей, затінення територій, вітрозахисту, а також дерева декоративного призначення.
Широкий асортимент хвойних рослин – стійких до міських умов, пилу, вітру, сонцята інших факторів.
Багаторічні рослини та декоративні трави, які прикрасять вашу територію квітами та кольоровими акцентами, приваблять уваги перехожих, і зроблять ваше місце впізнаваним.

Якщо ви є власником бізнесу (кафе, ресторан, готель, приватна школа іт.д.) то завдяки благоустрою своєї території ви гарантовано привабите в рази більше клієнтів! Для вас ми пропонуємо: 

Квітучі кущі для висадки в грунт чи в контейнері, щоб створити яскраві акценти, затишок та інтимну атмосферу.
Ексклюзивні стрижені форми (садовий бонсай, нівакі, топіарні форми – спіраль, пон-пон, чупа-чупс, куб, шар) щоб привабити увагу та збільшити інтерес до вашого закладу.
Рослини для живих огорож, щоб захистити ваших відвідувачів від шуму, пилу та зацікавлених поглядів перхожих.
Квітучі ліани та плющі для ефектної швидкоростучої зеленої стіни (ширми).

А якщо ви забудовник, займаєтесь продажем або здачею нерухомості в аренду то мабуть знаєте, як зелені насадження впливають на ціну нерухомості та вартість орендної плати, яку ваші потенційні покупці готові заплатити за об’єкт.
Розсадник «Зелені Янголи» пропонує рослини власного виробництва, які вже адаптовані до наших кліматичних умов та відповідають європейській якості. Ми надаємо консультації, допоможемо з підбором рослин та доставимо ваше замовлення в будь-який куточок України Новою Поштою чи вантажними перевезеннями.";"";"";"";"";"";"";
"49";"1";"2019-05-31 00:00:00";"roslini-dlya-blagoustroyu-ozelenennya-vulic-dvoriv-skveriv";"Рослини для благоустрою, озеленення вулиць, дворів, скверів від розсадника "Зелені Янголи"";"Пропонуємо вашій увазі саджанці для благоустрою територій, озеленення вулиць, дворів, скверів.У нас ви знайдете якісний та адаптований до наших кліматичних умов посадковий матеріал - від молодих саджанців до крупномірів за доступними цінами від виробника. Наші спеціалісти допоможуть вам у підборі красивих та стійких  рослин і з радістю дадуть відповідь на усі запитання.

ОЗЕЛЕНЕННЯ. ЧОМУ ЦЕ ТАК ВАЖЛИВО?
Екологічне значення:
-          зелені насадження – є легенями нашої Землі, мають фітонцидні властивості, очищують повітря і збагачують киснем.
-          Зелені коридори в містах дуже важливі для підтримання екосистеми.
-          Рослини, дерева на ваших вулицях – забезпечать комфортне перебування в затінку влітку та захистять від сильних вітрів у холодний період.
Соціальне значення:
-          Люди, оточені зеленими насадженнями, є більш щасливими, врівноваженими.
-          Діти, які зростають та навчаються в озелененому середовищі - змалку навчаються берегти і цінувати природу, екологію, навчаються бачити естетичу красу у справжньому і живому, менше часу проводячи за “екранами телефонів”. Науково доведено що це зменшує рівень насильства в суспільстві.
-          Озеленення навчальних закладів та території підприємств збільшує продуктивність праці та допомагає бути більш зосередженим на навчанні й роботі.
Економічне значення :
-          Зелені насадження та благоустрій – підвищує вартість нерухомості,
-          Робить територію престижною та цікавою для прогресивного населення та приваблюють туристів.
-          Зелені вулиці та сквери формують позитивну думку населення про місто, підвищують рівень довіри до людей, які опікуються територію, спонукають берегти та бути патріотом своєї громади, міста держави!
 
ЧОМУ САМЕ МИ?
"Зелені Янголи" -  один з провідних виробників рослин в Україні. Велика площа розплідника та досвід дозволяє нам забезпечити вашу потребу в масовому озелененні якісними саджанцями. Серед наших партнерів та клієнтів багато садових центрів, озеленювачів та громад. Ми організовуємо доставку по всій території України. Чекаємо на ваші замовлення та запитання!

ІДЕЇ ОЗЕЛЕНЕННЯ ТА БЛАГОУСТРОЮ ПРОСТОРУ ДЛЯ ЛЮДЕЙ:
(якщо у вас є ідеї та фото-приклади гарного озеленення міст, сіл, вулиць - присилайте нам, будемо вдячні за важливий матеріал, яким ми поділимося у наступній статті!)
     
   
 

Розсадник рослин
"Зелені Янголи", Ужгород
Продаж рослин власного виробництва
 
+380-504320946 - гурт
+380-503716996 - є Viber
+380-983716996
sale.landshaftinfo@gmail.com
Тех. підтримка:
+380-954879812
88000 Україна, Ужгород, траса Ужгород-Перечин, 1";"Пропонуємо вашій увазі саджанці для благоустрою територій, озеленення вулиць, дворів, скверів.

У нас ви знайдете якісний та адаптований до наших кліматичних умов посадковий матеріал - від молодих саджанців до крупномірів за доступними цінами від виробника. Наші спеціалісти допоможуть вам у підборі красивих та стійких  рослин і з радістю дадуть відповідь на усі запитання.";"";"";"";"";"";
"50";"1";"2019-06-11 00:00:00";"velika-znizhka-na-khvojni-roslini-z-korenevim-komom-rb";"Велика знижка на Хвойні рослини з кореневим комом RB";" Переглянути Акційний прайс - RB
Поспішайте придбати по найвигіднішій ціні вже викопані Хвойні рослини з кореневим комом (RB)!!!!!!!!!!
Ми подбали про те, щоб Ви мали змогу купити викопні рослини в сезон спеки. Пропонуємо викопні, рослини з прикопу з кореневим комом(RB) різного розміру та виду. Саджанці були завчасно підготовлені та викопані з грунту упаковані в сітку та мішковину(джут), їм забезпечено регулярний полив 2-3 рази на день. 
                 ";"Гаряча пропозиція!!! Знижки -30% та -50% Розпродаж адаптованих, викопаних до настання спеки, хвойних рослин з кореневим комом (RB) різної висоти, які не зазнають стресу від  викопки.";"Розпродаж хвойних рослин з кореневим комом RB";"Хвойні рослини RB з кореневим комом по знижці -30% ";"";"";"";
"51";"1";"2019-06-12 00:00:00";"spireya-spireya-spiraea-yaskravij-morozostijkij-dovgokvituchij-kussh";"Спірея (Спирея, Spiraea) - яскравий, морозостійкий, довгоквітучий кущ.";"Спіреї- якскраві декоративні кущі, невибагливі до вологи та пристосовані до міських умов. Добре підходять для озеленення садів, парків, дорожніх насипів, бордюрних насаджень, рабаток, альпінаріїв або для невисокого живоплоту. Серед спірей можна знайти справжню декоративну окрасу саду - через гарне, яскраве цвітіння чи форму куща, чи неповторний колір листя.


   Купуйте в горщиках Р9 - об'єм 0,5л та С2 - об'єм 2л з нашого Розсадника 'Зелені Янголи' в м. Ужгород, або замовляйте на нашому сайті чи за телефонами:  +380503716996, +380983716996
   Чагарники спірея японська "Голдмаунд" з яскравими золотисто-жовтими і спірея японська "Голдфлейм" з жовтими і вогненно-червоними кінчиками листя можуть виростати 60-80см у висоту і до 1 м в ширину. Форму чагарник зазвичай має компактну, напівсферичну але з віком при відсутності стрижки може набувати пухку та розкидисту. Спірея японська (Spiraea japonica) стане яскравою прикрасою вашого саду, посаджені як окремою групою так і в контрастному поєднанні з іншими рослинами.

 Купити Спірею 'Голдфлейм' Купити Спірею 'Голдмаунд' 


Спірея Білларда 'Тріумфанс' - високорослий чагарник з розкидистими пагонами, який може зростати до 2м в висоту та 1,5-2м в діаметрі. Суцвіття має вузьку, щільно збиту, пірамідальну форму, чимось схоже на суцвіття будлеї. Квіти зазвичай з'являються в другій половині літа і квітне цей чагарник аж до початку перших морозів. Завдяки великим та важким суцвіттям пагони спіреї гнуться в сторони утворюючи таким чином стрімкий гарний рожево-квітковий фонтан.   
 Купити Спірею Білларда 'Тріумфас' 
";" Замовляйте найяскравіші листяні морозостійкі чагарники Спіреї 'Голмаунд', 'Голдфлейм' та Спірею Білларда 'Тріумфанс' в нашому розсаднику Зелені Янголи!!!!!!!";"Яскрава Спірея (Спирея, Spiraea) в контейнері Р9 та С2";"Спірея (Спирея, Spiraea) яскравий чагарник ландшафтного декору. В горщиках Р9 та С2";"";"";"";
"52";"1";"2019-08-24 00:00:00";"gortenziyi-ce-prosto-ta-zakhoplyuyuche";"Гортензії - це просто та захоплююче!";"  Ми дуже вдячні нашим клієнтам, які діляться своїм досвідом. Зокрема наша подяка Анатолію Коваленко за чудову статтю!
  Не бійтесь купувати гортензії в горщиках (контейнері). Питайте порад, ми з радістю підкажемо як обрати вашу гортензію. Експрементуйте і життя буде яскравішим!!!!
Гортензії - це просто і захоплююче!
 Хочу поділитися своїм досвідом вирощування крупнолистових гортензій (макрофіл) в умовах північної частини України - на межі Київської та Чернігівської областей.
  Як вже багато хто знає, старі сорти крупнолистих гортензій цвітуть тільки на верхній частині торішніх пагонів при за умови своєчасного надійного укриття і відсутності поворотних заморозків навесні (особливо в період, коли гортензія починає зростання і формування бутонів).
 Але в даний час, завдяки роботі селекціонерів, з'явилося дуже багато сортів, які не мають цих проблем і цвітуть на торішніх пагонах, а також на нових пагонах, і тут варто зупинитися докладніше. Почнемо з торішніх пагонів. У нових сортів гортензій квіткові бруньки закладаються не тільки на верхній частині пагона, а й по всій його довжині. А це дає можливість навіть при невдалій зимівлі отримати квітучу рослину. Також ці гортензії меншою мірою, а іноді і повністю позбавлені від проблем неправильної або занадто сильної обрізки. З нижніх бруньок все одно виростуть нові пагони, які зацвітуть.  І все ж краще вкривати такі гортензії, щоб отримати цвітіння на торішніх пагонах, а потім і на нових.


 
Після цвітіння ремонтантні сорти гортензій можна обрізати для того, щоб стимулювати повторне цвітіння. Зазвичай формування квіткових бруньок на таких гортензія[ відбувається за 6 тижнів і при теплій осені без заморозків можна отримати друге цвітіння. Але воно точно не буде таким же рясним, як і перше.
 Варто звернути увагу на перший з ремонтантних сортів гортензій. Це Endless Summer (Бескінечне літо), який у своїй колекції має 5 гортензій (у дужках дані назви для європейського ринку):

 Endless Summer Original, 
Blushing Bride, 
Twist-n-Shout, 
BloomStruck (BloomStar),
Summer Crush (Summer Love). 



 
 Особливий інтерес представляють дві останні гортензії з серії Endless Summer. Маючи їх у своїй колекції нетривалий час було помічено, що вони дуже продуктивні в плані генерації другої хвилі цвітіння. Практично на кожному з нових пагонів формуються бутони. В описі на сайті виробника сказано, що ці гортензії можуть рости на сонці або при легкому затіненні, природньо при достатньому поливі.
 До ремонтантних сортів, які є у мене і які становлять інтерес можна віднести гортензії:

Forever & Ever Red і White
You & Me Together
Everbloom Pink Wonder
Miss Saori
Double Star Coco і Spike.



 
Дві останні при певному догляді, розташуванні і добривах дуже цікаві і додадуть певний шарм садам і ділянкам.
До легко квітучих гортензій НЕ ремонтантних сортів можна додати:

Black Steel Flamingo, 
Cotton Candy, 
Nikko Blue.


 



За результатами наступної зимівлі можнабуде говорити про новинки, придбаних в цьому році - Magical «Colour Dream», MAGICAL® CANDY ROCK, а також про гортензія серії So Long (Sunny, Ebony, Rosy)

Автор статті: Анатолій Коваленко   ";"Як ростуть та доглядають крупнолисті гортензії в Україні. Досвід  вирощувуання від нашого клієнта крупнолистих, ремонтантних гортензій.";"Вирощування гортензій в  центральній Україні, ремонтантні, крупнолисті макрофіла";"Стаття про досвід вирощування та догляд гортензій ( Hydrangea macrophylla ) в центральній частині України";"як доглядати за гортензіями, вирощування гортензій в Україні, догляд макрофіли, гортензії бескінечне літо, Hydrangea macrophylla 'Endless Summer'";"";"";
"53";"1";"2019-08-29 00:00:00";"vseukrayinsij-seminar-zakhist-roslin-2019";"Всеукраїнсьий семінар  “Захист рослин 2019”";"  Коли любиш свою справу- то є бажання вдосконалюватися й навчатися. 15-18 серпня  розсадник Зелені Янголи взяв участь у всеукраїнському семінарі “Захист рослин”, організований Гільдією Ландшафтних Архітекторів України.
  Щиро вдячні особисто Мілевській Оксані (президент ГЛАУ) за організацію цього професійного заходу та лекторам, які щиро ділилися своїми науковими дослідженнями та практичними напрацюваннями в розрізі таких тем:
       Біологічна будова рослин та їх зв'язок їз застосуванням препаратів. Основи імунології рослин. Лектор- Кузнєцова Олена, керівник студії URBANSCAPE, ландшафтний дизайнер, біолог, геоботанік, автор міських та приватних садів, член АЛАУ. Глибина розуміння рослин , як живих істот, Оленою нас просто вразила, викликала захоплення і безумовну довіру. 






       Хвороби та шкідники плодових. Описання, заходи боротьби та профілактики. Лектор- Осадча Тамара, засновник та головний техгнолог розсадника плодових рослин Тамарикс, дослідник і практик із захисту рослин, член ГЛАУ.  Все класно розклала по поличкам, підготувала дуже цінні методичні матеріали, браво!

       Методи діагностики та лікування рослин. Огляд ефективних препаратів по догляду за декоратиними рослинами. Бакова суміш, приготування, механізми дії та наслідки застосування. Лектор- Федорчук Андрій , керівник ТОВ Аналіт-Агро, хімік-технолог неорганічних речовин, практик, учасник виробництва та реєстрації багатьох добрив, регуляторів росту та препаратів для захисту рослин. Зробив огляд широкого спектру препаратів, вказав на ефективні та поділився досвідом у використанні.
       Бакктеріози, нематоди, хвороби, спричинені неправильною агротехнікою- Кузнєцова Олена. Дуже цікава і змістовна лекція.
       Основні шкідники декоративних рослин. Характеристика шкідників за типом ушкодження. Життєві цикли, заходи боротьби. Лектор- Пузріна Наталія Василівна, кандидат с-г наук, доцент, в.-о. завідувача кафедри лісівництва Навчально-наукового інституту лісового і садово-паркового господарства НУБіП України.
       Стовбурові ін’єкції та їх використання. Лектор – Пишель В’ячеслав, сертифікований спеціаліст по внутрішньоствольних їн”єкціям.
       Грибкові хвороби декоративних рослин. Життєві цикли, принципи планування захисних заходів. Лектор- Усіченко Андрій, кандидат біологічних наук, доцент кафедри мікології та фітоімунології біологічного факультету Харківського національного університету ім. В.Н. Каразіна.
       Біопрепарати для захисту рослин. Загальне уявлення, специфіка застосування.лектор- Кузнєцова Олена.
       Хворорби та шкідники газонів. Заходи боротьби, профілактика. Лектор- Рубан Ігор, засновник та головний спеціаліст компанії Грін Доктор.
";"Розсадник Зелені Янголи взяв участь у всеукраїнському семінарі “Захист рослин 2019”, організований Гільдією Ландшафтних Архітекторів України.";"Стаття про семінар "Захист Рослин 2019"";"Стаття про всеукраїнський семінар "Захист Рослин 2019" організаваний Гільдією Ландшафтних Архітекторів України (ГЛАУ). Види та боротьба з шкідниками плодових та декоративних рослин";"Захист рослин, види шкіднеків, біопрепарати для захисту рослин, методи лікування рослин, стовбурові інєкції, хвороби та шкідники плодових рослин, грибкові хвороби декоративних саджанців";"";"";
"54";"1";"2019-08-29 00:00:00";"tri-recepti-osvizhayuchikh-i-korisnikh-bezalkogolnikh-napoyiv-z-m-yatoyu";"Три рецепти освіжаючих і корисних безалкогольних напоїв з м'ятою";"У вас росте м'ята? Якщо ні, то ми радимо негайно це виправити! І навіть, якщо у вас немає саду, то м'ята може поселитися на вашому підвіконні. Як відомо, ця рослина є джерелом корисних речовин і має високий вміст ментолової олії. Ось деякі з її корисних властивостей:

м'ята має тонізуючий ефект,
допомагає у профілактиці деяких хвороб ,
має протизапальну дію,
заспокоює нервову систему,
покращує роботу травної системи,
стимулює роботу головного мозку,
допомагає зосередитися.

А у таку спеку найголовнішим плюсом м'яти є її освіжаючий ефект! Приготуйте смачний напій із м'яти і переконайтеся.

Три рецепти освіжаючих і корисних безалкогольних напоїв з м'ятою


Домашній лимонад


Приготувати корисний домашній лимонад насправді дуже легко! Вам знадобиться всього декілька інгрідієнтів :

3 лимони
3 л води
2/3 стакани цукру
пучок м'яти
лід


Добре вимити лимони і натерти цедру на крупній тертці. Вижати з лимонів сік. М'яту помити і подрібнити. Довести воду до кипіння, додату цедру, лимонний сік, м'яту та цукор. Варити 1-2 хвилини, зняти з вогню, дати охолонути. Готовий напій процідити та подавати з льодом.



Напій із м'яти та огірка

Такий напій має не тільки прохолоджуючий, а ще і тонізуючий ефект, а також допомагає огранізму виводити шкідливі токсини. Для приготування вам знадобиться:


1 середній огірок
1 лимон
15 листочків м'яти
2 л мінеральної води. Можна взяти газовану чи не газовану - по смаку.


Добре миємо огірок та лимон і нарізаємо тоненькими кружечками. Миємо м'яту. Додаємо ці інгідієнти в глечик та заливаємо водою. Даємо настоятися декілька годин у прохолодному місці.  Подаємо з льодом.



Коктейль HUGO з лимонадом

Цей коктейль шалено популярний у Європі! Правда класичний рецепт включає в себе не лимонад, а вино та мінеральну воду. Ми ж пропонуємо приготувати безалкогольний варіант цього чудового котейлю. Для однієї порції вам знадобиться:

20 мл сиропу з бузини
200 мл домашнього лимонаду
кілька листочків м'яти
2-3 скибочи лайму
кубики льоду

До охолодженого келиху додаємо м'яту та трохи її розманаємо. Додаємо сироп з бузини. Далі наливаємо лимонад. І наостанок кладемо лід та лайм. Насолоджуємось охолоджуючий напоєм.



А як ви використовуєте м'яту? Поділіться з нами вашими рецептами та фото.";"Рецепти освіжаючих літніх напоїв з м'ятою. Корисні властивості м'яти.";"";"";"";"";"";
"55";"1";"2019-09-18 00:00:00";"sezon-vikopki-roslin-rb-z-gruntu-2019";"Сезон викопки рослин (RB) з грунту  2019 ";"Раді представити вам викопні рослини зкореневим комом (RB) з наших нових підрозділів!!! 
Купуйте саджанці з кореневим комом, просто натиснувши на фото або посилання! 
Скачати прайс лист рослин з Кореневим Комом (RB) можна ТУТ!
  Все бракувало часу сформувати для вас пропозицію, і поки ми її формували, то вільні кількості весь час зменшувались. Тому тримайте приблизний сток-лист наших рослин з кореневим комом і поспішайте вхопити своє! Якщо ви щось не знайшли в прайсі- запитайте особисто, можливо ми просто не встигли внести дані в систему, адже тепер загальна площа розсадника біля 70 га, на декількох віддалених полях.
  Розпродуємо рослини із "старого поля" зі знижками 30%, а також пропонуємо "свіженькі" рослинки з наших нових полів для ваших садових центрів та садів!
  Цієї осені можливий варіант безкоштовної доставки - напрямок Київ при разовій закупці на суму від 50 000 грн!!!

Переглянути ДЕТАЛЬНІШЕ про Клени
 
  
Переглянути Ціну! Castanea sativa Каштан їстівний 
 

Перейти до Betula pendula, Береза ​​повислая  
 
 
ХОЧУ КУПИТИ!  Juniperus chinensis 'Stricta Variegata' Ялівець китайський 'Стрікта Варієгата'
 

Перейти до Juniperus scopulorum 'Moonlight' Можжевельник скальный 'Мунлайт'
 
 
 КУПИТИ! Детальніше про Catalpa speciosa Катальпа північна 
 

ХОЧУ! детальніша інформація про Chamaecyparis lawsoniana 'Alumii' Кипарисовик Лавсона Алюмі
 

ХОЧУ КУПИТИ!  Детальніша інформація про Thuja orientalis 'Aurea Nana' Туя восточная 'Ауреа Нана'
 

ХОЧУ КУПИТИ! Кипарисовик горохоплідний 'Squarrosa' Chamaecyparis Pisifera 'Squarrosa' 
 

ДЕТАЛЬНІШЕ про Thuja occidentalis 'Zakany Soveny' Туя западная 'Закані Шовені'
 

КУПИТИ! Juniperus chinensis 'Spartan', Ялівець китайський 'Спартан'
 

Детальна Інформація про Thuja occidentalis 'Smaragd' Туя західна 'Смарагд'
 

ХОЧУ КУПИТИ! Chamaecyparis lawsoniana 'Stardust' Кипарисовик Лавсона 'Стардаст'
 

Детальніше про Chamaecyparis lawsoniana 'Blom' Кипарисовик Лавсона 'Блом' 
 

Перейти до Thuja occidentalis 'Brabant', Туя західна 'Брабант' 
 

ХОЧУ КУПИТИ! Cupressus sempervirens 'Stricta' Кипарис вічнозелений 'Стрікта' 
 

КУПИТИ! Chamaecyparis lawsoniana 'Columnaris' Кипарисовик Лавсона 'Колумнаріс' 
 

ПЕРЕЙТИ до Thuja orientalis 'Pyramidalis Karcsu' Туя східна 'Пірамідаліс Карчу'
 

Детальна Інформація про Juniperus communis 'Sentinel', Ялівець звичайний 'Сентінел'
 

Перейти до Кипарисовик Лавсона 'Silver Globus' Сhamaecyparis Lawsoniana 'Silver Globus'
 

ХОЧУ КУПИТИ! Thuja occidentalis 'Globosa', Туя західна 'Глобоза'
 

КУПИТИ! Thuja occidentalis 'Ericoides', Туя західна 'Ерікоідес'
 

Детальніше про Thuja occidentalis 'Smaragd Witbont', Туя західна 'Смарагд Вітбонта'
 

Перейти до:  Juniperus communis 'Gold Cone', Ялівець звичайний 'Голд Кон'
 

ХОЧУ КУПИТИ! Picea Omorika, Ялина сербська
 

КУПИТИ! Cupressocyparis leylandii 'Gold Rider' Купресcоципарис Лейланда 'Голд Райдер'
 

Детальніше про Chamaecyparis pisifera 'Boulevard' Кипарисовик горохоплодный Бульвард
 

Перейти до Thuja occidentalis 'Rheingold', Туя західна 'Рейнголд' 
 

 
";"Сезон викопки рослин з грунту  (RB) 2019 !!!";"Осінній сезон викопки рослин (RB), саджанців з грунту 2019 ";"Осінній сезон викопки 2019 року рослин з кореневим комом. Купити саджанці з коренвим комом (RB) з грунту листяних та хвойних рослин";"купити викопні рослини, рослини з кореневим комом (RB), купити саджанці з грунту, хвойні листяні дерева такущі з коренвим комом";"";"";
"56";"1";"2019-12-19 00:00:00";"zhiva-novorichna-yalinka-yak-pravilno-vibrati-doglyadati-ta-posaditi-";"Жива новорічна ялинка:  як правильно вибрати, доглядати та посадити .";"Питання вибору новорічної ялинки стоїть зараз дуже гостро – і яку ялинку ви би не обрали – зрубану з лісу, штучну чи живу, вкорінену у горщик чи з кореневим  комом, завжди треба враховувати плюси і мінуси, а також відповідальність за свій вибір.
Живі ялинки звичайно мають ряд переваг:
Збереження екології: відмова від пластикових рослин (і від інших пластмасових виробів) сприяє зменшенню попиту і відповідно виробництва пластику. По статистиці пластикове дерево служить до 5 років, а потім десятиліттями доживає свій вік на сміттєзвалищі.
Зменшення вирубки лісів: Обираючи живе новорічне дерево  – ви даєте шанс рослині не бути знищеною, а рости ще довгі-довгі роки.
Фітонцидні властивості: аромат ялиночки є не тільки налаштовує на новорічний настрій , а ще є дуже корисним для людини – він має антисептичні властивості. Його мікроелементи борються із шкідливими бактеріями, очищують простір від пилу, наповнюють повітря киснем.
По феншуй: жива та здорова ялинка у домі символізує здоров’я та гармонію!
Але пам'ятайте про правильні умови зберігання живої ялинки в приміщенні! Читайте далі...

Якщо ви вирішили обрати в якості новорічного дерева живу ялинку, потрібно розуміти свою відповідальність, і забезпечити правильні умови для утримання живої рослини у приміщенні (про це я розповім згодом), і прискіпливо підійти до вибору ялинки.
Правило 1.  Якщо ви купуєте ялинку з кореневим комом зверніть увагу на розмір кому  - він має відповідати висоті рослини. Наприклад: Висота 1 метр – діаметр кому від 35-50 см, при копці. Ком має бути надійно упакований в мішковину та металеву сітку.
Правило2. Якщо ви купуєте ялинку вкорінену у горщику - рослина має ‘прожити’ в контейнері, в якому продається, хоча б рік . Це можна перевірити витягнувши рослину з горщика – ком має бути цілісний, не розпадатися, коріння має обплітати весь ком.
Правило 3. Обов’язково звертайте увагу на сорт та вид рослини. Якщо ви придбали невідому симпатичну ялинку, і висадили її після свят у свій невеличкий сад, через деякий час красуня може вирости понад 10, 20 метрів.. Тому перед покупкою ознайомтесь з інформацією про сорт, або проконсультуйтесь з продавцем.

Як правильно утримувати ялинку в житловому приміщенні
У садовому центрі ялинки зимують у відкритому просторі. Починаючи з перших осінніх похолодань рослинки готуються до зимового сну. Якщо ялинку принести у приміщення, температура повітря в якому перевищує 15 градусів – це може стати стресом для живої рослини. Ялинка може вийти із стану спокою, так як подумає що наступила весна, і почне вегетувати, можуть з’явитися нові прирости. І потім, коли після свят, ви винесете ялинку на подвір’я вона не встигне адаптуватися до холодів і замерзне.
Найкращий варіант – поступово адаптувати рослину – спочатку поставити її на засклений балкон чи лоджію, гараж, тощо.. а потім вже заносити у приміщення. Температура кімнати, в якій буде знаходитись рослина повинна бути до 18 градусів. Поруч з ялинкою не має бути опалювальних приладів, вимкніть підігрів підлоги.
Другий важливий момент – це вологість повітря у приміщенні. Для рослини оптимальною буде вологість 50%, а у житлі як правило це 20-30%. Тому вам обов’язково потрібно зволожувати ялинку – оприскувати, а якщо є можливість розмістити поруч зволожувач повітря – зробіть це. Також слідкуйте, щоб грунт був достатньо вологим.
Третій момент – це тривалість перебування ялинки в приміщенні: ми не рекомендуємо тримати рослину в будинку більше тижня.
І на останок – прикраси для ялинки: вони мають бути легкі, сильно не навантажувати пагони, і ні в якому разі не допускається оприскування живої ялинки штучним снігом, блискітками і т д.
 
Що робити з ялинкою після свят? 
Поступово виносим її на балкон/лоджію/гараж, адаптовуємо її до вулиці і при першій ж можливості висаджуємо в грунт! Звичайно, ялинка може ще деякий час провести в контейнері , на вулиці, але тоді слід утеплити горщик, сіном наприклад.
Чи можна ялинку в горщику використовувати в приміщення кілька років поспіль? У ялинки поверхнева коренева система, і як правило у контейнері, в який вона висаджується з часом їй стає тісно. Для того щоб рослина жила та розвивалася найкращим буде пересадити її у відкритий грунт.
";"";"";"";"";"";"";
"57";"1";"2020-02-10 00:00:00";"sadzhanci-z-korenevim-komom-wrb";"Саджанці з Кореневим Комом (WRB)";"Вітаємо вас на сторінці розсадника "Зелені Янголи" - Викопні рослини з кореневим комом.
 
  Наш розсадник займається вирощуванням та продажем декоративних рослин вже більше 10 років. 
Ми вирощуємо якісні саджанці як в контейнерах, так і у ВІДКРИТОМУ ГРУНТІ.
На цій сторінці ми покажемо вам свою пропозицію на весну 2020 викопних саджанців з грунту (WRB).
 Наші саджанці вирощені в Україні, тому вже адаптовані, акліматизовані до наших кліматичних умов. За умови правильного підбору саджанця по кліматичній зоні та правильного догляду вами після пересадки- усі наші рослини приживуться, будуть жити і процвітати у всіх куточках України.

Гарантуємо приживаємість наших саджанців після висадки в грунт - при умові правильного підбору по кліматичній зоні та правильного після-посадкового догляду!
Викопування саджанців та упакування кореневих комів відбувається строго за технологією, що не завдає рослині сильного стресу при пересадці та транспортувванні. 

ФОТО РОСЛИН ПОСАДКИ У ПОЛЯХ





  На розсаднику Зелені Янголи ми викопуємо та ЗАПАКОВУЄМО КОРЕНЕВІ КОМА (грудку землі що огортає коріння) строго по технології згідно стандартів на садивний матеріал декоративних та плодових культур. Розмір кореневого кому підбирається згідно віку, сорту та розміру рослини. ПАКУВАННЯ КОРЕНЕВОГО КОМУ здійснюється в спеціальну мішковину – Джут (або ще називається юта і виробляється в країнах Сходу з рослини за назвою Джут) та в спеціальну металеву сітку. Ці МАТЕРІАЛИ виготовлені таким чином, що НЕ Є НЕБЕЗПЕЧНИМИ для коренів і стовбура: джут складова згниває вже через кілька місяців, а сітка з прокаленого (окисленого) дроту швидко іржавіє у вологому грунті і втрачає міцність. 
ФОТО САДЖАНЦІВ У СІТЦІ, ФОТО ВИКОПКИ





  При висадці рослини в грунт НЕ ЗНІМАЙТЕ мішковину та металеву сітку!  Рекомендується, залишивши дротяну корзину на прикореневому комі, не відкриваючи її, РОЗРІЗАТИ ЛИШЕ ДРІТ, стягуючий металеву сітку зверху кома. Також одним із основних моментів правильної посадки є дотримання необхідної висоти розміщення рослини у посадковій ямі - НЕ ЗАГЛИБЛЮЙТЕ прикореневу шийку. Детальніше з правилами посадки рослин просимо ознайомитись в інструкції, яку отримаєте разом із своїм замовленням або перейдіть за посиланням. 
  В нашому розсаднику можете купити викопні рослини з грунту в роздріб або гуртом. Щоб отримати гуртовий прайс-лист на декоративні рослини заповніть Анкету тут 

  При замовленні саджанців з грунту ви повинні розуміти, що викапування рослин - це трудоємкий процес. Тому є певні УМОВИ ПРИ ЗАМОВЛЕННІ:

Замовлення на рослини з Кореневим Комом приймаємо тільки при умові повної передоплати. 
Відправку викопних саджанців здійснюємо на протязі 3-7 робочих днів після сплати залежно від кількості рослин в замовленні та при умові сприятливих погодніх умов. Якщо є заморозки, сильні зливи або інші фактори, то термін виконання замовлення погоджується з клієнтом.
Рекомендуємо забронювати викопні рослини наперед і стати в ЧЕРГУ НА ВИКОПКУ. Для броні та реєстрації в черзі на викопку необхідно сплатити хоча б 30% авансу, а решту доплатити не пізніше ніж за 3 дні до запланованої дати викопки. Тому, якщо ви, наприклад, власник садового центру і бажаєте купити рослини оптом для продажу чи підбираєте асортимент до вже затвердженого ландшафтного проекту – краще РОБІТЬ ЗАМОВЛЕННЯ ЗАЗДАЛЕГІДЬ.

НАША ПРОПОЗИЦІЯ РОСЛИН 2020
ФОТО ВСІХ РОСЛИН ПО СОРТАМ
              
           
       
    
ВАМ ЦІКАВО ЯК ВІДБУВАЄТЬСЯ ДОСТАВКА ВИКОПНИХ РОСЛИН І СКІЛЬКИ КОШТУЄ ДОСТАВКА?
 Зверніть увагу, що вартість доставки залежить від розміру та кількості рослин в замовленні. Наш менеджер при підтвердженні замовлення може приблизно розрахувати вартість доставки вашого замовлення перевізником 'Нова Пошта'. Якщо у вас декілько рослин у замовленні, і навіть різних, то для зменшення вартості доставки ми можемо згрупувати їх на палеті (щоб зменшити об’ємну вагу) тьа зробити обрешетування (ця послуга платна). 
  Якщо у вас досить векике замовлення (кількіть та розмір рослин), то ми можемо організувати доставку саджанців попутнім транспортом (догрузом). Вартість доставки тоді погоджується в індивідуальному порядку, але приблизно на регулярні напрямки складає 900 – 1500 грн за квадратний метр. Регулярні напрямки доставки наших рослин по Україні: Львів, Київ, Житомир, Полтава, Харків, Вінниця, Дніпро, Одеса. 
ФОТО ПОГРУЗКИ



";"Пропонуємо купити саджанці з Кореневим Комом (WRB), викопні з грунту, землі,  різного розміру в роздріб та гурт (оптом) від українського виробника "Зелені Янголи" з доставкою по всій Україні.";"Викопні Саджанці з грунту, кореневий ком (WRB) гуртом (оптом) та в роздріб";"Викопні рослини, саджанці з грунту, землі з кореневим комом (WRB). Продаж в роздріб та гурт (оптом)";"";"";"";
"58";"1";"2020-03-27 00:00:00";"torguvati-dekorativnimi-sadzhancyami-mozhna";"Торгувати декоративними саджанцями можна!";"  Раді вам повідомити, що ми приймаємо замовлення та здійснюємо відправки декоративних рослин по всій Україні 
  Набрали чинності зміни до Постанов Кібінета Міністрів України щодо обмеження діяльності роботи закладів та підприємств, які дозволяють певні види діяльності.
А саме:
  продаж посадкового матеріалу декоративних рослин - Каталог Рослин та Супутніх товарів (добрив, грунтів та засобів захисту від шкідників) з обов’язковим дотриманням правил безпеки та відповідних санітарних та протиепідемічних заходів безпеки.



ЗАТВЕРДЖЕНО 
постановою Кабінету Міністрів України 
від 25 березня 2020 р. № 239
ЗМІНИ,
 що вносяться до актів Кабінету Міністрів України 
    1. У постанові Кабінету Міністрів України від 11 березня 2020 р. № 211 “Про запобігання поширенню на території України гострої респіраторної хвороби COVID-19, спричиненої коронавірусом SARS-CoV-2” (Офіційний вісник України, 2020 р., № 23, ст. 8) — із змінами, внесеними постановою Кабінету Міністрів України від 16 березня 2020 р. № 215: 
  1) у пункті 1 слова і цифри “до 3 квітня 2020 р.” замінити словами і цифрами “до 24 квітня 2020 р.”; 
  2) у пункті 2: у підпунктах 1 і 2 слова і цифри “до 3 квітня 2020 р.” замінити словами і цифрами “до 24 квітня 2020 р.”; підпункти 3 і 4 викласти в такій редакції: “
  3) до 24 квітня 2020 р. роботу суб’єктів господарювання, яка передбачає приймання відвідувачів, зокрема закладів громадського харчування (ресторанів, кафе тощо), торговельно-розважальних центрів, інших закладів розважальної діяльності, фітнес-центрів, закладів культури, торговельного і побутового обслуговування населення, крім:
торгівлі продуктами харчування, пальним, засобами гігієни, лікарськими засобами та виробами медичного призначення, ветеринарними препаратами, кормами, пестицидами та агрохімікатами, насінням і садивним матеріалом, засобами зв’язку за умови забезпечення відповідного персоналу засобами індивідуального захисту, а також дотримання відповідних санітарних та протиепідемічних заходів;
провадження банківської та страхової діяльності, а також медичної практики, ветеринарної практики, діяльності автозаправних комплексів, діяльності з технічного обслуговування та ремонту транспортних засобів, технічного обслуговування реєстраторів розрахункових операцій, діяльності з ремонту комп’ютерів, побутових виробів і предметів особистого вжитку, об’єктів поштового зв’язку за умови забезпечення відповідного персоналу засобами індивідуального захисту, а також дотримання відповідних санітарних та протиепідемічних заходів;
торговельної діяльності та діяльності з надання послуг громадського харчування із застосуванням адресної доставки замовлень за умови забезпечення відповідного персоналу засобами індивідуального захисту, а також дотримання відповідних санітарних та протиепідемічних заходів;
  4) до 24 квітня 2020 р.: регулярні та нерегулярні перевезення пасажирів автомобільним транспортом у приміському, міжміському, внутрішньообласному та міжобласному сполученні, крім перевезення:
- легковими автомобілями;
- службовими та/або орендованими автомобільними транспортними засобами підприємств, закладів та установ за умови забезпечення водіїв та пасажирів під час таких перевезень засобами індивідуального захисту в межах кількості місць для сидіння і виключно за маршрутами руху, погодженими з органами Національної поліції, а також дотримання відповідних санітарних та протиепідемічних заходів;
- в одному міському електричному (трамвай, тролейбус) та автомобільному транспортному засобі, що здійснює регулярні пасажирські перевезення на міських маршрутах, кількості пасажирів, яка одночасно не перевищує половини кількості місць для сидіння, передбачених технічною характеристикою транспортного засобу та визначених у реєстраційних документах, за умови перевезення людей у засобах індивідуального захисту, а також дотримання відповідних санітарних та протиепідемічних заходів, крім перевезень автомобільними транспортними засобами, передбаченими в абзаці четвертому цього підпункту;
- в одному транспортному засобі та автобусах, які виконують регулярні пасажирські перевезення на міських автобусних маршрутах у режимі маршрутного таксі, кількості пасажирів, яка одночасно не перевищує половини кількості місць для сидіння, передбачених технічною характеристикою транспортного засобу та визначених у реєстраційних документах,за умови перевезення людей у засобах індивідуального захисту, а також дотримання відповідних санітарних та протиепідемічних заходів;
заїзд на територію автостанцій автобусів, які здійснюють перевезення пасажирів у приміському, міжміському, внутрішньообласному та міжобласному сполученні, та реалізацію власниками автостанцій квитків автомобільним перевізникам, які виконують такі перевезення;”;
у підпунктах 5 і 6 слова і цифри “до 3 квітня 2020 р.” замінити словами і цифрами “до 24 квітня 2020 р.”.
    2. В абзаці першому постановляючої частини постанови Кабінету Міністрів України від 23 березня 2020 р. № 228 “Питання перевезень авіаційним транспортом” слова і цифри “до 3 квітня 2020 р.” замінити словами і цифрами “до 24 квітня 2020 р.”.
    3. У тексті розпорядження Кабінету Міністрів України від 14 березня 2020 р. № 287 “Про тимчасове обмеження перетинання державного кордону, спрямоване на запобігання поширенню на території України гострої респіраторної хвороби COVID-19, спричиненої коронавірусом 3 SARS-CoV-2” — із зміною, внесеною розпорядженням Кабінету Міністрів України від 16 березня 2020 р. № 290, слова і цифри “до 3 квітня 2020 р.” замінити словами і цифрами “до 24 квітня 2020 р.”.
    4. В абзаці першому розпорядження Кабінету Міністрів України від 14 березня 2020 р. № 291 “Про тимчасове припинення роботи контрольних пунктів в’їзду на тимчасово окуповану територію Автономної Республіки Крим і м. Севастополя та виїзду з неї, спрямоване на запобігання поширенню на території України гострої респіраторної хвороби COVID-19, спричиненої коронавірусом SARS-CoV-2” слова і цифри “до 3 квітня 2020 р.” замінити словами і цифрами “до 24 квітня 2020 р.”.

Посилання на офіційне джерело: zakon.rada.gov.ua";"Уряд вніс зміни до постанови про карантинні заходи. Заборона не поширюється на продаж насіння та посадкового матеріалу";"Продаж саджанців під час карантину дозволена";"Уряд вніс зміни до постанов про карнтинні заходи. Дозволено продаж посадкового матеріалу декоративних саджанців";"Продаж саджанців під час карантину";"";"";
"59";"1";"2020-06-23 00:00:00";"litnya-posadka-dekorativnikh-roslin-ce-prosto";"Літня посадка декоративних рослин - це просто!";"Наші рослини сміливо висаджуйте в будь-яку пору року, і навіть влітку!
 Рослини в контейнері

         Наша технологія вирощування рослин в контейнері забезпечує швидку адаптацію на новому місці  та уникнення стресу при пересадці ! 
         Доставляємо в по Україні круглий рік! Спеціальна упаковка, якість якої підтверджено тисячами успішно доставлених рослин дозволяє пересилати рослини навіть влітку.
         Захищена горщиком  закрита коренева система не пошкоджується при пересилці рослини поштою.  

 Рекомендації:

       Дотримуйтесь правил посадки! (детальна інструкція тут)
       Поливайте та доглядайте. Після пересадки принаймні місяць поливайте рослину щодня або через день. 
       Насолоджуйтесь! Неодмінною перевагою літньої посадки є те, що не потрібно чекати поки рослина прокинеться на новому місці. Доглянута рослина в розквіті готова вирушити  з розсадника «Зелені Янголи» прямо до Вашого саду!


Рослини з кореневим комом
 За сприятливих погодних  умов певні види рослин можна викопувати навіть влітку! (з дотриманням спеціальної та перевіреною технології)
Рослини з кореневим комом викопуються досвідченими професіоналами із застосуванням спеціальної техніки. Коренева система рослини при цьому не пошкоджується і надійно затягується мішковиною та металевою сіткою, що є гарантією безпечного транспортування та пересадки.
УВАГА! Мішковину та металеву сітку знімати не потрібно. Проводьте посадку разом з цим упакуванням.  
Детальна інструкція по посадці в друкованому вигляді  додається до кожного вашого замовлення! Повна електронна версія тут .";"";"";"";"";"";"";
"60";"1";"2020-12-01 00:00:00";"otrimujte-zimovu-znizhku-na-sadzhanci";"Отримуйте зимову знижку -5% на саджанці ";"Шановні клієнти! 
Розсадник "Зелені Янголи" 
ВІТАЄ вас з початком зими ❄ 2020-2021!!!

Зараз діє АКЦІЯ. Ви можете отримати додаткову знижку -5% на все ваше замовлення.
Для цього вам потрібно виконати 4 прості дії:

 вподобати нашу сторінку Фейсбук або підписатися  в Інстаграм
 під останнім дописом залишити лайк ❤
 відмітити ☑ @Друга в коментарі під останнім дописом + написати ✎ "замовляю #зеленіянголи"
 поширити допис в історію (в Інстаграм) або на стіну (у Фейсбук) на своїй сторінці

Посилання на сторінку Фейсбук: https://www.facebook.com/Landshaft.info
Посилання на сторінку Інстаграм: https://www.instagram.com/greenangelsplants/

Тримайте "руку на пульсі" та будьте в курсі останніх новин. Тисніть та долучайтесь до нашої  ➠ вайбер спільноти";"Отримуйте зимову знижку  -5% на ваше замовлення всього за декілька кліків";"Отримуйте зимову знижку -5% на декоративні саджанці ";"Зимова Акція! Отримуй знижку -5% на весь асортимент декоративних саджанців";"Знижка -5%, зимова знижка, знижка на саджанці, зимова акція на рослини-5% ";"";"";
"61";"1";"2020-12-07 00:00:00";"8-skladovikh-kazkovogo-zimovogo-sadu";"8 складових казкового зимового саду";"Зимовий сад може бути не менш яскравим та ефектним, ніж в будь-яку іншу пору року! А в приклад зараз приведемо 8 фото-фактів та порад, за допомогою яких ви зможете стоврити свій казковий зимовий сад.
1.  Додайте яскравих акцентів за допомогою чагарників та дерев з декоративними пагонами чи корою! 
В цьому Вам допоможуть дерени та берези.



2.  Придивіться до рослин з цікавою, незвичною формою пагонів. Наприклад такою закрученою, як у верби Тортуоза



3.  Сухоцвіти також можуть стати вишуканою прикрасою вашого саду! Не спішіть обрізати гортензії 


4.  Посадіть декоративні трави. Наш широкий асортимент допоможе втілити ваші найкреативніші ідеї!


5.  Придивіться до рослин з декоративними плодами!  Кизильник , барбарис , піраканта , сніжноягідник - рекомендуємо!



6. Не забуваємо про хвойні рослини! В зимову пору звичні жителі саду відкриваються по новому... 



7. Також зима - зоряний час для листяних вічнозелених рослин!Зверніть увагу на плющ,  бересклет , лавровишню , самшит.



8. І на останок: чітко-окреслені геометричні форми виглядають особливо чарівно під шаром бличкучого інею...Сюди віднесемо і топіари і живоплоти. 

";"";"";"";"";"";"";
"62";"0";"2021-02-11 00:00:00";"do-dnya-svyatogo-valentina-daruyemo-usim-roslini";"До Дня святого Валентина даруємо усім рослини! ";"Ми любимо дарувати рослини і напередодні Дня святого Валентина вирішили запустити чергову акцію! Подарунок отримає кожен клієнт, який здійснить замовлення на сайті www.landshaft.info  у період дії акції (АКЦІЮ ПРОДОВЖЕНО! до 08:00 18.02.2021 року) , та  застосує в кошику один з промокодів:
ANGEL500 - можна активувати в кошику, при замовленні від 500 грн! Подарунок - Спірея японська "Літл Прінцес" в р9
ANGEL700 - застосовується у замовленнях від 700 грн. подарунок - верба "Маунт Ашо" в р9.
ANGEL1500 - код для замовлень на суму від 1500 грн. Подарунок - Гортензія волотиста "Лаймлайт" в горщику С2
Промокоди діятимуть до  08:00 18.02.2021!В одному замовленні можна застосувати тільки один промокод.Більше замовлень - більше подарунків ! 
Скористайтесь чудовою можливістю і не забудьте поділитись корисною інформацією з друзями :) Поширити: 
Facebook
 

";"";"";"";"";"";"";
"63";"1";"2021-02-15 00:00:00";"yak-doglyadati-ta-visadzhuvati-roslini-vzimku";"Як доглядати та висаджувати рослини взимку";"
Всі рослини можна розділити на 2 типи: вічнозелені та листопадні.   Умови зберігання цих рослин взимку дещо відрізняються. Ми зібрали ваші найчастіші   запитання і підготували відповіді та рекомендації.  Сподіваємося, що наші поради допоможуть вам!

Де рекомендується зберігати контейнерні  рослини в зимовий період?  Усі рослини, які продаються в розсаднику  “Зелені янголи” - морозостійкі та зберігаються на вулиці, але деякі, (особливо, дуже маленькі) потребують укриття спеціальними матеріалами.






Як зберігати рослини на вулиці?

Спосіб зберігання листяних рослин такий: з північної сторони будинку чи сараю ставимо всі контейнери разом. По можливості ховаємо їх в сніговий покрив та утеплюємо (засипаємо контейнери по кругу мульчею, корою, посипаємо зверху соломою та прикриваємо снігом, утворюючи “сугроб”). 
Вічнозелені та хвойні можна зберігати вищенаведеним способом, але в цьому випадку слід утеплити тільки зону самих контейнерів та комів, залишаючи крону не прикритою.  Та якщо ваші вічнозелені рослини відрізняються слабкою зимостійкістю, варієгатністю, світлою чутливою хвоєю, то  їх  все ж таки потрібно буде прикрити спеціальним агроволокном або тіньовою сіткою. 


Якщо рослини габаритні і  у вас немає змоги зробити каркас під укриття, то рекомендуємо викласти їх лежачи і так накрити вищевказаними матеріалами. 
Якщо у вас немає можливості тримати рослини на вулиці, або ваші рослини маленькі (в горщику р9) чи зі слабкою зимостійкістю - радимо ознайомитись з наступними рекомендаціями! 







Як зберігати рослини в приміщенні? 

Оптимальна температура для зимівлі рослин в приміщенні від -1 до +5 °C.
Де зберігати листяні рослини взимку?  Листяні рослини взимку перебувають в стані глибокого спокою. Якщо у вашої рослини немає розкритих (набряклих) бруньок, то її можна тримати в прохолодному приміщенні, в якому відсутнє світло: наприклад, підвал, гараж, тощо... Світло -  може бути повністю відсутнім, або ж слабким, розсіяним.
Але якщо бруньки набухли, листочки наростають, то рослину краще перемістити до прохолодного приміщення з легким освітленням. 
Важливо: не рекомендується ставити рослини під прямі сонячні промені, щоб уникнути опіків та пересихання.
Де зберігати хвойні / вічнозелені листяні рослини взимку?  Такі  рослини однозначно потребують світла. Не рекомендуємо ставити рослини прямо навпроти вікна: при попаданні прямих сонячних променів повітря в зоні підвіконня добряче прогрівається, а це в свою чергу може спровокувати передчасне “пробудження” рослини. 

Скільки разів на тиждень здійснювати полив?  Рослини слід поливати по мірі необхідності -  грунт в середині контейнеру завжди повинен бути помірно вологим. При температурі від -1 до +5 °C рослини поливають приблизно 1 раз в 2-4 тижні. Періодично перевіряйте свої рослини та рівень зволоженості грунту.
І ось вам лайфхак: якщо у вашому приміщенні температура не вище 0°C а на вулиці є сніг - використайте його для утеплення та зволоження грунту в контейнері, покривши їм горщики.

А якщо в приміщенні тепло?  Такі умови можуть негативно вплинути на ваші рослини. Як ви знаєте, в  зимовий період рослини перебувають у стані глибокого спокою. Тепла температура може спровокувати передчасне пробудження рослини.


Якщо в приміщенні від +5 до 12°C, то полив потрібно здійснювати частіше, ніж сказано вище. Полив здійснюється по мірі необхідності (перевіряйте грунт всередині контейнеру). 


Якщо в приміщенні більше, ніж 12°C (кімнатна температура), то ваші рослини будуть вегетувати, і їм потрібно буде значно більше вологи. Режим поливу відкоригуйте так, щоб грунт весь час був злегка зволожений. Періодично можна робити обприскування.


Якщо рослина перебувала в теплому приміщенні взимку, то її слід перетримати там до тих пір, поки на вулиці не буде стабільно тепло (орієнтовно +15°C) та зникне ймовірність нічних морозів.


Чи можна зберігати в приміщенні викопні рослини? 


Допускається зберігання викопних рослин в холодному приміщенні, але при умові що температура буде становити не більше 5°C та є змога контролювати рівень зволоженості кореневих комів. Порада: ком можна обгорнути мокрою ганчіркою, ді завдяки цьому грунт довше залишатиметься зволоженим.


Не забувайте про освітлення! Потреба у світлі залежить від типу рослини (листопадні - можуть зберігатися у темряві, вічнозелені - потребують легкого світла)


Ви можете залишити свої рослини на подвір’ї, добре утепливши кореневі грудки та захистивши рослину тіньовою сіткою від ранніх весняних опіків та пересушування.


Але все ж таки, ми б порекомендували висадити ваші рослини з кореневим комом.

Посадка рослин взимку

Якщо у вас відлига (температура вище 0°C) і є змога здійснювати посадки, радимо добряче полити рослини, щоб грунт осівся, і не було повітряних пробок в шарах землі навколо рослини. Додатково слід утеплити рослинки:  вкрити площу кореневого кому мульчею, присипати снігом, а також  зробити укриття за допомогою соломи, гілля, агроволокна, мішковини чи інших дихаючих матеріалів. Не сильно морозостійкі рослини радимо укрити повністю, разом з кроною . 
До речі, для більших за розміром рослин, а особливо крупномірів - зима найкращий час для посадки.

Чи можна висаджувати рослини з кореневим комом зимою?  Відповідь: так! Ось загальні рекомендації по посадці рослин з кореневим комом взимку:



Посадка хвойних рослин здійснюється при температурі до -10°C.


Викопайте яму трохи більшу за розмір кореневого кому.


Насипте  в посадкову яму суперфосфат або комплексне гранульоване добриво (наприклад, осмокот). Ці добрива почнуть діяти навесні і сприятимуть гарному укоріненню та розвитку вашої рослини. 


Посадіть рослину. Не забувайте про важливе правило - рослини потрібно посадити в рівень з землею і не заглиблювати кореневу шийку. Проте  взимку порадимо припідняти рослину,  посадити трохи вище ніж звичайно (сантиметрів на 5), так як рослина “усядеться” глибше в грунт у відлигу.


Після посадки (якщо тепмература плюсова) полийте рослину.


Якщо ви висаджуєте хвойні рослини - накрийте їх агроволокном (притініть) для того,   щоб захистити їх від надмірного випаровування вологи та сонячних опіків. В лютому-березні погодні умови можуть висушити рослини. Чому? Крона (площа випаровування) велика, земля холодна, коренева система ще не може сама тягнути воду, і як наслідок рослина висушується, “горить”. 


Чи можна садити маленькі рослини у відкритий грунт взимку?
Не рекомендуємо висаджувати в мороз маленькі рослини в контейнері р9. Причиною цьому є те, що субстрат, в якому вкорінена рослина, легший за грунт і маленького об'єму, і під час заморозків кореневий ком може бути виштовхнутим  до верху. 

Чим краще накривати рослини - агроволокном чи тіньовою сіткою?
Для зимостійких рослин рекомендуємо тіньову сітку, бо вона краще провітрюється.
Агроволокно потрібно періодично відкривати для вентиляції рослин і закривати.
";"Як зберігати, доглядати та садити хвойні та листяні рослини взимку? Сподіваємося, що наші поради допоможуть вам!";"Посадка, догляд та зберігання рослин взимку";"Як доглядати рослини, як зберігати та висаджувати декоративні хвойні та листяні саджанці взимку";"посадка взимку, висаджувати рослини, догляд рослин, зберігання саджанців";"";"";
"64";"1";"2021-03-19 00:00:00";"vesnyani-roboti-v-sadu-chastina-1";"ВЕСНЯНІ РОБОТИ В САДУ. ЧАСТИНА 1";"Ранньою весною, коли стовпчик термометра підіймається вище нуля, настає час перших обробок від хвороб та шкідників.
 Обов'язковою є профілактична обробка саду проти грибкових і бактеріальних хвороб. Для цього слід застосовувати препарати, що містять у своєму складі мідь.

  Рекомендуємо скористатись ефективним та перевіреним препаратором - Медян Екстра.Медян Екстра - це препарат контактної дії. Препаратом слід обробляти всі рослини - кущі, хвойні, та листяні дерева з усіх сторін.   На відміну від інших препаратів з вмістом міді, які можуть сильно фарбувати ваші рослини, "Медян екстра" залишає майже невидимий наліт з блакитним відтінком.   Використання цього препарату допомагає боротися та запобігати комплексу грибкових та бактеріальних хвороб (таких як пятнистість, бактеріози, парша та ін.)
Замовити "Медян Екстра", прочитати інструкцію по застосуванню можна тут: посилання на сотрінку Медян";"ВЕСНЯНІ РОБОТИ В САДУ. ЧАСТИНА 1
 Рання весна - час для обробки вашого саду від хвороб та шкідників.
";"ВЕСНЯНІ РОБОТИ В САДУ. ЧАСТИНА 1";"Стаття ВЕСНЯНІ РОБОТИ В САДУ. ЧАСТИНА 1  Рання весна - час для обробки вашого саду";"ВЕСНЯНІ РОБОТИ В САДУ. ЧАСТИНА 1";"";"";
"65";"1";"2021-10-26 00:00:00";"topolya-chorna-italika-idealne-gipoalergenne-derevo-dlya-ozelenennya-mist";"Тополя чорна Італіка - ідеальне гіпоалергенне дерево для озеленення міст";"Тополя чорна Італіка – це листяне дерево, що має гарну колоновидну форму крони та високу швидкість росту – орієнтовно до 1 м у рік. Може виростати до 30 м у висоту а в ширину до 4-5 м. За 3 роки вона може зрости до 7-9 м. Гілки прямолінійні та густо розгалужені із зеленими листочками серцеподібної форми. З одного боку вони матові а з іншого глянцеві. Коренева система в тополі досить сильно розвинена, вона проникає глибоко в землю та розгалужується в ширину на багато метрів. Квітне тополя чорна Італіка в квітні-травні, суцвіттями схожими на сережки до 7см у довжину.
Це дерево полюбляє сонячні та вологі місця. Може навіть переносити надмірне зволоження грунту та посуху. Вона є морозостійкою та вітростійкою. Чудово переносить зими по всій території України.
Тополя чорна Італіка використовується в одиночних та групових посадках:- для створення алей - озеленення вулиці - щоб приховати непривабливі споруди - захиститись від пилу та вітру- швидко отримати затінену деревами територію
Насправді тополю не заслужено вважають алергеном, а саме її пух. Адже, за твердженням лікарів, алергії на тополиний пух не існує. Оточені пухом насіння звичайної тополі, які виробляють жіночі дерева, є лише носієм для пилку, вуличного пилу та спор інших дерев і рослин.Та навіть якщо ви все одно вважаєте що саме тополиний пух є причиною алергії, то тополя Італіка саме для вас.  Дуже важливим є те, що саме Тополя чорна Італіка не є алергеном, так як вона без пуху. Можна сказати що Тополя чорна Італіка – це ідеальне дерево для озеленення міст. Її листя здатне приглушувати шум та зволожувати повітря. Це дерево може поглинути до 30 кубічних метрів води після дощу. Особливістю цієї тополі є те, що вона поглинає велику кількість вуглекислого газу та пилу. З травня по вересень, наприклад, більше 40 кг вуглекислого газу. Тополя чорна Італіка виробляє більше кисню аніж інші рослини, тому вона є надзвичайно корисною для навколишнього середовища. Одна тополя Італіка, наприклад, виробляє стільки ж кисню як 13 ялин. Окрім цього, тополя виділяє ароматичні масла та фітонциди, які вбивають хвороботворні мікроорганізми.Купити Тополю чорну Італіка за привабливою ціною від виробника";"Можна сказати що Тополя чорна Італіка – це ідеальне дерево для озеленення міст. Її листя здатне приглушувати шум та зволожувати повітря. ";"Гіпоалергенне дерево без пуху, для озеленення міст - Тополя чорна Італіка";"Купити якісні саджанці тополі чорної від виробника";"тополя італійська,  антиалергенна тополя, тополя";"";"";
"66";"1";"2021-12-07 00:00:00";"pavlovniya-cinne-derevo";"Павловнія - цінне дерево";"Маєте ділянку землі, але не знаєте, чим її засадити? Для цього ідеально підійде павловнія. Ми притримуємось думки, що земля має "працювати"! Зараз трохи детальніше розповімо про це дерево. Павловнія гібридна одне з найбільш швидкоростучих дерев у світі! Її щорічний приріст не має собі рівних — 3-5 м, а вже за п'ять років її висота досягає близько 20 м. Це високе рівне дерево з широким листям (орієнтовно 70-80 см у діаметрі). ЇЇ ще називають «дерево-фенікс». Адже після кількох вирубок павловнія буде проростати знов і знов, при цьому вона не виснажує грунт. Живе дерево довго — від 70 до 100 років. Павловнія не вибаглива, і може рости на будь-яких грунтах але полюбляє вологу. В догляді потребує мінімум затрат і швидко окупається за рахунок інтенсивних темпів росту.
То для чого, все-таки, вам потрібна павловнія?
Перш за все її вирощують через її легку та рівну деревину. Вона є дуже цінною в деревообробній промисловості. Павловнія стійка до вигину та деформації, не має запаху. Така сировина ідеально підходить для виробництва меблів та оздоблювальних матеріалів. Вона надзвичайно цінна для виробництва музичних інструментів, а також її використовують в судно та авіабудуванні.
Павловнія – ененргетична культура. Часто можна зустріти інформацію про те, що павловнія використовується для отоплення. Так, дійсно вона є чудовим джерелом теплової енергії! Але спалювати її можна тільки у вигляді брикетів. Вирощувати павловнію можна на плантаціях для розведення швидкорослих гаїв на сільськогосподарських площах. Таким чином законодавчо ці площі відносяться до сільгоспугіддь, а використовувана площа не підпадає під визначення законодавства лісу. З кожним роком динамічно зростає попит на таку сировину, чим забезпечується висока рентабельність для виробника. Завдяки коротким термінам вегетації можна отримати велику кількість біомаси за малий проміжок часу. Це дозволяє вигравати від 4 до 10 років.
Павловнія – чудовий медонос! Квітнути дерево починає орієнтовно на четвертий рік. Навесні можна спостерігати неймовірно гарне цвітіння яке дуже приваблює бджіл своїм запахом. Тільки уявіть, з одного гектару можна зібрати до 800 кг меду. Мед павловнії чистий, прозорий та дуже ароматний. За консистенцією він схожий до акацієвого. Чудовим рішенням буде розмістити пасіку поблизу насаджень павловнії. Це принесе додатковий прибуток вашому бізнесу.
Павловнія – корисний корм для худоби! Листя павловнії можна використовувати для підгодівлі худоби (корови, вівці, кози та ін.). Воно містить близько 20% білка, 8 амінокислот і мікроелементів і легко засвоюється худобою.
Павловнія – гарне дерево для озеленення! Це дерево є надзвичайно стійким до міського середовища та промислових забруднень. Воно поглинає велику кількість вуглекислого газу та запобігає ерозії грунту. Листя одного дерева павловнії може поглинати до 22 кг вуглекислого газу щодня, при цьому виробляється до 6 кг кисню. Також павловнія здатна зменшувати рівень шуму та покращувати радіаційний фон. Завдяки широкій кроні та величині листя, дерева забезпечують щільну тінь у парках і скверах, зонах відпочинку, утворюючи куточки зі свіжим повітрям. А навесні павловнія по особливому прекрасна. Все через її неймовірно гарне цвітіння.
Тож, з упевненістю можна сказати, що павловнія – надзвичайно цінне дерево і може використовуватись у багатьох сферах. Ми пропонуємо якісні саджанці павловнії гібридної з голим коренем та технічним зрізом. Варто відмітити що такий саджанець має свої переваги:- Суттєва економія при транспортуванні- Пізня осінь ідеально підходить для посадки- При висадці голого кореня з технічним зрізом немає ризику відмерзання надземної частини.";"";"";"";"";"";"";
"67";"1";"2021-12-09 00:00:00";"yak-doglyadati-ta-zberigati-gortenziyi-vzimku";"Як доглядати та зберігати гортензії взимку?";"Нас часто запитують: «Як доглядати та зберігати гортензії взимку? »
 Якщо ви не встигли по тим чи іншим причинам посадити гортензії пізньої осені, можна зберігати їх у приміщенні за певних умов або на подвір'ї до весни. Найбільш поширені волотисті і деревовидні гортензії легко переносять морози. Крупнолисті гортензії більш вимогливі і менш зимостійкі. Якщо нічна температура сягає -5 °C - вже час для укриття.
Назовні збираємо їх  до купи  з північної сторони ділянки, зрізаємо шапки суцвіть, зрізаємо слабі тонкі пагони, збираємо листя, зв'язуємо гілки, ховаємо в сніговий покрив та утеплюємо (засипаємо контейнери по кругу мульчею, корою, посипаємо зверху соломою та прикриваємо снігом, утворюючи “сугроб”) або під агроволокно (геотекстиль, мішковина, тіньова сітка) періодично провітрюючи.
Також існує спосіб утеплення крупнолистої гортензії, коли пагони збирають, зв'язують і пригинають до землі, потім вкривають агроволокном.
Якщо ж ви обрали для зимівлі приміщення, то оптимальна температура для зимівлі рослин в приміщенні  -1 до +5 °C, вологість 60-70 %. Основний догляд полягає в періодичних поливах і тільки в тому випадку, якщо верхній шар ґрунту сухий. Починаючи з березня поливи потроху збільшують, але не заливайте рослину. Поки у гортензії не почнуть прокидатися бруньки, потреба у поливі у неї дуже низька. З кінця березня їх можна вже перенести в будинок на перетримку до настання тепла. У відкритий ґрунт виставляйте горщики тільки після того, як мине загроза пізніх весняних приморозків. 
Зберігати в приміщенні можна навіть зовсім молоденькі саджанці, які ви щойно купили. Тому не бійтеся купувати гортензії восени та взимку – замовляйте розкішні сорти саме зараз, поки ціни дозволяють придбати гортензії за вигідною пропозицією. З весни вартість саджанців неминуче зросте. 


";"";"";"";"";"";"";
"68";"1";"2022-01-19 00:00:00";"roslini-z-kilkoma-stovburami-cikavij-element-suchasnogo-sadu";"Рослини з кількома стовбурами  - цікавий елемент сучасного саду!";"Як можна усучаснити свій сад?
Якщо ви придбали чи побудували будинок в сучасному стилі, простої форми і без лишнього декору, і вам хотілось би, щоб ваш наділ виглядав відповідно до будинку, то пропоную звернути увагу на один цікавий елемент сучасних садів – рослини з кількома стовбурами (мультштамби).
Майже кожна епоха в історії ландшафтного дизайну мала свої певні ознаки, стильове направлення, окремі елементи. Чи в плануванні наділів, чи в формах рослин, чи в їх ассортименті та поєднаннях.
Так і дизайнерські ландшафти, виконані в дев’яності роки, чи трохи після того, відрізняються від сучасних. Десятиліття до цього архітектори вибирали декоративні дерева з чіткою формою крони, особливо популярними були кулясті, на одному стовбурі (дерева на штамбі). І їх садили дуже часто з чітким заданим ритмом.
Наш час дає нам значно більше свободи, можливість бути собою. І офісний дрес-код вже не такий строгий, і в повсякденному образі ви можете бачити напрям на комфортну зручність. Ми отримали значно більше свободи в тому, що ми їмо, читаємо, куди подорожуємо. І так само в сади прийшло більше свободи. Наші дерева і кущі не повинні більше мати якусь строгу компактну форму, бути вічнозеленими чи навпаки – квітнути на сезон довше, ніж закладено природою.
І якраз дуже виразною ознакою нашої сучасності є використання рослин з кількома стовбурами  та вільною напівпрозорою кроною. 

Ми бачимо їх в садах, як приватних, так і в громадських, спроектованих відомими ландшафтними дизайнерами світу: Піт Удольф, Енді Стеджен, Том Стюарт-Сміт, Найджел Даннет, Уільям МакВільямс, та багато інших.  Це може бути група з калин, як в проекті Даннета в Лондоні (Барбікан), чи буквально кілька акцентних кущів ірги в лінійному парку «Висока Лінія» у Нью-Йорку, авторства Піта Удольфа. Можуть бути розташовані на зразок «сузір’я» в такому місці, яке проглядається з багатьох вікон, альтанок та поворотів доріжок, як в проекті російського бюро «Мох», втіленому Юрієм Фоменко, нашим земляком. Чи це можуть бути всього лиш дві ліщини (для темного місця) або дві райські яблуні (для сонячних місць), і цього вистачить для маленького дворику, особливо, якщо правильно дібрати до них решту посадок.

На кілька стовбурів можна сформувати листяні дерева: берези, граби, буки, клени Фрімана чи польові клени, декоративні сорти глоду, райські яблуні, чуремху Маака; кущі -  калину (особливо вишукано буде виглядати калина складчаста), ірга всіх сортів, карагана, магнолія, дерен Коуза, ліщина та звичайний плодовий кизил тощо.
Ви також можете надати таких форм своїм старим великим кущам бузку, жасмину, форзиції, вейгели чи айви.Поєднують такі форми зазвичай з орнаментальними травами, декоративними злаками, та квітами, які теж мають легкі напівпрозорі суцвіття. В таке легке оточення можна ввести і стрижені форми, чи прямокутні, чи кулясті, як на зображеннях.


Зображення з сайтів:
https://www.puurgroen.nl/tuin-met-vijver-zwemvijver/tilburg-zwemvijver-centraal-in-stadstuin/
http://www.florissteyaert.be/nederlands#/ommuurde-patio-te-gent/
https://mox.ru/en/project/krugi-na-vode
https://artisanlandscapes.co.uk/clifton-courtyard-garden/

   Автор статті: Ксенія Ніколс";"";"";"";"";"";"Ксенія  Ніколс для "Зелених Янголів"";
"69";"1";"2022-01-25 00:00:00";"dekorativni-zlaki-oglyad-najpopulyarnishikh-dekorativnikh-trav";"Декоративні злаки: огляд найпопулярніших декоративних трав";"Про декоративні злаки важко писати, їх або люблять, або ні. Хтось якраз милується красою лугів, бачить естетику в травах, їх суцвіттях. Хтось прагне скосити, і боїться алергії.
Почнемо з того, що декоративні сорти, які вирощують на розсадниках, рідко бувають алергенні. Таке невизначене слово «рідко» вживаємо тому, що насправді ще не знаємо випадків і переконливої статистики, які саме сорти викликають алергії. Бо в родинах, які проводили тести на алергени перед початком ландшафтного проекту, щоб виключити можливі проблемні рослини, саме рослинний компонент був місця з 14-ого, і це зазвичай були береза чи сосна, а злаки навіть в двадцятку не входили. Лідерами являлись харчові алергії та на побутові миючі засоби, а також домашній пил, тварин, лаки, розчинники, специфічні алергії. Зате я знаю людей, у яких дійсно проявляються алергічні реакції в час цвітіння лугів та узбічь. Вони кажуть, що садові сорти не викликають таких сильних симптомів, як дикоростучі.
 
Парк «Висока Лінія» (High Line) в Нью Йорку.
Увага до декоративних злаків загострилась ще з шістдесятих років. Ботанік-селекціонер Карл Форестер (Німеччина) виводив стійкі декоративні сорти з дикоростучих. Потім цю хвилю підхопили інші селекціонери. Але ввів їх розмаїття в дизайн і зробив популярними ландшафтний дизайнер Піт Удольф (Нідерланди). Його робота спочатку велась по приватних садах Європи, і з 1977 року та до наших днів він сам вивів близько сімдесяти сортів різних багаторічних трав’янистих та квітучих рослин. А приблизно з двохтисячного Удольф активно працює ще й в Штатах. То ж можна сказати що для цілого світу революційною, новітньою стала його робота в парку «Висока лінія» (High Line Park ) у Нью-Йорку. 

Парк «Висока Лінія» (High Line) в Нью Йорку.

Розмаїття декоративних трав, які використані в тому парку, показує, як прекрасно декоративні злаки виглядають як в монопосадках, так і вдало комбінуються з різними іншими рослинами. Є сорти для різних умов: тінь, напівтінь, палюче сонце, вологі чи сухі грунти, конкуренція з кореневою системою дерев. Є високі, низькі, прозорі, і такі, які дають досить густу куртину.
Говорити про них можна безкінечно.




Парк «Висока Лінія» (High Line) в Нью Йорку.
Спробуємо зробити огляд самих популярних декоративних трав. Улюбленцями всіх дизайнерів та лідерами продаж стали куничники (війники), міскантуси та молінії. Їх люблять за те, що ці злаки не треба зрізати восени, їх рекомендується залишати на зиму. Навіть сухі вони прекрасно виглядають на фоні снігу, утримують структуру саду.
Calamagrostis/ Куничник (війник)





На зображенні куничник «Карл Форестер». У нас він буде десь в половину нижчим, але не менш виразним. Ми бачимо в композиції гортензії волотисті «Лайм Лайт», та щучку дернисту.

Куничники «Карл Форестер» і «Овердам» (Calamagrostis acutifolia “Karl Foerster”, “Overdam”) мають досить прямі міцні стебла, такі собі знаки оклику, на які ви завжди можете покластися. Якщо висадити їх широкими смугами, то таким чином можна розділяти різні частини саду між собою. І ці стрункі вертикальні структури будуть стояти до січня. Витримують конкуренцію з кореневою системою інших дерев, навіть берез. Куничник «Овердам» має білі смужки на листі, то ж гарно поєднується з декоративним часником (наприклад Allium “White Giant”, “White Cloud”).

А тут куничник «Овердам» в поєднанні з декоративним часником.

Куничник (війник) діамантовий (Calamagrostis brachytracha) назвали діамантовим тому, що ранкова роса чи краплі після дощу затримуються на його пухнастих суцвіттях і потім мерехтять в ранковому чи вечірньому промінні. Суцвіття з’являються у вересні, і тримаються до перших снігопадів. Тому цей куничник поєднують з осінніми айстрами ново-бельгіськими чи ново-англійськими, очитком видним, та мексиканською м’ятою (лофант). М’ята влітку нарощує вертикалі, які восени, навіть сухі, підсилюють контрастом невагомість суцвіть куничника.

Куничник діамантовий з лофантом (мексиканська м’ята) – ідеальний осінній дует, орієнтовно кінець вересня.

Miscanthus/ Міскантус

Міскантуси (Miscanthus) мають дуже широку сортову лінійку. Є майже двометрові (Міскантус гігантський, міскантус китайський «Балерина»), середнього зросту (майже всі сорти китайського) та кілька метрових. Загальна характеристика для всіх міскантусів – це їх витривалість та посухостійкість. Вони значно краще ростуть на сухих кам’янистих грунтах, ніж на пухких, багатих гумусом. У міскантусів зазвичай дуже густа куртина, майже фонтан тонкого листя, яке поникає дугами. Суцвіття з’являються з середини і до кінця літа, різні сорти мають різні відтінки, від білих, до рожевих, чайних, пурпурових, і мають схожість з пір’ям страуса. Тому можна залишати їх взимку на стеблах, а можна зрізати і використати в декорі для дому, вплести в різдвяні вінки. Флористи ще люблять використовувати міскантус для весільних композицій. А ландшафтні дизайнери охоче використовують цей витривалий злак в міських проектах: для дворів, розділових смуг транспорту, перед офісними спорудами, в великих кашпо на терасах. Також якщо у вас є великий схил, і зрозуміло, що газон на такому схилі не зможе жити, то для схилів міскантуси є ідеальним вибором.




Використання міскантусу китайського, і осоки передгірної в приватному саду Лос-Анжелеса (США).

Якщо ж на схилах вам потрібна не висока трава, а щось нижче, то дуже рекомендуємо не менш стійку траву, вівсяницю сизу (Festuca glauca). Якщо взяти один кущик, то це буде горбик з тонесеньких делікатних травинок, навесні майже їжачок, потім розростається і викидає скромні суцвіття. Але вмасиві, а особливо на сухих грунтах і схилах вівсяниця створює дуже красивий покрив.
Прозорі суцвіття: Molinia/ Молінія, Panicum/ Просо, Sporobolus/ Споробол, Muhlenbergia/ Мюлебергія

Окремою групою у дизайнерів ідуть декоративні трави, які не дають густої масси, а створюють еффект напівпрозорого серпанку. І крізь той серпанок проростають інші квіти. Такий дизайнерський підхід Піт Удольф продемонстрував в невеличкому внутрішньому дворі виставкового центру «Хаусер енд Вірц» (Hauser and Wirth), в Сомерсет, Великобританія. Якщо до цього дизайнери працювали великими кольоровими плямами, використовували великі суцвіття активних кольорів, то сучасний дизайн працює шарами посадок так, ніби вони розташовані на прозорих листках кальки. Крізь прозорісуцвіття злаків ви можете бачити нижній шар, такі самі напівпрозорі стебла ехінацей, скабіози, родовика, айстри чи шавлії, а крізь них – інші шари ще чогось.

В дворі виставкового саду ми можемо бачити щось по типу паззлів з двох сортів молінії голубої, щучки «Голдтау», та баптизії.
Такий напівпрозорий серпанок дають молінії, просо, трясунка, споробол, мюленбергія. Якщо у вас вже є квітник, чи розарій, то можна доповнити їх одною чи двома молініями (Molinia caerulea “Heidezwerg”, “Moorhexe”) і їх гнучкі рухливі стебла з вишуканими китичками суцвіть нададуть нового вигляду існуючій композиції. Дуже красиво коливаються на вітрі високі сорти моліній: Транспарент та Скайрейсер (Molinia caerulea “Transparent”, “Skyreiser”). Ці стебла зазвичай стоять до середини зими навіть в досить сильні снігопади.
Графіка високих суцвіть молінії Транспарент з білими астранціями виглядає на фоні чорної стіни як картина.
Кінець літа, в ажур молінії та астранцій вплелись клопогони з свічковидними пахучими суцвіттями та червоні буси ягід шипшини.
Декоративне просо (Panicum virgatum “Prairie Sky”) теж має напівпрозорі суцвіття, тільки розетка листя у нього густіша, ніж у моліній, тому просу варто виділити достатньо місця в квітнику. А суцвіття на зиму бажано зрізати і можна використати для декору. Вони дуже делікатні і снігопади не переживуть, а в букетах та сухих композиціях якраз популярні.
Зображення взяте з Pinterest. Поєднання проса з рудбекіями.
Джерела:
https://www.pinterest.com
https://www.gardenista.com
https://www.instagram.com/highlinenyc
https://divisare.com


   Автор статті: Ксенія Ніколс";"";"";"";"";"";"Ксенія  Ніколс для "Зелених Янголів"";
"70";"1";"2022-02-10 00:00:00";"dekorativni-zlaki-travi-dlya-riznikh-umov-virosshuvannya-v-gorsshikakh";"Декоративні злаки: трави для різних умов, вирощування в горщиках.";"
Як ми вже писали в попередній статті – захоплення злаками починалось ще з шестидесятих років. Але справжнім проривом для демонстрації всіх можливостей цих трав став проект парку Висока Лінія в Нью-Йорку. Так як цей парк є по суті проектом ревіталізації надземної залізничної колії, і там не було ідеальних умов та достатньої товщини землі для вибагливих сортів, то автор дендроплану, Піт Удольф, використав витривалі посухостійкі злаки та багаторічники, сорти, які були похідними від дикокросів з гірських ареалів, чи посушливих районів. Також були використані дерева і кущі, які можуть жити в складних умовах, і так звані «піонерні» рослини, ті, які першими засіваються на пустирищах, згарищах чи занедбаних індустріальних територіях (берези, компактні сорти кленів, сумахи, черемхи, ліщини, дерени). А великий сектор з монопосадкою куничника діамантового (Calamagrostis brachytricha) між коліями є дуже популярним місцем для фотознімків в Інстаграмі парку.
Парк Висока Лінія в Нью-Йорку
Так злаки стали дуже популярними для використання в різних місцях з несприятливими умовами.
А також для озеленення садів на дахах, террасах, чи в горшках навколо літніх площадок кафе.
І хоча все те, що висаджується в невеличкі горшки, це все ж таки сезонне озеленення, бо взимку може вимерзати, та якщо взяти більше кашпо, до того ж з дерева чи композиту, які не промерзають так, як кераміка чи бетон, то деякі злаки успішно переживають зиму. Це ті самі куничники в сортах, вівсяниця (костриця), лисохвіст (перистощетинник, пенісетум) в сортах (Pennisetum).


Та навіть на один сезон деякі злаки виглядають вражаюче на терасах чи на дахах.
Наприклад імперата циліндрична (Imperata cylindrica), вертикальна трава з червоними кінчиками. Її можна висаджувати з вересом та еріками. Так само з вересом, еріками, а також з гейхерами красиво і незвично виглядає в кашпо осока буханана (Carex buchananii “Red Rooster”). У цієї осоки тонкі листки мідного кольору, які еффектно відтіняють пурпурові вереси, чи гейхери з пурпуровим і карамельним листям. Інша осока з дуже цікавим забарвленням – осока коричнувата «Варієгата» (Carex brunnea “Variegata”), в білі смужки. Більш компактна в порівнянні з осокою Буханана, дуже красиво виглядає в компанії з імператою чи компактними формами дзвіночків (дзвіночок пожарського та портеншлага). Можна комбінувати з примулами або карликовими декоративними часниками для весняного ефекту.


На зображенні ліворуч: Лисохвіст, імперата, гейхерелла “FireFrost” і гейхера “Obsidian”. Праворуч: Імперата циліндрична
Безперечно приверне до себе увагу осока коричнувата «Ріббон фолз» (Carex brunnea “RibbonFalls”). Це та рослина, яка не потребує компанії, її звисаюче ременевидне листя насиченого зеленого кольору виглядає, як творіння якогось дизайнера-кутюр’є. Чи вона буда одна в маленькому кашпо, чи довгим бордюром в прямокутному кашпо вздовж балкону або тераси – ця осока притягне погляд.

Осока буханана на терасі. Зліва, на передньому плані – калина «Розеум», позаду плющ звичайний "Гіберніка".

Осока коричнувата «Варієгата» в білих кашпо на лавці. В кашпо на ящику – лаванда, а в чорних, позаду – бамбук. Сірий гравій, лійки, білі кашпо і нейтральний колір деревини гарно поєднанні з пурпуровим клематісом.

І імперата, і осоки потребують пухкої землі, доброго дренажу і достатнього зволоження.
Хоч вище наведені приклади для оформлень кашпо, але всі ці рослини (лисохвіст, імперата, осоки) є багаторічними рослинами, які чудово зимують в грунті без укриття. І в грунті ви також можете їх висаджувати з вересами, еріками, гейхерами, примулами, дзвіночками тощо.
Осока «Варієгата», наприклад, зберігає свій вигляд і взимку, і тому її залюбки використовують в поєднанні з морозниками, між кущами дерену з червоними прутами (Cornus alba “Sibirica”, “Sibirica Variegata”).
Майже всі осоки люблять вологі проникні грунти, чудово почувають себе в напівтіні, між кущами і деревами, по краях водойм, зберігають колір і габітус до середини грудня, та дуже еффектні в монопосадках. 
Джерела:
https://www.pinterest.com
https://www.instagram.com/highlinenyc


   Автор статті: Ксенія Ніколс для "Зелених Янголів"
";"";"";"";"";"";"";
"71";"0";"2022-02-14 00:00:00";"umovi-akciyi-do-dnya-sv-valentina";"Умови акції до дня Св. Валентина";"Ми вас любимо!

Тому що ви любите рослини, і робите цей світ красивішим та зеленішим, висаджуючи їх!
Тому що ви нам довіряєте, і обираєте нас серед інших!
Тому що ви робите нас кращими!

Замовляючи сьогодні, отримуйте в подарунок один з наших БЕСТСЕЛЛЕРІВ.
Якщо ви також до нас не байдужі, і любите розсадник "Зелені Янголи" - скажіть нам про це і у вас буде можливість отримати знижку -14% на замовлення рослин на нашому сайті www.landshaft.info, яку можна буде використати відразу або навесні!
Бажаємо миру та любові усім! І нехай єдиними турботами цієї весни будуть приємні турботи про ваші рослинки.
Ми даруємо вам БЕСТСЕЛЛЕРИ, бо ми вас любимо!
Оформляйте замовлення в період з 14.02 по 15.02 до 08:00 та отримуйте рослинку в подарунок:

 До замовлення на суму від 350 до 1000 грн - вербу "Маунт Асо" в горщику р9
 До замовлення на суму від 1000 грн - гортензію "Ванілла Фрайз" у горщику С2.

Якщо ви також до нас не байдужі, і любите розсадник "Зелені Янголи" у вас є можливість отримати супер-знижку -14% на замовлення рослин на сайті www.landshaft.info, яку можна буде використати відразу або навесні!!
Знижку подаруємо тим, хто зможе виділити кілька хвилин, та написати чому обирає розсадник "Зелені Янголи". Умови діють тільки сьогодні!
1. Прокоментуйте допис у фейсбук - https://www.facebook.com/Landshaft.info/posts/4384161661684011чи інстаграм - https://www.instagram.com/p/CZ8yJWIoZ_l/ почавши з :  Я #люблюЗеленіЯнголи і купую рослини на www.landshaft.info, бо …
2. Поділіться дописом на своїй сторінці чи в сторіс.
3. Ми зафіксуємо ваш коментар та присвоїмо разову знижку! 
 Усій нашій команді дуже важливо знати - що найбільше любите в нас саме Ви!";"Якщо ви також до нас не байдужі, і любите розсадник "Зелені Янголи" - скажіть нам про це і у вас буде можливість отримати знижку -14%";"Умови акції до дня Св. Валентина";"Умови акції до дня Св. Валентина";"Умови акції до дня Св. Валентина";"";"";
"72";"1";"2022-02-22 00:00:00";"blagoustrij-dvoriv-v-zhitlovikh-kvartalakh-chastina-1";"Благоустрій дворів в житлових кварталах, частина 1";"Так як не всім пощастило жити в приватному будинку, з своїм власним подвір'ям, на якому можна втілити виключно лиш свої мрії, а дуже багато людей живуть в великих багатоквартирних будинках, то через деякий час мешканці утворюють ОСББ, і пробують колективно покращувати собі умови проживання.
Спершу розбираються з більш нагальними проблемами: утеплення будинків, ремонти, прибирання, вивіз сміття, тощо. Згодом доставляють дитячі майданчики, і задумуються про посадки.
1.      Першочергово варто дізнатися, де у вас в дворі проходять підземні комунікації (вода, електрика, каналізація, газ, та інші), бо на цих комунікаціях не можна висаджувати дерева чи кущі. 
2.      Також не можна ігнорувати основні лінії навігації – куди зазвичай ходять люди. Якщо забудовник подумав наперед про достатню ширину доріжок і напрямки через двір – то вам пощастило з забудовником. Буває часом, що ширини доріжок не вистачає, особливо в ранкові години, коли всі поспішають, і ми бачимо, як зранку одні батьки з дітьми ідуть пішки через двір до автобусної зупинки, ішні – до припаркованих авто, зіштовхуються, не всім зручно виїхати, увечері повертаються вже з іншого боку, можливо з пакетами покупок, і теж не можуть зручно розминутись з цими пакетами з сусідами на вузьких доріжках. Тому варто ще раз для себе усвідомимти основні напрямки руху і проаналізувати, чи достаньо широкі доріжки, чи не треба розширити їх в місцях перехресть.
Тоді лавочки для відпочинку, прогулянкову доріжку для мам з колясками, дитячі та спортивні майданчики відсовують від цих «шляхових артерій», щоб ті мешканці, які просто проводять час в дворі, не сповільнювали руху тих, хто кудись швидко і цілеспрямовано іде.
Також слідкувати, щоб не порушувались умови паркування, і швидка, пожежна та сміттєвоз завжди могли б проїхати двором і мати змогу розвернутися.

Тут схематично показано, як зелені зони вписані між доріжками. Зображення з Пінтерест.

3.      Дуже важливо мати у дворі великі розлогі дерева. Чи поодинокі, чи аллею-дві, чи групами, а краще якщо втілені всі оці названі можливості. Часто забудовники саджають дуже маленькі саджанці, резонно вважаючи, що вони все одно з часом доростуть. Але саме тонкі саджанці найлегше пошкодити чи автомобілями, чи коли люди розминаються на доріжці і зачіпають саджанець важкою сумкою. Діти можуть легко зламати дерево під час активних ігор. Тому для висадок бажано обирати дерева не менше чотирьох метрів висотою, з достатньо товстими стовбурами, які будуть помітні навіть в сутінках, і які не так то й легко зламати. А також влітку велика розлога крона дарує свіжість і прохолоду і ефективніше очищує повітря, ніж маленькі деревця. При закупці таких дерев потрібно забезпечити парвильну посадку і завезти грунт, добрива, прослідкувати, щоб не була засипана коренева шийка, щоб була сформована лунка, а дерево після висадки поставити на розтяжки, щоб дерево не впало, поки не приживеться. Треба також час від часу перевіряти, щоб шнури розтяжок не вросли в стовбур і не пошкодили кору.

Двір в ЖК в Варшаві, фотографія Лєни Полякової. Бачимо пагорб, на вершині якого липи, сосни і ясень. Схили утримує козилець (кизильник) горизонтальний. Взимку козилець буде вкритий червоними ягодами, які так люблять птахи.

4.      При висадках необхідно звернути увагу, як падають на двір тіні протягом дня, і влітку і взимку. Щоб підібрати сорти і для тіні, і для сонця. Вимагають доброго освітлення цілий день: берези, ясені, павловнії, платани, тополі, сливи, вишні, абрикоси і мигдаль декоративніий (сакури), акації, верби, гледічії, липи войлочні, гінкго, багато видів ялівцю та модрини, сосни і більшість ялин. Потребують тіні або можуть її переносити без втрати декоративності: клен польовий і клен цукровий, декоративний клен пальмолистний в сортах (але берегти від протягів), каштан кінський, самшит, граби, дерени, глід декоративний, ліщина, бруслина, в'яз, плющ, гортензії, гостролист, жимолості, магонія, лавровишня, жасмин, пухиреплідник, сніжноягідник, горобинник, бузина, калина-гордовина та калина зморшкувата, піхта, туя, тисс, тсуга та кипарисовики. Всі інші види горобин, лип, кленів, тюльпанове дерево, магнолії, яблуні райські декоративні, черемхи, форзиції, барбариси, спіреї, дейції та вейгели чудово почуваються в умовах, коли тінь тримається вдень години чотири чи менше, або при частковому затіненні.


Двір в ЖК в Варшаві, фотографія Лєни Полякової. Бачимо тут сосни і липи, магнолію, і великі два массиви на схилі з спіреї японської та сосни гірської подушковидної, які явно вказують, що на тих місцях маємо сонце цілий день. Після сосни на схилі (ближче до нас) уже массив гортензії деревовидної «Аннабель» -- напівтінь. І після гортензії – дерен білий «Елегантіссіма» (тінь, напівтінь).

5.      Бажано уникати «коллекцій» з дуже великої кількості рослин в невеличких дворах. Хоча така спокуса постійно існує і важко себе обмежити. Але все таки варто обрати три види дерев у дворі (сонце, тінь, напівтінь) і обрати шість-сім видів кущів, які ви будете висаджувати чи живоплотами, чи великими однорідними групами. Вийняток можливий лиш для дійсно великих кущів, які є майже невеличкими деревами: ліщини, калини, бузина, пухиреплідники, лавровишня, форзиції. Вони гарно виглядають в одиночних посадках, але й їх можна успішно використовувати для високих живоплотів і посадок в ряд. Так само варто дуже акуратно працювати з кольоровими кущами, постарайтеся обирати для двору не більше двох-трьох коьорів (бажано, щоб третій був білим), а все решта – у відтінках зеленого. Так, наприклад, можна включити в дизайн ялівці голубого кольору і кущі дерену «Елегантіссіма» чи «Сібіріка-Варієгата», але тоді не додавати жовтих чи червоних кущів. Можна зробити массиви з карликових червоних барбарисів у поєднанні з массивами лаванди (сріблясті стебла), і тоді не додавати інших кольорів, або додати лиш гортензії з білими суцвіттями.

Двір в ЖК в Варшаві, фотографія Лєни Полякової. Гортензія волотиста «Меджік Кендал» набирає колір, і восени вся буде насиченого винного кольору. На першому плані бачимо бруслину форчуна «Емеральд Гайеті», з біло-зеленим листям. А позаду гортензії – массив козильця блискучого, який можна застригати. 

Двір в ЖК в Варшаві, фотографія Лєни Полякової. Дерева зліва направо: сумах (оцтове дерево), сакура плакуча, сосна. На першому плані ми бачимо карликову спірею японську «Кріспа», яка уже відцвіла. Але зрозуміло, що навесні вона цвіла разом з сакурою, рожевим цвітом. А зараз на фото вже десь середина літа, гортензія деревовидна «Аннабель» в білих кулястих суцвіттях, які гарно поєднуються з дереном «Елегантіссіма» на задньому плані.

Двір в ЖК в Варшаві, фотографія Лєни Полякової.

Двір в ЖК в Варшаві, фотографія Лєни Полякової. Для поливу в двори або виводять крани, до яких можна приєднувати шланг, або роблять автоматичний полив.

Двір в ЖК в Варшаві, фотографія Лєни Полякової. Тут ще хотілось би звернути увагу на високі чорні тополі, аллея яких відгороджує двір від проспекту. У нас дехто побоюється пуху тополь, бо багато людей мають на нього аллергію. Та мало хто знає, що сучасні сорти тополі чорної («Італіка», «Трістан» та інші) є безпушними стерильними гібридами. Вони не дають пуху. І не викликають алергії. 

ЖК в Варшаві, смуга вздовж дороги, фотографія Лєни Полякової. Бачимо верби плакучі на фоні великих сосен. Під вербами: смугами червоний барбарис і смугастий куничник «Овердам».

   Автор статті: Ксенія Ніколс, ландшафтний дизайнер. Для "Зелених Янголів"";"";"";"";"благоустрій міст, благоустрій вулиць, озеленення міст, озеленення житлових кварталів, озеленення вулиць, дерева та кущі для висадки в місті";"";"";
"73";"1";"2022-02-23 00:00:00";"blagoustrij-dvoriv-v-zhitlovikh-kvartalakh-chastina-2";"Благоустрій дворів в житлових кварталах, частина 2";"В минулій статті ми старались озвучити всі загальні правила, які були б спільними для всіх дворів: різного розміру, різних форм, складу населення та давності виконання.
Але крім загальних правил, які будуть відображені в проекті, є уже багато інших індивідуальних особливостей кожного двору. Тому варто описати всі ті особливості, які ландшафтний архітектор враховує при проектуванні.
Чи ви заселились в новобудову, де забудовник вже зробив частково озеленення (аллея чи більше груп дерев, якісь кущі, зробив кілька дитячих майданчиків), чи ви успадкували нерухомість в старому дворі так званої «хрущовки», -  ви все одно через деякий час відчуєте, що такий простір може не відповідати на всі потреби. І потрібно щось міняти чи покращувати. Може виявитись так, що більшість мешканців будинків навколо двору – це досить молоді люди, і у всіх є малі діти. Отож одного дитячого майданчика може бути замало, і тоді мешканці можуть спільно домовитись ставити машини десь на стоянках в кварталі, а в самому дворі зробити простір, вільний від машин, і додати майданчиків для дітей і спортивних занять.
Фото Андріани Недолуженко, Польша.
Якщо це старий двір, то може виявитись, що деякі дерева аварійні, їх знесуть; майданчики потребують ремонту чи повної переробки і ще, допустимо, хотілось би додати в двір кільце для баскетболу, або шнури для сушки білизни, чи навіс, під яким можна грати в настольний тенніс. І досадити дерев замість втрачених.
Реконструкція скверу в Ейндховені, Нідерланди. Зображення з Пінтерест.
Отже виникне потреба в новому проекті двору, щоб врахувати потреби всіх мешканців. Часом потреби є однаково гострими як у автомобілістів, так і у батьків з малими дітьми, і кожні з цих категорій просять виділити для себе більше території. І часто потім можна бачити двори, які після перепланування виглядають майже як пустелі: три-чотири барвистих майданчики з кольоровим гумовим покриттям, кілька лавочок під під’їздами, великі території для паркування, ніяких високих дерев, бо хтось не хоче затуляти собі вікна, а хтось не хоче прибирати листя з палісадника. І влітку двір просто стає пеклом. Тому все таки варто не забувати, що двір, в якому приємно відпочивати і проводити час – це такий, де багато зелені і великих розлогих дерев.


Тут видно, що майданчику явно не вистачає високих дерев з ажурною кроною. Фото Андріани Недолуженко, Польша.

Транзитна зона для проходу в дворі. Але з місцями для відпочинку під деревами гледічії. Клумби з стійких злаків та кущів. Зображення з Пінтерест.
Дитячі лазалки, гірки, пісочники та лавочки для батьків вповні можна розташувати між деревами, під кронами. Сидіти не лише на одній куцій лавочці коло під’їзду, а розкласти багато лавочок, можна з столиками, між деревами, під кронами. Забагато дерев не буває. А замало – так, буває. Як і масштаб дерев теж має значення. Забудовники полюбили дуже дрібні форми дерев, у вигляді кульки на штамбі (на стовбурі), але такі форми надто дрібні і куці поруч з високими будинками, не дають тіні, і не справляються з очищенням та зволоженням повітря в місті. Ще буквально в девяностих, по старих дворах  залишалися посадки, закладені в давніші часи, і діти, які гуляли в дворах, використовували не лише лавки чи футбольні майданчики для ігор. Ми (бо це моє покоління), лазили на гаражі, на дерева, на паркани, і мали своє задоволення від перебування «вище» землі, використовували листя трав та кущів в наших іграх, тягали ящики з магазину, щоб мати змогу сидіти на них десь подалі від очей дорослих, в кущах.


Діти дуже люблять досліджувати простір, гратися в хованки. Такий «лабіринт» з міскантуса – це недорого, але дуже еффектно і корисно. Фото Андріани Недолуженко, Польша.
Зараз у нас двори проектують так, щоб був лиш газон і дерева, і все проглядалося. Це не є вибором архітекторів. Вони досить часто закладають в проекти багато рослинності. Але після будівництва на закупку дерев і кущів на жаль чомусь завжди залишається менше грошей, ніж закладали перед початком будівництва, і тоді уже висаджують «хоч щось», мало і не дорого. Тому старі двори, з старими великими деревами, і великими старими кущами бузку, з яблунями, жаминами часто виглядають набагато гармонійніше і приємніше, ніж відкриті всім вітрам напівпорожні двори новобудов.

Фото Лєни Полякової, Варшава. 
Перед початком проекту ландшафтний архітектор буде виясняти віковий склад населення, які потреби мешканців треба задовольнити, і чи вистачить місця на задоволення всіх цих потреб. Ще дуже часто мешканці не можуть відчути принципової різниці між приватними садами і своїм двором в багатоквартирному домі. Давайте собі уявимо, що в одному корпусі може бути по три під’їзди, кожен корпус матиме 10 поверхів, ми маємо чотири таких корпусів і квадрат двору посередині між корпусами. На кожному поверсі в кожному під’їзді по три квартири, то ми уже маємо по 30 квартир в кожному під’їзді. А цих під’їздів є 12, отже – 360 квартир, і просто символічно нехай по три особи живе в квартирі (рахуємо і тварин, і людей), 1080 людей з дітьми, собаками, машинами, потребою вийти в двір, безпечно і зручно дійти до зупинки чи машини, вигуляти собаку двічі на день, винести сміття, випустити в двір дитину і бачити її з вікна, чи вийти самій, з іншими мамами, посидіти з ними в дворі, бажано в тиші і чистоті, щоб пісок не летів в очі, щоб щось гасило шум з вулиці, поглинало бруд, давало свіжість і комфорт. А у нас на цих 1080 людей може виявитись лиш по два метри двору. З доріжками, смітниками, стоянкою, і так далі. І тоді архітектору доведеться шукати шляхи виводити людей з двору подалі, в парки – кудись, де ще є можливість на ранкові пробіжки, вигули собак, дитячі майданчики, тощо. І часто звучать жалоби мешканців, що у них в дворах ставлять машини люди з інших дворів чи офісних центрів поблизу, що діти з інших дворів займають дитячий майданчик, смітять, ламають устаткування, а ремонтувати то все не їм. Ось так і виник попит на закриті ЖК, з огорожею, охороною, проїздом під шлагбаум, де всі свої, ніхто не викопає і не вкраде рослини, не викине обгортку попри урну, і не буде ламати дерева, на які збирали гроші з кожної квартири. Але і скупити половину садового центру і зібрати всі рослин, які подобаються кожному з цих 1080 людей – теж неможливо. Неможливо розбити двір на пікселі, щоб задовольнити потребу кожного в своєму персональному раї. Так само неможливо витіснити з дворів комах, птахів, дрібних звірів, яким теж не має місця і містах крім як в тих клаптиках, які залишились ще не винищеними, і в парках. І всі вони мають право на природу так само, як і ми, люди. 

Core City Park Detroit. Багато місць для сидіння під деревами. Гравійна засипка дозволяє ходити у всіх напрямках під кронами, і дає доступ води до коренів дерев. Гледічії та магнолії. Зображення з Пінтерест.
Тому все таки в дворах багатоквартирних будинків потрібно використовувати ті дерева і кущі, які витримають ось таке інтенсивне антропологічне навантаження. Деякі вітчизняні біологи переживають, що садові центри пропонують досить витривалі культури, які, попади вони в дикий світ, стали б інвазійними, і витіснили б інші рослини. Але в містах, дворах, вздовж вулиць і доріг, навколо шкіл та інших навчальних закладів, в дворах офісів нам дуже потрібні саме так звані «контрольовані агресори», для утримання яких не треба буде багато ресурсів, спеціальних умов, смеціальних грунтосумішей і комунальники зможуть здійснювати свій догляд, а рослина виживе після їх комунальних процедур. 
Особливо цінуються засухостійкі культури і ті, які легко відновлюються після обрізки. Хоча неправильною обрізкою можна за три-чотири роки вбити навіть такі стійкі дерева, як тополя чорна, липа європейська, срібляста, дрібнолистна, клени платанолистні та псевдоплатанові, та навіть і той самий платан. При правильному догляді і акуратних обрізках, які знімають не більше 20% крони, і коли формують пласкі рівні (шари) крони, дерева будуть здорові, красиві і виконувати свою функцію – давати тінь і приємну прохолоду, зволожувати повітря, поглинати пил та шум.

Тополі чорні близько до будинку, прикривають фасад від палючого сонця, і не розростаються в сторони. Далі, вздовж дороги – розлогі клени червоні. Біля шлагбаума бачимо массиви перстача курильського, спіреї японської, массив міскантуса, і гортензію волотисту навколо тополь. Фото Лєни Полякової, Варшава. 
До витривалих культур ще належать такі дерева, як в’яз, береза, клен цукровий, горобини, черемхи, горіх чорний та горіх волоський, ліщини, обліпихи, калини, бузина, жасмини, всі види деренів, форзиція, бузки, всі види спірей (є високі і є карликові), бірючина, магонія, карагана, всі види барбарисів (теж є великі, вище двох метрів, і карликові), декоративні злаки та багато багаторічних квітучих рослин. А з ліан: жимолості, хміль, фаллопія і виноград дівочий (п’ятилисточковий), майже незнищенний агрессор, який тим не менше дуже виручає на дахах, де не має можливості мати великі кашпо, а виноград можна заплести на перголу. Можна пустити по південній стіні, і в квартирах не буде надто спекотно в літні дні. Можна тримати круті схили, він чудово живе і тіні, на сонці, в вологих і сухих місцях, на балконах, і дуже морозостійкий.
 
Дівочий виноград в Варшаві в нових забудовах. Фото Лєни Полякової.

Ширма з винограду дівочого (п’ятилисточкового), а з підпірної стінки праворуч спадає каскадом фаллопія. Фото Андріани Недолуженко, Польша.

Черемхи Маака та куничник Карл Форестер навколо паркувального майданчика. Зображення з Пінтерест.

Липи вздовж дороги дають можливість людям комфортно гуляти від будинку до будинку, велодоріжка теж в тіні, трави створюють додатковий бар’єр від проїздної частини. Зображення з Пінтерест.
Модрини, Ейндховен, Нідерланди. Фото Лєни Полякової.

Гінкго, Ейндховен, Нідерланди. Фото Лєни Полякової.
Міскантус, Ейндховен, Нідерланди. Фото Лєни Полякової.

Сучасний квартал в Ейндховен, Нідерланди. 
Ми бачимо групи берез і массиви куничника Карл Форестер. Газон останнім часом починають виводити з дворів і надавати перевагу іншим покриттям, які не потребують стільки води, стрижки, підживлення і ретельного догляду. Наприклад, засівають конюшину на сонячних місцях, або роблять покриття з чебрецю в тінистих. Але не всюди, інші території засаджують високими культурами, які максимально підходять до існуючих умов, і такі посадки стають домом та кормовою базою комах, їжаків, червяків, птахів та інших.


Ейндховен, Нідерланди. Фото Лєни Полякової.

   Автор статті: Ксенія Ніколс, ландшафтний дизайнер. Для "Зелених Янголів"";"";"";"";"благоустрій міст, благоустрій вулиць, озеленення міст, озеленення житлових кварталів, озеленення вулиць, дерева та кущі для висадки в місті";"";"Ксенія Ніколс, ландшафтний дизайнер. Для "Зелених Янголів"";
"74";"1";"2022-06-20 00:00:00";"vilnorostuchi-zhivoploti-v-landshaftnomu-dizajni";"Вільноростучі живоплоти в ландшафтному дизайні";"Кетрін Ді, ландшафтний архітектор і викладач ландшафтного проектування в архітектурному університеті Шеффілда, Великобританія, вже в перших лекціях наголошує, що є дві категорії людей, інтереси яких треба враховувати при створенні парків та дворів – любителі відкритого простору, і любителі закритого простору. І не можна ігнорувати потреби одних, щоб догодити іншим. Так і є: одні люди прагнуть бачити увесь двір чи парк наскрізь, окинувши поглядом. Хто де стоїть, що робить, мати кілька виходів з парку. Такі люди обирають відкриті простори для відпочинку, і перепони у вигляді кущів їх напружують і створюють для них відчуття небезпеки.

Ми бачимо і відкритий простір, газон, біля якого відпочивають люди, і массив кущів на передньому плані з правої сторони. Та невисокий живопліт далі, вздовж алеї дерев. Зображення з Пінтерест.

Але є настільки ж велика друга група людей, які почуваються дискомфортно і незахищено на відкритих просторах. Особливо, коли вони хочуть сісти на лавочку і відпочити, або випустити дітей на дитячий майданчик. І якщо у них немає кущів за спиною лавочки, або майданчик не закритий від дороги кущами, то такі люди почуваються вразливо. Тому при облаштуванні двору чи скверику треба обов'язково робити як відкритий простір (чи кілька таких просторів) і закритий затишний простір (чи кілька таких затишних куточків).


Приватний сад «Бет Шатто» в Великобританії. Я, напевно, належу саме до категорії «закритих» людей, бо для мене значно приємніше сидіти в місцях, які густо обсаджені кущами та квітами. Тут ми бачимо Великий кущ самшиту прямо за спинкою лавочки (всесезонний еффект), праворуч від лавочки – кущ аукуби, але ми можемо використовувати щось інше, бірючину з жовто-зеленим листям, наприклад. Яскравий жовтий кущ ліворуч – бруслина форчуна. Між самшитом і бруслиною скромно випускає листочки гібіскус. 
І відгородитися від дороги, і зробити рослинний захист за спиною лавочки, чи відокремити паркувальний майданчик від двору, чи прикрити якусь не дуже красиву котельню, трансформатор, тощо можна саме живоплотами або массивами кущів.
Отже, якщо десь у дворі ви плануєте висадити живопліт, то можна використати монопосадку одного виду рослин, або зробити змішану висадку.
В монопосадках все якраз найлегше! Ви точно будете знати максимальний розмір рослини, коли вона виросте, і зможете просто висадити кущі з тим інтервалом, який потрібен на «виріст»: 1-2 метри для бузків, жасмину, форзиції, вейгели, гібіскусів, гортензії, для барбарису оттавського. 0,5-1 метр для керії японської (прекрасний сорт «Плєна» ще називають «золота куля»), для таких сортів спірей, як ніппонська, вангутта, сливолиста, сіра «Грефшейм», дейція сіра «Плєна», чи декоративні верби – пурпурова «Нана» і кольорова, з рожевими кінчиками, «Хакуро-Нішикі», якщо вона не на штамбі.


Вейгела. Можна використовувати різні кольори.

Форзиція. Та є і карликові сорти форзицій.


Верба декоративна «Хакуро Нішикі».

Вільноростучий живопліт з верби пурпурової 'Нана'.

Живопліт з гортензії виглядає дуже нарядно.


Спірея гострозазубрена. То лиш назва сорту страшна, а сам кущ – цілковита ніжність!


Спірея білларда 'Тріумфанс' еффектно виглядатиме у живоплоті.
Часом нам не потрібні високі живоплоти, а щось нижче, просто визначити якісь межі, чи засадити широкою смугою простір під деревами, або захистити квітник від собак. Тоді на допомогу приходять чудові сорти карликових спірей: всі сорти японських і бумальда. Я взагалі вважаю спірею одним з самих вдалих кущів для дворів та міських територій, бо у них є понад сорок сортів, від високих, двометрових, до низеньких, через середні (бумальда, березолистна, крупнолистна). І всі вони дуже витривалі, та при цьому фантастично цвітуть. Високі сорти можна застригати сферичними плавними формами, низенькі і так тримають форму увесь рік, а в массивах виглядають вражаюче.

Спірея японська. Висаджена смужками чи великими массивами - буде окрасою вашого  двору.
А якщо ще почати досліджувати всі сорти японських спірей, то можна створювати цілі спірейні сади! Прекрасно комбінується і з ялівцями середніми, розлогими (наприклад ялівець козацький чи ялівець віргінський), і з орнаментальними травами (особливо напівпрозорими), без проблем росте під деревами і кущами. 

Якщо ж вам треба поставити десь таку перепону, крізь яку все таки буде проблемно пройти людям чи тваринам, то найкраще з цим справляються колючі кущі: моя улюблена пахуча карагана, яка теж чудова як вільноростуча, так і в стрижках. Глід, барбарис, піраканта, обліпиха, троянди-напівшипшини, наприклад троянда зморшкувата, і навіть магонія з її твердим шкірястим листям, на якому є зазубрини, може дуже добре спрацювати саме такою пограничною перепоною. 

Колючий та непрохідний живопліт з піраканти дуже декоративний - навесні рясно вкривається ароматними білими квітами, які восени змінюються на яскраві неїстівні плоди.



Ідеальний захист для квітників! Карликові сорти барбарису можна стригти, але не обов’язково. Є жовті сорти, є пурпурові з білим набризком, зелені з набризком, різних відтінків червоного та пурпурового. Ви зможете обсадити палісадник чи таким барбарисом, чи вертикальним, вищим, якого теж є багато сортів. Тільки пам’ятайте, що кольорові сорти потребують сонця. Інші вповні комфортно почуваються в півтіні чи в місцях, де тінь половину дня. 

Змішані живоплоти в місті: найпопулярніші все таки дерени, за їх витривалість і кольорові прути, які є окрасою двору в зимовий час. Карликові повзучі верби та невеличкі кущові верби. Карагана, козилець, жимолость (ломонос) нитчата та татарська, сніжноягідники, спіреї, середні сорти вейгел та дейцій, і поєднують їх з стійкими травами і багаторічниками. Але очевидно, що для створення таких гармонійних поєднань треба мати більше ботанічних та дизайнерських знань. І все таки повторювати в посадках массивами чи групами 5-6 рослин, які найкраще впишуться в двір по умовах, та гарно виглядатимуть в любих композиціях. Щось одне з цих 5-6 кущів може бути хвойне: ялівець козацький чи сосна гірська массивами – для сонячних місць, а для тіні – туя, тис.  Можна обрати собі основну гаму двору, і дотримуватись її. І виділити собі плями весняного цвітіння, літнього, та осіннього. А ті рослини, які розраховані на зимовий эффект (хвойні, дерени з кольоровими прутами, козилець, сніжноягідники та піраканта з ягодами) прошити через увесь двір, комбінуючи і з весняними кущами, і з іншими. 
Головне – не набирати занадто багато різних рослин по одній, бо потім з них важко щось скомбінувати. А наше оточення таки формує наш смак, відчуття гармонії, комфорту. Вже давно доказано що люди, яким пощастило вирости серед  гарної архітектури, зелені, де є смак, гармонія, баланс, виростають більш стресостійкими і здатними творчо підходити до роботи чи вирішення проблем.    


   Автор статті: Ксенія Ніколс, ландшафтний дизайнер та "Зелені Янголи"";"";"";"";"";"";"";
"75";"1";"2022-06-21 00:00:00";"formovani-zhivoploti-v-landshaftnomu-dizajni";"Формовані живоплоти в ландшафтному дизайні.";"Дизайнери рідко пропонують стрижені (формовані) живоплоти в двори багатоквартирних будинків чи громадські простори, але прогрес не стоїть на місці, і багато забудовників уже наймають в штат комунальників грамотних спеціаліcтів по стрижках і обрізках, а в офісних центрах замовляють послуги ландшафтних фірм по догляду за рослинністю в двориках, на террассах і на дахах. 
І, звісно, формовані живоплоти є інструментом дизайнера в проектуванні приватних садів. 
Якщо вам здається, що живопліт може бути тільки вздовж паркана (щоб закрити його) або низеньким бордюрчиком вздовж доріжки чи навколо клумби, то це вірно лиш частково. На даному етапі архітектори проектують красиві паркани, в стиль будинку, зовсім не нудні, з цікавих матеріалів і з цікавим ритмом, з освітленням, коли паркан може бути майже фотозоною для гостей. І тоді секції живоплоту не повинні закривати його повністю, а можуть просто доповнювати в певних місцях. 
З доріжки можна (і треба) зручно виходити в сад, сходити на газон, тому обмежувати її бордюрчиками не варто. Квітники уже так само не обов'язково обгороджувати, хіба що цього вимагає дизайнерський задум. 


Хоч це і виставковий сад, та є багато приватних садів, де секції паркана поєднуються з секціями живоплотів так само. Тут ми бачимо граб, низький живопліт зліва теж з граба, а куб біля білих квітів – це тис. Граб і тис обирають найчастіше для тіні.

Живопліт створює затишний простір і залишає лиш один прохід в цей простір.

Набагато комфортніше гуляти попри дорогу, коли між машинами і доріжкою є живопліт. Особливо актуально це в дощову чи сніжну погоду.
Але секції живоплотів можуть також цікаво розділяти чи організовувати простір, створити «зелені кабінети» і є помічниками, коли ви створюєте «колекційний сад», і вам потрібно виділити секції для колекцій рослин.

Ця строга геометрія утворює однакові «кишеньки», боскети в бордюрах самшиту, які можна наповнювати колекціями певних видів рослин.

Тут бачимо якраз кілька «зелених кабінетів» на одній осі. Завжди можна зробити рішення більш цікавим, якщо поєднанувати хвойні та листяні форми. Це особливо еффектно взимку, коли живопліт скидає листя і стає напівпрозорим, але сніг на ньому лежить рівно.
Також не завжди живопліт має бути чимось на зразок перегородки чи перепони. Це може бути красива площина, або художня форма, яка стане родзинкою саду, або тією однорідною структурою, яка об’єднає різні куточки. 



Ось приклад якраз такого «розділення» території без справжнього розділення живоплотами з тиса і гараба. Сад виконаний, як малюнок абстракціоніста, дуже вдало використані високі і низькі живоплоти, якби б всі живоплоти були однієї висоти – було б не так цікаво. Є багато можливостей проходів між живоплотами, с простору в простір.

Тут живопліт вздовж водойми є елементом, який підсилює задум архітектора. Хоча сучасним художнім прикладам формування рослин можна відвести просто окрему статтю.
І ще є «терапевтичний еффект» від стрижених форм. Часом людям дуже потрібно мати приклад стабільності перед очима. І якщо в вільні посадки (відчуття зміни сезонів теж необхідне для нашого душевного здоров’я) включати якісь секції формованих кущів або окремі форми, то це дає відчуття чогось стабільного, незмінного. Та це мають були прості форми, які легко читаються, повторюються. Якщо нагромаджувати різні занадто складні і різноманітні фігури, висаджувати якісь «мережива» з бордюрів, як два століття тому в садах Франції, коли панували стилі «барокко» і «рококо», то це по-перше виглядатиме дуже не сучасно (ми ж не носимо перуки і камзоли, та й такі сади органічно доповнювали палацові комплекси, а поруч з невеличким коттеджем будуть виглядати чужорідно), а по-друге – вміти поєднувати різні форми так, щоб вони гарно виглядали композиційно разом, це мистецтво. То ж краще таки обирати досить прості форми, які потім легко підтримувати стрижкою.

Кілька квадратів з пурпурового буку дуже вдало включені в квітники з ірисами, і вони (квітники) з цими квадратами взаємним контрастом підкреслюють один одного. Не менш ефектно виглядала би така стрижка з барбарису пурпурового. До того ж взимку на ньому будуть червоні ягідки.

Барбарисові низькі квадрати в садах Аппельтерн, Нідерланди. В поєднанні з високими тиссовими та буковими живоплотами, і з вільноростучими кущами. 

А тут ряд квадратів під стовбурами дерев дуже парадно оформляє вхід в будинок. Виграшно виглядає саме з легким, майже піннним, рядом гортензій. Що ще раз показує, що такі строгі форми добре ставити поруч з вільними посадками. 

Хоч на приведених вище прикладах ми бачимо в основному граб (Carpinus) і тис гострокінцевий (Taxus cuspidata), які є рослинами для тіні, та для стрижки можна використовувати значно більше культур.
Чудові прямокутні та «текучі» форми виходять в тіні та під кронами інших дерев з бірючини (Ligustrum), козильця блискучого (Cotoneaster lucidus), ломоноса (жимолості) нитчатої (Linicera nitida), самшиту (Buxus) (але останнім часом вражається міллю-вогнівкою і тому потребує регулярних обробок). Туя дає високі живоплоти, особливо якщо підібрати сорт саме для живоплотів, наприклад Thuja occidentalis 'Brabant', туя західна 'Брабант'
Для сонця чудово підійдуть барбариси (Berberis) всіх сортів, бук пурпуровий (Fagus), карагана (Caragana). Але так само і граб, і бірючина, і туя вповні витривалі на сонці. У бірючини, до речі, ніжний медовий аромат її скромних квіток в період цвітіння.

Київ, «Оболонь резіденс», м.Мінська. Проект Марини Литвинович. Квітують живоплоти бірючини. 



Київ, «Оболонь резіденс», м.Мінська. Проект Марини Литвинович. Марина поєднала в проекті живоплоти бірючини, массиви спіреї японської «Літтл прінцесс» та кілька видів декоративних трав: куничники, щучку та кострицю. Є також массиви герані садової двох сортів і грунтоукривних троянд. 
Отож, як бачите, оперуючи массивами кущів та живоплотами можна створювати унікальні простори як в громадських місцях, так і в приватних садах. 


   Автор статті: Ксенія Ніколс, ландшафтний дизайнер. Для "Зелених Янголів"";"";"";"";"";"";"";
"76";"0";"2022-07-01 00:00:00";"seredzemnomorskij-stil";"Середземноморський стиль";"Середземноморський стиль - поняття збірне, і в залежності від регіону сади можуть відрізнятися. Країни Середземномор'я об'єднують схожі природні умови - це субтропічний клімат з жарким сухим літом і теплою дощовою зимою, гірський рельєф, велика кількість сонячного світла. 
Як створити умови для саду в середземноморському стилі? Якщо у вашому саду легкий піщаний ґрунт - все готово!  Але посухостійкі рослини ненавидять сидіти взимку в холодній вологій землі, тому якщо ваш сад знаходиться на важких суглинистих грунтах краще перед початком роботи додати велику кількість гравію - це допоможе з дренажем.
Якщо на вашій ділянці ймовірне заболочування грунту - краще садити рослини в горщики або на підняті грядки, а не в землю.
Звісно, в наших широтах більшість середземноморських рослин зимувати не будуть, але ми покажемо саме ті, що можна вирощувати у нас, або додаткового наголосимо про слабу морозостійкість.
Перше, що вас вражає на середземноморському схилі в розпал літа - це чудовий аромат лаванди та чебрецю. Розміщати їх слід на повному сонці, щоб ефірні олії з листя максимально витягувалися і наповняли ваш сад ароматами.
Інші трави, такі як розмарин, шавлія, орегано також добре працюють. Посадіть їх поряд з доріжкою або місцем для відпочинку, щоб ви могли насолоджуватися чудовим ароматом, або висадіть їх в горщик і розмісіть на обідньому столі на відкритому повітрі.
    
Лаванда 'Граппенхол' у горщику 2л. Лаванду можна замовити тут: https://landshaft.info/uk/235-lavandula
Чебрець 'Голден Дварф', чебрець можна замовити тут: https://landshaft.info/uk/219-thymus
Материнка 'Кент б'юті' (орегано) у горщику 2л https://landshaft.info/uk/211-origanum
Розмарин 'Спіді' в горщику 2л: https://landshaft.info/uk/rozmarin-rosmarinus/1940-rozmarin-zvichainii-spidi Низька морозостійкість, в холодніших регіонах краще вирощувати в горщику/викопувати кущ і заносити на зиму в неопалюване приміщення.
Сантоліна, також відома як бавовняна лаванда, має сріблясте, ароматне листя з цікавим, злегка колючим виглядом. В середині та наприкінці літа цвіте жовтими квітами. Посадіть її наодинці, в бордюр, в горщик, біля каменів або розкидайте по усипаній гравієм ділянці - в любому випадку це буде в дусі середземномор'я!

Сантоліна кипарисовидна у горщику 2л. https://landshaft.info/uk/santolina/462-santolina-chamaecyparissus Слаба морозостійкість, в холодніших регіонах краще вирощувати в горщику/викопувати кущ і заносити на зиму в неопалюване приміщення.
Ніщо так не відтіняє середземноморські рослини, як світлий гравій. І якщо ви використовуєте якісну водопроникну мембрану для пригнічення бур'янів під нею, це швидкий і простий спосіб прикрасити будь-який простір. Розташувавши велике каміння та маленькі валуни природним чином на гравії ви зробите свою композицію ще цікавішою!

Які рослини посадити між камінням? Зараз покажемо
Очиток - сукулентна рослина, мінімум поливу і максимум сонця - його стихія. Очиток 'Блу спрус' завдяки блакитному відтінку буде перегукуватись з лавандою! усі очитки тут: https://landshaft.info/uk/217-sedum

Молодила ідеально підходять для кам'янистих садів: https://landshaft.info/uk/218-sempervivum Молодило 'Аквіла' в горщику 2л.

Сосна гірська росте повільно, поступово набуваючи подушкоподібної форми. Ось така 'Мугус' у горщику 2л чудово впишеться в композицію: https://landshaft.info/uk/pinus-sosna-landshaft/962-pinus-mugo-var-mughus

Вічнозелена, компактна куляста Хебе виглядає незвично для нашого ока, але вона цілком здатна витримувати морози до -23 і чудово підійде для середземноморської композиції https://landshaft.info/uk/hebe/614-hebe-pinguifolia

Вівсянниця 'Блу Селект' підтримає сизу кольорову гаму, і буде добре почуватися поруч з посухостійкими рослинами, бо і сама відноситься до них https://landshaft.info/uk/kostricya-festuca/1807-vivsianitcia-blu-selekt

Якщо ви серйозно налаштовані створити середземноморську атмосферу - то обов'язково додайте до замовлення юкку 'Колор гард'! В наявності всього 8 штук: https://landshaft.info/uk/yucca/2632-yucca-filamentosa-color-guard-yuka-nitchata-kolor-gard Витримує морози до -30 градусів

Обираючи рослини для відкритих сонячних ділянок і бідних грунтів звісно не забуваємо про ялівці! На фото ялівець віргінський 'Грей Овл' https://landshaft.info/uk/yalivec/631-juniperus-virginiana-grey-owl

Блакитний і низенький - ялівець повзучий 'Блу Форест' https://landshaft.info/uk/yalivec/1071-juniperus-horizontalis-blue-forest

Стрункі кипариси - невід'ємна частина картинки! Але в холодніших регіонах України виростити його буде важко. Маємо для вас морозостійку альтернативу! Формована туя західна 'Смарагд' - тип 'Тоскана'. Викопка зараз не проводиться, але можемо прийняти попереднє замовлення. звертайтесь в особисті (telephone) 0503716996Туя потребує більш родючих та вологих грунтів.

Невід'ємною частиною середземноморського ландшафту неодмінно є Пінія - сосна італійська. Незвична форма дерева заворожує і вражає.

У вас є можливість спробувати виростити сосну італійську - ось такі саджанці в горщику 2л відсилаємо усім бажаючим! https://landshaft.info/uk/pinus-sosna-landshaft/1318-pinus-pinea Проте зважайте, що морозостійкість рослини невисока ( до -17 градусів)
";"Надихнемось атмосферою Середземномор'я і спробуємо розібрати і показати які рослини з нашого асортименту допоможуть створити сад в середземноморському стилі.";"";"";"";"";"";
"77";"1";"2022-07-25 00:00:00";"tipi-pribudinkovikh-teras-ta-yikh-ozdoblennya";"Типи прибудинкових терас та їх оздоблення";"Доброго дня, наші шановні фоловери!
Літо в розпалі, тож усім нам, не дивлячись на сумні обставини, хочеться більше перебувати на свіжому повітрі, посеред живих рослин. Якщо ви щасливий власник заміського будинку, у вас, швидше за все, є тераса. Поговоримо сьогодні про її оздоблення.
 

Традиційна тераса біля заміського будинку. Фото взяті з інтернету.
Тераса – це найчастіше легкий відкритий настил, зазвичай на опорах, хоча іноді під неї заливають фундамент. Вона може примикати до будинку однією чи кількома сторонами. Іноді тераса виконується врівень з підлогою будинку, тобто піднята над землею, але часом вона виглядає як вимощений майданчик врівень з землею. Матеріали мощення можуть бути різними, в залежності від загального стилю оздоблення ділянки: клінкерна цегла, бетонні чи кам’яні плити, гравійна відсипка або терасна дошка…
 

Приклади терас, виконаних урівень із землею. Друге фото від нідерландської компанії Groenregie- дуже вдалий приклад сучасного оздоблення. Фото з інтернету.
Тераса також може бути прибудована і на другому чи третьому поверсі будинку – власне кажучи, балкон – це теж вид тераси. Зустрічаються і відокремлені тераси: скажімо, врізані у крутий схил,  сховані посеред лісу, або розташовані навколо басейну чи водойми (якщо вони вимощені дошкою, такі тераси ще називають дек -  від англійського слова deck, що означає палуба).

Цей будинок має дві тераси: на першому та другому поверхах. Фото з інтернету.

Дек біля басейну також від Groenregie.

Тераса, відокремлена від будинку та розміщена у розарію. Фото з інтернету.
Частіше тераси накривають суцільним дахом або перголою, повністю чи частково, але бувають вони і цілком відкритими. В кліматичних умовах нашої держави, мабуть, доцільно обирати накриту терасу, адже у сильну спеку вона захищає від палючого сонця, у дощову погоду дає можливість сховатися від негоди, та й взимку тут можна посидіти, особливо, якщо спорудити вуличний камін.
 По різному вирішують також питання з огородженням: іноді його роблять, іноді відмовляються від нього. Але, якщо тераса піднята над рівнем землі та не дуже широка, краще зробити огородження, адже існує небезпека падіння…


 Приклади терас з повним або частковим накриттям. На першому фото огородження відсутнє. На другому – досить широка тераса, край якої підкреслено лавою, що і служить за огородження.
Отже, вибір рішення завжди диктується обставинами. Але ясно одне: тераса є дуже корисною спорудою - вона забезпечує перехід з будинку безпосередньо у сад, створює своєрідну буферну зону,  де ти ніби і в приміщенні, а в той же час  - вже у природньому середовищі.
Приємно пити вранішню каву в оточенні рослин, що ніби зазирають до вас! Та чомусь останнім часом доводиться спостерігати, як хазяйновиті будівельники заливають навколо тераси відмостку! Цього робити не варто: тераса не є капітальною спорудою, її конструкція зазвичай легка, тому відмостка, що призвана захищати фундамент від проникнення вологи, не потрібна! Навпаки: краще, щоби навколо вашої тераси був відкритий ґрунт, щоби можна було створити тут міксбордер – змішаний квітник, що складається з чагарників та багаторічних (можна за бажанням додати і однорічних) квітів.
Які ж рослини обрати для оздоблення тераси? Тут треба врахувати декілька факторів. По-перше, зверніть увагу на загальний стиль вашого будинку і саду, адже звісно, що сільський котедж або будинок з традиційного зрубу вимагатимуть трохи інших рішень, ніж модерновий будинок зі скла та бетону.

Чудовий приклад сучасного мінімалістичного рішення озеленення тераси з використанням карликових хвойних (гірськи сосни), листяних кущів та багаторічних рослин (півник сибірський) від британської компанії Rosebank Landscaping. Malvern-Hills Contemporary Garden byMattKeightleyandRosebank Landscaping. Photography by Marianna Majerus.

 
Типовий американський котедж з традиційним озелененням. Фото взяте з інтернету. 
Далі треба визначити, на яку сторону світу зорієнтовано вашу терасу. Адже підбір рослин дуже залежить від того, переважає тут сонце чи тінь. Більшість рослин добре ростуть на відкритому сонці , але є дуже великий перелік таких, що краще почуватимуться в напівтіні або навіть вимагають повної тіні: наприклад, серед хвойних рослин це тис ягідний, серед кущів – магонія падуболиста, рододендрони, деякі види гортензій, серед багаторічників – папороті і хости…

Лаконічне рішення для тіньової сторони: у задньому ярусі - живопліт з тису ягідного (можуть бути використані також вічнозелені лавровишня, падуб), на передньому плані можна висадити кущі бирючини, самшиту, кизильнику блискучого. Оригінально в такий ситуації виглядатимуть, наприклад, кущі дерену Elegantissima: листя з білою каймою восені стануть багряними, а взимку яскраво червоні стовбури виділятимуться на темній зелені хвої.
Звичайно, багато на що вплинуть розміри як самої тераси, так і ділянки землі біля неї, та й усього саду. Скажімо, якщо полоса ґрунту біля тераси вузенька, доведеться обирати невеличкі кущики: наприклад, карликові сорти барбарисів, спірей, бруслини Форчуна, кизильники Дамера або гібридні, перстач, стефанандру,  ґрунтопокривні сорти  троянд… Якщо ж тераса велика і землі біля неї достатньо, можна обирати і досить великі кущі: спіреї Вангута або сіру, барбариси, гортензії деревовидні, волотисті або крупнолистні, троянди груп флорібунда або паркові…

Невисока тераса біля маленького будиночку. Її можна підбити ялівцем невисоких сортів, але можна використати і карликові види барбарису, спіреї японські, перстач (лапчатку) та інші види рослин, наведені у статті.


 
Різновиди гортензій біля тераси – запорука незмінного вау-ефекту!

Гарно виглядатимуть композиції, в яких вільні форми рослин сполучуються зі стриженими. Додавання багаторічних квітів пом’якшить монументальність стрижених форм. Фото з інтернету.


Велика тераса біля великого будинку. В оздобленні використані виноград п’ятилисточковий, троянди, плечисті та паркові, барбарис сорту Ред Рокет, шавлія лікарська, лаванда. Фото автора.
 Не забудьте і про виткі рослини, якщо накриття вашої тераси тримається на стовпчиках. Але врахуйте особливості деяких ліан: скажімо, вістерія (гліцинія) або кампсіс (бігнонія) в сприятливих умовах можуть поводитися досить агресивно, їхня вага може швидко стати значною і призвести до руйнування даху! Тому, якщо вам вже дуже хочеться мати в себе ці ліани, будьте готові до регулярних формувальних обрізок та постійної боротьби з порослю. Можливо, варто зупинитися на менших за розміром, але теж ефектних ліанах, таких, як сортові клематис або жимолость (капріфоль, Ауреоретікулата), ампелопсис, плетисті троянди…
Не забудьте доповнити свій квітник багаторічними квітами, цибулинними рослинами, адже вони дозволять створити картинку, що змінюватиметься від ранньої весни до пізньої осені! Якщо ви не страждаєте на алергію, можна створити навколо тераси сад ароматів, висадивши різні сорти м’яти, чабрецю, розмарин, мелісу, материнку, шавлію, лаванду…

Отже, перелік рослин для оздоблення тераси величезний! Але «є одне але»: не намагайтеся використати в своєму квітнику усі рослини, які вам сподобалися у садовому центрі! По-перше, маєте великий шанс отримати справжній «вінегрет» - негармонійне поєднання кольорів, надто яскраві і строкаті сполучення.  По – друге, зважте свої сили: чи ви зможете приділяти своєму квітнику достатньо уваги? Чи доглядатимете його самі, чи звертатиметесь до послуг садівника?
Зараз існують рішення, що допоможуть отримати квітник «малого догляду»: використання невибагливих рослин, що добре почуваються в місцевих умовах, не є надто агресивними, або, навпаки, надмірно ніжними; використання обмеженого асортименту рослин, що дозволяє суттєво спростити догляд за ними – адже легше, коли рослини одного виду та сорту, висаджені в групу, одночасно стрижуться, наприклад.  Звісно, щоби отримати грамотний підбір рослин, краще все ж таки звернутися до фахівця ландшафтної галузі.
Отже, ми з вами роздивилися варіанти оздоблення терас, до яких безпосередньо підступає земля. А що ж робити, якщо ваші будівельники все ж таки залили навколо тераси бетонну відмостку, і тепер ви сидите на голому незатишному майданчику? Або, якщо ваша тераса не має виходу на землю – це швидше балкон, великий або менший? Або у вашому розпорядженні просто шматок даху, а ви мрієте про сад? Що ж, існують свої прийомиі для таких випадків.  Але про це ми з вами поговоримо наступним разом.
 
 
 
 
   Автор статті: Марина Литвинович, ландшафтний архітектор. Для "Зелених Янголів"";"";"";"";"";"";"";
"78";"1";"2022-07-29 00:00:00";"cikava-ta-dekorativna-khebe-tovstolista";"Цікава та декоративна - Хебе товстолиста";"Хебе - чудова карликова вічнозелена рослина, яка утворює невисокі та щільні купини з маленького інтенсивно сизо-зеленого листя. Близьким родичем хебе вважається всім відома Вероніка (Veronica), тому її також називають Shrubby veronica (чагарникова вероніка).

Низька розлога форма хебе чудово підходить для використання її в якості грунтопокривної рослини та для утворення низьких бордюрів. Також хебе можна висадити під низькими вікнами, вона відмінно впишеться у невеликий міський сад в композиції з іншими рослинами.

Приклад використання хебе у ландшафтному дизайні прибудинкового саду 

До речі, хебе може цвісти влітку і це справді вражаюче видовище! Її білі квіти неймовірно виглядають на фоні сизуватого листя!

Втім, хебе виглядає прекрасно в будь-який сезон!

Хебе - практично обов'язкова рослина для декоративних композицій у горщиках, які зустрічаються в садах, патіо, на терасах кафе та у вестибюлях готелів. Переваг багато - Hebe росте повільно, пагонів багато, листя вічнозелене, густо розташоване на пагонах. Плюс до цього – невибагливість та невибагливість до ґрунтів.

Хебе, висаджнене в горщик наодинці теж виглядатиме ефектно! Дуже зручно мати набір рослин у декоративних кашпо - при потребі їх можна легко перенести туди, де б ви хотіли додати потрібний ацкент, а ще їх можна забирати на зимівлю в будинок.
Граний набір рослин (включає хебе) знайдете тут: Набір рослин Адріатика


Якщо традиційні горщики вам здаються нудними, то можна спробувати створити кокедама з хебе. Кокедама – молодий напрямок у японському мистецтві бонсай, що зародився кілька десятків років тому. У перекладі слово означає «куля з моху». Якщо коротко - то це вирощування домашніх культур не в горщиках, а в кулях з моху, в яких заховано грунт та кореневу систему рослини.

Розкажемо трохи про умови для вирощування та догляду за хебе товстолистою:

хебе полюбляє сонячні місця, але буде рости і в злегка затінених
грунт повинен бути зволоженим, але добре дренованим.
хебе товстолиста - це один із найморозостійкіших видів (витримує до -23 градусів), який буде зимувати на території України. Просто знайдіть йому захищене від протягів місце, зробіть мульчування коренів, а в люті зими забезпечте легке укриття.
хебе чудово росте в прибережних зонах.
хебе не потребує формуючих стрижок.

";"Сьогодні детально розглянемо цікаву декоративну рослину - Хебе товстолисту";"";"";"";"";"";
"79";"1";"2022-08-12 00:00:00";"pro-vidriti-napivvidkriti-terasi-ta-terasi-na-skhilakh";"Про відриті, напіввідкриті тераси та тераси на схилах.";"Наші вітання, шановні фоловери!
Минулого разу ми говорили з вами про тераси, і сьогодні продовжимо розмову.
Ми розглянули переважно варіанти оздоблення терас, що примикають до будинків у вигляді легких настилів, спертих на стовпчики.  Але часто зустрічаються іншого типу тераси - відкриті з усіх боків чи напіввідкриті горизонтальні або трохи нахилені майданчики на природному більш-менш крутому схилі. Якщо вони утворюються за рахунок підпірних стін зі зворотною засипкою ґрунту, на таких терасах можна висаджувати рослини просто у запроектовані заздалегідь отвори – їх іноді називають «кишенями».
Розглянемо декілька прикладів терас такого типу. Їх створення обумовлене особливостями рельєфу, перепадами висот. Але прийоми озеленення використані дуже різні, відповідно до вимог архітектури.

Ця чудова тераса біля будинку у Тосканському регіоні Італії – приклад гарного поєднання старовинної архітектури та сучасних рішень в посадках. У ґрунтові кишені висаджено кілька великих дерев для створення тіні та посухостійки багаторічники. Вишукані поєднання кольорів, аромати трав, виткі троянди, що чіпляються за стару кладку – все це створює справжню ландшафтну симфонію та робить перебування на терасі комфортним і приємним…
До речі, практично всі рослини, що ви бачите на фото, доступні для вирощування в кліматичних умовах України.
Фото з інтернету


Ця велика тераса більш ніж на 2 м піднята над землею за допомогою підпірних стін. В мощенні запроектовано декілька великих кишень для висадки рослин. Архітектура будинку має риси італійського або іспанського палацу. У озелененні використані троянди, лаванда, стрижений самшит, гортензії – все це посилює атмосферу спекотного літа! Дивлячись на фото, можна подумати, що будинок розташовано десь в зоні Середземномор’я, насправді ж він знаходиться під Києвом. Авторка проєкту М. Литвинович, виконання компанії LD Group.
 

Господарі цього будинку захоплені мистецтвом та філософією Далекого Сходу і мріяли про оздоблення своєї тераси у відповідному стилі. Для створення колориту японського саду архітекторка використала каміння та висадила декілька так званих «нівакі», тобто дерев, яким за допомогою стрижки надано певної характерної форми. Доповнюють композицію клени віялові, моховинка, ірис сибірський, злаки…
На цих фото можна роздивитися складний процес створення композиції з камінням та рослинами.

А це вже готова композиція. Авторка проекту М. Дмітрієва, м. Київ
Можливо вам здається, що наведені приклади швидше відносяться до будинків класу лакшері: тераси великі, зі складною інженерною підготовкою, великою кількістю рослин… Та це не означає, що володарю невеличкого заміського будиночку подібні рішення недоступні.
Навіть якщо ваша тераса невеличка, її можна оздобити вишукано та зі смаком. Але тут дуже важливо притримуватися правила, про яке ми говорили минулого разу: не використовувати надто широкий асортимент рослин, особливо, якщо площа тераси мала.
Іноді дуже важко стримати себе, коли бачиш неймовірне різноманіття рослин на садовому центрі! Та якраз невелика площа тераси змусить вас прийняти обмеження, ретельно відсортувати та відібрати ті декілька позицій, що дійсно варто використати для створення почуття гармонії та затишку.  Адже іноді зібрані разом декілька сортів чагарників з різнобарвним листям вносять повну сум’ятицю  у сприйняття простору,роблять оздоблення крикливим та вульгарним. Якщо ви не дуже впевнені, що добре знаєтеся на колористиці, краще звернутися до фахівців ландшафтної галузі.

Приклад мінімалістичного оздоблення тераси за допомогою злаку одного виду і сорту. В даному випадку використаний пенісетум (пір’ястощетинник) лисохвостий. Фото з інтернету.


Оздоблення тераси за допомогою злаків та багаторічників – елегантне рішення від британського ландшафтного архітектора Ентоні Пола. Фото з інтернету. 


Багаторічні рослини - гарне рішення для невеличкого простору тераси. Фото з інтернету. 
Багаторічні рослини незамінні, якщо ви хочете отримати декоративність від ранньої весни до пізньої осені! Але не варто відмовлятися і від чагарників. Якщо ж ви оберете вічнозелені форми листяних та хвойні карликові рослини, то матимете всесезонну декоративність!
 
На цих фото - справжній зразок професійної роботи архітекторів! На світлині ліворуч – зона вогнища, облаштована на невеличкій терасі. Робота американського ландшафтного арх. Метью Канінгема. На фотографії праворуч можна побачити, як рослинність ніби захоплює простір зовсім крихітної тераси, виповзаючи на поверхню мощення.  Фото з інтернету. 

Зверніть увагу: усі тераси, про які ми сьогодні говоримо, і що їх ви бачите на фото, не мають накриття, або накриті лише частково. Тобто рослини тут практично живуть у природніх умовах: висаджені у ґрунт, отримують достатньо сонячного світла та живлення.
Отже, якщо ваша тераса спирається на підпірні стіни,  під її покриттям є достатній шар ґрунту, а зверху вона не накрита, то вам нічого не заважає висадити на ній навіть дерева! Це може бути або солітер або декілька екземплярів одного сорту – тут знову все залежить від площі тераси, розмірів будинку та самого дерева.
 

Приклади сучасних терас, в мощення яких висаджені дерева. Фото з інтернету.
Якщо на вашій терасі є кишені для витких рослин, скористуйтеся нагодою прикрасити свій фасад зеленню! Асортимент ліан досить широкий, як для сонячної, так і для тіньової експозиції. На сонці чудово почуваються вістерія, кампсіс, клематис (ломиніс, княжики), плетисті троянди, актинідія, жимолості, дівочий виноград тризагострений Віча та інші. Жимолості, виноград, а також деякі види клематисів, до речі, непогано переносять притінення, а в тіні можна використовувати аристолохію (кірказон), гортензію черешкову та різновиди плюща.

Тераса в одному з британських маєтків розташована над водоймою. В  оздобленні звертають на себе увагу виткі рослини, що майже заплели стіни будинку. Важко по фото точно назвати вид, швидше за все це вістерія (гліцинія), можливо кампсіс. Знизу по більш міцній ліані піднімається клематис. Використані також різноманітні чагарники, частина з яких природньої форми, а частина (самшит) застрижена. 
Фото з інтернету.
Іноді зустрічаються ситуації, коли у зону тераси потрапляють великі існуючи дерева.  Насправді, це просто величезна удача, адже велике дерево створює багато тіні! А якщо це дерево має ще й гарний силует, цікаве забарвлення кори або листя, то воно може стати окрасою всієї ділянки, акцентом, що приковує увагу!
Але у таких випадках треба працювати дуже обережно і з величезною повагою до захисту цих дерев, їх кореневої системи та стовбура. Адже, підходячи до них мощенням, можна суттєво нашкодити дереву. Добре, що зараз існують технології, що дозволяють зберегти і підживлювати  такі рослини.
 
Судячи з характеру рослинності, фото виконані в країні з досить спекотним кліматом. Тож мешканці будинку мають радіти наявності такого велетня на своїй терасі!

«Мешканцем» тераси може стати старе плодове дерево. Хоча в даному випадку отвір для стовбура мав би бути більшім. Фото з інтернету.


Гарний приклад обережної роботи з існуючими деревами у зоні тераси. Арх. О. Асташкіна. Фото взяті з інтернету.
Отже, підведемо підсумки. Тераса, що розташована на схилі, утворена за рахунок підпірних стін та зворотньої засипки ґрунту – то майже ідеальний варіант! Адже на ній можна висаджувати рослини практично усіх груп: дерева, чагарники, багаторічники… Обмеження залежать лише від розмірів тераси та будинку. Тому не лякайтеся ділянок з перепадами рельєфу – їх завжди можна обіграти на вашу користь і отримати чудовий результат!
А наступним разом ми, як було обіцяно, поговоримо про оздоблення терас, під котрими немає шару ґрунта, а також балконів.
 
   Автор статті: 
Марина Литвинович, ландшафтний архітектор. Для "Зелених Янголів"";"";"";"";"";"";"";
"80";"1";"2022-09-13 00:00:00";"ozelenennya-balkoniv-ta-lodzhij-za-dopomogoyu-kontejnernoyi-visadki";"Озеленення балконів та лоджій за допомогою контейнерної висадки";"Вітання, шановні фоловери!
У попередніх частинах нашої розмови про озеленення терас  ми обговорили ситуації, коли рослини висаджуються у відкритий ґрунт. Такі випадки можна вважати ідеальними, адже коренева система рослини отримує усі необхідні поживні речовини та вологу!
На жаль, не кожному з нас пощастило мати таку терасу, ба більше – не в кожного є навіть крихітний заміський будинок J ! Більшість з нас – в’язні міських багатоповерхівок, та нам теж хочеться пити каву у власному садочку, хоч би він і був  розташований хіба на балконі або лоджії! Ось про їх озеленення ми й поговоримо. Адже вони і є ті самі тераси, які або тримаються на виступаючих зі стін балках (балкони) або втоплені  усередину будинку та все ж таки мають відкриту передню сторону (лоджія).

Фото з інтернету
Зрозуміло, що в цьому випадку нам доведеться використовувати так звані контейнерні висадки, і догляд за рослинами ускладніться цілим рядом обставин.  Хоча, звісно, справжньому садоводу складнощі не завадять зайнятися улюбленою справою за любої нагоди!
Не секрет, що балкони наших будинків рідко виглядають привабливими. Завалені старим непотребом, вони рідко використовуються для справжнього відпочинку. А шкода! Адже в усьому світі балкони створюються для релаксу і задоволення.
Пропонуємо вашій увазі декілька фото терас, оздоблених за проектами американської  компанії BROOK-LANDSCAPE, що працює як в США, так і в Британії. Передивіться уважно ці фото, зверніть увагу на деталі оздоблення: контейнери, ящики, горщики, меблі, ліхтарі та свічники – адже власне ці деталі створюють приємну атмосферу для відпочинку.


Такі тераси в нас можна знайти або в старих міських будинках, або в пентхаусах елітних новобудов. Хоча фото зроблене у Британії, в  озелененні використані рослини, які чудово почуваються і в нас: скумпія («перукове дерево»), різновиди гортензій, непета (котяча м’ята), інші багаторічники і трави – набір рослин для лінивих J Пергола над виходом підтримує ліану (гліцинія). Загальне відчуття гармонії та умиротворення панує тут…


Від вулиці ця тераса прикрита грабами, застриженими у формі шпалери та висадженими у досить великі ящики.Також використані скумпія, гортензії, витки троянди, граби знизу підбиті осокою та стахісом. Дуже затишно!

4 самшити та клен віяловий. Агава у великому контейнері та кактус на столику винесені з квартири. Лаконічно, строго і якось дуже по-чоловічому, чи вам не здається?

Церціс – невеличке деревце, що навесні вкривається пурпуровими квітами - висаджений у великий контейнер. З завжди зеленого – кущик самшиту і невеличкий ялівець. З багаторічників  - астранція, красоднев (лілійник), нерета, анемона…Невибагливі, неяскраві, вишукані…

Тут знову самшит, гортензія, деревце на задньому плані – швидше за все, якійсь різновид сливи. Знову ліани? По стіні повзе дівочий виноград, а назустріч йому піднімається кампсіс або вістерія…

У великому контейнері ірга, поряд гортензія, у ящиках нерета, вербена бонарська та злаки.

У великих контейнерах - багатостовбурні берези (це може бути береза корисна або чорна), декілька самшитів у формі куль різного розміру. Дуже строга, але виразна композиція.
Зверніть увагу: архітектори компанії працюють з досить обмеженим набором рослин, але отримують різні результати. Це досягається ретельною проробкою деталей, підбором меблів, горщиків та контейнерів, аксесуарів, використанням нейтральних кольорів, на тлі яких зелень виглядає свіжо і яскраво…  Рослини підібрані максимально невибагливі, хоча, звичайно, і вони потребують турботи: дерева, кущі, ліани доведеться підстригати, щоби стримувати їх ріст, та підгодовувати, адже ґрунт у контейнерах  з часом виснажується.  Але в цілому такій набір рослин дозволить вам не витрачати багато часу на підтримку їхньої життєдіяльності.
Отже, якщо ваш балкон має достатню площу, щоби розмістити тут декілька досить великих контейнерів, вас можна привітати!  Ви зможете висадити в себе навіть невеличке дерево! Але не переборщіть! Адже 1 кубічний метр чорнозему може важити у сухому вигляді від 770 кг і більше, а политий – і півтори тони! Додайте вагу самого контейнеру та дерева в ньому! Невірний розрахунок – і конструкції балкона можуть не витримати, та ви разом зі своїм садом опинитеся у гостях в сусіда з нижнього поверху, при тому, без запрошення J! Тож краще зверніться до фахівців, які допоможуть вам підібрати рослини, а також контейнери, меблі, аксесуари, порадять, як обрати спеціальні легкі субстрати для висадки, як поливати та підживлювати ваш сад на терасі.
Ви знову можете сказати, що ось, ми використовуємо приклади великих терас в елітному житлі… Та в нас є поради і для власників невеличких балконів. До речі, асортимент рослин не дуже відрізнятиметься: до ваших послуг завжди гортензії та троянди, самшит, ялівці або кипарисовики карликових форм. Можна висадити кизильники, барбариси (з обережністю, аби не поколотися), перстач (лапчатку), хеномелес. Не варто, мабуть, експериментувати з туєю, або треба продумати, куди висадити деревце, коли воно підросте.
Хвойні і вічнозелені дерева та кущі взагалі вимагають до себе більшої уваги, якщо вирощуються у контейнерах. Адже вони випаровують вологу і взимку, тому їх необхідно підливати під час відлиги.

Цей балкон невеликий, але виглядає затишно і привітно, чи не так? Фото з інтернету.

Дерев’яні ящики з композицією з багаторічників та злаків, здатних переносити тінь. Дуже сучасно та екологічно, при цьому привабливо.
Отже, ми довели – сад може існувати практично на любому балконі!
Але наше перше питання – з чого почати? Звісно, для початку треба розгребти мотлох, що накопичувався на балконі роками, а звільнену територію ретельно дослідити J Які розміри вашого балкону? На яку сторону світу він орієнтований? Сонце палить тут цілий день чи майже ніколи не зазирає? На якому поверсі ваш балкон? Наскільки сильне вітрове навантаження? Огородження решітчасте чи суцільне? Чи засклений ваш балкон? Не останню роль грає і те, чим ви збираєтеся займатися на балконі: тільки відпочивати чи все ж таки розвішувати білизну на просушку, складати консервацію, працювати з ноутбуком або майструвати за верстатом…  Успіх нашого озеленення залежить від усіх цих факторів, тому врахуйте їх обов’язково!
Засклена лоджія або балкон з одного боку захищають від вітру, але в спекотну погоду вони сприяють виникненню парникового ефекту: сполучення високої температури та вологості. Від цього з’являються деякі шкідники та хвороби, зокрема, грибкові. Тому треба стежити, щоби рами відкривалися для провітрювання.
Якщо ж балкон чи лоджія не засклені, слід враховувати вітрове навантаження, адже чим вище поверхом ваш балкон, тим сильніші вітри, а рослини геть не люблять протягів! Доведеться думати, як убезпечити за допомогою огороджень і рослини, і себе, до речі  J! Роздивіться уважніше наші світлини ще раз – ви знайдете декілька цікавих ідей для створення таких захисних щитів.
Одразу скажемо: якщо результати обстеження вас не порадують (балкончик занадто маленький, наприклад), не варто сумувати з цього приводу.  Адже ваші домашні квіти тільки зрадіють, якщо в теплу пору року ви їх «вигуляєте» на свіжому повітрі J Але, звичайно, треба врахувати загальну освітленість та підготувати місця для кашпо з квітами: стелаж, тумбу, столик,  ковану підставку або навісні полички…

Навіть на цьому крихітному балкончику свіжа зелень кімнатних квітів створює гармонійну атмосферу. Рослини у кашпо досить ті невитривалі, тож можна зробити висновок, що на цьому балконі переважно панує тінь. Фото з інтернету.

Кімнатні квіти на цьому фото здебільшого походять з вологих та теплих місць. Тож разом зі статуеткою Будди вони створюють атмосферу південно-східної Азії. Не здивує, якщо господарі цієї квартири захоплені філософією Сходу та практикують йогу.  Фото з інтернету.
 
Ще один приклад використання кімнатних рослин в оздобленні балкона. Фото з інтернету.
Не варто забувати і про однорічні рослини,  які широко використовують для озеленення балконів зокрема у країнах Середземномор’я, та й по всій Європі. Балкони, розташовані на сонячній стороні  та прикрашені буйно квітучими петуніями або пеларгоніями, виглядають дуже привабливо! Але слід пам’ятати про постійний полив, прибирання засохлих квітів та гілок, підживлення… Адже тільки за таких умов ви отримуєте результат, як на приведених фото.

Приклади озеленення балконів за допомогою однорічних рослин. Використані, окрім пеларгоній, бакопи, кампанули, гвоздички, лобелії  та інші однорічні квіти. Фото з інтернету.
Пам’ятаймо однак, що озеленення за допомогою однорічників досить затратне. Кожної весни вам доведеться заново купувати квіти на заміну минулорічним, а іноді і не один раз за літо. Адже петунія, наприклад, втратить декоративність наприкінці літа, та вам доведеться думати, чим її замінити . Добре, що наразі це не проблема, адже на садових центрах вам запропонують гарні кущики хризантем.  Та чи зрадіє від цього ваш гаманець? І чи вистачить вам сил та часу на щоденний догляд за рослинами?
Отже, ви бачите, що сад навіть на маленькому балконі,  у різному вигляді, але може існувати.  І не виправдовуйте власні лінощі нестачою місця. Адже пригадаймо кілера Леона, що створив свій сад з єдиної рослини – аглаонеми у горщику.  Достатньо лише самої любові…
 
Тож будьте, як Леон! (Ні – ні, тільки не вбивайте нікого… Ну хіба доведеться самі знаєте, кого J )
А наступним разом наші поради для власників кафе з відкритими майданчиками – як зробити їх затишними та створити ілюзію перебування на природі навіть у пильних та задушливих містах.
 
 
 
 

 Автор статті: Марина Литвинович, ландшафтний архітектор. Для "Зелених Янголів"";"";"";"";"";"";"";