id;parent_id;name;description;slug;link_rewrite;active;position;meta_title;meta_desc;
"3";"2";"Каталог товарів";"Наші рослини сміливо висаджуйте в будь-яку пору року, і навіть влітку!

Розсадник «Зелені Янголи» пропонує широкий асортимент рослин власного виробництва. Всі наші рослини адаптовані до українських кліматичних умов та високої якості.
Купуйте рослини з доставкою в будь-яку точку України!  Спеціальна упаковка, якість якої підтверджено тисячами успішно доставлених рослин дозволяє пересилати рослини навіть влітку.
Наша технологія вирощування рослин забезпечує швидку адаптацію на новому місці  та уникнення стресу при пересадці !

Дізнатись більше     Інструкція по пересадці

Вітаємо всіх любителів рослин!";"3-roslyny";"roslyny";"1";"0";"Каталог товарів та рослин";"Каталог товарів та рослин розсадника "Зелені Янголи"  власного виробництва в Ужгороді з доставкою по Україні по низькій ціні";
"42";"3";"Хвойні дерева та кущі";"Хвойні рослини мають велику цінність для ландшафтного дизайну – їх вічнозелена хвоя завдяки мутаціям і селективному виведенню набуває різноманітних відтінків – від зелено-блакитного до золотисто-жовтого. Хвойні використовуються як окремі рослини, у формуванні живих загорож, карликові види чагарників також використовуються як грунтоукривні рослини. Більшість видів декоративних хвойних рослин добре гармонують як з зеленим газоном так і з кам’янистими елементами дизайну, а також з штучними та природними водоймами.
Розсадник «Зелені янголи» пропонує широкий асортимент хвойних рослин як у контейнерах так і викопні з грунту рослини, які завдяки сучасній технології пакування можуть пересаджуватися не тільки навесні і восени, а і у літній період за умови швидкої доставки. Весь асортимент саджанців і повномірів хвойної продукції нашого виробництва за найнижчими цінами може бути доставлений в будь-яку точку України!";"42-conifers";"conifers";"1";"0";"Хвойні дерева та кущі";"Хвойні дерева та кущі: туї, ялівці, кипарисовики, ялини, ялиці, модрини, сони. Листопадні та вічнозелені.";
"1353";"42";"Араукарія (Araucaria)";"";"1353-araucaria";"araucaria";"1";"0";"Араукарія (Araucaria)";"Араукарія (Araucaria)";
"332";"42";"Гінкго дволопатеве (Ginkgo biloba)";"Гінкго білоба — реліктова рослина, яку часто називають живою копалиною. Це єдиний сучасний представник класу Гінкгові (Ginkgoopsida), єдиного в відділі Гінкгоподібних. Листопадне, двудомне дерево, що досягає 30-45 м заввишки, зі струнким коричнево-сірим стовбуром. ";"332-ginkgo-dvolopateve-ginkgo-biloba";"ginkgo-dvolopateve-ginkgo-biloba";"1";"1";"Гінкго дволопатеве, Ginkgo biloba,  Гінкго білоба";"Гінкго дволопатеве, гінкго білоба. Купити саджанці та повноміри за низькою ціною в Ужгороді з доставкою у Київ, Харків, Львів, Луцьк, Івано-Франківськ, Житомир, Вінниця, Полтава, Чернігів, Харків, Запоріжжя, Одесу, Херсон, Дніпро, Хмельницький...";
"1259";"42";"Подокарпус (Podocarpus)";"";"1259-podocarpus";"podocarpus";"0";"2";"Подокарпус (Podocarpus)";"Подокарпус, подокарп  (Podocarpus)";
"281";"42";"Кедр (Cedrus ) ";"Кедр – рід вічнозелених однодомних хвойних дерев з родини соснових. Розповсюджене в природі в південних гірських районах Середземномор’я і в західних районах Гімалаїв. Морозостійкість цього роду дерев близько -25°С. Завдяки своїй декоративності кедри цінні для паркових насаджень, як групових так і одиночних. Особливо ціняться кедри з голубим відтінком хвої. Хвоя кедрів голковидна, жорстка і колюча, зібрана в пучках по 30-40 голок. 
Через помилки під назвою кедр відомо ще кілька видів хвойних дерев, серед них «сибірський кедр» - сосна сибірська, «канадський червоний кедр»-туя складчаста, «канадський білий кедр» - туя західна, «східний червоний кедр» - ялівець віргінський, «аляскинський жовтий кедр» - кипарис нутканський, «іспанський кедр» - взагалі покритонасінне дерево цедрела духм’яна. 
Також цікавим є факт, що насіння справжніх кедрів є неїстівним, його не їдять навіть гризуни через високу кількість смол. Також недавні дослідження довели, що кедри є більш давніми і базальними ніж сосни, проте незважаючи на цей факт кедри і сосни є дуже спорідненими рослинами.
";"281-kedr-cedrus";"kedr-cedrus";"1";"3";"Кедр (Cedrus)";"Кедр (Cedrus)";
"299";"42";"Кипарис (Cupressus)";"Опис кипариса
Кипарис це рід вічнозелених дерев з колоновидною кроною з родини кипарисових. Усі відомі види кипариса мають дуже давню історію і походять з початку кайнозойської ери. В теперішній час кипариси поширені у тропічних і субтропічних поясах північної півкулі – в північній Америці, Африці, Європі, Азії.
Кипарис у ландшафтному дизайні
Кипарис широко використовується у ландшафтному дизайні для формування живоплотів, для цього добре підходить кипарис вічнозелений. В південних районах вічнозелений кипарис часто використовується для озеленення кладовищ через темно-зелений похмурий відтінок його хвої.
Особливості вирощування кипариса

Кипарис погано переносить морози, відрізняється стійкістю до перезволоження грунту, сонцелюбивий, але для молодих кипарисів краще підійде затінок. В молодому віці для хорошого росту добре підживлювати кипарис комплексними добривами для хвойних або універсальними добривами.
Купити саджанці кипариса 
в Ужгороді або з доставкою по Україні в  Одесу, Херсон, Дніпро, Запоріжжя та інші міста";"299-kiparis-cupressus";"kiparis-cupressus";"1";"4";"Кипарис (Cupressus)";"Кипарис (Cupressus) хвойне вічнозелене дерево";
"160";"42";"Кипарисовик (Chamaecyparis)";"Кипарисовик –  хвойне дерево, нагадує тую. Кипарисовики дуже різноманітні за кольором – є різновиди з голубою хвоєю, різних відтінків зеленого і аж до жовтого. В залежності від сорту гілки кипарисовика можуть мати різну форму. Для висаджування кипарисовика слід обирати добре освітлені місця, хоча він переносить і легке затінення. Необхідною умовою швидкого росту є родючий грунт та невисокий рівень грунтових вод.
Купити кипарисовик
В розсаднику ландшафт центру «Зелені Янголи» ви можете купити як невеличкі саджанці в контейнерах, так і більш дорослі рослини повноміри з грунту, котрі завдяки нашій технології пакування можуть бути доставлені по Україні і гарантовано приживуться на новому місці.
Обираючи продукцію ландшафт центру «Зелені Янголи» ви гарантовано отримаєте найкращі ціни, якісний сервіс та доставку по Україні в найкоротший термін.
Ви можете купити саджанці та повноміри кипарисовика за найнижчою ціною в Ужгороді або замовити з доставкою у Київ, Харків, Львів, Луцьк, Івано-Франківськ, Житомир, Вінниця, Полтава, Чернігів, Харків, Запоріжжя, Одесу, Херсон, Дніпро, Хмельницький та інші міста.";"160-kiparisovik";"kiparisovik";"1";"5";"Кипарисовики (Chamaecyparis)";"Кипарисовики-дерево з колонивидною кроною. Купити саджанці та повноміри за низькою ціною в Ужгороді з доставкою у Київ, Харків, Львів, Луцьк, Івано-Франківськ, Житомир, Вінниця, Полтава, Чернігів, Харків, Запоріжжя, Одесу, Херсон, Дніпро, Хмельницький...";
"257";"42";"Криптомерія (Cryptomeria)";"Криптомерія – рід хвойних вічнозелених дерев родини кипарисових. Єдиним представником роду є криптомерія японська (заст. японський кедр). Є національним деревом Японії. Рослина є ендеміком Японії і Китаю де утворює в горах чисті насадження. Вирощується в садах і парках в районах достатньо теплих (морозостійкість – зона 6  -18-22⁰С). Дерево з конічною кроною і струнким стовбуром, сягає у висоту до 40 метрів. Найстаріше відоме дерево має вік близько 3000 років. Хвоя блідо-зелена, розміщена в 5 рядів спірально. Декоративні садові форми використовуються для створення живих загорож, паркового озеленення а також для створення бонсай. Рослина теплолюбива, потребує добре зволожені але гарно дреновані і кислі грунти. Під час посух обсипається хвоя. Взимку потребує вологого повітря.";"257-cryptomeria";"cryptomeria";"1";"6";"Криптомерія (Cryptomeria)";"Криптомерія (Cryptomeria) Криптомерія – рід хвойних вічнозелених дерев родини кипарисових.";
"365";"42";"Кунінгамія (Cunninghamia)";"";"365-cunninghamia";"cunninghamia";"0";"7";"Кунінгамія (Cunninghamia)";"Кунінгамія (Cunninghamia)";
"274";"42";"Купресоципарис (Cupressocyparis)";"Купресоципарис – багаторічне вічнозелене хвойне дерево. В залежності від сорту вирізняється своїм яскравим забарвленням. Його плоскі віялоподібні гілки досить сильно відходять вбік від стовбура. Легкий в догляді та вирощуванні. До грунту не вибагливий, може зростати на нейтральних грунтах. Як всі хвойні полюбляє трохи підкислені та добре дреновані грунти. Чудово підходить для живоплотів. ";"274-kupresociparis-cupressocyparis";"kupresociparis-cupressocyparis";"1";"8";"Купресоципарис (Cupressocyparis)";"Купресоципариси Лейланда від виробника за низькими цінами";
"333";"42";"Метасеквойя китайська (Metasequoia glyptostroboides)";"Метасеквойя китайська (Metasequoia glyptostroboides). Протягом століть вважалося, що метасеквойя залишилася тільки в скам'янілостях, як трилобіти. Але в 1941 з Китаю було вивезено декілька живих екземплярів для ботанічних і комерційних потреб.Виявилося, що це чудове дерево дуже швидко росте і гарно розмножується.";"333-metasekvojya";"metasekvojya";"1";"9";"Метасеквойя китайська";"Метасеквойя китайська. Купити саджанці та повноміри за низькою ціною в Ужгороді з доставкою у Київ, Харків, Львів, Луцьк, Івано-Франківськ, Житомир, Вінниця, Полтава, Чернігів, Харків, Запоріжжя, Одесу, Херсон, Дніпро, Хмельницький...";
"260";"42";"Мікробіота (Microbiota)";"Мікробіота – однодомний чагарник родини кипарисових. Являється єдиним ендемічним (з обмеженим природним ареалом) родом хвойних на території Росії. Походить з вулканічного поля Сіхоте-Алінь на території Хабаровського і Приморського країв РФ. Мікробіота занесена в Червону Книгу РФ як вид чисельність котрого скорочується. Перехреснопара мікробіота отримала свою назву від розположення чешуйок і шишок. Префікс «мікро» додався до слова «біота» тому, що рослина дуже схожа на Platycladus orientalis (відомому як біота), котрий зустрічається набагато південніше в Китаї.
В ландшафтному дизайні високо цінуються декоративні якості перехснопарої мікробіоти. Цей чагарник стелиться по землі, в природі утворюючи важкопрохідні ділянки. Хвоя лусковидна, овальної форми, близько 2 мм довжиною. На внутрішніх гілках голчаста. Взимку під снігом хвоя рослини буріє.
Також рослина характеризується високою морозостійкістю та повільним ростом. Вік деяких екземплярів мікробіоти сягає до 100 років.";"260-microbiota";"microbiota";"0";"10";"Мікробіота (Microbiota)";"Мікробіота (Microbiota) - хвойный кустарник семейства кипарисовых";
"265";"42";"Модрина (Larix)";"Особливості модрини
Модрина (Larix) – листопадне хвойне однодомне дерево з родини соснових. Зустрічається на приполярних низовинах Аляски, Канади та Росії, в горах на великих висотах в США, Європі, Монголії, Китаї, Японії та Північній Кореї. Рід «Модрина» складається з 14 видів. Рослини характеризуються світлолюбивістю, швидким ростом, морозостійкістю. Може рости на засолених, заболочених грунтах.
Хвоя модрини
Хвоя тримається один сезон і потім опадає. Має голчату форму різних відтінків в залежності від виду. Одиночна на молодих пагонах і росте пучками на багаторічних пагонах.
Використання модрини в ландшафтному дизайні
В ландшафтному дизайні використовуються у парковому озелененні. Виведені декоративні форми з гілками що ніби плачуть (Pendula), переплітаються (Diana), різноманітні карликові форми в якості композиційних та грунтоукривних елементів. Рослина також цінується за те, що росте швидше ніж інші хвойні.";"265-larix";"larix";"1";"11";"Модрина (Larix)";"Модрина (Larix) листопадне хвойне однодомне дерево з родини соснових";
"334";"42";"Секвойя вічнозелена (Sequoia sempervirens)";"Секвойя - найвищий живий організм на нашій планеті, в своїх природніх умовах в прибережних районах північної Каліфорнії та східного Орегону досягає понад 130 м заввишки з річним приростом понад 1м.";"334-sekvojya-vichnozelena-sequoia-sempervirens";"sekvojya-vichnozelena-sequoia-sempervirens";"1";"12";"Секвойя вічнозелена (Sequoia sempervirens)";"Секвойя вічнозелена (Sequoia sempervirens). Купити саджанці та повноміри за низькою ціною в Ужгороді з доставкою у Київ, Харків, Львів, Луцьк, Івано-Франківськ, Житомир, Вінниця, Полтава, Чернігів, Харків, Запоріжжя, Одесу, Херсон, Дніпро, Хмельницький...";
"1232";"42";"Секвойядендрон (Sequoiadendron)";"Секвойяденрон є найвищим деревом у світі, у висоту зростає до 100 м, з діаметром стовбура до 10-12 м. Найстарша секвоя має вік 3200 років. Добре росте на сонячних вологих місцях. Стійкий до хвороб та шкідників. Піддається стрижці, тому можна вирощувати в стилі бонсай. Зазвичай використовується в солітерних посадках у парках та великих садах. Також можна використовувати для створення алей.";"1232-sekvojyadendron-sequoiadendron";"sekvojyadendron-sequoiadendron";"1";"13";"";"";
"243";"42";"Сосна (Pinus)";"Сосна – хвойне дерево з родини соснових. Латинською назва сосна – pinus, походження цього слова йде з кельтської мови де слово “pin” означає скеля. Зазвичай сосна це вічнозелене дерево з конічною у молодому віці кроною, котра стає пласкою з віком. Сосна найбільш поширена в районах північної півкулі з помірним кліматом.
Властивості сосни. 
Сосна – невибагливе до грунтів дерево, полюбляє рости на пісках, скельних породах і навіть на болотах. Дерево сосни є досить світлолюбивим. Сосна добре переносить як холод так і посуху і характеризується добрим ростом. Дерево сосни звичайної досягає у висоту 40 метрів.
Поширення сосни.
В Україні сосна звичайна займає понад 34 відсотки площі всіх лісів, росте здебільшого в районах Полісся. Різновиди сосни європейської зустрічаються в Карпатах, але рідко утворюють цілісні деревостани.
Використання сосни у ландшафтному дизайні.
В ландшафтному дизайні сосна використовується як окреме деревце на невеликих територіях і виглядає дуже ефектно, особливо якщо досвідчений садівник гарно сформує крону. Використовується в групових насадження для створення контрасту. Добре виглядають сосни на альпійських гірках, каменистих розсипах, водоспадах і інших комбінаціях з використанням каменів. Для цього використовуються насамперед карликові види сосни. В живоплотах сосна не використовується, оскільки внутрішні та нижні гілки з часом оголяються та висихають навіть при регулярній стрижці. В рядових посадках використовується найчастіше сосна сланикова. Догляд за газоном під соснами дещо ускладнений – потужна коренева система сосни швидко поглинає вологу і тому потрібно частіше здійснювати полив – це стосується дорослих дерев віком більше 20 років.";"243-pinus-sosna-landshaft";"pinus-sosna-landshaft";"1";"14";"Сосна (Pinus)";"Сосна (Pinus) - використання у ландшафтному дизайні і особливості вирощування";
"1324";"42";"Сціадопітіс (Sciadopitys)";"Сціадопітіс (Sciadopitys)";"1324-sciadopitys";"sciadopitys";"1";"15";"Сціадопітіс (Sciadopitys)";"Сціадопітіс (Sciadopitys)";
"296";"42";"Таксодіум (Taxodium) Болотний кипарис";"";"296-taksodium-bolotnij-kiparis";"taksodium-bolotnij-kiparis";"1";"16";"Таксодіум (Taxodium) Болотний кипарис";"Таксодіум (Taxodium) Болотний кипарис";
"300";"42";"Тис (Taxus)";"Тис – багаторічна декоративна хвойна рослина. Молода рослина має вузьку колоновидну форму. В залежності від сорту мають особливий зовнішній вид. Хвоя м'яка, дрібна і блискуча. Тиси невибагливі в догляді, а родючий грунт допоможе рослині стійкіше переносити хвороби та шкідників. Більшість тисів росте як на сонці, так і в тіні. Щільна форма та відмінна регенерація після обрізки робить тис ідеальним для вічнозелених живоплотів, як стрижених, так і неформованих. Також тис підійде для створення садових скульптур.";"300-tis-taxus";"tis-taxus";"1";"17";"Taxus (Тис)";"Taxus (Тис)";
"283";"42";"Тсуга (Tsuga)";"";"283-tsuga-tsuga";"tsuga-tsuga";"1";"18";"Тсуга (Tsuga)";"Тсуга (Tsuga) , Цуга";
"288";"42";"Туєвик (Thujopsis)";"";"288-tuyevik";"tuyevik";"1";"19";"Туєвик (Thujopsis)";"Туєвик (Thujopsis) - туйовик";
"176";"42";"Туя (Thuja)";"Опис туї
Туя. Це дерево цінується насамперед за свої декоративні якості. Вона може бути як деревом так і кущем в залежності від сорту. Великі туї сортів «Брабант» чи «Колумна» для формування живих загорожей чи карликові сорти «Глобоза», «Тедді» чи «Голден Глоб» усі вони виведені з природних форм завдяки багаторічній селекції. Основні різновиди це туя західна і туя східна з яких виведено чимало різних форм.
Особливості вирощування туї
Для посадки туї обирається світле місце, хоча деякі різновиди є витривалими до тіні. Слід обирати ділянки з не дуже високими грунтовими водами, але також слід пам’ятати про зволоження в спекотні періоди, особливо у молодих дерев з іще не сильно сформованою кореневою системою. Для забезпечення хорошого росту тую слід саджати на родючих грунтах і підкормлювати навесні пролонгованими препаратами для хвойних чи кілька разів на сезон використовуючи азотні, фосфорні та калійні добрива. 
Купити саджанці та повноміри туї
Наш розсадник пропонує придбати різні сорти туї як в контейнерах, так і продукцію повномірну викопану з грунту. Завдяки хорошій технології пакування наші туї завжди будуть доставлені по Україні в найкращому вигляді і гарантовано приживуться.
Обирайте найкращий посадковий матеріал туї з любов’ю вирощений «Зеленими Янголами» і ми з радістю запропонуємо вам найнижчі ціни, гнучкі знижки та хороший сервіс.
Доставка
Ви можете купити саджанці та повноміри туї в нашому розсаднику в Ужгороді за низькою ціною. Також ми пропонує доставку в Київ, Львів, Харків, Дніпро, Запоріжжя, Херсон, Чернігів, Полтаву, Житомир, Вінницю, Одесу, Луцьк та інші міста де є відділення нової пошти.";"176-thuja";"thuja";"1";"20";"Туя (Thuja)";"Туя (Thuja) західна, східна. Всі різновиди за найнижчими цінами з доставкою по Україні від виробника. Саджанці туї в Київ, Харків, Одесу, Львів, Житомир, Вінницю, Полтаву, Одесу та інші міста";
"226";"42";"Ялина (Picea)";"Ялина – це рід хвойних дерев з родини соснових висотою аж до 90 метрів (зазвичай 20-60 м). Крона ялини має форму широкого конуса. Ялина поширена в різних районах північної півкулі – в залежності від кліматичного поясу росте на різних висотах.
В ландшафтному дизайні використовуються насамперед сорти ялини, котрі відрізняються за кольором та формою – різновиди ялини звичайної, білої(канадської), колючої, сітхінської, сербської.
Ялина дерево морозостійке, невибагливе, найкраще для нього підходить супісчаний та суглинистий грунт. Витримує ялина навіть часткове заболочення. Але для маленьких саджанців і сильна спека з посухою і надмірне зволоження є небажаними. Ялина характеризується нешвидким ростом.
Ландшафтний центр «Зелені янголи» пропонує придбати саджанці ялини в контейнері, оскільки цей спосіб найкраще підходить для гарантованого приживання рослини. За вашим бажанням ми можемо відправити саджанці ялини в контейнерах в будь-яку точку України.
Купляючи рослини в ландшафт-центрі «Зелені янголи» ви можете бути у високій якості придбаних рослин, доброму їх приживанню на новому місці.";"226-picea";"picea";"1";"21";"Ялина (Picea) - саджанці в контейнерах";"Ялина, Picea - хвойне дерево з конусовидною кроною. Продаж в контейнерах від виробника з доставкою по Україні";
"258";"42";"Ялиця (Abies)";"Ялиця – рід однодомних вічнозелених хвойних рослин із родини соснових. В природних ареалах розповсюджена в регіонах з помірним кліматом північної півкулі, в субтропічних областях – на високогір’ї.
Походження роду достатньо давнє– закаменілі рештки ялиці знайдені в шарах давністю до 49 млн. років назад.
Крона дерева шпилеподібна або конічна, у великовікових дерев стає плоскою або заокругленою. Ростуть ялиці до 55 метрів і в діаметрі стовбура до 150 см. Але таких розмірів досягають  тільки дерева у віці понад 300 років.
У ландшафтному дизайні переважно використовується для утворення живоплотів, одиночних та групових посадок, оформлення алей.
Хвоя дерева м’яка і ніжна, має дуже приємний аромат. В залежності від сорту має різні відтінки.";"258-abies";"abies";"1";"22";"Ялиця (Abies)";"Ялиця (Abies) вічнозелене хвойне дерево з родини соснових з високими декоративними і ароматними якостями";
"165";"42";"Ялівець (Juniperus)";"Опис ялівця
Ялівець – це невелике дерево до 4-6 метрів або кущ з високими декоративними властивостями, з родини кипарисових. Поширений у районах з помірним кліматом у північній півкулі, а також в деяких тропічних районах Непалу та Пакистану.
Використання ялівця в ландшафтному дизайні
В ландшафтному дизайні використовуються переважно сорти ялівця звичайного, китайського, прибережного, горизонтального, пфіцера, скельного, лускатого та віргінського котрі вирізняються різною формою та кольором.
Особливості вирощування ялівця
Ялівець рослина невибаглива до грунтів, морозостійка та тіневитривала. В періоди посухи потребує додаткового поливу.
Купити саджанці і повноміри ялівця в Ужгороді або з доставкою по Україні
Замовляйте ялівець в ландшафт центрі «Зелені Янголи» і гарантовано отримайте саджанці найкращої якості вирощені з любов’ю. Завдяки нашій технології пакування як саджанці в контейнерах так і з грунту перенесуть пересадку найкращим чином.
У нас ви отримаєте найнижчі в Україні ціни та найкращі рослини.
Купити саджанці і повноміри ялівця ви можете в Ужгороді за найнижчою ціною або з доставкою в по Україні (ми доставляємо у Львів, Івано-Франківськ, Київ, Луцьк, Вінницю, Чернівці, Херсон, Житомир, Хмельницький, Мукачево, Чоп, Хуст, Одесу, Харків, Дніпро, Запоріжжя та інші міста).";"165-yalivec";"yalivec";"1";"23";"Ялівець (можжевельник)  Juniperus ";"Ялівець (можжевельник)  Juniperus за найкращими цінами з доставкою по Україні для ландшафтного дизайну у Київ, Львів, Харків, Одесу, Дніпро, Запоріжжя, Херсон";
"55";"3";"Листяні дерева";"Широкий асортимент листяних дерев екзотичних порід, що стануть справжними домінантами ваших парків та ландшафтних композицій, насадки алей. Високі декоративні якості наших елітних видів дерев з нашомого розсаднику гарантуються. Ми доставляємо елітні дерева для ландшафтного дизайну, парків, алей за низькими цінами в Ужгороді та по Україні (Київ, Львів, Харків, Херсон, Дніпро, Запоріжжя, Одеса та ін).

 Глід (Crataegus) 
";"55-trees";"trees";"1";"1";"Листяні дерева";"Дерева елітних сортів за найкращими цінами в Ужгороді та з доставкою по Україні";
"1272";"55";"Альбіція (Albizia)";"";"1272-albizia";"albizia";"1";"1";"Альбіція (Albizia)";"Альбіція (Albizia)";
"336";"55";"Береза (Bétula)";"Береза – листяне дерево чи кущ. Залежно від сорту форма крони може мати різну форму. Кора зазвичай біло-чорна, тріщинувата. Дерево може зростати до 40 м. Листочки трикутної форми. Більшість беріз є морозостійкими. Вони полюбляють вологий грунт але переносять і посуху. Для висадки можна обирати сонячні місця. Берези висаджують в садах та парках а також їх використовують щоб укріпити грунт.


";"336-bereza-betula";"bereza-betula";"1";"2";"Береза (Bétula)";"Береза (Bétula)";
"289";"55";"Бук (Fagus)";"Бук – це листопадне дерево. Має широку, округлу форму крони. Може виростати до 25 м у висоту. Листя зелене блискуче, восени набуває жовтого кольору. До грунту не вибагливий, полюбляє вологу. Добре переносить затінок та сонце. Бук використовують в ландшафтному дизайні як солітер або в групових посадках. Також з нього можна формувати живоплоти але при цьому він потребує регулярної стрижки.";"289-buk";"buk";"1";"3";"Бук (Fagus)";"Бук (Fagus)";
"344";"55";"В'яз (Ulmus)";"В’яз – листяне дерево, заввишки до 30 м. Стовбур у дорослому віці набуває сіро-коричневий відтінок і покривається безліччю глибоких тріщин. Крона густа та широка. Листя темно-зеленого кольору до 15 см завдовжки, загостреної форми, краї зубчасті. Морозостійкий, може рости в умовах сильного засолення землі. Досить посухостійкий. В ландшафтному озеленені використовують в поодиноких (солітер) або в групових посадках. В’яз також чудово служить в якості супутньої породи для дуба. ";"344-v-yaz-ulmus";"v-yaz-ulmus";"1";"4";"В'яз (Ulmus)";"В'яз (Ulmus)";
"229";"55";"Верба";"Верби - це гарні, переважно розкидисті дерева або кущі, які полюбляють вологий грунт, підходять для озеленення заболочених територій, красиво виглядають біля водойм. Але верба невибаглива рослина - зможе жити і рости також на сухих, бідних грунтах. Деякі види верб можна сформувати і як дерево і як кущ (чагарник). Наприклад, підрізаючи у саджанців нижні гілки і залишивши один основний стовбур, більшість кущових верб можна сформувати як невисоке деревце. Кущові верби стають дуже гарними, щільними після стрижки, за допомогою верби можна створити чудові невибагливі живі огорожі. Обирайте та замовляйте вербу в розсаднику "Зелені Янголи" і купуйте з доставкою в будь-яке місто по Україні.";"229-verba";"verba";"1";"5";"Верба";"Верба";
"1340";"55";"Вишня повстиста (Prunus Tomentosa)";"";"1340-prunus-tomentosa";"prunus-tomentosa";"1";"6";"Вишня повстиста (Prunus Tomentosa)";"Вишня повстиста (Prunus Tomentosa)";
"362";"55";"Гледичія (Gleditsia)";"";"362-gleditsia";"gleditsia";"0";"7";"Гледичія (Gleditsia)";"Гледичія (Gleditsia)";
"405";"55";"Горобина (Sorbus)";"Декоративне листопадне дерево, яке може зростати до 6-8 м заввишки, 2-3 завширшки. Листя еліптичне або оберненояйцевидне, насичено-зеленого кольору, восени набуває багряного відтінку. Розквітає в кінці травня білими дрібними квітами, які зібрані у великі щитковидні суцвіття. Плоди їстівні та солодкі, злегка терпкуваті, темно-коричневі або чорні. Горобина світлолюбна та невибаглива до родючості грунтів, може зростати на кислих, сухих та піщаних. Використовують в якості солітера, для озеленення в парках та скверах, а також для створення живоплотів. ";"405-gorobina-sorbus";"gorobina-sorbus";"1";"8";"Горобина (Sorbus)";"Горобина (Sorbus)";
"347";"55";"Граб (Carpinus)";"Граб – листопадне дерево, може зростати максимально до 30 м. Стовбур гладкий або малотріщинуватий, сірого кольору. Крона густа та неширока. Листки прості, овальні або еліптичні, зубчасті, довжиною 3-10 см. Потребують родючого та пухкого грунту, а також добре зволоженого. Світлолюбиві та тіньовитривалі. Застосовують для одиночних і групових посадок в парках. Також вони чудово підійдуть для створення живоплоту та для створення бонсаїв.                                                                                                                                                                                                                                                                                                                                                                       ";"347-grab";"grab";"1";"9";"Граб";"";
"368";"55";"Дуб (Quercus)";"Дуб – це багаторічне листяне, високоросле дерево. Має прямий стовбур з розлогою кроною. Листочки щільні, залежно від сорту вирізняються своєю формою , з цільним або колючим краєм.  Дерево росте порівняно швидко і живе зазвичай дуже довго. Рекомендовано висаджувати в родючі грунти,  добре зволожені і м'які за своїм складом. Дуб часто використовують в ландшафтному дизайні: висаджують біля будинку для створення тінистої зони відпочинку а також в лінійній посадці у формі алей. А ще дуб висаджують в парках. Також його використовують в лісорозведенні.";"368-dub";"dub";"1";"10";"Дуб (Quercus)";"Дуб (Quercus)";
"1244";"55";"Евкаліпт (Eucalyptus)";"";"1244-evkalipt-eucalyptus";"evkalipt-eucalyptus";"1";"11";"Евкаліпт (Eucalyptus)";"Евкаліпт (Eucalyptus)";
"399";"55";"Карагана (Caragana)";"Карагана – це листопадний чагарник або дерево. В залежності від сорту, карагана може мати різну форму листочків та суцвіть. Квітне з травня по червень жовтими квітами. Карагана є морозостійкою та чудово переносить міські умови. Також вона є хорошим  медоносом та насичує грунт азотом. Часто її використовують в ландшафтному дизайні в одиночних та групових посадках для формування живої огорожі.";"399-karagana-caragana";"karagana-caragana";"1";"13";"Карагана (Caragana)";"Карагана (Caragana)";
"335";"55";"Катальпа (Catalpa)";"Катальпа – це листяне дерево. Має гарну форму крони, що розростається в ширину. Листочки зелені, серцеподібної форми , зазвичай ростуть супротивно по три. Восени набувають світло-жовтого кольору. Катальпа полюбляє  родючі грунти. Висаджувати рекомендовано в захищене від вітру місце. Часто катальпу використовують в ландшафтному дизайні: в солітерній посадці, а також для змішаних посадок. Катальпа чудово підходить для міського озеленення вздовж доріг, в якості алейних посадок.


";"335-katalpa-catalpa";"katalpa-catalpa";"1";"14";"Катальпа (Catalpa)";"Катальпа (Catalpa)";
"343";"55";"Каштан (Castanea)";"Каштан - довговічне, могутнє дерево, що виростає до 20м заввишки. Деякі сорти каштану вражають не тільки своєю декоративністю, але й тим, що плоди є їстівні. Чудово росте на вологих ґрунтах з хорошим освітленням. Чудова морозостійкість. Також до безумовних плюсів можна віднести стійкість проти хвороб та шкідників. При посадці слід виділити каштану достатньо місця. Він чудово підійде для посадки в якості солітера, в парках та місті. ";"343-kashtan-castanea";"kashtan-castanea";"0";"15";"Каштан (Castanea)";"Каштан (Castanea)";
"280";"55";"Клен (Acer)";"Клен — листопадне дерево заввишки до 30 м. Стовбур вкритий дрібнотріщинуватою темно-сірою корою. Крона густа та розлога. Листки великі   5-7-лопатеві, при основі серцеподібні. Тіньовитривала та досить морозостійка рослина. Цвіте у квітні — травні. Зазвичай клени висаджують у парках, скверах, а також часто використовують у захисних насадженнях.";"280-klen-acer";"klen-acer";"1";"16";"Клен (Acer)";"Клен (Acer)";
"1339";"55";"Лимонне дерево (Citrus Limon)";"";"1339-citrus-limon";"citrus-limon";"1";"17";"Лимонне дерево (Citrus Limon)";"Лимонне дерево (Citrus Limon)";
"348";"55";"Липа (Tilia)";"Липа – багаторічне листопадне дерево родини Липових. Росте до 30-40 м заввишки з густою, розлогою кроною. Стовбур характеризується темною поздовжньо-борозенчастою корою. Листки до 5-10 см завдовжки. Листкова пластинка, округла або трохи видовжена, при основі серцеподібна. Квітне у липні-червні. Тіньовитривале та морозостійке дерево, в молоді роки потребує частого поливу. Рослини родини липових славляться своїм запашним цвітінням та гарною і об’ємною кроною тому, їх часто використовують в ландшафтному озеленені парків, скверів, бульварів, а також при створенні алей.";"348-lipa";"lipa";"1";"18";"Липа";"";
"341";"55";"Ліквідамбар (Liquidambar)";"Ліквідамбар-декоративне листяне дерево переважно стрункої колоновидної форми. Листя зелене, досить велике, розсічене. Восени листя набуває теплих кольорів, залишається на дереві досить тривалий час. Ліквідамбар світлолюбне дерево, тому слід надати перевагу сонячним місцям з добре дренованим помірно родючим та кислим грунтом. Часто використовують в ландшафтному дизайні для оформлення алей, доріжок, міських дворів та парків. Також завдяки своїм компактним розмірам підійде для одиночної висадки в невеликому саду.";"341-likvidambar-liquidambar";"likvidambar-liquidambar";"1";"19";"Ліквідамбар (Liquidambar)";"";
"345";"55";"Ліріодендрон (Liriodendron) ";"Ліріодендрон – це високе листопадне дерево. Зазвичай виростає до 30м. Зелене ліроподібне листя восени змінює забарвлення на жовто-коричневе. Квітки за виглядом дуже нагадують квіти тюльпана, зелено-жовтого кольору. Добре росте на сонячних або напівзатінених місцях з добре дренованим, родючим, помірно кислим та вологим грунтом. Ліріодендрон є улюбленцем ландшафтних дизайнерів за рахунок свого особливого цвітіння та красивої форми листя. Стане чудовим акцентом в декоративному саду.";"345-liriodendron-liriodendron";"liriodendron-liriodendron";"1";"20";"Ліріодендрон (Liriodendron) ";"Ліріодендрон (Liriodendron) ";
"259";"55";"Магнолія (Magnolia)";"Магнолія – дуже красиве листяне дерево. Залежно від сорту славиться своїми листям та яскравими квітами, схожими на тюльпани. Дорослий кущ або дерево магнолії можуть прикрашати квіти до 30см завбільшки при розкритті. Висаджувати магнолію рекомендовано у кислий або нейтральний, родючий та добре дренований грунт. Найкраще садити на сонячних місцях або в напівтінь. Рослина чудово виглядатиме в одиночній чи груповій посадці. Її можна висадити вздовж алеї, або навколо чи на передньому плані будівлі. ";"259-magnolia";"magnolia";"1";"21";"Магнолія (Magnolia)";"Магнолія (Magnolia)";
"342";"55";"Мигдаль (Prunus dulcis)";"Мигдаль - кущ або невелике дерево, яке зростає до 2-3 м заввишки, і так само завширшки. Розквітає в травні яскраво-рожевими, махровими квітами. Тисячі квіток покривають широкий, розлогий кущ висотою до двох метрів. Після відцвітання дерево покривається листям. У червні-липні починає плодоносити. Дуже світлолюбний та посухостійкий. Грунти полюбляє легкі, піщані та добре дреновані. Для рясного цвітіння рекомендують весною вносити перегній. Морозостійкість до -25 °C.";"342-migdal-prunus-dulcis";"migdal-prunus-dulcis";"1";"22";"Мигдаль (Prunus dulcis)";"Мигдаль (Prunus dulcis)";
"1252";"55";"Нісса (Nyssa)";"";"1252-nissa-nyssa";"nissa-nyssa";"0";"23";"Нісса (Nyssa)";"Нісса (Nyssa)";
"1342";"55";"Оливкове дерево (Olea europaea)";"Маслина європейська, Олива європейська, Маслина культурна, Оливкове дерево";"1342-olea-europaea";"olea-europaea";"1";"24";"Оливкове дерево (Olea europaea)";"Маслина європейська, Олива європейська, Маслина культурна, Оливкове дерево";
"302";"55";"Павловнія (Paulownia)";"Павловнія – листопадне дерево. Крона висока, відкрита та розлога. Гілки горизонтальні до висхідних. Павловнія характеризується великими, об’ємними листками. Квітки дуже великі, блідо фіолетові, блакитні та білі, зібрані у великі, прямостоячі суцвіття. Невибаглива рослина, найкраще зростає у теплому кліматі, не любить сильних протягів вітрів. Використовують у декоративному озеленені парків, скверів та бульварів.";"302-pavlovniya-paulownia";"pavlovniya-paulownia";"1";"25";"Павловнія (Paulownia)";"Павловнія (Paulownia)";
"1267";"55";"Паротія (Parrotia)";"";"1267-parotiya-parrotia";"parotiya-parrotia";"1";"26";"Parrotia (Паротія)";"Parrotia (Паротія)";
"338";"55";"Платан (Platanus)";"Платан –  листяне дерево з гарною формою крони. Може виростати до 20-30 м. Листочки, за своєю формою, нагадують кленові  розміром 10-20 см. Це швидкоросле дерево. Квітне в кінці квітня – на початку  травня, дрібними квітами. Плоди декоративні, круглої форми. Платан не вибагливий до грунту але краще росте на пухких добре дренованих грунтах. Формувати можна за допомогою обрізки. Дерево стійке до шкідників та не  потребує підживлення добривами. Часто платани використовують в ландшафтному дизайні та в озелененні парків. Платан чудово виглядає як в одиночних так і в групових посадках.


";"338-platan-platanus";"platan-platanus";"1";"27";"Платан (Platanus)";"Платан (Platanus)";
"403";"55";"Робінія (Robinia)";"Робінія – рід багаторічних дерев та кущів родини Бобових. Листя непарноперисте, яйцевидної форми. Квітки розквітають білими, рожевими та пурпурними кольорами, зібрані в китиці, володіють надзвичайно ароматним запахом. Розквітають в травні – червні. Рослини цього роду світлолюбні та посухостійкі. Не виносять перезволоження грунтів. Рослини характеризують високою декоративністю завдяки гарному габітусу і орнаментальним витонченим густим листям. Використовують в якості солітерів або посадок невеликими групами, також ці рослини ідеально підійдуть для облаштування алей та живоплотів.";"403-robiniya-robinia";"robiniya-robinia";"1";"28";"Робінія (Robinia)";"Робінія (Robinia)";
"267";"55";"Сакура (Prunus serrulata)";"Сакура – дуже вишукане листяне дерево. Листя залежно від сорту мають властивість змінювати  забарвлення, але найбільшою особливістю є її вишукане цвітіння. Пишні квіти зазвичай ніжного рожевого кольору, які прикрашають дерево в кінці весни. При виборі ділянки слід надати перевагу добре освітленим місцям з вологим та добре дренованим грунтом. Сакура ідеально підійде для одиноких та групових посадок. Стане яскравим акцентом в саду. Часто використовують в ландшафтному дизайні для оформлення паркових доріжок та алей.";"267-prunus-serrulata";"prunus-serrulata";"1";"29";"Сакура (Prunus serrulata)";"Сакура (Prunus serrulata)";
"1347";"55";"Софора (Sophora)";"";"1347-sophora";"sophora";"1";"30";"Софора (Sophora)";"Софора (Sophora)";
"236";"55";"Слива (Prunus)";"";"236-prunus";"prunus";"1";"31";"Слива (Prunus)";"Слива (Prunus)";
"394";"55";"Сумах (Rhus)";"Сумах - багаторічне дерево з широкою ажурною кроною. Восени швидко починає чарувати своїм яскравим, жовтимта червоним забарвленням, що робить його особливим. У виборі ділянки потрібно звернути увагу, що сумах надає перевагу сонячним або частково затіненим місцям з суглинистим та супіщаним, пухким, добре дренованим ґрунтом. Рослина достатньо зимостійка до -31, тому не потребує укриття. Добре підходить для одичних посадок. Гарно виглядає в центрі садових композиціях. Рідше використовують в групових посадках вздовж алейних доріжок 



";"394-sumakh-rhus";"sumakh-rhus";"1";"32";"";"";
"337";"55";"Тамарикс (Tamarix)";"Тамарикс (Tamarix)";"337-tamariks-tamarix";"tamariks-tamarix";"1";"33";"Тамарикс (Tamarix)";"Тамарикс (Tamarix)";
"408";"55";"Тополя (Populus)";"Тополя – багаторічне високе листяне дерево родини вербових. Має гарну форму крони. Гілки прямолінійні та густо розгалужені. Листочки серцеподібної форми, до пізньої осені залишаються зеленими. Дерево віддає перевагу сонячним місцям. Любить досить вологий ґрунт. Деякі сорти на одному місці можуть рости до 120 років. Застосовується в одиночних і групових посадках, для створення алей і вітрозахисних посадок. ";"408-topolya-populus";"topolya-populus";"1";"34";"Тополя (Populus)";"Тополя (Populus)";
"339";"55";"Туна (Toona)";"Туна  - листяне дерево, яке зростає до 10 м заввишки. Листя зелене, довгочерешкове та  парноперисте, 20-50 см,  з короткочерешковими листочками (8-15 см завдовжки). Молоді пагони дрібно опушені. Цвіте у червні, плодоносить у вересні. Цвіте білими, ароматними квітками дзвоникоподібної форми, близько 5 мм в діаметрі. Полюбляє сонячні місця. Віддає перевагу родючим та добре дренованим грунтам. Морозостійкість до -24 ° C. Використовують для декоративного озеленення міст, парків та інших територій. ";"339-tuna-toona";"tuna-toona";"1";"35";"Туна (Toona)";"Туна (Toona)";
"1298";"55";"Фісташка (Pistacia)";"";"1298-pistacia";"pistacia";"0";"36";"";"Фісташка (Pistacia)";
"290";"55";"Шовковиця (Morus)";"";"290-shovkovicya";"shovkovicya";"1";"37";"Шовковиця (Morus)";"Шовковиця (Morus)";
"1233";"55";"Яблуня декоративна";"Яблуня декоративна – це листяне дерево, виведене для створення гарних ландшафтних композицій. Найбільше такі яблуні декоративні в період цвітіння. Такі яблуні також можуть плодоносити але плоди зазвичай маленькі і як правило не вживаються в їжу. Декоративна яблуня полюбляє рости на сонячних місцях і любить помірно-вологий грунт. Такі яблуні використовують в озелененні приватних ділянок та міських територій.";"1233-yablunya-dekorativna";"yablunya-dekorativna";"1";"38";"";"";
"1194";"55";"Ясен (Fraxinus)";"Ясен – це листяне дерево. Може виростати до 20-40 м у висоту. Має  гарну густу крону і хорошу кореневу систему. Листочки складні, непарноперисті. Квітне в квітні-травні. Цвітіння залежить від сорту але практично усі не мають аромату. Плоди – видовжені крилатки. Всі види ясена полюбляють рости на сонячних місцях та є морозостійкими. Висаджують уздовж доріг, у парках.";"1194-yasen-fraxinus";"yasen-fraxinus";"1";"39";"";"";
"1396";"55";"Груша декоративна (Pyrus)";"";"1396-pyrus";"pyrus";"1";"40";"Груша декоративна (Pyrus)";"Груша декоративна (Pyrus), китайська груша";
"53";"3";"Листяні кущі";"Листяні декоративні рослини об'єднують собою велику кількість гарних дерев та кущів, котрі як правило скидають листя взимку. Багато з них мають високі естетичні якості кори стовбурів, цікаві кольорові відтінки листя, мають гарний цвіт, у деяких є декоративні плоди, що довго тримаються.
Ви можете купити високоякісні адаптовані листяні декоративні рослини з доставкою по Україні у нашому інтернет магазині. Доставка здійснюється у Київ, Львів, Харків, Дніпро, Запоріжжя, Херсон, Одесу, Луцьк, Івано-Франківськ, Чернівці, Хмельницький та інші населені пункти службою поштової доставки.

 ";"53-foliar";"foliar";"1";"2";"Листяні рослини,  чагарники, кущі, Лиственные растения";"Багаторічні декоративні листяні кущі";
"354";"53";"Аронія (Aronia)";"Аронія — витривалий листопадний чагарник із декоративним цвітінням навесні та темними корисними ягодами восени. Плоди багаті на вітаміни та антиоксиданти, використовуються для соків, варення та сушіння. Добре підходить для живоплотів, ягідних садів і невибагливих ландшафтних посадок.";"354-aroniya-aronia";"aroniya-aronia";"1";"0";"Аронія, Горобина";"";
"255";"53";"Аукуба (Aucuba)";"Аукуба — вічнозелений декоративний чагарник із блискучим шкірястим листям, часто зі строкатим жовтим або золотистим малюнком. Добре росте в тіні, де більшість рослин втрачають декоративність, тому ідеально підходить для затінених ділянок саду. Використовується як акцентна рослина та для створення вічнозелених композицій.";"255-aucuba";"aucuba";"1";"1";"Аукуба (Aucuba)";"Аукуба (Aucuba)";
"159";"53";"Барбариси (Berberis)";"Барбарис — декоративний листопадний або вічнозелений чагарник із яскравим забарвленням листя та декоративними плодами. Часто використовується для створення живоплотів завдяки щільній кроні та колючим пагонам. Невибагливий, морозостійкий і добре підходить для міського та приватного озеленення.";"159-barbaris";"barbaris";"1";"2";"Барбариси (Berberis)";"Барбариси (Berberis)";
"164";"53";"Бересклет (Euonymus)";"Бересклет - дерево або кущ з сімейства Бересклетові. У природі зустрічаються листопадні і вічнозелені екземпляри. Зазвичай дерево або розкидисті кущі заввишки до 4-10 м. Листя супротивне, зелене або рябисте, ближче до осені може змінювати колір. Квітне у травні-червні, квітки дрібні, різних кольорів. Бересклет зимостійкий, полюбляє пухкий грунт. Найкраще себе почуває на сонячних та напівтінистих ділянках. Використовується в ландшафтному дизайні для створеня міксбордерів та живоплотів.";"164-beresklet";"beresklet";"1";"3";"Бересклет Euonymus";"Бересклет Euonymus";
"170";"53";"Бирючина (Ligustrum)";"Бирючина – листопадний чагарник. Цей рід налічує більш ніж 50 видів. Листочки в бирючини зеленого кольору, овальної форми. Квітне зазвичай в липні-серпні, дуже духм’яними квітами білого кольору. Це не вибаглива посухостійка рослина, може рости на будь-яких грунтах. Полюбляє сонце та півтінь. Бирючина потребує формуючої стрижки. Завдяки цьому вона стає пишнішою. Дуже часто з неї створюють живоплоти та топіарні фігури. Ландшафтні дизайнери використовують бирючину для створення японських садів.";"170-biryuchina";"biryuchina";"1";"4";"Бирючина Ligustrum";"Бирючина Ligustrum";
"166";"53";"Буддлея (Buddleja)";"Будлея – це листяний чагарник. Її ще називають «магнітом для метеликів». А все тому, що квіточки такого чагарника мають сильний медовий запах, завдяки чому для їх запилення злітаються великі ефектні метелики. Більшість видів будлеї мають ланцетну форму листя. Суцвіття видовженої форми, колір залежить від сорту. Висаджувати потрібно в нейтральний, добре дренований грунт. Будлею часто використовують в ландшафтному дизайні для створення акцентів.";"166-buddleja";"buddleja";"1";"5";"Буддлея - Buddleja";"Буддлея - Buddleja";
"351";"53";"Бузина (Sambucus)";"Бузина - кущ або дерево висотою до 6 м. Пагони бурого кольору. Листки 35 см завдовжки, супротивні, непарноперисті, мають різне забарвлення – червоне, золотисте. Рослина характеризується пірамідальними, кулеподібними та  плакучими формами. Зацвітає бузина в кінці травня, великими, плоскими суцвіттями, які складаються з великої кількості маленьких квіточок білого та бежевого кольору.  Рослина не вимоглива, але погано переносить тінь та кислі грунти.  У декоративному озелененні часто використовують в якості живоплоту. ";"351-buzina";"buzina";"1";"6";"Бузина";"";
"303";"53";"Бузок (Syringa)";"";"303-buzok-syringa";"buzok-syringa";"1";"7";"Бузок (Syringa)";"Бузок (Syringa)";
"179";"53";"Вейгела (Weigela)";"Вейгела - декоративний листяний чагарник з барвистим листям та квітками, рясне цвітіння навесні у багатьох сортів вейгел повторюється восени. Квітки трубчасті, приваблюють комах та птахів. Грунт для вирощування вейгел повинен бути добре дренованим, висаджувати слід в сонячні та напівзатінені місця. Рослина стійка до шкідників та хвороб. Вейгела підійде як для одиночної посадки так і для створення квітучих живоплотів. Досить часто ландшафтні дизайнери використовують цей сорт для озеленення японських та вересових садів.";"179-weigela";"weigela";"1";"8";"Вейгела Weigela";"Вейгела Weigela";
"1195";"53";"Гамамеліс (Hamamelis)";"Гамамеліс - високе дерево або чагарник. Зазвичай у дорослому віці рослина досягає 5 м у висоту та ширину. Листя асиметричні, яскраво-зеленого кольору. Восени колір листя змінюється на жовто-червоний або коричневий відтінок. Відмінно росте на вологих, родючих ґрунтах. Прекрасно виглядає в групових і одиночних посадках - на газоні, клумбах, в садових композиціях з іншими рослинами. Чарівне осіннє забарвлення робить його бажаним гостем наших садів, парків. ";"1195-gamamelis-hamamelis";"gamamelis-hamamelis";"1";"9";"";"";
"363";"53";"Гібіскус, Hibiscus";"Гібіскус - багаторічний листяний чагарник  з крупним листям і квітами. Цвітіння гібіскуса тривале - його квіти прикрашатимуть сад дуже довгий період. Висаджувати гібіскус слід на напівсонячному місці з помірно родючим та  добре дренованим грунтом. За рахунок своєї декоративності гібіскус може стати справжньою окрасою, а невибагливість в догляді і висока стійкість - іще один аргумент, щоб цей чудовий квітучий багаторічник знайшов своє місце у вашому садку.";"363-hibiscus";"hibiscus";"1";"10";"Hibiscus, Гібіскус";"Hibiscus, Гібіскус";
"1196";"53";"Глід (Crataegus)";"";"1196-glid-crataegus";"glid-crataegus";"1";"11";"";"";
"1255";"53";"Горобинник (Sorbaria)";"";"1255-gorobinnik-sorbaria";"gorobinnik-sorbaria";"1";"12";"Горобинник (Sorbaria)";"Горобинник (Sorbaria)";
"227";"53";"Гортензія (Hydrangea)";"Гортензія – гарно-квітучий декоративний кущ, заввишки до 1,5 м. Листя широкояйцевидної форми, велике до 15 см . Квітне різнокольоровими квітами до 2 см в діаметрі, що зібрані у суцвіття. Морозостійкі, невибагливі у догляді, однак у спекотний період потребують регулярного поливу та якісного дренажу грунту. Гортензію часто використовують в декоративному озеленені в парках, скверах та садах. Красиво виглядають в одиночних та групових посадках з листяними та хвойними рослинами. Ними також озеленюють клумби. Нерідко за допомогою гортензій створюють гарну живу огорожу.";"227-gortenziya-hydrangea";"gortenziya-hydrangea";"1";"13";"Гортензія (Hydrangea )";"Гортензія (Hydrangea )";
"241";"53";"Гребенщик (Tamarix)";"";"241-tamarix";"tamarix";"0";"14";"Гребенщик (Tamarix)";"Гребенщик (Tamarix)";
"231";"53";"Дейція (Deutzia)";"Дейція - багаторічний, швидкорослий листяний чагарник з розлогою, зазвичай піднятою до верху, кроною. Головною перевагою цього куща є його раннє цвітіння. Залежно від сорту квіточки маленькі ніжні, зібрані в суцвіття. При виборі ділянки для висадки слід звернути увагу на те, що дейції добре ростуть на сонячних місцях та потребують постійного і помірного поливу. Дейція – дуже гарна рослина, яка прикрасить будь які декоративні композиції, стане чудовим акцентом саду та навіть в оформленні живоплоту створить цікавий дизайн. ";"231-deutzia";"deutzia";"1";"15";"Дейція (Deutzia)";"Дейція (Deutzia)";
"161";"53";"Дерен (Cornus)";"Дерен, який у ботаніці також відомий як свидина, свида, телікранія біла, кизил (Cornus) - це рід багаторічних рослин родини деренових,  який налічує близько 50 видів. Переважно це листопадні рослини — дерева або чагарники. Деякі види — трав'янисті рослини.
Окремі види дерену широко застосовуються у ландшафтному садівництві - це дерен білий, дерен коуза, дерен криваво-червоний, дерен шовковистий та інші.В залежності від виду та сорту дерен вражає своїми декоративними особливостями круглий рік: рясне весняне цвітіння, різноманіття форм та кольорів листя, декоративні плоди, неймовірне осіннє забарвлення листя та фантастичні кольорові пагони взимку.Дерен використовується при створенні живоплотів, вільних груп, бордюрів, у оформленні галявин та інших елементів ландшафтних композицій.";"161-deren";"deren";"1";"16";"Дерен -Cornus";"Дерен - Cornus";
"1242";"53";"Дієрвіла (Diervilla)";"";"1242-diyervila-diervilla";"diyervila-diervilla";"1";"17";"Дієрвіла (Diervilla)";"Дієрвіла (Diervilla)";
"1297";"53";"Ескалонія (Escallonia)";"";"1297-escallonia";"escallonia";"1";"18";"Ескалонія (Escallonia)";"Ескалонія (Escallonia)";
"1193";"53";"Екзохорда  (Exochorda)";"";"1193-ekzokhorda";"ekzokhorda";"1";"19";"";"";
"1249";"53";"Жасмин (Jasminum)";"";"1249-zhasmin-jasminum";"zhasmin-jasminum";"1";"20";"Жасмин (Jasminum)";"Жасмин (Jasminum)";
"232";"53";"Звіробій (Hypericum)";"";"232-hypericum";"hypericum";"1";"21";"Звіробій (Hypericum )";"Звіробій (Hypericum )";
"270";"53";"Ірга (Amelanchier)";"Ірга - великий чагарник або невелике дерево користується великою популярністю серед ландшафтних дизайнерів, з її використанням втілюють класні сучасні проекти як у міському озелененні, так і в дизайні приватних садів. Ірга чарує не тільки своїм теплим кольором листя, а й солодкими плодами схожими на чорниці. ";"270-amelanchier";"amelanchier";"1";"22";"Ірга (Amelanchier)";"Ірга (Amelanchier)";
"1256";"53";"Ітея (Itea)";"";"1256-iteya-itea";"iteya-itea";"1";"23";"Ітея (Itea)";"Ітея (Itea)";
"233";"53";"Калина (Viburnum)";"Калина – багаторічний  листяний чагарник з асиметричною кроною. Зазвичай листя зеленого забарвлення з цікавим суцвіттям та плодами. Вона є цінною лікарською рослиною. Калина не сильно вибаглива, проте віддає перевагу родючим, слабокислим та суглинним ґрунтам. Гарно підходить для посадки у сільських, натуралістичних та романтичних садах, парках та біля води.  Завдяки своєму цікавому дизайну, калина добре поєднується з іншими чагарниками.";"233-viburnum";"viburnum";"1";"24";"Калина (Viburnum)";"Калина (Viburnum)";
"1341";"53";"Каліандра (Calliandra)";"";"1341-calliandra";"calliandra";"1";"25";"Каліандра (Calliandra)";"Каліандра (Calliandra)";
"1299";"53";"Калікант (Calycanthus)";"";"1299-kalikant-calycanthus";"kalikant-calycanthus";"1";"26";"Калікант (Calycanthus)";"Калікант (Calycanthus)";
"1203";"53";"Камелія (Camellia)";"";"1203-kameliya-camellia";"kameliya-camellia";"1";"27";"Камелія (Camellia)";"Камелія (Camellia)";
"261";"53";"Каріоптеріс (Caryopteris)";"";"261-caryopteris";"caryopteris";"1";"28";"Каріоптеріс (Caryopteris)";"Каріоптеріс (Caryopteris)";
"234";"53";"Керія (Kerria)";"Керія - швидко зростаючий листопадний чагарник з безліччю прутоподібних зелених пагонів, через що, деякий період керія нагадує трав'янисту рослину. Також особлива своїм сонячним цвітінням, яке не залишить байдужим жодного ландшафтного дизайнера. Невибаглива, росте на будь-якому, добре дренованому грунті. Доповнить будь яку посадку та стане прикрасою навіть найменшого куточка. Відмінно виглядає в композиціях з ранніми весняними квітами.";"234-kerria";"kerria";"0";"29";"Керія (Kerria)";"Керія (Kerria)";
"163";"53";"Кизильник (Cotoneaster)";"Кизильник (Cotoneaster) - це рід листопадних чи вічнозелених чагарників / невеликих дерев родини Rosaceae. Рід налічує близько 270 визнаних видів.
Кизильники широко використовуються в озелененні. Цінуються завдяки своєму привабливому вигляду та яскравим декоративним плодам, що прикрашають рослини всю зиму. Деякі з видів використовують для закріплення піщаних схилів, кизильник може використовуватись як альтернативна газонному покриттю, а також висаджуватись у живоплоти. У колекціях ботанічних садів кизильники відомі з 1864 року.
Кизильники невибагливі у вирощуванні та догляді, єдине на що негативно реагує рослина - це застій вологи в грунті.";"163-kizilnik";"kizilnik";"1";"30";"Кизильник - Cotoneaster";"Кизильник - Cotoneaster";
"1296";"53";"Клеродендрум (Clerodendrum)";"";"1296-clerodendrum";"clerodendrum";"1";"31";"Клеродендрум (Clerodendrum)";"Клеродендрум (Clerodendrum)";
"1240";"53";"Клетра (Clethra)";"";"1240-kletra-clethra";"kletra-clethra";"1";"32";"Клетра (Clethra)";"Клетра (Clethra)";
"295";"53";"Кольквіція (Kolkwitzia)";"";"295-kolkviciya";"kolkviciya";"1";"33";"Кольквіція (Kolkwitzia)";"Кольквіція (Kolkwitzia) - фото, описання, ціни, умови придбанння та доставки";
"1241";"53";"Корілопсіс (Corylopsis)";"";"1241-korilopsis-corylopsis";"korilopsis-corylopsis";"0";"34";"Корілопсіс (Corylopsis)";"Корілопсіс (Corylopsis)";
"1258";"53";"Красивоплідник (Callicarpa)";"";"1258-krasivoplidnik-callicarpa";"krasivoplidnik-callicarpa";"1";"35";"Красивоплідник (Callicarpa)";"Красивоплідник (Callicarpa)";
"1346";"53";"Кумкват (Citrus Japonica)";"Кумкват — компактне цитрусове дерево або кущ, яке вирощують як декоративну та плодову рослину. Утворює ароматні білі квіти та дрібні їстівні плоди з солодкою шкіркою і кислуватою м’якоттю. Ідеально підходить для контейнерного вирощування в зимових садах, на терасах і в оранжереях.";"1346-kumkvat-citrus-japonica";"kumkvat-citrus-japonica";"1";"36";"Кумкват (Citrus Japonica)";"Кумкват (Citrus Japonica)";
"1207";"53";"Крушина (Frangula)";"Крушина  — листяний чагарник або невелике дерево . Рослина висотою від 2 до 7 м, з темно-бурою та  червоно-бурою корою. Листя до 6 см чергові, овальної форми. Цвіте у травні - липні дрібними квітами. Невибаглива, проте на початку літнього сезону рекомендується трохи підживлювати органічними добривами. Досить посухостійка, однак у дуже спекотну погоду потребує поливу (особливо молоді рослини). У декоративному озеленені використовується досить часто (є види, які характеризуються витонченістю такі як Крушина ламка 'Аспленіфолія' та ін.). ";"1207-krushina-frangula";"krushina-frangula";"0";"37";"";"";
"1250";"53";"Лавр (Laurus)";"";"1250-lavr-laurus";"lavr-laurus";"1";"38";"Лавр (Laurus)";"Лавр (Laurus)";
"346";"53";"Лавровишня (Prunus laurocerasus)";"Лавровишня – вічнозелений чагарник. Висота рослини складає від 2-х до 5 метрів. Листя зелене, щільне. Починає розквітати у чотирирічному віці у квітні – травні. Квітки білого кольору, дуже ароматні, зібрані у видовжені суцвіття, до 15 см. Після цвітіння рослина дає плоди, які нагадують плоди вишні. Для її посадки краще вибирати світлі місця, проте добре себе почуватиме також і в напівтінистих ділянках. Потребує пухкого та родючого грунту. В спекотний період необхідно часто поливати. Морозостійка та швидкоростуча. Широко використовують у декоративному озеленені в садах і парках. З лавровишні також формують живоплоти.";"346-lavrovishnya";"lavrovishnya";"1";"39";"Лавровишня";"";
"1323";"53";"Лагерстремія (Lagerstroemia)";"Lagerstroemia (Лагерстремія)";"1323-lagerstroemia";"lagerstroemia";"1";"40";"Lagerstroemia (Лагерстремія)";"Lagerstroemia (Лагерстремія)";
"173";"53";"Перстач (Potentilla)";"";"173-lapchatka";"lapchatka";"1";"41";"Перстач - Potentilla";"П'ятилисник, пятилисник, Перстач, Лапчатка";
"1218";"53";"Нандіна (Nandina)";"Нандіна – багаторічна листяна рослина. Може виростати до 4 м. Має циліндричну форму крони з видовженими листочками. Залежно від сезону листя змінює колір. Квітне влітку, білими квітами. Плоди нандіни є отруйними, тому, після контакту потрібно обов’язково мити руки. Ця рослина досить  вибаглива. Вона потребує хорошої вологості, освітлення та тепла. Нандіна  використовується в ландшафтному дизайні для озеленення садів а також як контейнерна рослина. З неї ще формують бонсаї.";"1218-nandina-nandina";"nandina-nandina";"1";"42";"";"";
"1335";"53";"Обліпиха (Hippophae)";"";"1335-hippophae";"hippophae";"1";"43";"Обліпиха (Hippophae)";"Обліпиха (Hippophae)";
"301";"53";"Падуб (Ilex)";"";"301-padub-ilex";"padub-ilex";"1";"44";"Падуб (Гостролист) Ilex";"Падуб (Гостролист) Ilex";
"1327";"53";"Щитник (Папороть) (Dryopteris)";"";"1327-dryopteris";"dryopteris";"0";"45";"Щитник (Папороть) (Dryopteris)";"Щитник (Папороть) (Dryopteris)";
"277";"53";"Півонія (Paeonia)";"Півонія – багаторічний листопадний кущ. Винятково гарний серед усіх квітучих навесні кущів. Квіти залежно від сорту вирізняються своїм  забарвленням. Краще висаджувати в захищених місцях, на сонці або в напівтінь. У виборі ділянки надає перевагу добре дренованим та родючим грунтам. Хоча півонія цвіте лише два-три тижні, проте вона чудово підходять для посадки в комбінації з іншими рослинами та гарно прикрасить ваші сади.";"277-pivoniya";"pivoniya";"1";"46";"Півонія (Paeonia)";"Півонія (Paeonia)";
"174";"53";"Піраканта (Pyracantha)";"Піраканта – багаторічний листяний чагарник.  Напів-вічнозелений кущ, що росте спочатку вертикально, з часом поширюючись в сторони. Славиться своєю універсальністю - її можна вирощувати як солітер, біля стін або використати в якості засобу для створення чудових живоплотів. Темно-зелене листя та ягідні плоди , вкривають колючі пагони. Висаджені рослини зачаровують з  пізнього літа до кінця  осені, коли піраканта вкрита яскраво-оранжевими плодами, які виблискують на фоні глянцевого зеленого листя.";"174-pyracantha";"pyracantha";"1";"47";"Піраканта - Pyracantha";"Піраканта - Pyracantha";
"1199";"53";"Порічка (Ribes)";"Порічки – листопадний чагарник. Може виростати до 2 м заввишки. Пагони гладенькі, деякі види з колючками. Листки світло-зеленого відтінку, опушені, 3-5-лопатеві з зазубреними краями. Квітнуть в травні. Квітки жовті, дрібні, зібрані в китиці. Рослини невибагливі, добре зростають на достатньо зволожених і родючих грунтах. Найкраще себе почувають на освітлених та напівтінистих місцях. Цінуються у аграрній промисловості через свої ягоди, які мають високий вміст вітамінів. Деякі види характеризуються високою декоративністю і можуть застосовуватися в озелененні в одиночних та групових посадках. Часто з цих рослин створюють живоплоти.";"1199-porichka-ribes";"porichka-ribes";"1";"48";"";"";
"172";"53";"Пухироплідник (Physocarpus)";"Пухироплідник калинолистий, також називають фізокарпус (лат. Physocarpus opulifolius) - листопадний чагарник; вид роду Пухироплідник сімейства Розові. Використовується як декоративний чагарник в одиночних і групових посадках, як підлісок в розріджених лісових насадженнях, уздовж доріг і залізничних магістралей, для високих живоплотів, для стрижених живоплотів та форм. Після цвітіння суцвіття виглядають як гроно бульбашок. Кущ пухироплідник відрізняється розлогими пониклими гілками, які утворюють густу крону у формі кулі. Висота пухироплідника до 3 м, листя три-п'ятилопатеве, нагадує обрисами листя калини.В розсаднику "Зелені Янголи" ви можете придбати саджанці пухироплідника із закритою кореневою системою, що дозволяє здійснювати посадку практично круглий рік. Ми доставляємо саджанці в будь-яку точку України. Також у нас можна придбати декоративні кущі гуртом! Щоб отримати пропозицію зв'яжіться з нами зручним для вас способом";"172-puhyroplidnyk";"puhyroplidnyk";"1";"49";"Пухироплідник";"Пухироплідник";
"246";"53";"Рокитник (Cytisus) ";"";"246-cytisus";"cytisus";"1";"50";"Рокитник (Cytisus) ";"Рокитник (Cytisus) ";
"238";"53";"Самшит (Buxus)";"Самшит- вічнозелений розлогий кущ, може виростати до 10 м заввишки, діаметром до 1м. Крона компактна та густа. Листки дрібні, шкірясті та темно-зелені. Рослина характеризується повільним ростом, в 10 річному віці висотою до  0,8 м, діаметром до 0,5 м. Самшит характеризується достатньою тіневитривалістю та декоративністю. Потребує періодичного розпушення грунту та регулярного поливу. Також рекомендується раз на місяць підживлювати мінеральними та органічними добривами. Високою популярністю самшит користується у топіарному мистецтві. Часто з цих рослин створюють красиві живоплоти. ";"238-buxus";"buxus";"1";"51";"Самшит (Buxus)";"Самшит (Buxus)";
"239";"53";"Сантоліна (Santolina)";"";"239-santolina";"santolina";"1";"52";"Сантоліна (Santolina)";"Сантоліна (Santolina)";
"276";"53";"Скімія (Skimmia)";"";"276-skimiya";"skimiya";"1";"53";"Скімія (Skimmia)";"Різні сорти Скімії (Скіммії)";
"240";"53";"Скумпія (Cotinus)";"";"240-cotinus";"cotinus";"1";"54";"Скумпія (Cotinus)";"Скумпія (Cotinus)";
"352";"53";"Сніжноягідник (Symphoricarpos)";"Сніжноягідник – декоративний листяний чагарник. Листочки в нього зеленого кольору, овальної форми. Квітне з червня і до осені. Колір квітів залежить від сорту. Сніжноягідник є чудовим медоносом. Його квіти дуже приваблюють бджіл. Восени на кущах дозрівають ягоди, що надає сніжноягіднику ще більшого шарму. Не вибагливий до якості грунту, морозостійкий. Ідеально підходить для створення живоплотів, що не вимагають особливого догляду. ";"352-snizhnoyagidnik-symphoricarpos";"snizhnoyagidnik-symphoricarpos";"1";"55";"Сніжноягідник";"";
"175";"53";"Спірея (Spiraea)";"Таволга, або спірея (Spiraea L.) — рід рослин родини Розові, яких відомо  понад 80 видів.  Рослина високо цінується садівниками за невибагливість у догляді та широкий спектр застосування у ландшафнтому дизайні. Спірею використовують для живоплотів, бордюрів, групових та поодиноких посадок, тощо.  А ще таволги - прекрасні медоноси!
Розсадник "Зелені Янголи" пропонує якісні саджанці спіреї із закритою кореневою системою, що дозволяє здійснювати пересадку практично круглий рік. Доставляємо саджанці в будь-яку точу України. Також в розсаднику "Зелені Янголи" є можливість придбати кущі спіреї гуртом - за пропозицією зверніться за номером +380503716996";"175-spiraea";"spiraea";"1";"56";"Спірея-Spiraea";"Спірея-Spiraea";
"390";"53";"Стефанандра (Stephanandra)";"Стефанандра (Stephanandra)
Стефанандра - багаторічний, листопадний чагарник, який має надзвичайно декоративне листя та широку, розкидисту форму крони в дорослому віці. Відноситься до родини Рожевих (Розоцвіті). Походить Стефанандра родом з Японії та Кореї.
А в перекладі з грецької Stephanandra - означає "Чоловічий вінок"";"390-stefanandra-stephanandra";"stefanandra-stephanandra";"1";"57";"";"";
"378";"53";"Троянда (Rosa)";"Троянда – це листопадний кущ, що може виростати до 4 м. Також зустрічаються сорти у формі ліани. Листки більшості видів 5–15 сантиметрів завдовжки, перисті. Як правило, листя має зубчасті краї, і часто кілька шипів на нижній частині. Стебло вкрите шипами. Колір  та форма квітів залежить від сорту. Троянди часто використовують у декоративному садівництві, їх також розводять і для одержання ефірної олії; з пелюсток деяких троянд варять конфітюри й готують напої а також їх використовують для створення букетів.";"378-troyanda-rosa";"troyanda-rosa";"1";"58";"Троянда (Rosa)";"Троянда (Rosa)";
"168";"53";"Форзиція (Forsythia)";"Форзиція - вісник весни. Березневе золотисте цвітіння свідчить про її справжній, а не календарний прихід. Багато форзицій виростають досить великими, а після відцвітання не мають декоративного вигляду. Саме тому такі цінні компактні сорти, та сорти з декоративним листям. Вона чудово підійде для посадки в комбінації з іншими багаторічниками з темнішим листям або квітучими кущами. Квіти підходять для зрізів.";"168-forsythia";"forsythia";"1";"59";"Форзиція Forsythia";"Форзиція Forsythia";
"1248";"53";"Фотергіла (Fothergilla)";"";"1248-fotergila-fothergilla";"fotergila-fothergilla";"0";"60";"Фотергіла (Fothergilla)";"Фотергіла (Fothergilla)";
"242";"53";"Фотинія (Photinia)";"Фотинія – багаторічний листяний чагарник, зазвичай досягає до 2 м заввишки, вічнозелений. Привабливо виглядає на протязі всього року за рахунок шкірястого блискучого листя і молодих пагонів. Залежно від сорту за теплої, сонячної погоди утворюються яскраво-червоні плоди. Фотинія -  невибаглива рослина у виборі грунту, добре росте на вапняних грунтах, на сонячних або напівтінистих місцинах. Рослина рекомендується як для одиночних так і гуппових посадок, для присадибних ділянок і для контейнерів.";"242-photinia";"photinia";"1";"61";"Фотинія (Photinia)";"Фотинія (Photinia)";
"1231";"53";"Церцис (Cercis)";"Церцис -  квітучий чагарник або дерево, яке виростає до 10-12 м заввишки. Характеризується пишною кроною. Стовбур часто виростає викривленим.  Листя округле або яцеподібне, досягають до 8 см довжиною, мають світло-зелений колір. Церцис розквітає на початку квітня рожевими квітками, які зібрані в пучки, що ростуть з пазухах листя. Цвітіння триває біля місяця, воно дуже рясне і може огортати кожну гілку цього дерева. Потребує вапняні, легкі та добре дреновані грунти. Полив повинен бути помірний, не потребує частого підживлення добривами. Найкраще зростає у легкій півтіні, але добре себе почуватиме на яскравому освітлені. Рослина досить теплолюбна, тому вона не переносить сильних морозів, максимум до -16 ºС.";"1231-cercis";"cercis";"1";"62";"Церцис (Cercis)";"квітучий кущ або дерево Церцис (Cercis)";
"1295";"53";"Цеанотус (Ceanothus)";"";"1295-ceanotus-ceanothus";"ceanotus-ceanothus";"1";"63";"Червонокорінник, Цеанотус (Ceanothus)";"Червонокорінник, Цеанотус (Ceanothus)";
"353";"53";"Чубушник (Philadelphus)";"Чубушник –  рід листопадних та напівлистопадних рослин заввишки до 3 м.  У молодому віці кора молодих пагонів тонка, коричнева. Пагони голі або опушені. Листя прості, яйцеподібні,  до 7 см завдовжки. Квіти прості, напівмахрові, зібрані в китиці. Квітне з кінця травня по липень. Чубушник досить морозостійкий, добре зростає на освітлених  місцях. Полюбляє пухкий та родючий грунт. Вологолюбний, потребує регулярного поливу, особливо в молодому віці. Красиво виглядає у поодиноких та групових посадках, ідеально підходить для озеленення міських територій. За допомогою цієї рослини створюють красивий квітучий живопліт.";"353-chubushnik";"chubushnik";"1";"64";"Чубушник, Філадельфус";"";
"1366";"53";"Кринодендрон (Crinodendron)";"";"1366-crinodendron";"crinodendron";"1";"65";"Кринодендрон (Crinodendron)";"Кринодендрон (Crinodendron)";
"1370";"53";"Цефалантус (Cephalanthus)";"Цефалантус — декоративний листопадний чагарник із незвичайними кулястими білими суцвіттями, які приваблюють бджіл і метеликів. Добре росте на вологих ділянках і біля водойм, формуючи густий кущ із блискучим зеленим листям. Ідеально підходить для природних садів і прибережного озеленення.";"1370-cephalanthus";"cephalanthus";"1";"66";"Цефалантус (Cephalanthus)";"Цвітоголовник, Головач, Помпонне дерево чи Батонбуш";
"1372";"53";"Еджвортія (Edgeworthia)";"Еджвортія — рідкісний декоративний чагарник, який цінується за раннє та дуже ароматне цвітіння ще до появи листя. Утворює компактний кущ із екзотичними жовто-кремовими суцвіттями наприкінці зими — на початку весни. Ідеальна для поодиноких посадок як ефектний акцент у саду.";"1372-edgeworthia";"edgeworthia";"1";"67";"Еджвортія (Edgeworthia)";"Еджвортія (Edgeworthia)";
"1373";"53";"Османтус (Osmanthus)";"Османтус — вічнозелений декоративний чагарник із щільним блискучим листям і надзвичайно ароматним цвітінням. Дрібні білі або кремові квітки мають інтенсивний солодкий аромат, особливо відчутний восени. Ідеально підходить для живоплотів, контейнерного вирощування та ароматних садових композицій.";"1373-osmanthus";"osmanthus";"1";"68";"Османтус (Osmanthus)";"Османтус (Osmanthus)";
"1374";"53";"Абелія (Abelia)";"";"1374-abelia";"abelia";"1";"69";"Абелія (Abelia)";"Абелія (Abelia)";
"1379";"53";"Лейцестерія (Leycesteria)";"Лейцестерія — декоративний листопадний чагарник із незвичним пониклим цвітінням і декоративними темними ягодами. Формує швидкорослий кущ, який прикрашають бордово-пурпурові приквітки та контрастні білі квіти. Добре підходить для природних садів і акцентних посадок з ефектним літнім цвітінням.";"1379-leycesteria";"leycesteria";"1";"70";"Лейцестерія (Leycesteria)";"Лейцестерія (Leycesteria) Гімалайська жимолость";
"228";"53";"Айва (Cydonia )";"";"228-cydonia";"cydonia";"1";"71";"Айва (Cydonia )";"Айва (Cydonia )";
"1382";"53";"Олеандр (Nerium oleander)";"Олеандр — вічнозелений декоративний чагарник із рясним і тривалим цвітінням яскравих квітів у рожевих, білих або червоних відтінках. Формує густий кущ і добре підходить для вирощування в контейнерах або оранжереях. Ідеальний для терас і теплих садів, де створює середземноморський акцент.";"1382-nerium-oleander";"nerium-oleander";"1";"72";"Олеандр (Nerium oleander)";"Олеандр (Nerium oleander)";
"1392";"53";"Кордиліна (Cordyline)";"Кордиліна — декоративна вічнозелена рослина з ефектним мечоподібним листям, яка додає саду або терасі екзотичного вигляду. Залежно від сорту має зелене, пурпурове або строкате забарвлення. Ідеально підходить для контейнерного вирощування та акцентних посадок у сучасному ландшафтному дизайні.";"1392-kordilina-cordyline";"kordilina-cordyline";"1";"73";"Кордиліна (Cordyline)";"Кордиліна (Cordyline)";
"1394";"53";"Мирт (Myrtus)";"Мирт — вічнозелений декоративний чагарник із дрібним блискучим ароматним листям і витонченими білими квітками. Після цвітіння утворює декоративні темно-сині ягоди, а щільна крона добре піддається формуванню. Ідеально підходить для контейнерного вирощування, зимових садів і створення середземноморських композицій.";"1394-myrtus";"myrtus";"1";"74";"Мирт (Myrtus)";"Мирт (Myrtus)";
"1395";"53";"Фізаліс (Physalis)";"";"1395-physalis";"physalis";"1";"75";"Фізаліс (Physalis)";"Фізаліс (Physalis)";
"11";"3";"Ліани";"Ліани класифікація і опис
Рослини, що в’ються або ліани – вони можуть бути дерев’янисті, мати опадаюче чи вічнозелене листя, можуть бути трав’янистими, а також або багаторічні або однорічні.
Дерев’янисті ліани щороку починають квітнути навесні фактично з того місця де були, а трав’янисті на зиму відмирають і заново ростуть від коренів.
Ліани не мають можливості самі рости без опори, знаходять її завдяки вусикам чи придаточним кореням. Стебла ліан гнучкі і видовжені, їм характерний досить швидкий ріст. Завдяки цьому ліани піднімаються високо вверх і там розпускаються листя і квіти.
Використання ліан у ландшафтному дизайні
За допомогою ліан можна прикрасити будь-яку ландшафтно-архітектурну форму. Ліани можна використати для прикрашення паркану, альтанок, стін. Для них можна збудувати спеціальні опори і зробити чудовий затінок.
Доставка і покупка ліан
У розпліднику рослин ландшафт-центру «Зелені Янголи» в м. Ужгород можна придбати декоративні ліани за найкращою низькою ціною і також можлива доставка у всі регіони України службою доставки.
У нашому інтернет магазині Ви можете купити ліани - однорічні та багаторічні садові ліани з доставкою по Україні.
  ";"11-climbers";"climbers";"1";"3";"Листяні ліани";"Листяні ліани за найнижчими цінами в Ужгороді та з доставкою по Україні";
"180";"11";"Акебія (Akebia)";"";"180-acebia";"acebia";"1";"0";"Акебія (Akebia)";"Акебія (Akebia)";
"249";"11";"Гліцинія (Wisteria)";"Гліцинія яку також називають вісте́рія (лат. wistéria) - це рід ліаноподібних дерев'янистих гарноквітучих рослин з сімейства бобові.Головна декоративна особливість вістерії це прекрасні ароматні суцвіття довжиною 10 - 30 см, переважно бузкового кольору, хоча зустрічаються також гліцинії з рожевими, білими квітами.
Гліцинія найкраще росте і цвіте в захищених, теплих, сонячних місцях, в помірно родючих та помірно вологих ґрунтах. 
Ідеально підходить для посадки біля фасадів будівель, альтанок, пергол за умови, що опорна конструкція буде довговічною та здатна утримувати значну вагу пагонів та листя навіть після сильного дощу.";"249-wisteria";"wisteria";"1";"2";"Гліцинія (Wisteria)";"Гліцинія (Wisteria)";
"245";"11";"Дівочий виноград (Parthenocissus)";"Дівочий виноград – це декоративна ліана. Не варто плутати з їстівним виноградом! Так як дівочий виноград вирощують тільки в декоративних цілях. За допомогою цієї рослини закривають непривабливі споруди, прикрашають стіни та альтанки. Дівочий виноград не вибагливий в догляді, може зростати на будь-якій місцевості. В залежності від сорту може мати різне забарвлення листя. ";"245-parthenocissus";"parthenocissus";"1";"3";"Дівочий виноград (Parthenocissus)";"Дівочий виноград (Parthenocissus)";
"162";"11";"Жимолость";"Жимолость – багаторічний листяний чагарник. Деякі види мають форму ліани і використовуються тільки в декоративному садівництві. А деякі можуть плодоносити. Такі види цінують за їх корисні властивості та чудовий смак. Багато видів жимолості дуже часто висаджують в садах, уздовж алей, використовують для групових посадок. В залежності від сорту, форма та колір рослин можуть відрізнятися. ";"162-zhimolost";"zhimolost";"1";"4";"Жимолость - Lonicera";"Жимолость Lonicera";
"350";"11";"Кампсис (Campsis)";"";"350-kampsis-campsis";"kampsis-campsis";"1";"5";"Кампсис";"";
"1239";"11";"Кірказон (Aristolochia)";"";"1239-kirkazon-aristolochia";"kirkazon-aristolochia";"1";"6";"Кірказон - Aristolochia";"Кірказон - Aristolochia";
"1336";"11";"Лимонник (Schisandra)";"";"1336-schisandra";"schisandra";"1";"7";"Лимонник (Schisandra)";"Лимонник (Schisandra)";
"256";"11";"Клематис (Clematis)";"";"256-clematis";"clematis";"1";"8";"Клематис (Clematis)";"Клематис (Clematis)";
"1253";"11";"Пасифлора (Passiflora)";"";"1253-pasiflora-passiflora";"pasiflora-passiflora";"1";"9";"Пасифлора (Passiflora)";"Пасифлора (Passiflora)";
"1300";"11";"Трахелоспермум (Trachelospermum)";"";"1300-trachelospermum";"trachelospermum";"1";"10";"Трахелоспермум (Trachelospermum)";"Трахелоспермум (Trachelospermum)";
"254";"11";"Плющ (Hedera)";"Плющ або хедера (Hedera) – вічнозелена ліана із сімейства аралієвих, яка налічує близько 15 видів. В природі плющ зустрічається в тінистих лісах, де він може обплітати дерева своїми довгими пагонами і досягягати висоти понад 10 м. Корінці-присоски допомагають чіплятися за опору або проникають у грунт, що дає рослині додакове живлення та сприяє активному росту.
Хедера невибаглива до грунту, але вологолюбива рослина - її коренева система поверхнева, тому у теплий період року полив має бути регулярний та рясний. Зелені плющі прекрасно переносять напівтінь і тінь, а ось варієгатні та яскраві кольорові різновиди найкраще саджати освітленому місці, притіняючи від прямого сонячного проміння.
Не всі представлені різновиди плющів морозостійкі. Кольорові форми плюща, як правило, більш теплолюбиві, і рекомендуються для висадки у тепліших регіонах України (частина Закарпатської та Львівської, Одеська, Миколаївська, Херсонська область), або у якості кімнатної рослини.  Для Київської, Харківської, Сумської областей рекомендується висаджувати зелені плющі у затишні, захищені від вітру і протягів місця.
Плющ широко використовується у декоративному садівництві - з його допомогою можна легко та швидко реалізувати різноманітні варіанти вертикального озеленення: - озеленення стін, фасадів будинків і прибудинкових споруд;- сітка завита плющем утворює зелену огрожу, яка захистить від пилу та збагатить повітря киснем;- арки, обвиті плющем виглядають дуже ефектно!Щоб отримати зелену стіну радимо саджати плющ кожні 30 см.
Плющ може стати альтернативою традиційного газону - він швидко утворить густий, тіньовитривалий, вічнозелений килим, який не дасть розповсюдитися бур'янам! Радимо саджати плющ на відстані не менше ніж 50 см від стовбурів дерев. Щоб отримати щільне покриття на 1 метр квадратний висаджуйте 6 саджанців плюща.
Плющ також використовується у якості кімнатної рослини. В такому випадку не забувайте регулярно поливати вологолюбивий плющик, не допускайте пересихання грунту.
Якщо ви спостерігаєте пожовтіння листочків плюща - можливо це наслідок рясного поливу при низьких температурах, чи надлишок добрив.Якщо у вас кольоровий різновид плюща, а листя стало зелене - це може бути наслідком недостатнього освітлення.Коричневі або сухі кінчики листя - наслідок сухого повітря, дії прямого сонячного проміння або недостатнього поливу.Якщо пагони вкриває невелика кількість листочків - плющу не вистачає сонця.
Купуйте якісні саджанці плюща у провідного українського розсадника декоративних рослин "Зелені Янголи" з доставкою по Україні!";"254-hedera";"hedera";"1";"11";"Плющ (Hedera)";"Плющ (Hedera)";
"1245";"11";"Фалопія (Fallopia)";"";"1245-falopiya-fallopia";"falopiya-fallopia";"1";"12";"Фалопія (Fallopia)";"Фалопія (Fallopia)";
"248";"3";"Верескові рослини";"Вересові рослини це вічнозелені чагарники, дерева, ліани. У нас ви можете придбати широкий асортимент саджанців і повномірів декоративних представників родини вересових. Це і азалії (рододендрони), еріка, верес звичайний. В ландшафтному дизайні вересові добре комбінуються з хвойними рослинами і можуть використовуватися для контрастних композицій, кам'янистих ладшафтах, японських садках, затінених куточках. Вересові рослини добре виглядають у групових посадках.
Ми продаємо і доставляємо саджанці вересових в усі міста України (Харків, Київ, Полтаву, Львів, Луцьк, Хмельницький, Івано-Франківськ, Чернівці, Вінницю, Чернігів, Дніпро, Запоріжжя, Херсон, Одесу) або ви можете їх купити прямо у нас в розпліднику в Ужгороді.";"248-ericaceae";"ericaceae";"1";"4";"Верескові рослини";"Верескові рослини: еріка, вереск, рододендрон, азалія.";
"272";"248";"Азалія (Azalea)";"Азалія – вишукана окраса вашого саду
Азалія – це розкішний декоративний кущ, що зачаровує своїм цвітінням. Вона ідеально підходить для озеленення садів, парків та присадибних ділянок. Відома своїми пишними квітами, ця рослина створює атмосферу елегантності та краси.

Чому варто купити азалію?

Різноманітність видів – у нас представлена японська азалия, а також інші популярні сорти.
Морозостійкість – багато сортів чудово переносять зими в Україні.
Гарний вибір для озеленення – чудово виглядає у композиціях з іншими рослинами.


Як доглядати за азалією?
Азалії люблять підкислений ґрунт, достатню вологість та півтінь. Важливо регулярно поливати та удобрювати рослину, особливо в період цвітіння.


Купити азалію в Україні
На нашому сайті ви можете купити азалію різних сортів з доставкою по всій Україні. Ми пропонуємо тільки якісні саджанці, що надають пишне цвітіння та здоровий ріст.
Оберіть свою ідеальну азалію вже сьогодні та створіть унікальну квітучу зону у своєму саду! ✨";"272-azalea";"azalea";"1";"0";"Купити Азалію – японська азалия, кущі для саду, доставка по Україні";"Азалії для вашого саду! Купити японську Азалию з доставкою по Україні. Великий вибір сортів, морозостійкі кущі в горщиках. Замовляйте якісні саджанці азалій онлайн!";
"271";"248";"Андромеда (Andromeda)";"";"271-andromeda";"andromeda";"1";"1";"Андромеда (Andromeda)";"Андромеда (Andromeda)";
"1262";"248";"Верес (Calluna)";"";"1262-veres";"veres";"1";"2";"Верес (Calluna)";"Верес (Calluna)";
"1226";"248";"Еріка (Erica)";"Еріка - представник роду Вересові. З давніх-давен люди цінували достоїнства Еріки, вересу, як рослину-першовідкривача, яка сміливо освоює самі безплідні землі. Це вічнозелений декоративно-листяний квітучий чагарник, що стелиться килимом. Особливостями Еріки є тривалий період рясного цвітіння і швидке зростання. Часто використовується при створенні різнокольорових вересових садів. Добре виглядають Еріки в групах з декількох штук в одному місці. Завдяки багатому колірному спектру Еріки дозволяють розробляти з них композиції з різними термінами цвітіння.";"1226-erika-erica";"erika-erica";"1";"3";"";"";
"1243";"248";"Енкіантус (Enkianthus)";"";"1243-enkiantus-enkianthus";"enkiantus-enkianthus";"1";"4";"Енкіантус (Enkianthus)";"Енкіантус (Enkianthus)";
"1293";"248";"Леукотоє (Leucothoe)";"";"1293-leucothoe";"leucothoe";"1";"5";"Леукотоє (Leucothoe)";"Леукотоє (Leucothoe)";
"1210";"248";"Кальмія (Kalmia)";"";"1210-kalmiya-kalmia";"kalmiya-kalmia";"1";"6";"";"";
"237";"248";"Пієріс (Pieris)";"";"237-pieris";"pieris";"1";"7";"Пієріс (Pieris)";"Пієріс (Pieris)";
"284";"248";"Рододендрон (Rhododendron)";"Рододендрони – вишукані декоративні кущі для вашого саду
Рододендрони (Rhododendron) – це унікальні декоративні рослини, що вражають своїм пишним цвітінням та різноманітністю кольорів. Вони ідеально підходять для створення садових композицій, живих огорож та альпійських гірок. Завдяки своїй красі та невибагливості, рододендрони стануть справжньою окрасою вашої ділянки.

Чому варто купити рододендрон?
✔ Розкішне цвітіння – великі яскраві суцвіття додають саду яскравих фарб.
✔ Морозостійкість – багато сортів адаптовані до холодного клімату України.
✔ Невибагливість у догляді – правильний вибір ґрунту та регулярний полив забезпечать здоровий ріст рослини.
✔ Різноманітність видів і сортів – широкий вибір забарвлень і форм кущів.

Як доглядати за рододендронами?


Освітлення: Найкраще підходить напівтінь, захист від прямих сонячних променів.


Ґрунт: Кислий, добре дренований, багатий на органічні речовини.


Полив: Регулярний, особливо в період цвітіння та в спеку.


Підживлення: Використання спеціальних добрив для рододендронів.


Зимівля: Деякі сорти потребують укриття на зиму.



Де купити рододендрони в Україні?
У нашому інтернет-магазині Landshaft.info ви знайдете великий вибір рододендронів різних сортів. Ми пропонуємо якісні саджанці та доставку по всій Україні. Замовляйте рододендрони вже сьогодні та створюйте унікальний сад власної мрії!
Обирайте найкращі рододендрони – прикрасьте свій сад неперевершеною красою!";"284-rododendron-rhododendron-derevotroyanda";"rododendron-rhododendron-derevotroyanda";"1";"8";"Купити рододендрони в Україні! Широкий вибір саджанців, горщик С3-С20л";"Купуйте рододендрони для саду! Великі кущі рододендронів в горщиках С3-С20л. Пишні, якісні, морозостійкі сорти з доставкою по Україні! ";
"1238";"248";"Суничник (Arbutus)";"";"1238-sunichnik-arbutus";"sunichnik-arbutus";"0";"9";"Суничник - Arbutus";"Суничник - Arbutus";
"48";"3";"Багаторічники, трави";"Багаторічні квітучі рослини і трави дозволяють створювати контрастні композиції у ландшафтному дизайні, робити більш цікавими скельні гірки, клумби та ін. Розплідник декоративних рослин "Зелені янголи" пропонує багаторічники і трави в асортименті за низькими цінами в місті Ужгород та з доставкою по Україні";"48-herbs";"herbs";"1";"5";"Трави і травянисті рослини";"Трави і травянисті рослини";
"1385";"48";"Соняшник (Helianthus)";"Соняшник — яскрава декоративна або плодова рослина з великими жовтими суцвіттями, що завжди повертаються до сонця. Формує міцні високі стебла та цвіте влітку, створюючи виразний акцент у саду. Ідеально підходить для квітників, живих огорож і природних посадок.";"1385-helianthus";"helianthus";"1";"0";"Соняшник (Helianthus)";"Соняшник (Helianthus)";
"1277";"48";"Авринія (Aurinia)";"";"1277-avriniya";"avriniya";"1";"2";"Авринія (Aurinia)";"Авринія (Aurinia)";
"1337";"48";"Агапантус (Agapanthus)";"";"1337-agapanthus";"agapanthus";"1";"3";"Агапантус (Agapanthus)";"Агапантус (Agapanthus)";
"381";"48";"Агастахе (Agastache)";"";"381-agastakhe-agastache";"agastakhe-agastache";"1";"4";"";"";
"306";"48";"Азорелла (Azorella)";"";"306-azorella";"azorella";"1";"5";"";"";
"380";"48";"Аїр (Acorus)";"Аїр – це багаторічна трав’яниста, злакова рослина. Його ще називають лепиха або татариня. Має вузьке листя зеленого кольору з білою смужкою, що зібране в пучок. Любить сонячні місця або легку півтінь. Росте на рівномірно зволожених грунтах.
Усі види лепехи використовуються в ландшафтному дизайні: їх садять по берегах штучних ставків і струмків. Цінуються рослини за декоративність свого листя. Усі види аїру не вимогливі до догляду та потребують лише обрізку для обмеження свого поширення; рослини розмножують шляхом поділу. Морозостійкість - приблизно до мінус 35 C.Аїр злаковий використовується також як акваріумна рослина.";"380-ayir-acorus";"ayir-acorus";"1";"6";"";"";
"1303";"48";"Акант (Acanthus)";"";"1303-acanthus";"acanthus";"1";"7";"Акант (Acanthus)";"Акант (Acanthus)";
"187";"48";"Аквілегія (Aquilegia)";"";"187-aquilegia";"aquilegia";"1";"8";"Аквілегія - Aquilegia";"Аквілегія - Aquilegia";
"1285";"48";"Актея (Actaea)";"";"1285-actaea";"actaea";"1";"9";"Клопоніг, Актея (Actaea)";"Клопоніг, Актея (Actaea)";
"182";"48";"Анемона (Anemone)";"Анемона – багаторічна трав’яниста рослина, з гарним перистим, зеленим листям. Анемони мають прямі стебла, деякі види можуть виростати до 90 см.При правильному догляді вони активно розвиваються та ростуть. Для висадки підійдуть сонячні місця або легка півтінь. Анемони не переносять надмірного зволоження грунту.";"182-anemone";"anemone";"1";"10";"Анемона (Вітряниця) Anemone";"Анемона (Вітряниця) Anemone";
"188";"48";"Арабіс (Arabis)";"";"188-arabis";"arabis";"1";"11";"Арабіс - Arabis";"Арабіс - Arabis";
"225";"48";"Армерія (Armeria)";"Армерія – багаторічна, низькоросла, трав’яниста рослина до 35см заввишки. Листя лінійні, зібрані в прикореневу розетку. В кінці весни рослина покривається дрібними, але численними рожевими, червоними або білими квітками, зібраними в кулясті суцвіття. Армерія надає перевагу сонячним ділянкам з пухким, супіщаним, помірно вологим та обов’язково кислим грунтом. Активно використовують у флористиці, квітниках, рокаріях, в контейнерній посадці та у формуванні квітучих бордюрів.";"225-armeria";"armeria";"1";"12";"Армерія - Armeria";"Армерія - Armeria";
"190";"48";"Астильба (Astilbe)";"Астильба – це багаторічна, трав’яниста рослина до 50см заввишки та до 40см завширшки. Вирізняється своїм яскравим виглядом. Забарвлення залежить від сорту. Особливо привабливо виглядають квітки білих, червоних, рожевих та фіолетових відтінків. Суцвіття ромбовидні, пухкі. Велике листя утворює ажурний кущ темно-зеленого, бордового, бронзового кольору. Плід — коробочка з дрібним насінням. Цінується астильба за тривале, пишне цвітіння, тіневитривалість та стійкість до високої вологості грунту. Астильба ефектно виглядає на напівтінистих міксбордерах, кам'янистих гірках, в рабатках вздовж газонів та на березі водойм. Ця рослина допоможе зі смаком оформити ділянку і оживити навіть темні куточки вашого саду.";"190-astilbe";"astilbe";"1";"13";"Астильба Astilbe";"Астильба Astilbe";
"1274";"48";"Асперула (Asperula) ";"";"1274-asperula";"asperula";"1";"14";"Асперула (Asperula) ";"Асперула (Asperula) ";
"189";"48";"Астра (Aster)";"";"189-aster";"aster";"1";"15";"Астра 'Aster'";"Астра (Aster) оптом і в роздріб";
"1263";"48";"Астранція (Astrantia)";"";"1263-astrantia";"astrantia";"1";"16";"";"";
"181";"48";"Ацена (Acaena)";"";"181-acaena";"acaena";"1";"17";"Ацена - Acaena";"Ацена - Acaena";
"1222";"48";"Бадан (Bergenia)";"Бадан – рід вічнозелених однорічних та багаторічних рослин родини Ломикаменевих.  Рослини заввишки від 6 до 35 см. Листя темно-зеленого кольору на довгих черешках. Квітки келихоподібної форми білого, червоного або рожевого кольору, зацвітають у кінці весни – на початку літа. В основному ці рослини невибагливі до родючості грунту, проте потребують розпушення субстрату та помірного поливу. Гарно виглядають поруч з іншими рослинами, часто використовуються в озеленені саду, створення клумб, рабаток та міксбордерів. ";"1222-badan-bergenia";"badan-bergenia";"1";"18";"Бадан (Bergenia)";"Бадан (Bergenia)";
"1254";"48";"Бамбук (Bambus) ";"";"1254-bambuk-bambus";"bambuk-bambus";"1";"19";"Бамбук (Bambus) ";"Бамбук (Bambus) ";
"221";"48";"Барвінок (Vinca)";"";"221-vinca";"vinca";"1";"20";"Барвінок - Vinca";"Барвінок - Vinca";
"1223";"48";"Бруннера (Brunnera)";"Бруннера – багаторічна трав’яниста декоративна рослина. Може виростати до 50 см заввишки. Листя серцевидної форми . В залежності від сорту листочки можуть мати різне забарвлення. Завдяки розвиненій кореневій системі, бруннері не страшний бур'ян. Садити рекомендується в тіні або півтіні, в посушливу погоду поливати. Брунера підійде для бордюрної висадки а також як фон для квітників. До і після цвітіння рослина не втрачає свого декоративного вигляду. Пишність Бруннери активно застосовується для посадки в рокаріях, альпійських гірках, багаторівневих клумбах, міксбордерах. ";"1223-brunnera-brunnera";"brunnera-brunnera";"1";"21";"Бруннера (Brunnera)";"Бруннера (Brunnera)";
"1270";"48";"Бутелуа (Bouteloua)";"";"1270-butelua-bouteloua";"butelua-bouteloua";"1";"22";"Бутелуа (Bouteloua)";"Бутелуа (Bouteloua)";
"1348";"48";"Валеріана червона (Centranthus ruber)";"Кентранус червоний, центранус червоний, остріжник червоний, шпора валеріани";"1348-centranthus-ruber";"centranthus-ruber";"1";"23";"Валеріана червона (Centranthus ruber)";"Кентранус червоний, центранус червоний, остріжник червоний, шпора валеріани";
"413";"48";"Вероніка (Veronica)";"Вероніка – багаторічна рослина, що може зростати до 20-30 см. Має форму куща. Квітне протягом усього літа, видовженими, схожими на свічку суцвіттями. Листочки злегка зазубрені, зелені. Висаджувати краще у півтінь або сонячне місце. Вероніка любить помірно зволожений, дренований грунт. Цю рослину використовують як для висадки в контейнерах так і в ландшафтному дизайні.";"413-veronika-veronica";"veronika-veronica";"1";"24";"Вероніка (Veronica)";"Вероніка (Veronica)";
"1211";"48";"Вербена (Verbena)";"Вербена стійка, високоросла багаторічна рослина. Листочки подовгуваті, загостренні на кінці. Зазвичай квіти рожево-фіолетового забарвлення утворюють щільне суцвіття до 5 см. Надає перевагу сонячним ділянкам, захищеним від вітру. Грунт повинен бути легким, вологим та помірно родючим. Вербена не сильно стійка до морозів, тому на зиму потрібно укривати. Має здатність насіюватись та "мігрувати" по ділянці. Використовують в групових посадках, висаджують вздовж садових доріжок. Гарно виглядає в композиції з низькими рослинами.";"1211-verbena-verbena";"verbena-verbena";"1";"25";"";"";
"1205";"48";"Вербозілля (Lysimachia)";"Вербозілля - багаторічна ґрунтопокривна рослина. Листя яскраво зеленого, інколи жовтого  забарвлення з дрібними, насичено-жовтими квітами. Надає перевагу сонячним та добре зволоженим грунтам. В затінку теж непогано почувається, але втрачає свою яскравість. Морозостійке. Вербозілля часто використовують в рокаріях, в оформленні  берегів водойм.";"1205-verbozillya-lysimachia";"verbozillya-lysimachia";"1";"26";"Вербозілля (Lysimachia)";"Вербозілля (Lysimachia)";
"1315";"48";"Воловик (Anchusa)";"";"1315-anchusa";"anchusa";"1";"27";"Воловик (Anchusa)";"Воловик (Anchusa)";
"382";"48";"Куничник (Calamagrostis)";"Куничник (Війник) –декоративна, злакова, трав’яниста рослина. Росте як густий, вертикальний кущ з пухнастими, видовженими, мітловидними суцвіттями. Сонцелюбна рослина, проте непогано почувається в тіні. До грунту невибаглива, але краще зростає на родючих, добре дренованих грунтах. Зазвичай використовують в групових посадках та в оформленні садів, гарно виглядає в декоруванні букетів.";"382-vijnik-calamagrostis";"vijnik-calamagrostis";"1";"28";"Куничник (Війник) Calamagrostis";"Куничник (Війник) Calamagrostis";
"1278";"48";"Вітекс";"";"1278-viteks";"viteks";"1";"29";"Вітекс";"Вітекс";
"1304";"48";"Гаура (Gaura)";"";"1304-gaura";"gaura";"1";"30";"Гаура (Gaura)";"Гаура (Gaura)";
"202";"48";"Гайлардія (Gaillardia)";"";"202-gaillardia";"gaillardia";"1";"31";"Гайлардія (Гаярдія) - Gaillardia";"Гайлардія (Гаярдія) - Gaillardia";
"197";"48";"Гвоздика (Dianthus)";"Гвоздика – багаторічна, трав’яниста рослина. Листя сіро-зеленого кольору. Квіти, в залежності від сорту, мають різноманітне та яскраве забарвлення. Має пряний аромат. Світлолюбна рослина, обирає легкий, добре дренований, без надмірної волог, грунт. Гарно виглядає як в садових клумбах, так і в ніжних букетах. ";"197-dianthus";"dianthus";"1";"32";"Гвоздика - Dianthus";"Гвоздика - Dianthus";
"247";"48";"Гірчак (Persicaria)";"";"247-girchak-persicaria";"girchak-persicaria";"1";"33";"Гірчак (Persicaria)";"Гірчак (Persicaria, Polygonum)";
"1314";"48";"Геленіум (Helenium)";"";"1314-helenium";"helenium";"1";"34";"Геленіум (Helenium)";"Геленіум (Helenium)";
"251";"48";"Гейхера (Heuchera)";"Гейхера – швидкоросла, багаторічна рослина. Залежно від сорту може бути забарвлена в різноманітні яскраві та цікаві кольори. Полюбляє теплі, сонячні або частково затінені ділянки з добре дренованими, нейтрально-кислими грунтами. Морозостійка. Гарно виглядає в домашньому саду, часто її  використовують в рокаріях, клумбах та для оформлення бордюрів.";"251-heuchera";"heuchera";"1";"35";"Гейхера (Heuchera)";"Гейхера (Heuchera)";
"252";"48";"Гейхерела (Heucherella)";"Категорія Гейхерела:Гейхерелла – це багаторічна трав'яниста рослина, гібрид тіарелли і гейхери. Має товсте поверхневе коріння, гнучкі стебла і декоративне щільне листя. Влітку деякі види випускають невеликі світлі квітки. Більшість кущів піднімається над поверхнею землі не більше ніж на 50см. Гейхерела є невибагливою рослиною – може рости як на сонці, так і в затінку, зберігає колір листя аж до заморозків, морозостійка та посухостійка, не любить надмірного зволоження грунту. Гейхерела часто використовується в ландшафтному дизайні завдяки різноманітності забарвлення листочків. Їх використовують як в групових, так і в одиночних посадках.";"252-heucherella";"heucherella";"1";"36";"Гейхерела (Heucherella)";"Гейхерела (Heucherella)";
"1284";"48";"Головатень (Echinops)";"";"1284-golovaten-echinops";"golovaten-echinops";"1";"37";"";"";
"298";"48";"Гравілат (Geum)";"Гравілат, який ще називають гребі́нник (лат. Géum), належить до багаторічних рослин родини розові. Гравілат яскраво-червоний, чилійський та ряд інших видів розводять як декоративні рослини, які набувають все більшої популярності!
Вибираючи місце для посадки гравілату, слід враховувати, що практично всі різновиди погано реагують на застій вологи в грунті. Варто уникати ділянок, де коренева система рослини буде розташована поблизу грунтових вод. Не засмучуйтесь, якщо на вашій ділянці немає підходящого місця - ви можете створити для рослини потрібні умови: посадити у високій клумбі або підняти грунт, просто додавши в нього більше піску. Гравілат найкраще почуватиметься при висадці в легкий, пухкий і проникний грунт.
Гравілат буде рости і на сонці, і в тіні. Але зважайте на те, що в затінку цвітіння буде не сильно рясним, проте довгим. Оптимальним для посадки буде місце з розсіяним світлом.";"298-gravilat-geum";"gravilat-geum";"1";"38";"Гравілат (Geum)";"Гравілат (Geum)";
"1294";"48";"Гребінничок (Waldsteinia)";"";"1294-waldsteinia";"waldsteinia";"1";"39";"Гребінничок, Вальдштейнія (Waldsteinia)";"Гребінничок, Вальдштейнія (Waldsteinia)";
"203";"48";"Тирлич (Gentiana)";"Горечавка – трав’яниста багаторічна рослина. Має зелене, ланцетне овальне листя. В залежності від сорту може квітнути весною або на початку осені, гарними яскравими квітами. Форма квітки нагадує дзвіночок. Висаджувати горечавку краще у півтінь або на сонячне місце в добре дренований родючий грунт. Не переносить застою води. Морозостійка. Горечавку використовують в групових посадках в рокаріях. Також вона чудово виглядатиме в комбінації з хвойними та злаками.";"203-gorechavka-tirlich-gentiana";"gorechavka-tirlich-gentiana";"1";"40";"Тирлич - Горечавка - Gentiana  ";"Тирлич - Горечавка - Gentiana";
"410";"48";"Гусятник (Eragrostis)";"";"410-gusyatnik-eragrostis";"gusyatnik-eragrostis";"1";"41";"Гусятник (Eragrostis)";"Гусятник (Eragrostis)";
"196";"48";"Делосперма (Delosperma)";"Делосперма – це багаторічна грунтопокривна рослина. Не вибаглива у догляді. Ідеально підійде для сонячних місць. Швидко розростається, посухостійка. Не любить надмірного зволоження. Квітне з травня до вересня гарними квітами. Колір залежить від сорту. В похмуру погоду квіти можуть закриватися. Висаджують в рокаріях та на альпійських гірках, також можна вирощувати в контейнерах.";"196-delosperma";"delosperma";"1";"42";"Делосперма - Delosperma";"Делосперма - Delosperma";
"1220";"48";"Дельфініум (Delphinium)";"Дельфіній ще називають сокирки, остріжки, цар-зілля. Дельфіній – це багаторічна трав’яниста рослина. Має прямостояче стебло із зеленими листочками. Квітне в червні – серпні, гарними суцвіттями. Морозостійкий. Висаджується  у захищеному від вітру місці. Використовується в ландшафтному дизайні – в групових та одиночних посадках, на клумбах та газонах. Також використовують у флористиці.";"1220-delfinium";"delfinium";"1";"43";"Дельфініум (Delphinium)";"Дельфініум (Delphinium)";
"1217";"48";"Деревій (Achillea)";"";"1217-derevij-achillea";"derevij-achillea";"1";"44";"";"";
"192";"48";"Дзвоники (Campanula)";"";"192-campanula";"campanula";"1";"45";"Дзвоники (Campanula)";"Дзвоники (Campanula)";
"397";"48";"Дивина (Verbascum)";"";"397-divina-verbascum";"divina-verbascum";"1";"46";"";"";
"400";"48";"Діцентра (Dicentra)";"";"400-dicentra-dicentra";"dicentra-dicentra";"1";"47";"Діцентра (Dicentra)";"Діцентра (Dicentra)";
"1332";"48";"Дрік (Genista)";"";"1332-genista";"genista";"1";"48";"Дрік (Genista)";"";
"1321";"48";"Душевка (Acinos)";"";"1321-acinos";"acinos";"1";"49";"Душевка (Acinos)";"Душевка (Acinos), ацінос, щебрушка";
"1290";"48";"Едельвейс (Leontopodium, Білотка)";"";"1290-edelvejs-leontopodium";"edelvejs-leontopodium";"1";"50";"Едельвейс (Leontopodium, Білотка)";"Едельвейс (Leontopodium, Білотка)";
"201";"48";"Ехінацея (Echinacea)";"Ехінацея – багаторічна, трав’яниста рослина. Вирізняється своїм яскравим цвітінням. Листя та пагони темно зеленого забарвлення, довгуватої форми, пухнасті на дотик. При виборі ділянки слід надати перевагу сонячним місцям з пухким, родючим, добре дренованим та помірно вологим грунтом. Ехінацея — цінна лікарська рослина, використовується в одиночних і групових посадках. Також красиво виглядають окрема група ехінацеї на газоні.";"201-echinacea";"echinacea";"1";"51";"Ехінацея - Echinacea (Рудбекія)";"Ехінацея - Echinacea (Рудбекія)";
"185";"48";"Живучка (Ajuga)";"Живучка — рід трав'янистих рослин сімейства Губоцвіті. Низькоросла рослина, разом з квітконосом досягає у висоту до 30 см. Декоративна завдяки своїм невеликим листочкам в забарвленні яких в залежності від сорту та на різних грунтах і при різній освітленості присутні червоні, бузкові та коричневі відтінки і плями. Люблять вологі, легкі, родючі суглинки або супіщані грунти. Не переносить посуху, потребує частого поливу. Рослина підходить для великих кам'янистих садів, так як дуже швидко утворює щільний густий покрив. Можна використовувати її для покриття грунту навколо дерев та під кущами.";"185-ajuga";"ajuga";"1";"52";"Живучка - ajuga";"Живучка - ajuga";
"1322";"48";"Заяча конюшина (Anthyllis)";"";"1322-anthyllis";"anthyllis";"1";"53";"Заяча конюшина (Anthyllis)";"Заяча конюшина (Anthyllis)";
"207";"48";"Іберіс (Iberis)";"Іберіс – рід трав’янистих рослин сімейства хрестоцвіті. Стебла іберісу в залежності від сорту прямостоячі або сланкі гіллясті висотою від 10 до 70 см. Коренева система стрижнева. Листя прості, насичено-зеленого кольору, завдовжки до 7 см. Пелюстки білі, рожеві або лілові. Всі види і сорти іберіс  невибагливі у вирощуванні в саду. Полюбляють відкриті сонячні ділянки та місця, які не перезволожені. Мають високу декоративність, прикрашаючи альпійські гірки, клумби, вазони та квітники. Рослі сорти йдуть на зрізання для букетів. Під час цвітіння ця рослина здатна наповнити весь сад заспокійливим пахощами медового аромату.                                                                                                                                                                                                                                                                  ";"207-iberis";"iberis";"1";"54";"Іберіс (Iberis)";"Іберіс (Iberis)";
"266";"48";"Імперата (Imperata)";"Імперата – це багаторічна трав’яниста рослина. Росте вертикально до 80 см. Листя видовжені, жорсткі. Любить вологу але не переносить застою води. Висаджувати краще на родючих грунтах що багаті на поживні речовини. Імперату часто використовують в ландшафтному дизайні. За допомогою цієї рослини створюють яскраві акценти як в одиночних так і в групових посадках.";"266-imperata";"imperata";"1";"55";"Імперата (Imperata)";"Імперата (Imperata)";
"392";"48";"Канаркова трава (Phalaris)";"Канаркова трава – це багаторічний швидкорослий злаковий кущ. Має видовжене листя. Колір залежить від сорту. Ця рослина може витримувати посуху але при цьому вона полюбляє вологий грунт. За допомогою канаркової трави можна створювати живі огорожі, так як вона може виростати до 1,5-2 м у висоту. Також її використовують для висадки біля водойм. Основною особливістю цієї рослини є те, що вона пристосовується до будь яких умов, може рости на сонці в тіні, на посушливих ділянках та навіть у водоймах.";"392-kanarkova-trava-phalaris";"kanarkova-trava-phalaris";"1";"56";"";"";
"1349";"48";"Кермек (Limonium)";"лимоніум, лімоніум, статиця, статице перекотиполе";"1349-limonium";"limonium";"1";"57";"Кермек (Limonium)";"лимоніум, лімоніум, статиця, статице перекотиполе";
"1214";"48";"Ковила (Stipa)";"Ковила - дуже красива і пишна злакова багаторічна рослина. Наприкінці весни вона формує тоненькі ниткоподібні стебла з пір’ястими суцвіттями. Спочатку їх колір так само зелений, як і в листя, але згодом вони стають сріблясто-бежевими. При виборі місця посадки, слід віддадати перевагу сонячним теплим місцям з добре дренованим грунтом. Ковила підійде для групових посадок. Використовують для формування бордерів, композицій з іншими декоративними травами та у флористиці.";"1214-kovila-stipa";"kovila-stipa";"1";"58";"";"";
"1268";"48";"Корділіна (Cordyline)";"";"1268-cordyline";"cordyline";"1";"59";"Корділіна (Cordyline)";"Корділіна (Cordyline)";
"194";"48";"Кореопсис (Coreopsis)";"Кореопсис - яскрава багаторічна трав'яниста рослина. Вирізняється своїм густим, пухнастим, ніжним та м’яким листям світло-зеленого кольору. Квіти, залежно від сорту, бувають різних кольорів, але завжди теплого насиченого забарвлення. Кореопсис світлолюбна рослина, тому для вирощування слід обирати сонячні місця.  Грунт повинен бути легким, пухким, помірно зволоженим та помірно родючим. Рослина добре переносить українські зими та стійка до посушливих періодів. Чудово підходить для вирощування в рокаріях, альпінаріях і в міксбордерах. Також використовують в домашніх або міських клумбах та у флористиці.";"194-coreopsis";"coreopsis";"1";"60";"Кореопсис - Coreopsis";"Кореопсис - Coreopsis";
"384";"48";"Кортадерія (Cortaderia)";"";"384-kortaderiya-cortaderia";"kortaderiya-cortaderia";"1";"61";"";"";
"386";"48";"Костриця (Festuca)";"Костриця або вівсянниця - рід трав'янистих рослин, що належить до родини Тонконогі. Багаторічні рослини, деякі різновиди вічнозелені. Стебла прямостоячі, максимальна їх висота до 1,2 м. Листя довгасте, шириною до 1,5 см, із лінійним жилкуванням, переважно у більшості видів покрите шорсткою поверхнею, густими волосками. Колоски костриці формують суцвіття - волоті, які можуть бути як розлогі, так і компактні. Переважна більшість рослин цього роду є посухостійкими. Найчастіше використовують в міксбордерах, для створення газону.";"386-kostricya-festuca";"kostricya-festuca";"1";"62";"Костриця - festuca";"Костриця, фестука, вівсяниця";
"1308";"48";"Космея (Cosmos)";"";"1308-kosmeya";"kosmeya";"1";"63";"Космея (Cosmos)";"Космея (Cosmos)";
"210";"48";"Котовник (Nepeta)";"Котовник – рід багаторічних трав'янистих рослин родини Глухокропивові. Розквітають блакитним, білим та жовтим кольорами. Квітнуть тривало і рясно. Вирізняються густим ароматним листям. Світлолюбні, але можуть добре рости в легкій півтіні. Не виносять тривалого перезволоження, особливо застою вологи на важких грунтах. Не вибагливі до родючості грунту, проте потребують хорошого дренажу. Використовують їх для групових посадок групами на газоні, на кам'янистих гірках, а також для зрізання.";"210-nepeta";"nepeta";"1";"64";"Котовник, Котяча м'ята, Nepeta";"Котовник, Котяча м'ята, Nepeta";
"269";"48";"Котула (Cotula)";"";"269-kotula-cotula";"kotula-cotula";"1";"65";"Cotula";"Cotula котула грунтопокривна рослина для альпійської гірки";
"223";"48";"Котячі лапки (Antennaria)";"";"223-antennaria";"antennaria";"1";"66";"Котячі лапки - Antennaria";"Котячі лапки - Antennaria";
"1291";"48";"Крилотичинник (Aethionema, Кам'янка)";"";"1291-aethionema";"aethionema";"1";"67";"Крилотичинник (Aethionema, Кам'янка)";"Крилотичинник (Aethionema, Кам'янка)";
"198";"48";"Крупка (Draba)";"Крупка – багаторічна грунтопокривна рослина. Її ще називають драба. Це морозостійка рослина. Листочки утворюють щільні розетки висотою 5-7 см. Квітконоси численні, що височіють над рослиною. Дрібні, жовті, рідше - білі квітки зібрані в суцвіття. Цвітуть вони навесні, у квітні-травні, іноді буває слабке повторне цвітіння. Всі види крупки віддають перевагу відкритим, добре дренованим ділянкам з легкими піщаними грунтами з додаванням вапна. Страждають від вимокання навесні та восени. Використовують їх як ґрунтопокровні, килимові рослини або в рокаріях.";"198-draba";"draba";"1";"68";"Крупка - Draba";"Крупка - Draba";
"1292";"48";"Кулівниця (Globularia)";"";"1292-globularia";"globularia";"1";"69";"Кулівниця (Globularia)";"Кулівниця (Globularia)";
"1273";"48";"Купальниця (Trollius)";"";"1273-trollius";"trollius";"1";"70";"Купальниця (Trollius)";"Купальниця (Trollius)";
"1276";"48";"Кніпхофія (Kniphofia)";"";"1276-knipkhofiya";"knipkhofiya";"1";"71";"Кніпхофія (Kniphofia)";"Кніпхофія (Kniphofia)";
"387";"48";"Королиця (Leucanthemum)";"";"387-margaritka-leucanthemum";"margaritka-leucanthemum";"1";"72";"Королиця (Leucanthemum)";"Королиця (Leucanthemum)";
"235";"48";"Лаванда (Lavandula)";"lavandula angustifloia, lavandula spicata, lavandula officinalis, англійська лаванда.
Багаторічний напівкущ з численними пагонами до 60 см заввишки, які в нижній частині дерев'яніють.
Листя щільне, лінійне, сріблясто-зеленувато-сіре. Невеличкі двостатеві блакитно-бузкові квіточки зібрані у колоскові суцвіття на верхівках безлистих пагонів. Суцвіття мають приємний запах, а колір може змінюватися від фіолетово-синього до лілового. Цвіте англійська лаванда в червні-серпні. Зимостійкість на рівні 4-5 зони (інколи потрібне додаткове укриття).
Вузьколиста лаванда найкраще підходить для регіонів з більш холодним кліматом.
Місце для посадки лаванди повинно бути сонячним і теплим.
Посадку лаванди краще проводити в добре дренований, помірно родючий вапнистий грунт. Лаванда не буде гарно рости на тяжких глинистих грунтах з високою кислотністю та високим стоянням грунтових вод. Грунтосуміш для посадки лаванди можна підготувати власними силами з листової землі, перегною і піска в пропорції 3:2:1 з додаванням мінерального добрива з розрахунку 20г на одну лунку.
Місце під посадку лаванди слід обирати ретельно - дорослі кущі лаванди ризиковано пересаджувати.
Висаджують лаванду на відстані приблизно рівній максимальній висоті куща. А для отримання монолітного блоку огорожі з лаванди цю відстань можна вдвічі зменшити.
Догляд за лавандою включає в себе регулярну прополку. Можна застосувати мульчування з листя або декоративного субстрату, але слід обов'язково залишити неприкритою ділянку біля основи куща - для уникнення підгнивання.
Полив лаванди має бути помірним.
Дуже важливою для отримання гарних і пишних кущиків є обрізка лаванди. Перша обрізка проводиться одразу після того, як зів'януть колоски суцвіть - лише на декілька сантиметрів нижче колоска. Восени проводять більш радикальну обрізку.
Лаванда чудово підійде для терас, садів з ароматними травами, низьких бордюрів та композицій.
Ефектно виглядатиме лаванда в комбінації з трояндами, кущами, які люблять сухіший грунт. Традиційні "партнери" для лаванди - рослини з жовтими квітами для створення колористичного контрасту, наприклад, різні сорти сантоліни.";"235-lavandula";"lavandula";"1";"73";"Лаванда (Lavandula) різні сорти | landshaft.info";"Купити різні сорти лаванди з розсадника | Опис, розмір, ціна, фото. Доставка по Україні. | landshaft.info";
"1246";"48";"Левізія (Lewisia)";"";"1246-leviziya-lewisia";"leviziya-lewisia";"1";"74";"Левізія (Lewisia)";"Левізія (Lewisia)";
"1307";"48";"Лептінелла (Leptinella)";"";"1307-leptinella";"leptinella";"1";"75";"Лептінелла (Leptinella)";"Лептінелла (Leptinella)";
"1306";"48";"Лобелія (Lobelia)";"";"1306-lobelia";"lobelia";"1";"76";"Лобелія (Lobelia)";"Лобелія (Lobelia)";
"186";"48";"Ломикамінь (Saxifraga)";"";"186-saxifraga";"saxifraga";"1";"77";"Каменеломка - Saxifraga";"Каменеломка - Saxifraga";
"1271";"48";"Ліатріс (Liatris)";"";"1271-liatris";"liatris";"1";"78";"Ліатріс (Liatris)";"Ліатріс (Liatris)";
"1318";"48";"Літодора (Lithodora)";"";"1318-litodora-lithodora";"litodora-lithodora";"1";"79";"Літодора (Lithodora)";"Літодора (Lithodora)";
"1230";"48";"Люпин (Lupinus)";"";"1230-lyupin-lupinus";"lyupin-lupinus";"1";"80";"Люпин (Lupinus)";"Люпин (Lupinus)";
"211";"48";"Материнка (Origanum)";"";"211-origanum";"origanum";"1";"81";"Материнка, Душица, Орегано,  Origanum";"Материнка, Душица, Орегано,  Origanum";
"1316";"48";"Мальва (Malva)";"";"1316-malva";"malva";"1";"82";"Мальва (Malva)";"Мальва (Malva)";
"1317";"48";"Медова трава (Holcus)";"";"1317-holcus";"holcus";"1";"83";"Медова трава (Holcus)";"Медова трава, Бухарник (Holcus)";
"1309";"48";"Медунка (Pulmonaria)";"";"1309-pulmonaria";"pulmonaria";"1";"84";"Медунка (Pulmonaria)";"Медунка (Pulmonaria)";
"209";"48";"Меліса (Melissa)";"Меліса — ароматна багаторічна пряна рослина з ніжним лимонним запахом і яскраво-зеленим зморшкуватим листям. Утворює густі кущики та влітку цвіте дрібними білими або світло-рожевими квітками, приваблюючи бджіл. Ідеально підходить для пряних грядок, контейнерів і лікарських садів.";"209-melissa";"melissa";"1";"85";"Меліса - Melissa";"Меліса - Melissa";
"1319";"48";"Мінуарція (Minuartia)";"Мінуарція (Minuartia), Мокричник, Мінуартія";"1319-minuartia";"minuartia";"1";"86";"Мінуарція (Minuartia)";"Мінуарція (Minuartia), мокричник, мінуартія";
"388";"48";"Міскантус (Miscanthus)";"Міскантус – це багаторічна трав’яниста рослина. Листочки видовжені, плакучої форми. Колір залежить від сорту. Квітне восени, гарними мітловидними суцвіттями. Невибагливий до грунту, але важкі глинисті та піщані грунти не переносить. Прекрасно себе почуває на добре зволожених ділянках, але може рости і на відносно сухих місцях. Міскантусами прикрашають береги водойм, їх висаджують окремо або групами в миксбордерах, рокаріях. Практично всі міскантуси мають тривалий період декоративності - з весни до пізньої зими. Восени їх листя забарвлюється в різні відтінки жовтого, коричневого, бордового кольорів.";"388-miskantus-miscanthus";"miskantus-miscanthus";"1";"87";"";"";
"393";"48";"Молінія (Molinia)";"Молінія – це багаторічна трав’яниста рослина роду злакових, росте кущем. Має вузькі лінійні листочки плакучої форми. Деякі сорти можуть виростати до 1,5 м. Суцвіття цікавої видовженої форми що піднімаються над кущем. Молінію краще висаджувати в тіні або півтіні. Вона не любить сонячних місць. Грунт потрібно підбирати родючий та добре зволожений. Часто молінію використовують в ландшафтному дизайні: висаджують біля водойм, в альпінаріях та вздовж доріжок.";"393-moliniya-molinia";"moliniya-molinia";"1";"88";"";"";
"218";"48";"Молодило (Sempervivum)";"Молодило – компактна багаторічна вічнозелена рослина. В народі називають «кам’яна троянда». Короткі стебла з м'ясистим численним листям, які тісно розташовані в формі розетки. Молодило краще росте на добре освітлених ділянках, в тіні може втратити свою декоративність. Рослина невибаглива у виборі грунту, стійка до морозів і засухи, не потребує частого поливу. Зазвичай використовують в ландшафтному дизайні, рокаріях та альпінаріях в якості ґрунтопокривної рослини. Може допомогти приховати нерівності або дефекти ділянки.";"218-sempervivum";"sempervivum";"1";"89";"Молодило - Sempervivum";"Молодило - Sempervivum";
"1221";"48";"Молочай (Euphorbia)";"";"1221-molochaj-euphorbia";"molochaj-euphorbia";"1";"90";"Молочай (Euphorbia)";"Молочай (Euphorbia)";
"1216";"48";"Монарда (Monarda)";"Монарда не просто гарноквітуча рослина, а ще й стабільнодекоративна - її кущ добре тримає форму протягом усього сезону. А ще це чудова ароматична рослина: її сухе листя використовують в ароматерапії і для приготування смачного чаю. До грунтів монарда невибаглива. Прекрасно росте як на сонці, так і в півтіні. Віддає перевагу захищеним від вітру місцям та не боїться посухи. Спокійно витримує морози до -25ºC.";"1216-monarda-monarda";"monarda-monarda";"1";"91";"";"";
"1320";"48";"Морозник (Helleborus)";"Морозник (Helleborus), Чемерник,Зимовник";"1320-helleborus";"helleborus";"1";"92";"Морозник (Helleborus)";"Морозник (Helleborus), Чемерник, Зимовник";
"224";"48";"Моховинка (Sagina)";"Мшанка – рід однорічних та багаторічних рослин родини Гвоздичні. Це трав’янисті рослини, стебла яких розростаються по поверхні грунту і легко вкорінюються. Мають дуже дрібні листочки, розквітають білим дрібним суцвіттям. Молоді рослини потребують регулярного поливу, проте у дорослому віці вони добре переносять посуху і не терплять перезволоження грунту. Рослини цього роду часто використовують у створені альпійських гірок та рокаріїв, також дуже ефектно виглядають у кам’янистих садах. Вигідно підкреслюють красу сукулентів, тому їх часто можна зустріти у композиції разом з цими рослинами.";"224-sagina";"sagina";"1";"93";"Моховинка, Мшанка - Sagina";"Мшанка, Моховинка- Sagina";
"1257";"48";"Мукгенія (Mukgenia)";"";"1257-mukgeniya-mukgenia";"mukgeniya-mukgenia";"1";"94";"Мукгенія, кленолисник - Mukgenia";"Мукгенія, кленолисник - Mukgenia";
"411";"48";"Мюленбергія (Muhlenbergia)";"Мюленбергія - рід однорічних або багаторічних трав’янистих рослин родин Злакових. Характеризуються прямостоячими стеблами, максимальна висота рослин до 80 см. Листя лінійне або ланцетно-лінійне, шириною 6 мм. Розквітають одноквітковими колосками білого чи рожевого кольору. Висаджувати краще на відкритих сонячних чи злегка затінених ділянках. Посухостійкі, не виносять тривалого затоплення. Невибагливі до родючості грунту, проте потребують якісного дренажу перед посадкою. Використовують у посадці в бордюрах, в клумбах. Також стебла рослин цього роду використовують у флористиці.";"411-myulenbergiya-muhlenbergia";"myulenbergiya-muhlenbergia";"1";"95";"Мюленбергія (Muhlenbergia)";"Мюленбергія (Muhlenbergia)";
"412";"48";"М'ята (Mentha)";"М’ята – багаторічна трав’яниста рослина, зазвичай з пряним ароматом. Листя світло-зелене м’яке залежно від сорту відрізняється своєю будовою. Світлолюбна рослина, в тіні втрачає своє яскраве забарвлення. При виборі ділянки слід надати перевагу родючому та помірно вологому грунту. Якщо раніше м'яту висаджували виключно для харчових і медичних цілей, то зараз в декоративному ландшафті - це прекрасна ароматна ґрунтопокривна рослина. Ідеально підходить для переднього плану міксбордерів. Дуже ефектно виглядає в садових горщиках і в декоративних композиціях.";"412-m-yata-mentha";"m-yata-mentha";"1";"96";"М'ята (Mentha)";"М'ята (Mentha)";
"1301";"48";"Наперстянка (Digitalis)";"Наперстянка (Digitalis) — ефектний багаторічник або дворічна декоративна рослина, відома своїми високими свічкоподібними суцвіттями, вкритими великими дзвоникоподібними квітками. Цвіте з початку літа до кінця сезону, приваблює бджіл і джмелів та створює виразні вертикальні акценти в саду.
Наперстянки найкраще ростуть на сонячних або напівзатінених ділянках із родючим, добре дренованим і помірно вологим ґрунтом. Вони чудово підходять для міксбордерів, квітників у природному та англійському стилі, а також для зрізу. У каталозі розсадника «Зелені Янголи» ви знайдете сучасні сорти наперстянки з білими, кремовими, рожевими, пурпуровими та червоними квітками, які відзначаються тривалим цвітінням і високою декоративністю.
Усі частини наперстянки є отруйними при вживанні, тому рослину слід висаджувати в місцях, недоступних для маленьких дітей і домашніх тварин.";"1301-digitalis";"digitalis";"1";"97";"Наперстянка (Digitalis)";"Наперстянка, наперсник, дігіталіс";
"1234";"48";"Обрієта (Aubrieta)";"";"1234-obriyeta";"obriyeta";"1";"98";"Обрієта - Aubrieta";"Обрієта - Aubrieta";
"383";"48";"Осока (Carex)";"Осоки - це стародавні декоративні культури. В Японії вони використовувалисяв традиційних садах з незапам'ятних часів поряд з хостами, ірисами і кленами. У культуру введено до 150 видів і сортів, переважно вихідців з Далекого Сходу і Європи, невелика кількість з Північної Америки. Також все активніше входять в культуру осоки родом з Нової Зеландії. Новозеландські види відрізняються незвичайним забарвленням листя, бежевим чи коричневим. Осоки підходять для створення рокаріїв і альпінаріїв, а також для посадки в міксбордерах, на газонах... Види з різними відтінками листя, добре помітними на великих куртинах, можуть створювати цікаві кольорові ефекти. Також осоки підходять для висадки у декоративні контейнери, в тому числі в складі композицій з іншими багаторічниками та травами. Деякі види осок застосовуються для прикраси водойм.";"383-osoka-carex";"osoka-carex";"1";"99";"";"";
"217";"48";"Очиток (Sedum)";"Очиток – це багаторічна рослина з роду сукулентів. Одні сорти мають прямочтоячі стебла та можуть виростати до 75 см а інші грунтопокривні, що стеляться по землі і можуть виростати до 30 см. Листочки в них щільні і можуть мати різну форму та колір в залежності від сорту. Цвітіння як правило спостерігається влітку або восени. Суцвіття можуть мати зонтичну або гроновидну форму. Седум є чудовим медоносом, який приваблює бджіл. Всі види стійкі до посухи та світлолюбиві, проте вони прекрасно ростуть і в невеликому затіненні.";"217-sedum";"sedum";"1";"100";"Очиток - Sedum";"Очиток, Седум,  Sedum";
"1197";"48";"Офіопогон (Ophiopogon)";"Офіопогон – це вічнозелений багаторічний злак. Може виростати до 20-50 см. Листочки тонкі, витягнуті, у формі дуги. Колір залежить від сорту. Може квітнути в липні-серпні, квітами у формі дзвіночків що зібрані в суцвіття. Для висадки краще обирати сонце або напівтінь. Любить помірну вологу і не переносить заболочення. Для офіопогона краще підійде родючий пухкий  грунт багатий на поживні речовини. Висаджується в садах і парках, в групових та одиночних посадках.";"1197-ofiopogon-ophiopogon";"ofiopogon-ophiopogon";"1";"101";"";"";
"1212";"48";"Ожика (Luzula)";"";"1212-ozhika-luzula";"ozhika-luzula";"1";"102";"";"";
"1275";"48";"Папороть (Athyrium, Polypodiophyta)";"";"1275-paporot";"paporot";"1";"103";"Папороть (Athyrium, Polypodiophyta)";"Папороть (Athyrium, Polypodiophyta)";
"212";"48";"Пахісандра (Pachysandra)";"Пахісандра відноситься до роду вічнозелених трав'янистих чагарникових рослин. Пагони м'ясисті, прямостоячі, з безліччю бічних розгалужень. По всій довжині стебла розташовані листя овальної довгастої форми з загостреним кінцем. В період активного цвітіння, на кінцях пагонів з'являються колосоподібні суцвіття. Найкраще підійде для тінистих місць. Висаджувати слід у кислий добре дренований і помірно вологий грунт. Рекомендовано висаджувати в невеликих клумбах, альпінаріях та рокаріях.";"212-pakhisandra-pachysandra";"pakhisandra-pachysandra";"1";"104";"Пахізандра - Pachysandra";"Пахізандра - Pachysandra";
"1302";"48";"Пенстемон (Penstemon)";"";"1302-penstemon";"penstemon";"1";"105";"Пенстемон (Penstemon)";"Пенстемон (Penstemon)";
"389";"48";"Пеннісетум (Pennisetum)";"Пенісетум – багаторічна трав’яниста рослина з численними м’якими колосовидними суцвіттями. Листя вузьке, довгувате, залежно від сорту восени змінює забарвлення. При виборі ділянки слід надати перевагу сонячним захищеним від вітру місцям з добре дренованим грунтом. Не переносить застою води. Часто використовують у флористиці. Чудово підійде для контейнерної посадки або посадки вздовж доріжок чи водойм. Чудово виглядають в композиціяї з іншими рослинами.";"389-pennisetum-pennisetum";"pennisetum-pennisetum";"1";"106";"";"";
"1215";"48";"Перовскія (Perovskia)";"";"1215-perovskiya-perovskia";"perovskiya-perovskia";"1";"107";"";"";
"1261";"48";"Півники, Ірис (Iris)";"";"1261-iris";"iris";"1";"108";"Півники, Ірис (Iris)";"Півники, Ірис (Iris)";
"1247";"48";"Піщанка (Arenaria)";"";"1247-pisshanka-arenaria";"pisshanka-arenaria";"1";"109";"Піщанка (Arenaria)";"Піщанка (Arenaria)";
"391";"48";"Пирійник (Elymus)";"";"391-pirijnik-elymus";"pirijnik-elymus";"1";"110";"";"";
"262";"48";"Полин (Artemisia)";"Полин - рід багаторічних рослин родини Айстрових. Представниками цього роду являються трав’янисті та напівкущові рослини. Максимальна висота рослин до 2 м. Часто використовують у ландшафтному озелененні.";"262-artemisia";"artemisia";"1";"111";"Полин (Artemisia)";"Полин (Artemisia)";
"184";"48";"Проломник (Androsace)";"";"184-androsace";"androsace";"1";"112";"Проломник - Androsace";"Проломник - Androsace";
"401";"48";"Просо (Panicum)";"Просо - рід однорічних трав'янистих рослин родини Тонконогових. Рослини цього роду теплолюбні та стійкі до спеки. Стебла прямостоячі, максимальна висота до 1,2 м. Листки лінійно-ланцетні, завдовжки до 65 см, завширшки до 4 см. Суцвіття - волоть завдовжки 10-40 см. Ідеально підійдуть для створення екранів та бордюрів, природних садів. Квіти цих рослин часто використовують для свіжих і сухих букетів.";"401-proso-panicum";"proso-panicum";"1";"113";"Просо (Panicum)";"Просо (Panicum)";
"1310";"48";"Плакун (Lythrum)";"";"1310-lythrum";"lythrum";"1";"114";"Плакун (Lythrum)";"Плакун (Lythrum)";
"1329";"48";"Роджерсія (Rodgersia)";"";"1329-rodgersia";"rodgersia";"1";"115";"Роджерсія (Rodgersia)";"Роджерсія (Rodgersia)";
"291";"48";"Розмарин (Rosmarinus)";"Єдиним представником родини розмарин є розмарин Лікарський. Ви можете придбати розмарин у нашому розпліднику "Зелені янголи" в Ужгороді або замовити доставку по Україні";"291-rozmarin-rosmarinus";"rozmarin-rosmarinus";"1";"116";"Розмарин (Rosmarinus)";"Розмарин (Rosmarinus) - найкращі рослини розмарину за найнижчими цінами в Ужгороді з доставкою в любу точку України";
"264";"48";"Розулярія (Rosularia)";"";"264-rosularia";"rosularia";"1";"117";"Розулярія (Rosularia)";"Розулярія (Rosularia)";
"1235";"48";"Рутвиця (Thalictrum)";"";"1235-thalictrum";"thalictrum";"1";"118";"Рутвиця - Thalictrum";"Рутвиця - Thalictrum";
"1208";"48";"Рудбекія (Rudbeckia)";"Рудбекія – це багаторічна трав’яниста рослина. Може виростати кущем до 1,5 м у висоту в залежності від сорту. Листочки видовженої яйцеподібної форми. Квіти жовто-червоного кольору до 15 см в діаметрі. Зазвичай висаджують з кроком 30-40 см. Не вибаглива в догляді, морозостійка. Любить помірний полив. Висаджувати краще на сонячні місця в пухкий родючий грунт. В ландшафтному дизайні рудбекію використовують для висадки в міксбордерах. Високорослі сорти розміщують на задньому плані або ближче до центру клумби.";"1208-rudbekiya";"rudbekiya";"1";"119";"Рудбекія (Rudbeckia)";"Рудбекія (Rudbeckia)";
"1227";"48";"Ряст (Corydalis)";"";"1227-ryast-corydalis";"ryast-corydalis";"1";"120";"";"";
"1331";"48";"Самосил (Teucrium)";"";"1331-teucrium";"teucrium";"1";"121";"Самосил (Teucrium)";"Самосил (Teucrium)";
"1280";"48";"Синюха (Polemonium)";"";"1280-sinyukha";"sinyukha";"1";"122";"Синюха (Polemonium)";"Синюха (Polemonium)";
"1209";"48";"Скабіоза (Scabiosa)";"Скабіоза – багаторічна трав’яниста рослина. Листя зелене перисто подібне та супротивно розташоване. Суцвіття округле пухнасте, залежно від сорту вирізняється своїм яскравим забарвленням. Для пишного цвітіння слід обирати сонячні ділянки з легкою півтінню. Їй підійде легкий, нейтральний та добре дренований грунт. Часто використовують в ландшафтному дизайні для висадки в альпінаріях, рокаріях та міксбордерах.";"1209-skabioza-scabiosa";"skabioza-scabiosa";"1";"123";"Скабіоза (Scabiosa)";"Скабіоза (Scabiosa)";
"263";"48";"Смілка (Silene)";"";"263-silene";"silene";"1";"124";"Смілка (Silene)";"Смілка (Silene)";
"214";"48";"Сон-трава (Pulsatilla)";"Сон-трава – дуже цікава трав’яниста рослина. Може виростати від 5 до 40 см у висоту. Має прямі опушені стебла на яких ростуть зелені листочки та квіти. Бутони можуть бути як маленькими так і великими до 8 см в діаметрі. Колір залежить від сорту. Висаджувати краще в родючий пухкий грунт. Сон-трава полюбляє напівтінисті місця. Потребує помірного поливу і не переносить застою води. Тому потрібно подбати про дренаж. Сон-трава активно використовується в ландшафтному дизайні. Такі квіти можуть ефектно прикрасити сад, зробити його більш барвистим, живим і свіжим.";"214-pulsatilla";"pulsatilla";"1";"125";"Сон-трава - Pulsatilla";"Сон-трава - Pulsatilla";
"205";"48";"Сонцецвіт (Геліантемум) Helianthemum ";"";"205-helianthemum";"helianthemum";"1";"126";"Сонцецвіт (Геліантеум) Helianthemum";"Сонцецвіт (Геліантеум) Helianthemum";
"1201";"48";"Споробол (Sporobolus)";"Споробол – багаторічна декоративна трав’яниста рослина. Листя зелене довге та вузьке, за своїм зовнішнім виглядом нагадує фонтан. Суцвіття ніжні та пухкі, з’являються на тонкому стеблі над листям мов хмаринки. Споробол не вибагливий у виборі грунту, дуже добре росте на сонячних ділянках і в півтіні. Часто використовують в ландшафтному дизайні. Підійде для одиночної посадки та гарно виглядає в комбінації з іншими рослинами.";"1201-sporobol-sporobolus";"sporobol-sporobolus";"1";"127";"";"";
"1333";"48";"Схизостиліс (Schizostylis)";"";"1333-schizostylis";"schizostylis";"1";"128";"Схизостиліс (Schizostylis)";"Схизостиліс (Schizostylis)";
"396";"48";"Тіарелла (Tiarella)";"Тіарелла – рід багаторічних трав'янистих рослини родини Ломикаменів. Квітконосні стебла прямостоячі та високі. Листя розеткове, по краях зубчикове, восени може набути червонуватого відтінку. Рослини цього роду дуже витривалі, вологолюбиві, але легко виносять посуху. Невимогливі до родючості грунтів, добре зростають на кислих грунтах. Використовують в якості грунтопокривної рослини на тінистих і малородючих ділянках саду, під покривом дерев і кущів, для міксбордерів, біля водойм, а також для тінистих кам'янистих місць.";"396-tiarella-tiarella";"tiarella-tiarella";"1";"129";"";"";
"253";"48";"Трави, злаки";"";"253-travi-zlaki";"travi-zlaki";"1";"130";"Трави";"Трави";
"1213";"48";"Трясунка (Briza)";"Трясунка – рід однорічних та багаторічних трав’янистих рослин родини Злакових. Стебла тонкі, прямостоячі або колінні. Листки плоскі, лінійні, тонкі, завдовжки 4-20 см, загострені, часто з шорсткими краями. Суцвіття складається з 20-50 шт. досить великих колосків. Квітнуть з травня по липень. Не вибагливі, але в період посухи потребують регулярного поливу. Використовують для створення екранів, бордюрів та міксбордерів.";"1213-tryasunka-briza";"tryasunka-briza";"1";"131";"";"";
"1350";"48";"Унцинія (Uncinia)";"";"1350-uncinia";"uncinia";"1";"132";"Унцинія (Uncinia)";"Унцинія (Uncinia)";
"292";"48";"Фаргезія (Fargesia)";"";"292-fargeziya";"fargeziya";"1";"133";"Фаргезія (Fargesia)";"Фаргезія (Fargesia)";
"1219";"48";"Фізостегія (Physostegia)";"Фізостегія – багаторічна трав’яниста рослина. Вона славиться своїм гарним суцвіттями у вигляді пишних колосків. Її особливістю є те, що цвісти вона починає під кінець літа, коли більша частина рослин вже відцвіла, а осінні лише починають формувати бутони. Фізостегія  прикрашає сад з серпня і до заморозків. Крім красивих квітів, цінують її і за тривалість зберігання форми і зовнішнього вигляду при зрізці. Фізостегія надає перевагу сонячним та напівтінистим місцям з пухким родючим грунтом. Не переносить застою води.  Вона чудово підійде для клумб, рабаток та міксбордерів.";"1219-physostegia";"physostegia";"1";"134";"Фізостегія (Physostegia)";"Фізостегія (Physostegia)";
"213";"48";"Флокс (Phlox)";"";"213-phlox";"phlox";"1";"135";"Флокс - Phlox";"Флокс - Phlox";
"222";"48";"Фіалка (Viola)";"";"222-viola";"viola";"1";"136";"Фіалка - Viola";"Фіалка - Viola";
"1198";"48";"Хаконехлоа (Hakonechloa)";"";"1198-khakonekhloa-hakonechloa";"khakonekhloa-hakonechloa";"1";"137";"";"";
"1351";"48";"Хасмантіум (Chasmanthium)";"";"1351-chasmanthium";"chasmanthium";"1";"138";"Хасмантіум (Chasmanthium)";"Хасмантіум (Chasmanthium)";
"1311";"48";"Хауттюйнія (Houttuynia)";"";"1311-houttuynia";"houttuynia";"1";"139";"Хауттюйнія (Houttuynia)";"Хауттюйнія (Houttuynia)";
"204";"48";"Хебе (Hebe)";"Хебе – це вічнозелений чагарник, що може виростати від 50 см а деякі види і до 2 м у висоту. Має маленькі зелені листочки що густо вкривають всі пагони. Колір листя залежить від сорту. Квітне в червні-вересні. Висаджувати краще в добре дренований грунт з додаванням піска та торфу. А також слід обирати добре захищені від вітру, напівтінисті місця. Рослина добре переносить морози. Хебе висаджується в ботанічних садах. Його дуже часто можна побачити на приватних присадибних ділянках, його використовують для озеленення садів і клумб. Також можна вирощувати в контейнерах.";"204-hebe";"hebe";"1";"140";"Хебе - Hebe";"Хебе - Hebe";
"206";"48";"Хоста (Функія) Hosta";"Хоста – багаторічна декоративна трав’яниста рослина. Абсолютно кожний сорт цієї рослини є особливим і цікавим своєю формою, розміром та забарвленням. Листя щільно розташоване одне біля одного у прикореневій розетці з високо-піднятими квітконосами, на якому ростуть китецеподібні суцвіття. Хоста надає перевагу тіньовим та напів тіньовим місцям з добре зволоженим та дренованим грунтом. Підійде для одиночних та групових посадок. Часто використовують в ландшафтному дизайні для оформлення альпінаріїв, рокаріїв, міксбордерів а також висаджують в контейнерах.";"206-hosta";"hosta";"1";"141";"Хоста (Функія) Hosta";"Хоста (Функія) Hosta";
"193";"48";"Хризантема (Chrysanthemum)";"";"193-chrysanthemum";"chrysanthemum";"1";"142";"Хризантема - Chrysanthemum";"Хризантема - Chrysanthemum";
"1269";"48";"Чабер (Satureja)";"";"1269-chaber";"chaber";"1";"143";"Чабер (Satureja)";"Чабер (Satureja)";
"1282";"48";"Чорнобривці (Tagetes)";"";"1282-chornobrivci";"chornobrivci";"1";"144";"Чорнобривці (Tagetes)";"Чорнобривці (Tagetes)";
"219";"48";"Чебрець (Thymus)";"";"219-thymus";"thymus";"1";"145";"Чебрець - Thymus";"Чебрець Thymus (Тимьян, Чабрец)";
"1313";"48";"Чистець (Stachys)";"";"1313-chistec-stachys";"chistec-stachys";"1";"146";"Чистець (Stachys)";"Чистець, Стахис (Stachys)";
"215";"48";"Шавлія (Salvia)";"Шавлія – рід багаторічних трав'янистих рослин або півкущів родини Губоцвітих. Висота рослин цього роду досягає 50-70 см. Стебло пряме, розгалужене. Листя подовжене, черешкове, опущене, сіро-зеленого кольору. Квіти дрібні, білі, рожеві або синьо-фіолетові, зібрані в суцвіття. Цвітуть з липня по вересень. Посухостійкі, потребують хорошого дренажу грунту. Ці рослини мають декоративні якості, їх часто використовують в створенні альпінаріїв, низьких бордюрів, а також використовують в контейнерному вигляді.";"215-salvia";"salvia";"1";"147";"Шавлія - Salvia";"Шавлія, Шалвія, Salvia, Шалфей, Сальвія";
"37";"16";"Рослини для напівтіні та тіні";"Рослини для напівтіні та тіні
В саду часто є місця, навіть якщо в ньому ще нема великих дерев, де сонячного світла протягом дня дуже мало або воно є тільки нетривалий час - тіньові зони від будівель, під дахом, балконом.
В сильнозатінених місцях, наприклад, під великими деревами, в закритих дворах-колодязях, у північної стіни будівлі, можуть рости лише деякі, дуже ретельно підібрані види. Тінелюбиві рослини частіше мають темно-зелене блискуче листя. Слід виключити з планів посадки до таких місць рослини з строкатим або різнокольовим листям - в тіні вони втрачають колір. Для напівтіні, де сонячного світла більше чи воно розсіяне підходять всі вказані нижче рослини.";"37-roslini-dlya-napivtini-ta-tini";"roslini-dlya-napivtini-ta-tini";"1";"0";"Рослини для напівтіні та тіні";"Декоративні дерева та кущі, що добре ростуть в напівтіні та тіні";
"38";"16";"Рослини для сонячних місць - світлолюбні";"Рослини для сонячних місць
Сонячне світло - один з основних факторів для життя і росту рослин, так само як і вода або грунт. Відкрите сонце переносить досить велика кількість рослин, часто з кольоровим або сріблястим опушеним листям. Більшість рясноквітучих видів теж полюляють сонячні місця. Деякі види можуть рости на відкритому сонці, але їх листя підгорає, рослина хворіє, пошкоджується шкідниками (особливо кліщами). Сонячні місця часто поєднуються з сухим дренованим грунтом.";"38-roslini-dlya-sonyachnikh-misc-svitlolyubni";"roslini-dlya-sonyachnikh-misc-svitlolyubni";"1";"1";"Рослини для сонячних місць - світлолюбні";"Декоративні дерева та кущі, які найкраще ростуть на сонячних місцях";
"385";"48";"Щучник (Deschampsia)";"Щучник – декоративна трав’яниста рослина. Має видовжене вузьке зелене листя з численними ніжними суцвіттями. Абсолютно невибагливий багаторічник обожнює сонце або півтінь. Віддає перевагу вологим слабокислим ґрунтам. Зазвичай використовують в груповій посадці вздовж парканів, доріжок або уздовж водойм також гарно підійде для оформлення рокаріїв чи альпінаріїв. ";"385-sshuchnik-deschampsia";"sshuchnik-deschampsia";"1";"148";"";"";
"313";"16";"Рослини для піщаних та бідних грунтів";"Рослини для піщаних, сухих та бідних грунтів
Загалом, рослини не дуже полюбляють сухий грунт, але деякі його чудово переносять. Тут є невелика хитрість - слід не забувати про регулярний полив одразу після посадки і перші декілька років, особливо в спекотну пору. Перелічені тут рослини ростуть на сухих грунтах, але їх ріст трохи слабший, менша морозостійкість, менша кількість листя.";"313-roslini-dlya-pisshanikh-ta-bidnikh-gruntiv";"roslini-dlya-pisshanikh-ta-bidnikh-gruntiv";"1";"2";"Рослини для піщаних та бідних грунтів";"Декоративні дерева та кущі, які будуть рости на сухих, бідних, піщаних грунтах";
"191";"48";"Пустодзвін (Aubrieta) ";"";"191-pustodzvin-aubrieta";"pustodzvin-aubrieta";"1";"149";"Обрієта - Пустодзвін - Aubrieta";"Обрієта - Пустодзвін - Aubrieta";
"1264";"48";"Юка (Yucca)";"";"1264-yucca";"yucca";"1";"150";"Юка, юкка (Yucca)";"Юка - рід вічнозелених рослин підродини аґавових родини холодкових";
"314";"16";"Рослини для кислих грунтів";"Рослини для кислих грунтів
Ступінь кислотності грунту залежить від типу материнської породи. Кислий грунт може бути мінеральним (кислий пісок або глина) або органічним (торф). Ступінь кислотності вимірюється рівнем pH. Для декоративних рослин, які краще ростуть в кислому грунті, він має бути в межах 4-6,5. Нейтральний грунт - це 6,5-7,2, вище - лужний грунт. Але рівень pH не єдиний показник. Вологий гумусний, злегка кислий грунт (pH 6) краще підійде для рослин, ніж піщаний і сухий грунт з таким же рівнем pH. В цьому розділі представлено рослини, які добре ростуть в кислому грунті.";"314-roslini-dlya-kisikh-gruntiv";"roslini-dlya-kisikh-gruntiv";"1";"3";"Рослини для кисих грунтів";"Рослини для кисих грунтів";
"315";"16";"Рослини для лужних грунтів";"Рослини для лужних грунтів
Більшість рослин краще ростуть на злегка кислих і нейтральних грунтах. Рівень pH грунту - результат впливу вологості грунту, його структури та наявності поживних речовин. При високому рівні pH у деяких рослин виникає проблема з засвоєнням мікроелементів, що викликає розлади росту, наприклад хлороз листя.";"315-roslini-dlya-luzhnikh-gruntiv";"roslini-dlya-luzhnikh-gruntiv";"1";"4";"Рослини для лужних грунтів";"Рослини для лужних грунтів";
"216";"48";"Мильнянка (Saponaria)";"";"216-saponaria";"saponaria";"1";"151";"Мильнянка - Saponaria";"Мильнянка - Saponaria";
"244";"48";"Широкодзвоник (Platycodon)";"";"244-platycodon";"platycodon";"1";"152";"Широкодзвоник (Platycodon)";"Широкодзвоник (Platycodon)";
"195";"48";"Красула (Crassula)";"";"195-crassula";"crassula";"1";"153";"Красула (Толстянка) Crassula ";"Красула (Толстянка) Crassula ";
"200";"48";"Дріада (Dryas)";"";"200-dryas";"dryas";"1";"154";"Дріада - Dryas";"Дріада - Dryas";
"183";"48";"Анафаліс (Anaphalis)";"";"183-anaphalis";"anaphalis";"1";"155";"Анафаліс Anaphalis";"Анафаліс Anaphalis";
"1224";"48";"Ясколка (Cerastium)";"Ясколка – трав’яниста багаторічна грунтопокривна рослина. Має міцну  кореневу систему, прямостоячі стебла. Може виростати до 10-30 см у висоту. Не вибаглива, може рости на кам’янистих грунтах. Вона посухостійка і не любить надмірного зволоження. Ясколку часто використовують в ландшафтному дизайні в групових посадках для створення невагомого сніжного килима. Також її висаджують вздовж бордюрів та на альпійських гірках.";"1224-yaskolka-cerastium";"yaskolka-cerastium";"1";"156";"Ясколка (Cerastium)";"Ясколка (Cerastium)";
"1283";"48";"Журавець, герань (Geranium)";"";"1283-geranium";"geranium";"1";"157";"Журавець, герань (Geranium)";"Журавець, герань (Geranium)";
"1354";"48";"Роман (Anthemis)";"";"1354-anthemis";"anthemis";"1";"158";"Роман (Anthemis)";"Роман (Anthemis), Пупавка, антеміс";
"1355";"48";"Фуксія (Fuchsia)";"";"1355-fuchsia";"fuchsia";"1";"159";"Фуксія (Fuchsia)";"Фуксія (Fuchsia)";
"1356";"48";"Цибуля (Allium)";"";"1356-allium";"allium";"1";"160";"Цибуля (Allium)";"Цибуля (Allium), аліум, алліум, цибулька";
"1357";"48";"Свербіжниця (Knautia)";"";"1357-knautia";"knautia";"1";"161";"Свербіжниця (Knautia)";"Свербіжниця (Knautia)";
"1358";"48";"Грабельки (Erodium)";"";"1358-erodium";"erodium";"1";"162";"Грабельки (Erodium)";"Грабельки (Erodium), буськи, журавлині носики, журавельник";
"1359";"48";"Мазус (Mazus)";"";"1359-mazus";"mazus";"1";"163";"Мазус (Mazus)";"Мазус (Mazus)";
"1360";"48";"Фуопсіс (Phuopsis)";"";"1360-phuopsis";"phuopsis";"1";"164";"Фуопсіс (Phuopsis)";"Фуопсіс (Phuopsis)";
"1361";"48";"Лілійник (Hemerocallis)";"";"1361-hemerocallis";"hemerocallis";"1";"165";"Лілійник (Hemerocallis)";"Лілійник (Hemerocallis)";
"1362";"48";"Хвощ (Equisetum)";"";"1362-equisetum";"equisetum";"1";"166";"Хвощ (Equisetum)";"Хвощ (Equisetum)";
"1363";"48";"Ситник (Juncus)";"";"1363-juncus";"juncus";"1";"167";"Ситник (Juncus)";"Ситник (Juncus)";
"1364";"48";"Волошка (Centaurea)";"";"1364-centaurea";"centaurea";"1";"168";"Волошка (Centaurea)";"Волошка (Centaurea)";
"1365";"48";"Бузульник (Ligularia)";"";"1365-ligularia";"ligularia";"1";"169";"Бузульник (Ligularia)";"Бузульник (Ligularia)";
"1371";"48";"Ліріопа (Liriope)";"Ліріопа — вічнозелена декоративна багаторічна рослина з вузьким, травоподібним листям, що утворює щільні куртини. Наприкінці літа цвіте фіолетово-бузковими або білими колосоподібними суцвіттями, після чого формує декоративні темні ягоди. Ідеально підходить для бордюрів, тіньових ділянок і контейнерного озеленення.";"1371-liriope";"liriope";"1";"170";"Ліріопа (Liriope)";"Ліріопа (Liriope)";
"1375";"48";"Додекатеон (Dodecatheon)";"Додекатеон — витончена багаторічна рослина з розеткою листя та незвичайними квітками, що нагадують маленькі цикламени. Цвіте навесні, утворюючи пониклі рожево-лілові або білі суцвіття на тонких квітконосах. Ідеально підходить для природних садів, тіньових квітників і декоративних композицій із весняним акцентом.";"1375-dodecatheon";"dodecatheon";"1";"171";"Додекатеон (Dodecatheon)";"Додекатеон (Dodecatheon), дряквенник";
"1376";"48";"Пахистима (Pachistima)";"";"1376-pachistima";"pachistima";"1";"172";"Пахистима (Pachistima)";"Пахистима (Pachistima)";
"1378";"48";"Багаторядник (Polystichum)";"Багаторядник — вічнозелена папороть із блискучими темно-зеленими вайями, яка зберігає декоративність протягом усього року. Чудово росте в тіні та напівтіні, ідеально підходить для лісових садів, затінених квітників і озеленення ділянок під деревами. Невибаглива, морозостійка рослина, що додає саду природної елегантності.


";"1378-polystichum";"polystichum";"1";"174";"Багаторядник (Polystichum)";"Багаторядник (Polystichum) полистихум, полістихум, полістіхум";
"1380";"48";"Краєкучник (Cheilanthes)";"Краєкучник — витончена декоративна папороть із ажурним, часто сизувато-зеленим або сріблястим листям. Формує компактні куртини, які зберігають декоративність у сухих і теплих умовах. Ідеально підходить для рокаріїв, кам’янистих садів і захищених сонячних ділянок.";"1380-cheilanthes";"cheilanthes";"1";"175";"Краєкучник (Cheilanthes)";"Краєкучник (Cheilanthes) Myriopteris ";
"1383";"48";"Листовик (Asplenium)";"";"1383-asplenium";"asplenium";"1";"176";"Листовик (Asplenium)";"Листовик (Asplenium)";
"1386";"48";"Сідач (Eupatorium)";"Сідач — високий декоративний багаторічник із міцними стеблами та великими суцвіттями дрібних квіток у рожево-пурпурових або білих відтінках. Цвіте наприкінці літа та восени, приваблюючи бджіл і метеликів. Ідеально підходить для природних садів, міксбордерів і посадок біля водойм.";"1386-eupatorium";"eupatorium";"1";"177";"Сідач (Eupatorium)";"Сідач (Eupatorium)";
"1387";"48";"Келерія (Koeleria)";"Келерія — декоративний багаторічний злак із щільними компактними куртинами та вузьким сизо-зеленим листям. Утворює акуратні кущики з легкими колосками, що піднімаються влітку над листям. Чудово підходить для сухих садів, рокаріїв і природних ландшафтних композицій.";"1387-koeleria";"koeleria";"1";"178";"Келерія (Koeleria)";"Келерія (Koeleria), тонконіг, кипець";
"1388";"48";"Базилік (Ocimum)";"Базилік — ароматна пряна рослина з декоративним зеленим або пурпуровим листям, яка швидко формує компактний кущ. Цінується за інтенсивний аромат і використовується в кулінарії протягом усього сезону. Ідеально підходить для вирощування на грядках, у контейнерах і пряних садах.";"1388-ocimum";"ocimum";"1";"179";"Базилік (Ocimum)";"Базилік (Ocimum), васильки";
"1389";"48";"Гісоп (Hyssopus)";"Гісоп — ароматний багаторічний напівчагарник із вузьким зеленим листям і яскравими синіми, фіолетовими або рожевими суцвіттями. Цвіте влітку та приваблює бджіл і метеликів, добре підходить для сухих і сонячних ділянок. Невибаглива, посухостійка рослина для пряних і декоративних садів.";"1389-hyssopus";"hyssopus";"1";"180";"Гісоп (Hyssopus)";"Гісоп (Hyssopus)";
"1390";"48";"Латаття (Nymphaea)";"Латаття — водна багаторічна рослина з великим плаваючим листям і ефектними квітками, що розкриваються на поверхні води. Цвіте влітку білими, рожевими, жовтими або червоними квітами, створюючи декоративний акцент у водоймі. Ідеально підходить для ставків, декоративних озер і водних садів.";"1390-nymphaea";"nymphaea";"1";"181";"Латаття (Nymphaea)";"Латаття (Nymphaea), водяна лілія, кувшинка";
"1393";"48";"Лептоспермум (Leptospermum)";"Лептоспермум — вічнозелений декоративний чагарник із дрібним ароматним листям і рясним цвітінням, схожим на квітки чайного дерева. Утворює густу крону та вкривається білими, рожевими або червоними квітами в кінці весни та влітку. Ідеально підходить для контейнерного вирощування, терас і теплих декоративних садів.";"1393-leptospermum-leptospermum";"leptospermum-leptospermum";"1";"182";"Лептоспермум (Leptospermum)";"Лептоспермум (Leptospermum), манука, австралійський чай, новозеландське чайне дерево";
"65";"3";"Квіти і гарноквітнучі";"Квіти і гарноквітнучі рослини використовуються в ландшафтному дизайні для оформлення клумб, бордюрів, скелястих гірок, водойм та ін. Широкий асортимент адаптованих квітів власного виробництва з розсадника ландшафт центру "Зелені Янголи" в Ужгороді та з доставкою по Україні. Ми гарантуємо високу якість наших рослин.









 






";"65-flowers";"flowers";"1";"6";"Квіти";"Квіти";
"41";"3";"Альпійські, грунтопокривні";"Альпійські та грунтопокривні рослини використовуються для створення контрасту з газонами в різномінітних ландшафтних композиціях, роблять ділянку більш цікавою і яскравою. В сезон цвітіння гарний яскравий цвіт радує очі, а квіткові аромати наповнюють повітря. Широкий асортимент з нашого розсадника ландшафт центру "Зелені Янголи" в місті Ужгород за низькими цінами та з доставкою по всій Україні.


";"41-groundcover";"groundcover";"1";"7";"Рослини для альпійських гірок, скель";"Рослини для альпійських гірок, скель широкий асортимент рослин для ландшафтного дизайну за низькими цінами в місті Ужгороді. Ми доставляємо товар по всій Україні. Щотижня вас чекають нові акції та знижки.";
"44";"3";"Плодові та ягоди";"Плодові та ягідні рослини за найнижчими цінами в Ужгороді та з доствкою по Україні";"44-fruits";"fruits";"1";"8";"Фрукти і ягоди";"Плодові та ягідні рослини за найнижчими цінами в Ужгороді та з доствкою по Україні";
"349";"44";"Актинідія (Actinidia)";"Актинідія – листопадна багаторічна ліана, довжиною до 50 м, діаметром до 25 см. Листки прості та блискучі, темно-зеленого кольору. Розквітає білими квітками у кінці травня. Цвітіння триває близько біля півтора тижня. Потребує регулярного поливу та підживлювання мінеральними добривами. Рослина вологолюбна, зростає на пухких та добре дренованих грунтах. Полюбляє сонячні місця. Актинідія широко використовується в аграрній промисловості через свої соковиті плоди. Має декоративну цінність завдяки цікавому забарвленню листя. ";"349-aktinidiya";"aktinidiya";"1";"0";"Актинідія";"";
"371";"44";"Абрикос";"";"371-abrikos";"abrikos";"0";"1";"Абрикос, Prunus armeniaca";"";
"1381";"44";"Агрус (Ribes uva-crispa)";"";"1381-ribes-uva-crispa";"ribes-uva-crispa";"1";"2";"Агрус (Ribes uva-crispa)";"Агрус (Ribes uva-crispa)";
"1326";"44";"Брусниця (Vaccinium vitis-idaea)";"";"1326-vaccinium-vitis-idaea";"vaccinium-vitis-idaea";"0";"3";"Брусниця (Vaccinium vitis-idaea)";"Брусниця (Vaccinium vitis-idaea)";
"151";"44";"Виноград";"";"151-vinograd";"vinograd";"0";"4";"Виноград";"Саджанці винограду ";
"152";"44";"Виноград (техн.)";"";"152-vinogra-tehn";"vinogra-tehn";"0";"5";"Виноград - технічні (винні) сорти ";"Виноград - технічні (винні) сорти ";
"374";"44";"Вишня";"";"374-vishnya";"vishnya";"1";"6";"Вишня (Prunus cerasus)";"";
"377";"44";"Волоський (грецький) горіх";"";"377-voloskij-greckij-gorikh";"voloskij-greckij-gorikh";"0";"7";"Волоський (грецький) горіх (Juglans regia)";"";
"1260";"44";"Гранат (Punica)";"";"1260-granat-punica";"granat-punica";"1";"8";"Гранат (Punica)";"Гранат (Punica)";
"178";"44";"Журавлина (Oxycoccus)";"";"178-zhuravlina";"zhuravlina";"1";"9";"Журавлина Клюква ";"Журавлина Клюква ";
"376";"44";"Слива";"";"376-sliva";"sliva";"0";"10";"Слива (Prunus domestica)";"";
"1345";"44";"Жимолость їстівна";"Жимолость їстівна
Саджанці жимолості їстівної – купуйте вкорінені саджанці онлайн.
Тут ви знайдете вкорінені саджанці цієї корисної рослини, яка стане чудовим доповненням вашого саду. Жимолость їстівна відома своїми смачними та корисними ягодами, багатими на вітаміни та антиоксиданти. Вона ідеально підходить для вирощування в саду, адже не вимагає особливого догляду, витримує холодні зими та радує раннім урожаєм.
Наші саджанці — це здорові, вкорінені рослини, готові до висаджування майже в продовж всього року. Вони пройшли всі етапи вирощування та відбору, що забезпечує їх високу якість і відмінну приживлюваність. Купуючи саджанці жимолості їстівної у нас, ви можете бути впевнені у їхній життєздатності та майбутньому врожаї.
Наші саджанці вирощені за всіма стандартами та підготовлені для висаджування. Купуючи саджанці жимолості їстівної у нас, ви отримуєте здорові рослини, які швидко адаптуються до нового середовища та принесуть щедрий урожай.
Зробіть свій сад ще більш смачним та корисним, купуючи саджанці жимолості їстівної у нашому інтернет-магазині. Замовте зараз і оформіть доставку!";"1345-zhimolost-yistivna";"zhimolost-yistivna";"1";"11";"Купити саджанці жимолості їстівної – вкорінені саджанці онлайн";"Придбати вкорінені саджанці жимолості їстівної в інтернет-магазині. Якісні саджанці для вашого саду з доставкою. Купити жимолость онлайн!";
"1344";"44";"Ліщина (Corylus)";"";"1344-corylus";"corylus";"1";"12";"Ліщина (Corylus)";"Ліщина (Corylus)";
"1343";"44";"Лохина (Vaccinium)";"";"1343-golubika";"golubika";"1";"13";"Лохина (Vaccinium)";"Голубіка, Чорниця, Лохина, Vaccinium corymbosum";
"154";"44";"Малина";"";"154-malina";"malina";"0";"14";"Малина";"Малина, Rubus idaeus";
"250";"44";"Маслинка (Elaeagnus)";"";"250-shepherdia";"shepherdia";"1";"15";"Маслинка (Elaeagnus)";"Маслинка (Elaeagnus)";
"1202";"44";"Мигдаль солодкий (Amygdalus communis)";"";"1202-migdal-solodkij-amygdalus-communis";"migdal-solodkij-amygdalus-communis";"0";"16";"Мигдаль солодкий";"";
"1325";"44";"Мушмула (Mespilus)";"";"1325-mespilus";"mespilus";"1";"17";"Мушмула (Mespilus)";"Мушмула (Mespilus)";
"155";"44";"Ожина";"";"155-ozhina";"ozhina";"1";"18";"Ожина";"Ожина, Rubus caesius";
"372";"44";"Персик";"";"372-persik";"persik";"1";"19";"Персик (Prunus persica)";"";
"1251";"44";"Повій, Годжі (Lycium)";"";"1251-povij-godzhi-lycium";"povij-godzhi-lycium";"1";"20";"Повій, Годжі (Lycium)";"Повій, Годжі (Lycium)";
"153";"44";"Смородина (порічки)";"";"153-smorodina";"smorodina";"1";"21";"Смородина (порічки)";"Смородина (порічки)";
"156";"44";"Суниця садова";"";"156-sunica-sadova";"sunica-sadova";"1";"22";"Суниця садова, полуниця";"Суниця садова, полуниця";
"340";"44";"Інжир (Ficus carica)";"Інжир є субтропічним плодовим деревом зазвичай дає за сезон два врожаї. Їстівні плоди  утворюються тільки влітку і восени та мають від жовтого до чорно-синього, в залежності від сорту, забарвлення. Інжир неморозостійкий, тому на зиму потребує укриття. Місце для висадки потрібно обирати захищене від вітру. Не вибагливий у виборі грунту. Інжир використовують не тільки як плодове дерево але і в ландшафтному дизайні в якості гарного екзотичного акценту.";"340-inzhir-ficus-carica";"inzhir-ficus-carica";"1";"23";"Інжир (Ficus carica)";"Інжир (Ficus carica)";
"375";"44";"Черешня";"";"375-chereshnya";"chereshnya";"0";"24";"Черешня (Prunus avium)";"";
"1312";"44";"Черемха (Prunus virginiana)";"";"1312-prunus-virginiana";"prunus-virginiana";"1";"25";"Черемха (Prunus virginiana)";"Черемха (Prunus virginiana)";
"1204";"44";"Хурма (Diospyros)";"Хурма (Diospyros)";"1204-khurma-diospyros";"khurma-diospyros";"1";"26";"Хурма (Diospyros)";"Хурма (Diospyros)";
"157";"44";"Яблуні";"";"157-yabluni";"yabluni";"1";"27";"Яблуні";"Яблуні";
"297";"3";"Вкорінені живці";"
Рекомендуємо мульти-касети з вкоріненими живцями для людей з професійним досвідом дорощування, або для тих, хто хоче спробувати поекспериментувати, оскільки за вкорінені живці потребують особливих умов: постійний догляд, пересадка у більший контейнер, щоденний полив і т. д. 
Увага! 

Вкорінені живці не підходять для висадки у відкритий грунт. Краще обрати саджанці в більшому розмірі - горщик Р9 (0,5л) наприклад.
Не всі живці в мульти-касеті можуть мати корінь, для мульти-касет вважається нормою до 10% відпаду живців.

";"297-vkorineni-zhivci";"vkorineni-zhivci";"1";"9";"Вкорінені живці - рослини в касетах, мультипалетах";"Вкорінені живці - саджанці рослин в мультикасетах, мультипалетах";
"331";"3";"Пряні трави ";"Пряні трави - багаторічні трави з вираженим ароматом - для кулінарії, приготування напоїв та десертів.";"331-pryani-travi";"pryani-travi";"1";"10";"Пряні та лікарські трави з ароматом";"Пряні трави - багаторічні трави з вираженим ароматом - для кулінарії";
"1328";"3";"Рослини на штамбі";"Рослини на штамбі – купити штамбові дерева та кущі в Україні
Рослини на штамбі – це декоративні дерева та кущі, сформовані на високому стовбурі, які додають вишуканості та структури вашому саду. Вони ідеально підходять для озеленення прибудинкових територій, парків, алей та клумб.
Переваги штамбових рослин
✅ Естетика – надають саду доглянутий вигляд.✅ Компактність – займають мало місця, що важливо для невеликих ділянок.✅ Універсальність – підходять для посадки в відкритий ґрунт та контейнерне вирощування.✅ Різноманітність – вибір серед декоративних та плодових рослин.
Популярні види штамбових рослин
Штамбові хвойні та листяні дереваПлодові дереваДекоративні кущі
Як вибрати рослину на штамбі?
Визначте розмір штамбу – низький (40-60 см) або високий (100-150 см).Врахуйте морозостійкість для вашого регіону.Підбирайте відповідний догляд – регулярна обрізка підтримує гарну форму.
Де купити штамбові рослини?
У нашому інтернет-магазині Landshaft.info ви знайдете великий вибір штамбових рослин гарної якості та з доставкою по всій Україні. 
Замовляйте рослини на штамбі онлайн та створюйте унікальний ландшафт у своєму саду!";"1328-roslyny-na-shtambi";"roslyny-na-shtambi";"1";"11";"Рослини на штамбі – Купити штамбові дерева в Україні | Landshaft.info";"Купити рослини на штамбі в Україні ✓ Великий вибір штамбових дерев та кущів для ландшафту ✓ Доставка по Україні. Обирайте декоративні штамбові рослини для саду!";
"398";"3";"Топіари (Стрижені Форми)";"";"398-topiari-strizheni-formi";"topiari-strizheni-formi";"1";"12";"Топіари, Стрижені Форми декоративних рослин";"";
"402";"3";"Набори рослин";"";"402-nabori-roslin";"nabori-roslin";"1";"13";"";"";
"369";"3";"Насіння декоративних рослин";"";"369-nasinnya-dekorativnikh-roslin";"nasinnya-dekorativnikh-roslin";"1";"14";"Насіння декоративних рослин";"Насіння декоративних рослин";
"407";"3";"Подарункові сертифікати";"Подарунковий сертифікат від "Зелених Янголів" - це те, що гарантовано сподобається любителям рослин!
Переходьте до карточки сертифікату та обирайте потрібний номінал.
";"407-podarunkovi-sertifikati";"podarunkovi-sertifikati";"1";"15";"Подарункові сертифікати на декоративні рослини";"Подарункові сертифікати на декоративні рослини. Хвойні, листяні, квітучі в горщику та з кореневим комом. З доставкою по Україні";
"1305";"3";"Крафтова продукція";"";"1305-kraft";"kraft";"1";"16";"Крафтова продукція від розсадника 'Зелені Янголи'";"Крафтова еко-продукція від розсадника 'Зелені Янголи'";
"81";"3";"Добрива";"Широкий асортимент добрив для гарного росту рослин ви можете придбати в м. Ужгород (вул. Оноківська-Об'їздна, 1) або з доставкою в любу точку України ";"81-dobrivo";"dobrivo";"1";"17";"Добриво";"Добриво для рослин за низькими цінами в Ужгороді і з доставкою по Україні";
"88";"81";"Комплексні і мінеральні";"";"88-kompleksni-mineralni-dobriva";"kompleksni-mineralni-dobriva";"1";"0";"Комплексні і мінеральні добрива";"Комплексні і мінеральні добрива";
"91";"81";"Біопрепарати";"";"91-biopreparati";"biopreparati";"1";"1";"Біопрепарати";"Біопрепарати";
"93";"3";"Грунти і торфосуміші";"Спеціальні грунти і торфосуміші для вирощування декоративних рослин за низькою ціною в м. Ужгород або з доставкою по Україні";"93-grunti-i-torf";"grunti-i-torf";"1";"18";"Грунти і торфосуміші";"Грунти і торфосуміші в Ужгороді за низькими цінами з доставкою в любу точку України";
"85";"93";"Соснова кора, мульча";"Соснова кора і мульча для використання у ландшафтному дизайні, в саду за найнижчими цінами в м. Ужгород з доставкою по Україні";"85-sosnova-kora";"sosnova-kora";"1";"0";"Соснова кора, мульча";"Соснова кора, мульча за найнижчою ціною з доставкою по Україні";
"67";"93";"Субстрат";"Використовується для вирощування овочевих і ягідних культур на відкритих і закритих грунтах, а також для вирощування розсади овочевих, ягідних і декоративних рослин, квітів і фруктів. ﻿";"67-substrat";"substrat";"1";"1";"Субстрат для рослин";"Субстрат для рослин";
"82";"93";"Торф";"Використовується для виготовлення торф'яних грунтів для квітникарства і овочівництва та покрівельних грунтів для вирощування грибів.Перехідний торф залягає на болотах, де утворюється внаслідок розкладання з надлишком води й недостатністю кисню органічних речовин.Рекомендується використовувати перехідний торф не в чистому вигляді в якості добрива, а для виготовлення торфопіщаних сумішей, наприклад, у таких пропорціях як: піску - одна машина, а торфу - дві машини.Далі треба ретельно перемішати суміші із ґрунтом земельної ділянки.Перехідний торф має середні хімічні характеристики між торфом низинним і верховим.Перехідний торф відповідає наступним характеристикам:-   середньокислий і слабокислий pH 4,5-5;-   середній ступінь розкладання до 20%;-   середня вологість 60%;-   зольність від 3% до 13%, що свідчить про наявність мінеральних компонентів, причому, чим більша зольність, тим, відповідно, родючіще торф;-   органічні речовини 85-92%;-   вуглеводи 50%;-   гумінові кислоти 15%, що стимулює розвиток і ріст рослин.Торф перехідних боліт характеризується середньою кислотністю, через що він небажаний як чисте добриво без домішок, так само як і верховий.Його використовують на підстилку тваринам і для готування компостів.﻿";"82-torf";"torf";"1";"2";"Торф";"Торф";
"98";"3";"Засоби захисту";"Засоби захисту рослин від шкідників та хвороб за найнижчими цінами в місті Ужгород з доставкою по Україні";"98-zasoby-zahistu";"zasoby-zahistu";"1";"19";"Засоби захисту";"Засоби захисту в Ужгороді по низькій ціні з доставкою по Україні";
"114";"98";"Інсектициди";"";"114-insekticidy";"insekticidy";"1";"0";"Інсектициди";"Інсектициди";
"116";"98";"Фунгіциди";"";"116-fungicydy";"fungicydy";"1";"1";"Фунгіциди";"Фунгіциди";
"117";"98";"Побілка, замазка";"";"117-pobilka-zamazka";"pobilka-zamazka";"1";"2";"Побілка, замазка";"Побілка, замазка";
"62";"3";"Садовий інструмент";"";"62-sad-instrument";"sad-instrument";"1";"20";"Садове знаряддя";"Садове знаряддя";
"1367";"3";"Рослини для зимового саду";"";"1367-roslini-dlya-zimovogo-sadu";"roslini-dlya-zimovogo-sadu";"1";"21";"Рослини для зимового саду";"Рослини для зимового саду";
"1352";"1367";"Агава (Agave)";"";"1352-agave";"agave";"1";"0";"Агава (Agave)";"Агава (Agave)";
"1330";"1367";" Авонія (Avonia)";"";"1330-avonia";"avonia";"1";"1";" Авонія (Avonia)";" Авонія (Avonia)";
"1368";"1367";"Монстера (Monstera)";"";"1368-monstera";"monstera";"1";"2";"Монстера (Monstera)";"Монстера (Monstera)";
"1286";"1288";"Знижки на саджанці в Р9";"";"1286-znizhki-p9";"znizhki-p9";"1";"0";"";"Знижки на саджанці в Р9";
"1369";"3";"Кашпо і горщики";"";"1369-flowerpots";"flowerpots";"1";"22";"Кашпо і горщики";"Кашпо і горщики";
"1289";"1288";"Знижки на саджанці в С2+";"";"1289-znizhki-na-sadzhanci-v-s2";"znizhki-na-sadzhanci-v-s2";"1";"1";"Знижки на саджанці в С2+";"Знижки на саджанці в С2+";
"1384";"3";"Однорічники";"";"1384-odnorichniki";"odnorichniki";"1";"23";"Однорічники";"Однорічники";
"1391";"3";"Рослини для ставків та водойм";"";"1391-pond-plants";"pond-plants";"1";"24";"Рослини для ставків та водойм";"Рослини для ставків та водойм";
"357";"2";"Знижки та акції";"";"357-znizhki-ta-akciyi";"znizhki-ta-akciyi";"1";"1";"Знижки та акції";"Знижки та акції";
"404";"357";"Знижки за кількість";"";"404-znizhka6";"znizhka6";"1";"0";"";"Знижка  за кількість -  гуртом дешевше";
"1200";"357";"Знижки від 1шт";"";"1200-znizhki-vid-1sht";"znizhki-vid-1sht";"1";"1";"";"";
"285";"2";"Імпорт";"Найкращі імпортовані рослини високої якості за найнижчими цінами ви можете придбати в м. Ужгороді (вул. Оноківська - Об'їздна) або з доставкою в будь-яку точку України";"285-import";"import";"1";"2";"Новинки імпорту, сезон 2024-2026";"Новинки імпорту, сезону 2024-2026 за низькими цінами в Ужгороді з доставкою по Україні";