id_product;id_image;position;cover;
"1";"1358";"1";"";
"1";"1359";"2";"";
"1";"1360";"3";"";
"1";"4305";"4";"";
"1";"20308";"5";"1";
"3";"160";"1";"";
"3";"6109";"2";"";
"3";"10047";"3";"";
"3";"10320";"4";"1";
"3";"10321";"5";"";
"3";"10322";"6";"";
"3";"10323";"7";"";
"3";"10327";"8";"";
"3";"10324";"9";"";
"3";"10325";"10";"";
"3";"10326";"11";"";
"3";"10520";"12";"";
"3";"10521";"13";"";
"5";"168";"1";"";
"5";"169";"2";"1";
"5";"170";"3";"";
"5";"171";"4";"";
"5";"172";"5";"";
"5";"173";"6";"";
"5";"174";"7";"";
"5";"175";"8";"";
"7";"5071";"1";"";
"7";"5818";"2";"";
"7";"5820";"3";"";
"7";"5819";"4";"";
"7";"4961";"5";"";
"7";"5821";"6";"";
"7";"5966";"7";"";
"7";"5857";"8";"";
"7";"5973";"9";"";
"7";"5965";"10";"";
"7";"5972";"11";"";
"7";"4957";"12";"";
"7";"4960";"13";"";
"7";"663";"14";"";
"7";"5858";"15";"";
"7";"4959";"16";"";
"7";"5975";"17";"";
"7";"5967";"18";"1";
"7";"5974";"19";"";
"7";"5978";"20";"";
"7";"8400";"21";"";
"7";"8401";"22";"";
"7";"8402";"23";"";
"7";"8403";"24";"";
"7";"8764";"25";"";
"7";"11421";"26";"";
"7";"11422";"27";"";
"7";"11423";"28";"";
"7";"11424";"29";"";
"7";"11425";"30";"";
"7";"11426";"31";"";
"7";"11427";"32";"";
"7";"11428";"33";"";
"8";"10343";"1";"1";
"8";"10345";"2";"";
"8";"10344";"3";"";
"8";"10348";"4";"";
"8";"10349";"5";"";
"9";"3733";"1";"1";
"9";"1489";"2";"";
"9";"3735";"3";"";
"9";"3732";"4";"";
"9";"1488";"5";"";
"9";"1490";"6";"";
"10";"186";"1";"";
"10";"189";"2";"";
"10";"2507";"3";"";
"10";"188";"4";"";
"10";"190";"5";"";
"10";"2620";"6";"";
"10";"3143";"7";"1";
"11";"191";"1";"";
"11";"1760";"2";"";
"11";"1761";"3";"";
"11";"1762";"4";"";
"11";"10378";"5";"";
"11";"11347";"6";"1";
"11";"12748";"7";"";
"13";"209";"1";"";
"13";"4799";"2";"";
"13";"4800";"3";"";
"13";"4801";"4";"";
"13";"4802";"5";"";
"13";"4803";"6";"1";
"14";"4409";"1";"";
"14";"4410";"2";"";
"14";"7881";"3";"";
"14";"7882";"4";"";
"14";"7883";"5";"";
"14";"8679";"6";"";
"14";"8680";"7";"";
"14";"8681";"8";"1";
"14";"8682";"9";"";
"14";"8683";"10";"";
"14";"8684";"11";"";
"14";"8685";"12";"";
"14";"8686";"13";"";
"14";"8687";"14";"";
"14";"8688";"15";"";
"14";"8727";"16";"";
"14";"8728";"17";"";
"15";"3940";"1";"";
"15";"215";"2";"";
"15";"217";"3";"";
"15";"17765";"4";"";
"15";"17766";"5";"";
"15";"17767";"6";"";
"15";"17768";"7";"1";
"16";"3071";"1";"";
"16";"4189";"2";"";
"16";"7422";"3";"";
"16";"7423";"4";"1";
"16";"9464";"5";"";
"16";"9465";"6";"";
"16";"9466";"7";"";
"18";"227";"1";"";
"18";"228";"2";"";
"18";"10489";"3";"1";
"18";"10490";"4";"";
"18";"11370";"5";"";
"18";"11517";"6";"";
"19";"6071";"1";"";
"19";"6070";"2";"";
"19";"6069";"3";"";
"19";"2059";"4";"";
"19";"6072";"5";"";
"19";"229";"6";"";
"19";"5647";"7";"";
"19";"5648";"8";"";
"19";"6067";"9";"";
"19";"6068";"10";"";
"19";"2801";"11";"";
"19";"2089";"12";"";
"19";"2088";"13";"";
"19";"6073";"14";"";
"19";"7020";"15";"";
"19";"7021";"16";"";
"19";"7022";"17";"1";
"19";"14415";"18";"";
"21";"3131";"1";"";
"21";"9290";"2";"";
"21";"13006";"3";"";
"21";"13007";"4";"1";
"21";"13008";"5";"";
"23";"2237";"1";"1";
"23";"2234";"2";"";
"23";"1758";"3";"";
"23";"2236";"4";"";
"23";"1759";"5";"";
"23";"3132";"6";"";
"23";"3305";"7";"";
"25";"3960";"1";"";
"25";"2056";"2";"";
"25";"4805";"3";"1";
"25";"4806";"4";"";
"25";"4808";"5";"";
"25";"4809";"6";"";
"25";"4810";"7";"";
"25";"4811";"8";"";
"25";"5435";"9";"";
"25";"5436";"10";"";
"25";"5610";"11";"";
"25";"5900";"12";"";
"25";"5901";"13";"";
"25";"5903";"14";"";
"25";"5909";"15";"";
"25";"5910";"16";"";
"25";"5911";"17";"";
"25";"5912";"18";"";
"25";"5904";"19";"";
"25";"5906";"20";"";
"25";"5907";"21";"";
"25";"5908";"22";"";
"25";"10076";"23";"";
"25";"10077";"24";"";
"25";"10079";"25";"";
"25";"10078";"26";"";
"26";"1564";"1";"";
"26";"2051";"2";"";
"26";"2052";"3";"";
"26";"2053";"4";"";
"26";"2054";"5";"1";
"26";"8903";"6";"";
"26";"8904";"7";"";
"27";"2849";"1";"";
"27";"5855";"2";"";
"27";"6018";"3";"";
"27";"6019";"4";"";
"27";"6020";"5";"";
"27";"6023";"6";"1";
"27";"6027";"7";"";
"27";"6025";"8";"";
"27";"6030";"9";"";
"27";"6021";"10";"";
"27";"1829";"11";"";
"27";"6032";"12";"";
"27";"1830";"13";"";
"27";"6022";"14";"";
"27";"6024";"15";"";
"27";"6028";"16";"";
"27";"6029";"17";"";
"27";"6031";"18";"";
"27";"6033";"19";"";
"27";"6034";"20";"";
"27";"6083";"21";"";
"27";"8713";"22";"";
"27";"9056";"23";"";
"27";"9057";"24";"";
"27";"9298";"25";"";
"28";"3711";"1";"1";
"28";"263";"2";"";
"28";"264";"3";"";
"30";"269";"1";"";
"30";"270";"2";"";
"30";"12829";"3";"";
"30";"14421";"4";"1";
"31";"4444";"1";"";
"31";"4445";"2";"";
"31";"5131";"3";"";
"31";"5132";"4";"";
"31";"5133";"5";"";
"31";"6857";"6";"";
"31";"8416";"7";"";
"31";"8417";"8";"1";
"31";"8418";"9";"";
"31";"8419";"10";"";
"31";"14739";"11";"";
"33";"4490";"1";"";
"33";"4491";"2";"";
"33";"4492";"3";"";
"33";"6858";"4";"";
"33";"6859";"5";"";
"33";"6860";"6";"";
"33";"6861";"7";"";
"33";"6883";"8";"";
"33";"6884";"9";"";
"33";"6885";"10";"";
"33";"6886";"11";"";
"33";"6887";"12";"";
"33";"6888";"13";"";
"33";"6889";"14";"";
"33";"6890";"15";"";
"33";"6891";"16";"";
"33";"6892";"17";"";
"33";"9226";"18";"";
"33";"11461";"19";"";
"33";"14805";"20";"1";
"37";"7257";"1";"";
"37";"7258";"2";"";
"37";"7259";"3";"";
"37";"7260";"4";"";
"37";"7261";"5";"";
"37";"7263";"6";"";
"37";"7266";"7";"";
"37";"7267";"8";"";
"37";"7268";"9";"";
"37";"7269";"10";"";
"37";"7270";"11";"";
"37";"12139";"12";"1";
"39";"2777";"1";"1";
"39";"2778";"2";"";
"41";"3563";"1";"";
"41";"1655";"2";"";
"41";"5521";"3";"";
"41";"10175";"4";"1";
"41";"10176";"5";"";
"41";"10177";"6";"";
"41";"10178";"7";"";
"41";"12819";"8";"";
"45";"318";"1";"";
"45";"319";"2";"";
"45";"320";"3";"1";
"45";"321";"4";"";
"45";"1481";"5";"";
"45";"1568";"6";"";
"45";"6535";"7";"";
"45";"6536";"8";"";
"46";"322";"1";"";
"46";"323";"2";"";
"46";"324";"3";"";
"46";"4463";"4";"";
"46";"14679";"5";"";
"46";"14680";"6";"";
"46";"14681";"7";"1";
"48";"2825";"1";"";
"48";"2826";"2";"";
"48";"2852";"3";"";
"48";"2827";"4";"";
"48";"8739";"5";"";
"48";"9425";"6";"";
"48";"12997";"7";"1";
"49";"3454";"1";"";
"49";"3453";"2";"";
"49";"14380";"3";"";
"49";"14381";"4";"1";
"49";"14382";"5";"";
"50";"335";"1";"";
"50";"336";"2";"1";
"50";"337";"3";"";
"50";"338";"4";"";
"50";"340";"5";"";
"50";"2828";"6";"";
"50";"2829";"7";"";
"52";"13086";"1";"1";
"52";"13087";"2";"";
"52";"13088";"3";"";
"52";"19158";"4";"";
"53";"372";"1";"";
"53";"371";"2";"";
"53";"4899";"3";"1";
"54";"3538";"1";"";
"54";"379";"2";"";
"54";"13090";"3";"";
"54";"13091";"4";"1";
"54";"13092";"5";"";
"54";"13093";"6";"";
"54";"14530";"7";"";
"56";"2172";"1";"";
"56";"382";"2";"";
"56";"383";"3";"";
"56";"9945";"4";"";
"56";"9947";"5";"";
"56";"9948";"6";"";
"56";"9949";"7";"";
"56";"9950";"8";"1";
"56";"9952";"9";"";
"56";"9956";"10";"";
"56";"9957";"11";"";
"56";"10018";"12";"";
"56";"10019";"13";"";
"56";"10020";"14";"";
"56";"10021";"15";"";
"56";"10022";"16";"";
"56";"10023";"17";"";
"56";"17053";"18";"";
"56";"17054";"19";"";
"56";"17055";"20";"";
"57";"15540";"1";"1";
"57";"15541";"2";"";
"57";"15543";"3";"";
"57";"8651";"4";"";
"57";"8653";"5";"";
"57";"9061";"6";"";
"57";"9062";"7";"";
"57";"14542";"8";"";
"57";"15542";"9";"";
"58";"6807";"1";"";
"58";"9774";"2";"";
"58";"9775";"3";"";
"58";"10261";"4";"";
"58";"10262";"5";"";
"58";"10263";"6";"";
"58";"10317";"7";"";
"58";"12701";"8";"";
"58";"12702";"9";"";
"58";"12703";"10";"";
"58";"12704";"11";"";
"58";"12705";"12";"";
"58";"12706";"13";"";
"58";"12707";"14";"";
"58";"12739";"15";"1";
"58";"12800";"16";"";
"59";"4969";"1";"";
"59";"5120";"2";"";
"59";"10129";"3";"";
"59";"10130";"4";"";
"59";"10131";"5";"";
"59";"10132";"6";"";
"59";"10133";"7";"";
"59";"12730";"8";"";
"59";"12731";"9";"1";
"59";"12732";"10";"";
"59";"12733";"11";"";
"60";"9318";"1";"1";
"60";"9319";"2";"";
"60";"9320";"3";"";
"60";"9321";"4";"";
"61";"5852";"1";"";
"61";"5853";"2";"";
"61";"9314";"3";"";
"61";"9315";"4";"";
"61";"9316";"5";"1";
"61";"9317";"6";"";
"61";"9325";"7";"";
"61";"9326";"8";"";
"61";"10201";"9";"";
"61";"10563";"10";"";
"61";"14531";"11";"";
"61";"14710";"12";"";
"62";"5736";"1";"";
"62";"5744";"2";"";
"62";"6817";"3";"";
"62";"6985";"4";"";
"62";"6986";"5";"";
"62";"7611";"6";"";
"62";"7612";"7";"1";
"62";"7614";"8";"";
"62";"7707";"9";"";
"62";"9060";"10";"";
"62";"10502";"11";"";
"62";"10503";"12";"";
"62";"10811";"13";"";
"62";"10812";"14";"";
"62";"16004";"15";"";
"62";"16005";"16";"";
"63";"7251";"1";"1";
"63";"7312";"2";"";
"63";"7313";"3";"";
"63";"7252";"4";"";
"63";"7253";"5";"";
"63";"7255";"6";"";
"63";"408";"7";"";
"63";"7254";"8";"";
"63";"7256";"9";"";
"63";"14459";"10";"";
"64";"3429";"1";"";
"64";"2021";"2";"";
"64";"410";"3";"";
"64";"5861";"4";"1";
"64";"5862";"5";"";
"64";"5864";"6";"";
"64";"6997";"7";"";
"64";"6998";"8";"";
"64";"7001";"9";"";
"64";"7003";"10";"";
"64";"7004";"11";"";
"64";"7005";"12";"";
"64";"7006";"13";"";
"64";"9069";"14";"";
"64";"14397";"15";"";
"64";"14398";"16";"";
"64";"14399";"17";"";
"64";"16300";"18";"";
"65";"2020";"1";"";
"65";"4753";"2";"";
"65";"4754";"3";"1";
"65";"4755";"4";"";
"65";"4973";"5";"";
"65";"4974";"6";"";
"65";"5856";"7";"";
"65";"6816";"8";"";
"65";"6988";"9";"";
"65";"6989";"10";"";
"65";"6990";"11";"";
"65";"6991";"12";"";
"65";"6992";"13";"";
"65";"6993";"14";"";
"65";"6994";"15";"";
"65";"6995";"16";"";
"65";"6996";"17";"";
"65";"11151";"18";"";
"66";"15912";"1";"";
"66";"15911";"2";"";
"66";"14689";"3";"";
"66";"14691";"4";"";
"66";"14867";"5";"";
"66";"16252";"6";"";
"66";"16253";"7";"1";
"66";"16254";"8";"";
"66";"16255";"9";"";
"66";"16256";"10";"";
"67";"416";"1";"1";
"67";"10841";"2";"";
"69";"3463";"1";"";
"69";"5651";"2";"";
"69";"5652";"3";"";
"69";"9059";"4";"";
"69";"16760";"5";"";
"69";"16761";"6";"";
"69";"16762";"7";"";
"69";"16763";"8";"1";
"69";"19101";"9";"";
"70";"2715";"1";"1";
"70";"3551";"2";"";
"70";"1216";"3";"";
"70";"424";"4";"";
"70";"1217";"5";"";
"70";"1218";"6";"";
"70";"11481";"7";"";
"70";"11482";"8";"";
"72";"9291";"1";"";
"72";"9292";"2";"1";
"72";"10185";"3";"";
"72";"14533";"4";"";
"72";"14738";"5";"";
"73";"2638";"1";"";
"73";"4675";"2";"";
"73";"4676";"3";"";
"73";"9442";"4";"";
"73";"9443";"5";"";
"73";"9444";"6";"1";
"73";"9445";"7";"";
"73";"9446";"8";"";
"73";"9469";"9";"";
"73";"9470";"10";"";
"73";"9471";"11";"";
"73";"9472";"12";"";
"73";"14627";"13";"";
"74";"2121";"1";"";
"74";"649";"2";"1";
"74";"8770";"3";"";
"74";"8771";"4";"";
"74";"2122";"5";"";
"74";"10525";"6";"";
"74";"10524";"7";"";
"74";"10598";"8";"";
"74";"10597";"9";"";
"75";"18767";"1";"1";
"75";"18766";"2";"";
"75";"18765";"3";"";
"76";"637";"1";"";
"76";"639";"2";"";
"76";"645";"3";"";
"76";"646";"4";"";
"76";"14171";"5";"";
"76";"14550";"6";"1";
"77";"650";"1";"";
"77";"651";"2";"";
"77";"652";"3";"";
"77";"653";"4";"";
"77";"654";"5";"";
"77";"655";"6";"1";
"78";"4497";"1";"";
"78";"4498";"2";"";
"78";"5637";"3";"";
"78";"5638";"4";"";
"78";"5639";"5";"";
"78";"16370";"6";"";
"78";"16371";"7";"";
"78";"16372";"8";"1";
"80";"3677";"1";"";
"80";"3871";"2";"";
"80";"11972";"3";"";
"80";"11999";"4";"";
"80";"12000";"5";"";
"80";"12001";"6";"";
"80";"12002";"7";"1";
"80";"12003";"8";"";
"81";"8325";"1";"";
"81";"8326";"2";"1";
"81";"8329";"3";"";
"81";"8334";"4";"";
"81";"2424";"5";"";
"81";"8332";"6";"";
"81";"8333";"7";"";
"81";"620";"8";"";
"81";"8331";"9";"";
"81";"3673";"10";"";
"81";"8327";"11";"";
"81";"8328";"12";"";
"81";"8330";"13";"";
"81";"11362";"14";"";
"81";"11738";"15";"";
"81";"11739";"16";"";
"83";"627";"1";"";
"83";"4869";"2";"";
"83";"4870";"3";"1";
"83";"4871";"4";"";
"83";"5021";"5";"";
"83";"5859";"6";"";
"83";"14471";"7";"";
"83";"16838";"8";"";
"83";"18970";"9";"";
"85";"5525";"1";"";
"85";"5526";"2";"";
"85";"10258";"3";"";
"85";"10259";"4";"";
"85";"11263";"5";"";
"85";"11264";"6";"";
"85";"16904";"7";"";
"85";"16905";"8";"1";
"85";"16906";"9";"";
"85";"16907";"10";"";
"86";"635";"1";"";
"86";"11918";"2";"";
"86";"11919";"3";"1";
"86";"11920";"4";"";
"86";"11921";"5";"";
"87";"2076";"1";"";
"87";"3639";"2";"";
"87";"2078";"3";"";
"87";"2079";"4";"";
"87";"3095";"5";"";
"87";"4559";"6";"";
"87";"4863";"7";"";
"87";"4864";"8";"";
"87";"5479";"9";"";
"87";"8876";"10";"1";
"87";"8878";"11";"";
"87";"8879";"12";"";
"87";"8880";"13";"";
"87";"8881";"14";"";
"87";"8882";"15";"";
"87";"8883";"16";"";
"87";"8884";"17";"";
"87";"11629";"18";"";
"87";"11630";"19";"";
"87";"11631";"20";"";
"87";"14853";"21";"";
"88";"3633";"1";"";
"88";"3105";"2";"";
"88";"3103";"3";"";
"88";"3104";"4";"";
"88";"5246";"5";"";
"88";"5707";"6";"";
"88";"6087";"7";"";
"88";"6096";"8";"";
"88";"6097";"9";"";
"88";"6098";"10";"";
"88";"8422";"11";"";
"88";"9003";"12";"1";
"88";"17995";"13";"";
"88";"17996";"14";"";
"88";"17997";"15";"";
"88";"18790";"16";"";
"88";"19782";"17";"";
"89";"8871";"1";"1";
"89";"8872";"2";"";
"89";"8873";"3";"";
"89";"8874";"4";"";
"89";"8875";"5";"";
"89";"3783";"6";"";
"89";"3784";"7";"";
"89";"3782";"8";"";
"89";"11597";"9";"";
"89";"11598";"10";"";
"90";"5614";"1";"";
"90";"5615";"2";"";
"90";"1873";"3";"";
"90";"3635";"4";"";
"90";"1878";"5";"";
"90";"3772";"6";"";
"90";"4017";"7";"";
"90";"8840";"8";"1";
"90";"8841";"9";"";
"90";"8842";"10";"";
"93";"8546";"1";"1";
"93";"9121";"2";"";
"93";"9122";"3";"";
"93";"9123";"4";"";
"93";"9124";"5";"";
"95";"3498";"1";"";
"95";"3112";"2";"";
"95";"4542";"3";"";
"95";"4818";"4";"";
"95";"4819";"5";"1";
"95";"5060";"6";"";
"95";"7455";"7";"";
"95";"7462";"8";"";
"95";"8497";"9";"";
"95";"8498";"10";"";
"95";"8499";"11";"";
"95";"8500";"12";"";
"95";"8501";"13";"";
"95";"8974";"14";"";
"95";"8975";"15";"";
"95";"8976";"16";"";
"95";"8977";"17";"";
"95";"8978";"18";"";
"95";"8979";"19";"";
"95";"9261";"20";"";
"95";"11002";"21";"";
"95";"11165";"22";"";
"96";"3468";"1";"";
"96";"2869";"2";"1";
"96";"2871";"3";"";
"96";"5563";"4";"";
"97";"3621";"1";"";
"97";"3148";"2";"1";
"97";"2991";"3";"";
"97";"3047";"4";"";
"97";"2990";"5";"";
"97";"10557";"6";"";
"97";"14145";"7";"";
"97";"14146";"8";"";
"97";"14747";"9";"";
"98";"3933";"1";"";
"98";"5386";"2";"";
"98";"5387";"3";"";
"98";"9380";"4";"1";
"98";"9381";"5";"";
"98";"9382";"6";"";
"98";"9383";"7";"";
"98";"9384";"8";"";
"98";"9385";"9";"";
"98";"10561";"10";"";
"98";"10562";"11";"";
"99";"8469";"1";"";
"99";"8471";"2";"";
"99";"8472";"3";"";
"99";"8473";"4";"";
"99";"8536";"5";"1";
"99";"8537";"6";"";
"99";"8538";"7";"";
"99";"8539";"8";"";
"99";"8540";"9";"";
"99";"8541";"10";"";
"99";"8542";"11";"";
"99";"8989";"12";"";
"99";"15653";"13";"";
"99";"15654";"14";"";
"99";"15655";"15";"";
"99";"15656";"16";"";
"100";"496";"1";"";
"100";"497";"2";"";
"100";"499";"3";"";
"100";"5561";"4";"";
"100";"5562";"5";"";
"100";"11763";"6";"1";
"101";"3455";"1";"";
"101";"11768";"2";"";
"101";"11769";"3";"";
"101";"11770";"4";"";
"101";"11771";"5";"1";
"101";"11772";"6";"";
"101";"11773";"7";"";
"101";"11774";"8";"";
"102";"513";"1";"";
"102";"514";"2";"";
"102";"515";"3";"";
"102";"5088";"4";"";
"102";"5379";"5";"";
"102";"5597";"6";"";
"102";"5611";"7";"";
"102";"5790";"8";"";
"102";"7042";"9";"";
"102";"7043";"10";"";
"102";"7044";"11";"";
"102";"7045";"12";"";
"102";"7046";"13";"";
"102";"7047";"14";"";
"102";"7048";"15";"";
"102";"9210";"16";"";
"102";"15728";"17";"1";
"103";"2886";"1";"";
"103";"4857";"2";"";
"103";"4858";"3";"";
"103";"4859";"4";"";
"103";"4860";"5";"";
"103";"4861";"6";"";
"103";"4862";"7";"";
"103";"6870";"8";"1";
"104";"5087";"1";"";
"104";"5356";"2";"";
"104";"5595";"3";"";
"104";"5596";"4";"";
"104";"5600";"5";"";
"104";"5681";"6";"";
"104";"8431";"7";"";
"104";"8432";"8";"";
"104";"8433";"9";"";
"104";"8434";"10";"";
"104";"8435";"11";"";
"104";"8445";"12";"";
"104";"8446";"13";"";
"104";"8447";"14";"";
"104";"8448";"15";"";
"104";"8449";"16";"";
"104";"8455";"17";"";
"104";"8470";"18";"1";
"104";"17156";"19";"";
"104";"17157";"20";"";
"105";"2406";"1";"";
"105";"532";"2";"";
"105";"541";"3";"";
"105";"4319";"4";"";
"105";"5505";"5";"";
"105";"9211";"6";"";
"105";"9212";"7";"";
"105";"9213";"8";"";
"105";"10825";"9";"1";
"106";"3630";"1";"";
"106";"6537";"2";"";
"106";"6538";"3";"";
"106";"6539";"4";"";
"106";"6540";"5";"";
"106";"6541";"6";"1";
"106";"6542";"7";"";
"106";"6543";"8";"";
"106";"6544";"9";"";
"106";"6545";"10";"";
"106";"6546";"11";"";
"106";"10516";"12";"";
"106";"11737";"13";"";
"107";"485";"1";"1";
"107";"2958";"2";"";
"108";"4903";"1";"";
"108";"5617";"2";"";
"108";"5688";"3";"";
"108";"5691";"4";"";
"108";"5693";"5";"";
"108";"5695";"6";"";
"108";"5696";"7";"";
"108";"5700";"8";"";
"108";"5701";"9";"";
"108";"5702";"10";"";
"108";"5709";"11";"";
"108";"7301";"12";"";
"108";"8384";"13";"";
"108";"8385";"14";"";
"108";"8383";"15";"";
"108";"12995";"16";"";
"108";"12996";"17";"";
"108";"14786";"18";"";
"108";"14787";"19";"";
"108";"17142";"20";"";
"108";"17143";"21";"1";
"108";"17144";"22";"";
"108";"17145";"23";"";
"109";"2970";"1";"";
"109";"2971";"2";"";
"109";"2972";"3";"";
"109";"5235";"4";"";
"109";"5413";"5";"";
"109";"5684";"6";"";
"109";"8461";"7";"";
"109";"8463";"8";"";
"109";"8464";"9";"";
"109";"8465";"10";"";
"109";"8466";"11";"";
"109";"8467";"12";"";
"109";"8468";"13";"1";
"109";"8985";"14";"";
"109";"8986";"15";"";
"109";"9260";"16";"";
"109";"13497";"17";"";
"109";"13498";"18";"";
"109";"13499";"19";"";
"109";"13500";"20";"";
"109";"13501";"21";"";
"109";"19460";"22";"";
"110";"3766";"1";"";
"110";"2013";"2";"";
"110";"3301";"3";"";
"110";"468";"4";"";
"110";"4925";"5";"";
"110";"4926";"6";"";
"110";"5437";"7";"";
"110";"6262";"8";"";
"110";"6263";"9";"";
"110";"6264";"10";"";
"110";"6265";"11";"";
"110";"6266";"12";"";
"110";"6267";"13";"";
"110";"6269";"14";"";
"110";"6270";"15";"";
"110";"6271";"16";"";
"110";"6272";"17";"";
"110";"6273";"18";"";
"110";"6275";"19";"";
"110";"6277";"20";"";
"110";"6279";"21";"";
"110";"6281";"22";"";
"110";"6283";"23";"";
"110";"6284";"24";"";
"110";"6285";"25";"";
"110";"6286";"26";"";
"110";"6287";"27";"";
"110";"6288";"28";"";
"110";"6289";"29";"";
"110";"6292";"30";"";
"110";"6294";"31";"";
"110";"6295";"32";"";
"110";"6296";"33";"";
"110";"6297";"34";"";
"110";"6298";"35";"";
"110";"7454";"36";"";
"110";"7556";"37";"1";
"110";"8915";"38";"";
"110";"12573";"39";"";
"111";"4068";"1";"";
"111";"4897";"2";"";
"111";"4944";"3";"";
"111";"5313";"4";"";
"111";"5428";"5";"";
"111";"7295";"6";"";
"111";"7296";"7";"";
"111";"7297";"8";"";
"111";"7298";"9";"";
"111";"7784";"10";"";
"111";"7785";"11";"";
"111";"7790";"12";"";
"111";"7791";"13";"";
"111";"7793";"14";"";
"111";"7795";"15";"";
"111";"7796";"16";"";
"111";"7804";"17";"";
"111";"7808";"18";"";
"111";"7810";"19";"";
"111";"7812";"20";"";
"111";"7813";"21";"";
"111";"7814";"22";"";
"111";"8272";"23";"";
"111";"8421";"24";"";
"111";"9296";"25";"";
"111";"11163";"26";"";
"111";"11164";"27";"";
"111";"13533";"28";"1";
"111";"13534";"29";"";
"111";"13536";"30";"";
"111";"13537";"31";"";
"111";"13538";"32";"";
"111";"14731";"33";"";
"112";"2955";"1";"";
"112";"3790";"2";"";
"112";"3793";"3";"";
"112";"9026";"4";"";
"112";"9045";"5";"1";
"112";"9046";"6";"";
"113";"5764";"1";"";
"113";"5765";"2";"";
"113";"5762";"3";"1";
"113";"5761";"4";"";
"113";"5766";"5";"";
"113";"5767";"6";"";
"113";"5228";"7";"";
"113";"2895";"8";"";
"113";"5229";"9";"";
"113";"2957";"10";"";
"113";"4519";"11";"";
"113";"4648";"12";"";
"113";"5763";"13";"";
"113";"5781";"14";"";
"113";"8259";"15";"";
"113";"8260";"16";"";
"113";"8261";"17";"";
"113";"8263";"18";"";
"113";"8264";"19";"";
"113";"8265";"20";"";
"113";"8266";"21";"";
"113";"8267";"22";"";
"113";"8268";"23";"";
"113";"8269";"24";"";
"113";"8270";"25";"";
"113";"8271";"26";"";
"113";"8280";"27";"";
"113";"8392";"28";"";
"113";"8393";"29";"";
"113";"8394";"30";"";
"113";"8397";"31";"";
"113";"8398";"32";"";
"113";"8423";"33";"";
"113";"9302";"34";"";
"113";"8396";"35";"";
"114";"2802";"1";"1";
"114";"2073";"2";"";
"114";"2147";"3";"";
"114";"2074";"4";"";
"114";"2146";"5";"";
"115";"2892";"1";"";
"115";"4456";"2";"";
"115";"5315";"3";"";
"115";"12822";"4";"1";
"115";"13063";"5";"";
"115";"13064";"6";"";
"115";"14430";"7";"";
"115";"14431";"8";"";
"115";"14432";"9";"";
"116";"2491";"1";"";
"116";"2139";"2";"";
"116";"2136";"3";"";
"116";"2138";"4";"";
"116";"3091";"5";"";
"116";"3101";"6";"";
"116";"4539";"7";"";
"116";"4548";"8";"";
"116";"5248";"9";"";
"116";"5249";"10";"";
"116";"5250";"11";"";
"116";"5430";"12";"";
"116";"9300";"13";"";
"116";"9301";"14";"";
"116";"16973";"15";"1";
"125";"366";"1";"1";
"137";"4775";"1";"";
"137";"4776";"2";"1";
"137";"4777";"3";"";
"137";"4778";"4";"";
"335";"3012";"1";"";
"335";"3125";"2";"";
"335";"3137";"3";"";
"335";"8565";"4";"";
"335";"8566";"5";"1";
"335";"8567";"6";"";
"336";"4214";"1";"";
"336";"4215";"2";"";
"336";"6585";"3";"";
"336";"6587";"4";"1";
"336";"6588";"5";"";
"336";"6589";"6";"";
"336";"6590";"7";"";
"336";"6598";"8";"";
"336";"6599";"9";"";
"336";"6600";"10";"";
"336";"6601";"11";"";
"336";"6602";"12";"";
"336";"6603";"13";"";
"336";"6604";"14";"";
"336";"6874";"15";"";
"336";"7191";"16";"";
"339";"4500";"1";"";
"339";"9287";"2";"";
"339";"9288";"3";"";
"339";"9289";"4";"";
"339";"9331";"5";"";
"339";"9332";"6";"1";
"339";"9333";"7";"";
"339";"9334";"8";"";
"339";"9335";"9";"";
"339";"11325";"10";"";
"339";"11326";"11";"";
"340";"13129";"1";"";
"340";"13130";"2";"";
"340";"13131";"3";"1";
"340";"13132";"4";"";
"340";"15757";"5";"";
"340";"19165";"6";"";
"340";"19166";"7";"";
"341";"3796";"1";"1";
"341";"3794";"2";"";
"341";"3795";"3";"";
"341";"4832";"4";"";
"341";"4833";"5";"";
"351";"992";"1";"1";
"351";"993";"2";"";
"353";"996";"1";"1";
"365";"1007";"1";"";
"365";"9859";"2";"1";
"366";"1009";"1";"1";
"367";"1010";"1";"";
"367";"1011";"2";"1";
"386";"1038";"1";"1";
"387";"1035";"1";"1";
"387";"1036";"2";"";
"387";"1037";"3";"";
"389";"1043";"1";"1";
"390";"1044";"1";"1";
"391";"1045";"1";"";
"391";"1046";"2";"1";
"392";"1047";"1";"1";
"393";"1048";"1";"1";
"393";"1049";"2";"";
"394";"1050";"1";"";
"394";"1051";"2";"";
"394";"1052";"3";"1";
"395";"1053";"1";"";
"395";"1054";"2";"1";
"395";"1055";"3";"";
"396";"1056";"1";"1";
"397";"1057";"1";"";
"397";"1058";"2";"";
"397";"1059";"3";"1";
"398";"1060";"1";"";
"398";"1061";"2";"1";
"400";"1306";"1";"1";
"439";"4772";"1";"1";
"441";"1073";"1";"1";
"442";"2617";"1";"1";
"443";"11045";"1";"";
"443";"11046";"2";"";
"443";"11047";"3";"1";
"443";"11048";"4";"";
"443";"11049";"5";"";
"446";"2143";"1";"";
"446";"1654";"2";"";
"446";"2144";"3";"";
"446";"2145";"4";"";
"446";"5787";"5";"";
"446";"5788";"6";"";
"446";"6922";"7";"";
"446";"6923";"8";"";
"446";"6924";"9";"";
"446";"6925";"10";"";
"446";"6937";"11";"";
"446";"6938";"12";"";
"446";"6939";"13";"";
"446";"11518";"14";"1";
"446";"11519";"15";"";
"449";"2475";"1";"";
"449";"2336";"2";"";
"449";"3111";"3";"";
"449";"3640";"4";"";
"449";"3712";"5";"";
"449";"5299";"6";"";
"449";"5478";"7";"";
"449";"8885";"8";"";
"449";"8886";"9";"1";
"449";"8887";"10";"";
"449";"8889";"11";"";
"449";"8890";"12";"";
"450";"1874";"1";"";
"450";"1875";"2";"";
"450";"1876";"3";"";
"450";"1877";"4";"";
"450";"6607";"5";"";
"450";"6608";"6";"";
"450";"6609";"7";"";
"450";"6610";"8";"1";
"450";"6611";"9";"";
"450";"6612";"10";"";
"450";"6613";"11";"";
"450";"6614";"12";"";
"450";"6615";"13";"";
"450";"6616";"14";"";
"450";"6617";"15";"";
"450";"14744";"16";"";
"452";"3566";"1";"";
"452";"8719";"2";"";
"452";"8720";"3";"";
"452";"9323";"4";"";
"452";"9330";"5";"1";
"452";"14737";"6";"";
"454";"3724";"1";"";
"454";"2425";"2";"";
"454";"2426";"3";"";
"454";"5630";"4";"";
"454";"5631";"5";"1";
"455";"2429";"1";"";
"455";"2584";"2";"";
"455";"5304";"3";"";
"455";"5627";"4";"";
"455";"5629";"5";"";
"455";"5807";"6";"";
"455";"5808";"7";"";
"455";"5809";"8";"";
"455";"10847";"9";"";
"455";"11010";"10";"";
"455";"11431";"11";"";
"455";"11432";"12";"1";
"455";"14420";"13";"";
"458";"1174";"1";"";
"458";"1177";"2";"";
"458";"14088";"3";"";
"458";"14157";"4";"1";
"459";"1886";"1";"1";
"460";"5069";"1";"";
"460";"6213";"2";"";
"460";"6214";"3";"1";
"460";"6217";"4";"";
"460";"6219";"5";"";
"460";"6218";"6";"";
"460";"6216";"7";"";
"460";"6220";"8";"";
"460";"6222";"9";"";
"460";"6813";"10";"";
"460";"8626";"11";"";
"460";"8642";"12";"";
"460";"11585";"13";"";
"460";"11586";"14";"";
"461";"13423";"1";"";
"461";"13424";"2";"";
"461";"13425";"3";"";
"461";"13426";"4";"1";
"462";"1198";"1";"";
"462";"1199";"2";"";
"462";"2415";"3";"";
"462";"2416";"4";"";
"462";"2418";"5";"";
"462";"2419";"6";"";
"462";"2420";"7";"";
"462";"3303";"8";"";
"462";"7023";"9";"";
"462";"7024";"10";"";
"462";"12641";"11";"";
"462";"12642";"12";"";
"462";"12924";"13";"1";
"465";"1208";"1";"";
"465";"1209";"2";"1";
"466";"1214";"1";"1";
"466";"1215";"2";"";
"466";"1781";"3";"";
"467";"5813";"1";"";
"467";"5814";"2";"";
"467";"5815";"3";"";
"467";"5811";"4";"";
"467";"10297";"5";"";
"467";"14532";"6";"";
"467";"16163";"7";"1";
"467";"16164";"8";"";
"467";"16165";"9";"";
"467";"19796";"10";"";
"468";"15972";"1";"1";
"468";"15973";"2";"";
"468";"15974";"3";"";
"469";"1273";"1";"1";
"469";"1274";"2";"";
"470";"1275";"1";"";
"470";"15013";"2";"";
"470";"15014";"3";"";
"470";"16286";"4";"";
"470";"16287";"5";"1";
"470";"16288";"6";"";
"471";"1277";"1";"";
"471";"10781";"2";"";
"471";"10782";"3";"";
"471";"10783";"4";"";
"471";"10784";"5";"";
"471";"10785";"6";"";
"471";"12639";"7";"";
"471";"14391";"8";"";
"471";"16293";"9";"";
"471";"16294";"10";"1";
"471";"16295";"11";"";
"472";"1278";"1";"";
"472";"1279";"2";"";
"472";"20306";"3";"";
"472";"20307";"4";"1";
"473";"1672";"1";"1";
"474";"1671";"1";"";
"474";"14079";"2";"1";
"474";"14080";"3";"";
"474";"14081";"4";"";
"475";"1283";"1";"1";
"475";"1284";"2";"";
"479";"1308";"1";"";
"479";"2677";"2";"";
"479";"2680";"3";"";
"479";"13942";"4";"";
"479";"13943";"5";"";
"479";"13944";"6";"1";
"480";"1313";"1";"";
"480";"1314";"2";"1";
"480";"1315";"3";"";
"481";"1316";"1";"1";
"482";"1317";"1";"";
"482";"1318";"2";"1";
"483";"3859";"1";"1";
"483";"1321";"2";"";
"483";"1320";"3";"";
"484";"1323";"1";"1";
"484";"1324";"2";"";
"484";"1325";"3";"";
"486";"1328";"1";"1";
"487";"1329";"1";"";
"487";"1330";"2";"1";
"487";"1331";"3";"";
"487";"1332";"4";"";
"489";"1339";"1";"";
"489";"14082";"2";"1";
"489";"15727";"3";"";
"490";"1340";"1";"";
"490";"1341";"2";"1";
"490";"14068";"3";"";
"491";"1342";"1";"1";
"491";"1343";"2";"";
"491";"17362";"3";"";
"491";"17363";"4";"";
"492";"4664";"1";"1";
"495";"2889";"1";"1";
"496";"2756";"1";"1";
"496";"1350";"2";"";
"497";"1352";"1";"";
"497";"1353";"2";"1";
"497";"1354";"3";"";
"498";"1355";"1";"1";
"498";"1356";"2";"";
"499";"1357";"1";"";
"499";"13911";"2";"";
"499";"13912";"3";"";
"499";"13913";"4";"1";
"499";"13914";"5";"";
"501";"2170";"1";"1";
"501";"2171";"2";"";
"502";"1365";"1";"1";
"502";"1366";"2";"";
"503";"1367";"1";"";
"503";"15010";"2";"";
"503";"15011";"3";"";
"503";"15012";"4";"1";
"504";"3922";"1";"1";
"504";"3923";"2";"";
"504";"1370";"3";"";
"505";"2757";"1";"";
"505";"17253";"2";"";
"505";"17254";"3";"";
"505";"17255";"4";"";
"505";"17256";"5";"1";
"505";"17257";"6";"";
"507";"1374";"1";"";
"507";"17258";"2";"";
"507";"17259";"3";"";
"507";"17260";"4";"1";
"509";"1379";"1";"";
"509";"1380";"2";"";
"509";"3334";"3";"1";
"510";"1381";"1";"";
"510";"1382";"2";"";
"510";"1383";"3";"1";
"510";"1384";"4";"";
"511";"1385";"1";"1";
"511";"1386";"2";"";
"511";"1387";"3";"";
"511";"1388";"4";"";
"511";"12979";"5";"";
"513";"1392";"1";"";
"513";"1393";"2";"";
"513";"3333";"3";"";
"513";"13468";"4";"";
"513";"13469";"5";"";
"513";"13470";"6";"";
"513";"14316";"7";"";
"513";"15778";"8";"";
"513";"18953";"9";"1";
"514";"1394";"1";"";
"514";"1395";"2";"1";
"517";"10161";"1";"";
"517";"13467";"2";"1";
"517";"13915";"3";"";
"517";"13916";"4";"";
"517";"13917";"5";"";
"518";"1403";"1";"1";
"518";"1404";"2";"";
"518";"10159";"3";"";
"518";"10160";"4";"";
"518";"20305";"5";"";
"519";"1405";"1";"";
"519";"1406";"2";"1";
"520";"1407";"1";"";
"520";"1408";"2";"";
"520";"1409";"3";"";
"520";"1410";"4";"";
"520";"2546";"5";"";
"520";"2547";"6";"1";
"523";"1416";"1";"";
"523";"15933";"2";"";
"523";"15934";"3";"";
"523";"15935";"4";"1";
"523";"16312";"5";"";
"524";"1417";"1";"";
"524";"1418";"2";"";
"524";"13918";"3";"";
"524";"13919";"4";"";
"524";"13920";"5";"";
"524";"13921";"6";"";
"524";"13922";"7";"1";
"525";"1419";"1";"";
"525";"1420";"2";"";
"525";"1421";"3";"";
"525";"1422";"4";"";
"525";"1423";"5";"";
"525";"1424";"6";"";
"525";"14308";"7";"1";
"526";"1426";"1";"";
"526";"14152";"2";"";
"526";"14319";"3";"1";
"526";"14320";"4";"";
"526";"14321";"5";"";
"528";"1429";"1";"";
"528";"10628";"2";"";
"528";"13492";"3";"1";
"528";"13493";"4";"";
"529";"1433";"1";"";
"529";"1434";"2";"1";
"529";"1435";"3";"";
"530";"12776";"1";"1";
"530";"17261";"2";"";
"530";"17262";"3";"";
"530";"17263";"4";"";
"530";"17264";"5";"";
"531";"1438";"1";"";
"531";"15333";"2";"1";
"531";"15334";"3";"";
"531";"15335";"4";"";
"534";"2838";"1";"1";
"534";"2837";"2";"";
"534";"1445";"3";"";
"534";"1446";"4";"";
"535";"1447";"1";"";
"535";"1448";"2";"";
"535";"1449";"3";"1";
"535";"1450";"4";"";
"536";"1451";"1";"1";
"537";"1452";"1";"";
"537";"1453";"2";"1";
"538";"1454";"1";"1";
"538";"15754";"2";"";
"539";"1455";"1";"1";
"539";"14089";"2";"";
"539";"14292";"3";"";
"539";"15090";"4";"";
"539";"15091";"5";"";
"539";"15092";"6";"";
"539";"15793";"7";"";
"540";"1458";"1";"";
"540";"13437";"2";"";
"540";"13438";"3";"";
"540";"13439";"4";"";
"540";"13440";"5";"";
"540";"13441";"6";"1";
"541";"14072";"1";"1";
"541";"14073";"2";"";
"542";"1462";"1";"";
"542";"12680";"2";"1";
"543";"1464";"1";"1";
"544";"1493";"1";"1";
"544";"1494";"2";"";
"545";"1495";"1";"";
"545";"1496";"2";"";
"545";"14069";"3";"";
"545";"14070";"4";"";
"545";"14071";"5";"1";
"546";"1497";"1";"";
"546";"1498";"2";"1";
"546";"1499";"3";"";
"548";"1502";"1";"1";
"552";"2841";"1";"1";
"552";"1511";"2";"";
"555";"1516";"1";"";
"555";"1517";"2";"";
"555";"1518";"3";"";
"555";"1519";"4";"";
"555";"1790";"5";"";
"555";"1791";"6";"1";
"556";"1521";"1";"";
"556";"10528";"2";"";
"556";"10530";"3";"";
"556";"10529";"4";"";
"556";"11761";"5";"";
"556";"11762";"6";"";
"556";"12898";"7";"";
"556";"13039";"8";"1";
"559";"3427";"1";"";
"559";"3426";"2";"1";
"559";"1529";"3";"";
"560";"1530";"1";"";
"560";"1531";"2";"";
"560";"1532";"3";"1";
"561";"17251";"1";"";
"561";"17252";"2";"1";
"562";"1535";"1";"";
"562";"1536";"2";"1";
"562";"1537";"3";"";
"562";"20304";"4";"";
"563";"1538";"1";"";
"563";"6812";"2";"";
"563";"13450";"3";"";
"563";"13451";"4";"";
"563";"13452";"5";"";
"563";"14074";"6";"";
"563";"14075";"7";"";
"563";"15753";"8";"";
"563";"16791";"9";"1";
"564";"1539";"1";"";
"564";"13409";"2";"";
"564";"13410";"3";"1";
"565";"1540";"1";"";
"565";"2819";"2";"";
"565";"13471";"3";"";
"565";"13472";"4";"1";
"565";"14067";"5";"";
"565";"15716";"6";"";
"566";"1542";"1";"";
"566";"1543";"2";"";
"566";"1544";"3";"";
"566";"15752";"4";"1";
"567";"1545";"1";"";
"567";"13411";"2";"1";
"567";"13412";"3";"";
"567";"13413";"4";"";
"567";"13414";"5";"";
"567";"13415";"6";"";
"568";"1546";"1";"1";
"569";"1547";"1";"1";
"569";"1548";"2";"";
"570";"13416";"1";"";
"570";"13417";"2";"";
"570";"13418";"3";"";
"570";"13419";"4";"1";
"570";"13420";"5";"";
"572";"13453";"1";"1";
"572";"13454";"2";"";
"572";"13455";"3";"";
"573";"1557";"1";"";
"573";"1558";"2";"";
"573";"15004";"3";"";
"573";"15005";"4";"1";
"573";"15006";"5";"";
"573";"15008";"6";"";
"573";"15009";"7";"";
"574";"13463";"1";"1";
"574";"13464";"2";"";
"575";"2833";"1";"1";
"575";"1561";"2";"";
"577";"1563";"1";"1";
"578";"4160";"1";"1";
"578";"4149";"2";"";
"578";"4159";"3";"";
"579";"3217";"1";"";
"579";"5785";"2";"";
"579";"5822";"3";"";
"579";"6045";"4";"";
"579";"5601";"5";"";
"579";"3216";"6";"";
"579";"5783";"7";"";
"579";"5782";"8";"";
"579";"3215";"9";"1";
"579";"15723";"10";"";
"580";"1582";"1";"";
"580";"5081";"2";"";
"580";"5082";"3";"";
"580";"5083";"4";"";
"580";"14304";"5";"";
"580";"16966";"6";"1";
"581";"1597";"1";"";
"581";"1794";"2";"1";
"581";"1795";"3";"";
"582";"2587";"1";"";
"582";"1609";"2";"";
"582";"1600";"3";"";
"582";"2585";"4";"";
"582";"2586";"5";"";
"582";"5079";"6";"";
"582";"5080";"7";"";
"582";"6810";"8";"";
"582";"9303";"9";"";
"582";"9304";"10";"";
"582";"9305";"11";"";
"582";"9312";"12";"";
"582";"11664";"13";"";
"582";"12788";"14";"";
"582";"14295";"15";"1";
"583";"1602";"1";"";
"583";"1603";"2";"";
"583";"9622";"3";"";
"583";"9623";"4";"";
"583";"12817";"5";"";
"583";"14404";"6";"";
"583";"14405";"7";"1";
"584";"3774";"1";"";
"584";"8689";"2";"";
"584";"8690";"3";"";
"584";"8691";"4";"";
"584";"8693";"5";"1";
"584";"8694";"6";"";
"584";"9127";"7";"";
"584";"9128";"8";"";
"585";"9064";"1";"";
"585";"10307";"2";"";
"585";"10308";"3";"1";
"585";"10309";"4";"";
"585";"10310";"5";"";
"586";"1613";"1";"1";
"586";"1665";"2";"";
"586";"5025";"3";"";
"587";"2732";"1";"";
"587";"2733";"2";"1";
"587";"6806";"3";"";
"587";"6856";"4";"";
"589";"13477";"1";"";
"589";"13478";"2";"";
"589";"13479";"3";"1";
"594";"1662";"1";"";
"594";"13465";"2";"";
"594";"13466";"3";"";
"594";"13923";"4";"";
"594";"13924";"5";"";
"594";"13925";"6";"1";
"594";"13926";"7";"";
"594";"13927";"8";"";
"596";"13456";"1";"";
"596";"13457";"2";"1";
"596";"13458";"3";"";
"596";"13999";"4";"";
"597";"3918";"1";"1";
"597";"3919";"2";"";
"597";"1664";"3";"";
"598";"1667";"1";"1";
"599";"1673";"1";"1";
"599";"1674";"2";"";
"599";"1675";"3";"";
"600";"1676";"1";"1";
"600";"1677";"2";"";
"600";"15715";"3";"";
"601";"3149";"1";"1";
"601";"1678";"2";"";
"601";"3150";"3";"";
"601";"10679";"4";"";
"601";"10680";"5";"";
"601";"11583";"6";"";
"602";"3133";"1";"";
"602";"5845";"2";"";
"602";"5847";"3";"";
"602";"5848";"4";"";
"602";"8488";"5";"";
"602";"8489";"6";"";
"602";"8737";"7";"1";
"602";"8738";"8";"";
"603";"1691";"1";"";
"603";"1693";"2";"";
"603";"3136";"3";"";
"603";"5022";"4";"";
"603";"5023";"5";"1";
"603";"5416";"6";"";
"604";"1695";"1";"";
"604";"1698";"2";"";
"604";"3123";"3";"";
"604";"3124";"4";"";
"604";"6796";"5";"";
"604";"6798";"6";"";
"604";"21355";"7";"";
"604";"21356";"8";"";
"604";"21357";"9";"1";
"605";"3721";"1";"";
"605";"3722";"2";"";
"605";"6572";"3";"1";
"605";"6573";"4";"";
"605";"6574";"5";"";
"605";"6575";"6";"";
"605";"6576";"7";"";
"605";"6577";"8";"";
"605";"6578";"9";"";
"605";"6579";"10";"";
"605";"6580";"11";"";
"605";"6605";"12";"";
"605";"6606";"13";"";
"606";"1707";"1";"";
"606";"1708";"2";"";
"606";"3140";"3";"";
"606";"3141";"4";"1";
"607";"1711";"1";"";
"607";"1712";"2";"";
"607";"3011";"3";"";
"607";"3127";"4";"1";
"608";"1713";"1";"1";
"608";"2882";"2";"";
"608";"2883";"3";"";
"608";"4462";"4";"";
"608";"6593";"5";"";
"608";"6595";"6";"";
"608";"6596";"7";"";
"608";"6597";"8";"";
"610";"5441";"1";"";
"610";"6657";"2";"";
"610";"6658";"3";"";
"610";"6659";"4";"1";
"610";"6660";"5";"";
"610";"6661";"6";"";
"610";"6662";"7";"";
"610";"6663";"8";"";
"610";"6664";"9";"";
"610";"6665";"10";"";
"610";"6666";"11";"";
"610";"10826";"12";"";
"610";"19431";"13";"";
"612";"1732";"1";"";
"612";"1733";"2";"1";
"613";"1737";"1";"1";
"613";"1739";"2";"";
"613";"1738";"3";"";
"614";"10555";"1";"";
"614";"11301";"2";"";
"614";"11491";"3";"1";
"614";"13066";"4";"";
"614";"13067";"5";"";
"614";"13068";"6";"";
"614";"13069";"7";"";
"614";"13071";"8";"";
"615";"3661";"1";"1";
"615";"1789";"2";"";
"615";"1742";"3";"";
"615";"1743";"4";"";
"615";"1744";"5";"";
"616";"3792";"1";"1";
"617";"3535";"1";"";
"617";"2887";"2";"";
"617";"4457";"3";"";
"617";"12818";"4";"";
"617";"12942";"5";"";
"617";"12964";"6";"";
"617";"12965";"7";"1";
"617";"14376";"8";"";
"617";"14377";"9";"";
"617";"14378";"10";"";
"617";"14379";"11";"";
"618";"6078";"1";"1";
"618";"6079";"2";"";
"618";"3145";"3";"";
"618";"4731";"4";"";
"618";"6082";"5";"";
"618";"9188";"6";"";
"619";"1765";"1";"1";
"620";"1777";"1";"";
"620";"1778";"2";"";
"620";"1788";"3";"";
"620";"2614";"4";"";
"620";"2615";"5";"1";
"622";"2435";"1";"1";
"622";"1784";"2";"";
"622";"2570";"3";"";
"622";"2571";"4";"";
"623";"1793";"1";"";
"623";"2421";"2";"";
"623";"2422";"3";"";
"623";"2423";"4";"";
"623";"2830";"5";"1";
"623";"2832";"6";"";
"623";"3304";"7";"";
"629";"4788";"1";"";
"629";"1808";"2";"";
"629";"5316";"3";"";
"629";"5317";"4";"";
"629";"5318";"5";"";
"629";"8658";"6";"";
"629";"8659";"7";"";
"629";"8660";"8";"";
"629";"8661";"9";"";
"629";"8662";"10";"";
"629";"8663";"11";"";
"629";"9077";"12";"";
"629";"9078";"13";"";
"629";"13003";"14";"";
"629";"13004";"15";"";
"629";"13005";"16";"1";
"629";"14544";"17";"";
"630";"6446";"1";"1";
"630";"6456";"2";"";
"630";"6457";"3";"";
"630";"6458";"4";"";
"630";"6459";"5";"";
"630";"1816";"6";"";
"630";"6445";"7";"";
"630";"1815";"8";"";
"630";"4763";"9";"";
"630";"10550";"10";"";
"631";"4783";"1";"";
"631";"3664";"2";"";
"631";"3082";"3";"";
"631";"5522";"4";"";
"631";"9426";"5";"";
"631";"9427";"6";"";
"631";"9428";"7";"";
"631";"14473";"8";"1";
"631";"14493";"9";"";
"632";"5837";"1";"";
"632";"6169";"2";"";
"632";"6172";"3";"";
"632";"6175";"4";"";
"632";"6179";"5";"";
"632";"9049";"6";"";
"632";"9386";"7";"";
"632";"9387";"8";"1";
"632";"9388";"9";"";
"632";"17106";"10";"";
"632";"17107";"11";"";
"632";"17108";"12";"";
"632";"17110";"13";"";
"635";"1837";"1";"";
"635";"4447";"2";"";
"635";"10846";"3";"1";
"639";"5749";"1";"";
"639";"5109";"2";"";
"639";"10571";"3";"";
"639";"5646";"4";"1";
"639";"16481";"5";"";
"639";"16482";"6";"";
"639";"16483";"7";"";
"639";"16484";"8";"";
"639";"16485";"9";"";
"639";"16486";"10";"";
"639";"16487";"11";"";
"640";"3586";"1";"";
"640";"2252";"2";"";
"640";"2018";"3";"";
"640";"2253";"4";"";
"640";"1845";"5";"";
"640";"1846";"6";"1";
"640";"5111";"7";"";
"640";"5496";"8";"";
"640";"5643";"9";"";
"640";"5644";"10";"";
"640";"5645";"11";"";
"640";"6803";"12";"";
"640";"12784";"13";"";
"641";"3627";"1";"";
"641";"1850";"2";"1";
"641";"2804";"3";"";
"641";"1851";"4";"";
"641";"5112";"5";"";
"641";"6801";"6";"";
"642";"4730";"1";"";
"642";"5593";"2";"";
"642";"5594";"3";"";
"642";"9458";"4";"";
"642";"9459";"5";"";
"642";"9460";"6";"";
"642";"9461";"7";"";
"642";"9462";"8";"";
"642";"15838";"9";"1";
"643";"8351";"1";"";
"643";"1898";"2";"";
"643";"1869";"3";"";
"643";"1899";"4";"";
"643";"5729";"5";"";
"643";"8313";"6";"";
"643";"8314";"7";"1";
"643";"8315";"8";"";
"643";"8316";"9";"";
"643";"8317";"10";"";
"643";"8318";"11";"";
"643";"8319";"12";"";
"643";"8320";"13";"";
"643";"8321";"14";"";
"643";"8322";"15";"";
"643";"8323";"16";"";
"643";"8324";"17";"";
"643";"14554";"18";"";
"644";"1870";"1";"";
"644";"1871";"2";"";
"644";"1872";"3";"1";
"645";"2428";"1";"";
"645";"8305";"2";"";
"645";"8306";"3";"";
"645";"8307";"4";"1";
"645";"8308";"5";"";
"645";"8309";"6";"";
"645";"8310";"7";"";
"645";"8311";"8";"";
"645";"8312";"9";"";
"645";"8352";"10";"";
"645";"8353";"11";"";
"645";"8354";"12";"";
"645";"9240";"13";"";
"645";"9241";"14";"";
"645";"9242";"15";"";
"646";"1888";"1";"";
"646";"1889";"2";"1";
"646";"14470";"3";"";
"646";"14496";"4";"";
"646";"14497";"5";"";
"647";"1890";"1";"1";
"647";"3506";"2";"";
"647";"5002";"3";"";
"647";"5003";"4";"";
"647";"6790";"5";"";
"647";"6791";"6";"";
"647";"6792";"7";"";
"647";"6846";"8";"";
"648";"5728";"1";"";
"648";"5727";"2";"";
"648";"2427";"3";"";
"648";"3544";"4";"";
"648";"11351";"5";"1";
"648";"11352";"6";"";
"648";"14409";"7";"";
"649";"2708";"1";"";
"649";"2709";"2";"";
"649";"1895";"3";"1";
"649";"1896";"4";"";
"650";"3496";"1";"";
"650";"3497";"2";"";
"650";"5730";"3";"";
"650";"5731";"4";"";
"650";"5732";"5";"";
"650";"5733";"6";"";
"650";"5734";"7";"";
"650";"10306";"8";"1";
"650";"10380";"9";"";
"650";"11433";"10";"";
"650";"11434";"11";"";
"651";"1909";"1";"";
"651";"1910";"2";"";
"651";"1911";"3";"";
"651";"1912";"4";"";
"651";"9050";"5";"";
"651";"9051";"6";"1";
"651";"9052";"7";"";
"651";"18778";"8";"";
"652";"1913";"1";"1";
"653";"1914";"1";"1";
"653";"1915";"2";"";
"655";"1917";"1";"";
"655";"3128";"2";"";
"655";"12926";"3";"";
"655";"12927";"4";"";
"655";"12981";"5";"1";
"655";"12982";"6";"";
"655";"12983";"7";"";
"655";"12984";"8";"";
"656";"1918";"1";"";
"656";"3307";"2";"";
"656";"8200";"3";"";
"656";"8556";"4";"";
"656";"8558";"5";"1";
"656";"8559";"6";"";
"656";"8560";"7";"";
"656";"8561";"8";"";
"658";"1921";"1";"";
"658";"14371";"2";"";
"658";"14401";"3";"1";
"659";"3037";"1";"";
"659";"1922";"2";"";
"659";"4476";"3";"";
"659";"4477";"4";"1";
"660";"2433";"1";"";
"660";"3114";"2";"";
"660";"5134";"3";"";
"660";"5135";"4";"";
"660";"5136";"5";"";
"660";"5395";"6";"";
"660";"8847";"7";"";
"660";"8848";"8";"";
"660";"8849";"9";"";
"660";"11735";"10";"";
"660";"12820";"11";"1";
"661";"5672";"1";"";
"661";"5675";"2";"";
"661";"5671";"3";"1";
"661";"5674";"4";"";
"661";"5404";"5";"";
"661";"3624";"6";"";
"661";"5171";"7";"";
"661";"4779";"8";"";
"661";"5673";"9";"";
"661";"3765";"10";"";
"661";"4550";"11";"";
"661";"11254";"12";"";
"662";"2896";"1";"";
"662";"4732";"2";"";
"662";"5063";"3";"";
"662";"5169";"4";"";
"662";"5433";"5";"";
"662";"5434";"6";"";
"662";"8822";"7";"";
"662";"8823";"8";"";
"662";"8824";"9";"";
"662";"8825";"10";"";
"662";"8826";"11";"";
"662";"8894";"12";"1";
"662";"8895";"13";"";
"662";"8896";"14";"";
"662";"8897";"15";"";
"662";"8898";"16";"";
"662";"10501";"17";"";
"662";"11253";"18";"";
"662";"13984";"19";"";
"662";"14488";"20";"";
"665";"7192";"1";"1";
"665";"17453";"2";"";
"665";"17454";"3";"";
"665";"17455";"4";"";
"665";"17456";"5";"";
"665";"17457";"6";"";
"665";"17458";"7";"";
"665";"17459";"8";"";
"668";"4079";"1";"";
"668";"1937";"2";"";
"668";"11031";"3";"";
"668";"11032";"4";"";
"668";"11033";"5";"";
"668";"11034";"6";"";
"668";"11035";"7";"1";
"668";"11036";"8";"";
"668";"11039";"9";"";
"668";"11040";"10";"";
"668";"11041";"11";"";
"668";"13127";"12";"";
"668";"13128";"13";"";
"672";"2412";"1";"";
"672";"2413";"2";"";
"672";"4306";"3";"";
"672";"4307";"4";"";
"672";"4678";"5";"";
"672";"4895";"6";"";
"672";"4927";"7";"";
"672";"4928";"8";"";
"672";"4929";"9";"";
"672";"4930";"10";"";
"672";"4931";"11";"";
"672";"4932";"12";"";
"672";"5010";"13";"";
"672";"5011";"14";"";
"672";"5162";"15";"";
"672";"5481";"16";"";
"672";"5517";"17";"";
"672";"5519";"18";"";
"672";"5697";"19";"";
"672";"5698";"20";"";
"672";"8623";"21";"";
"672";"8633";"22";"";
"672";"8634";"23";"";
"672";"8635";"24";"";
"672";"8928";"25";"";
"672";"5014";"26";"";
"672";"8930";"27";"";
"672";"8929";"28";"";
"672";"5532";"29";"";
"672";"5013";"30";"";
"672";"10488";"31";"";
"672";"10498";"32";"";
"672";"12925";"33";"";
"672";"14543";"34";"1";
"672";"14547";"35";"";
"672";"14548";"36";"";
"672";"14549";"37";"";
"673";"3265";"1";"";
"673";"3266";"2";"";
"673";"4450";"3";"";
"673";"4451";"4";"";
"673";"4452";"5";"";
"673";"4902";"6";"";
"673";"4936";"7";"";
"673";"5038";"8";"";
"673";"5039";"9";"";
"673";"5054";"10";"";
"673";"3547";"11";"";
"673";"5055";"12";"";
"673";"5068";"13";"";
"673";"5078";"14";"";
"673";"5130";"15";"";
"673";"5285";"16";"";
"673";"5287";"17";"";
"673";"5288";"18";"";
"673";"5470";"19";"";
"673";"5471";"20";"";
"673";"5472";"21";"";
"673";"5636";"22";"";
"673";"5721";"23";"";
"673";"4597";"24";"";
"673";"7109";"25";"";
"673";"7110";"26";"";
"673";"7111";"27";"";
"673";"7112";"28";"";
"673";"7113";"29";"";
"673";"7114";"30";"";
"673";"7115";"31";"";
"673";"7116";"32";"";
"673";"7117";"33";"";
"673";"7118";"34";"";
"673";"7119";"35";"";
"673";"7120";"36";"";
"673";"7121";"37";"";
"673";"7122";"38";"";
"673";"7578";"39";"";
"673";"7579";"40";"";
"673";"7580";"41";"";
"673";"7581";"42";"";
"673";"7582";"43";"1";
"673";"7583";"44";"";
"673";"7584";"45";"";
"673";"8198";"46";"";
"673";"8202";"47";"";
"673";"9076";"48";"";
"673";"9233";"49";"";
"673";"9234";"50";"";
"673";"9235";"51";"";
"673";"11604";"52";"";
"673";"11605";"53";"";
"673";"11606";"54";"";
"673";"14866";"55";"";
"675";"1948";"1";"";
"675";"9205";"2";"";
"675";"9206";"3";"";
"675";"9207";"4";"";
"675";"9208";"5";"";
"675";"9209";"6";"";
"675";"18982";"7";"1";
"676";"1952";"1";"";
"676";"3138";"2";"1";
"676";"3139";"3";"";
"679";"1964";"1";"";
"679";"2616";"2";"1";
"680";"1965";"1";"";
"680";"11775";"2";"1";
"680";"11776";"3";"";
"680";"11777";"4";"";
"680";"11778";"5";"";
"680";"11779";"6";"";
"680";"11780";"7";"";
"680";"11781";"8";"";
"680";"11782";"9";"";
"680";"12914";"10";"";
"681";"3026";"1";"";
"681";"1969";"2";"";
"681";"3025";"3";"";
"681";"11786";"4";"";
"681";"11787";"5";"";
"681";"11788";"6";"";
"681";"11789";"7";"1";
"682";"3669";"1";"";
"682";"3668";"2";"";
"682";"8588";"3";"";
"682";"8590";"4";"";
"682";"8591";"5";"";
"682";"8592";"6";"";
"682";"8593";"7";"";
"682";"8594";"8";"";
"682";"11783";"9";"";
"682";"11784";"10";"";
"682";"11785";"11";"1";
"682";"12768";"12";"";
"682";"12919";"13";"";
"683";"1973";"1";"";
"683";"7832";"2";"";
"683";"9082";"3";"";
"683";"9431";"4";"1";
"683";"9432";"5";"";
"683";"9433";"6";"";
"683";"9434";"7";"";
"683";"9962";"8";"";
"683";"9963";"9";"";
"686";"4174";"1";"1";
"686";"4175";"2";"";
"688";"1985";"1";"1";
"688";"1986";"2";"";
"689";"1987";"1";"";
"689";"1988";"2";"";
"689";"1989";"3";"1";
"689";"11596";"4";"";
"689";"17151";"5";"";
"689";"17152";"6";"";
"689";"17153";"7";"";
"689";"17154";"8";"";
"689";"17155";"9";"";
"690";"1990";"1";"";
"690";"1991";"2";"";
"690";"3302";"3";"";
"690";"5121";"4";"";
"690";"5122";"5";"";
"690";"5839";"6";"";
"690";"8614";"7";"";
"690";"8615";"8";"";
"690";"8616";"9";"";
"690";"8621";"10";"";
"690";"10099";"11";"";
"690";"10100";"12";"";
"690";"10101";"13";"";
"690";"10102";"14";"";
"690";"10103";"15";"";
"690";"14452";"16";"";
"690";"14453";"17";"1";
"691";"3448";"1";"";
"691";"3449";"2";"";
"691";"4216";"3";"";
"691";"4217";"4";"1";
"692";"4782";"1";"1";
"692";"1994";"2";"";
"692";"3718";"3";"";
"692";"4441";"4";"";
"692";"4442";"5";"";
"693";"10350";"1";"";
"693";"10351";"2";"";
"693";"10352";"3";"";
"693";"10353";"4";"";
"693";"10354";"5";"";
"693";"11312";"6";"";
"693";"11313";"7";"";
"693";"12824";"8";"1";
"694";"7303";"1";"";
"694";"3051";"2";"";
"694";"7308";"3";"";
"694";"7304";"4";"1";
"694";"7305";"5";"";
"694";"7306";"6";"";
"694";"7309";"7";"";
"694";"7310";"8";"";
"694";"5031";"9";"";
"694";"5101";"10";"";
"694";"4784";"11";"";
"694";"3050";"12";"";
"697";"2030";"1";"";
"697";"2031";"2";"";
"697";"2032";"3";"1";
"699";"2036";"1";"1";
"699";"2035";"2";"";
"704";"2065";"1";"";
"704";"11003";"2";"";
"704";"11004";"3";"";
"704";"11005";"4";"";
"704";"14469";"5";"";
"704";"16765";"6";"";
"704";"16766";"7";"1";
"704";"16767";"8";"";
"704";"16768";"9";"";
"704";"16769";"10";"";
"705";"2068";"1";"1";
"705";"2069";"2";"";
"705";"2070";"3";"";
"705";"2071";"4";"";
"705";"2072";"5";"";
"705";"5503";"6";"";
"706";"6188";"1";"";
"706";"6192";"2";"";
"706";"6193";"3";"";
"706";"6197";"4";"";
"706";"6203";"5";"";
"706";"8478";"6";"";
"706";"9259";"7";"";
"706";"8479";"8";"";
"706";"11429";"9";"";
"706";"13575";"10";"1";
"706";"13576";"11";"";
"707";"2093";"1";"";
"707";"2094";"2";"";
"707";"3115";"3";"";
"707";"19413";"4";"1";
"708";"2095";"1";"";
"708";"2152";"2";"";
"708";"3116";"3";"1";
"709";"5791";"1";"";
"709";"5792";"2";"";
"709";"5796";"3";"1";
"709";"5793";"4";"";
"709";"5794";"5";"";
"709";"5795";"6";"";
"709";"5300";"7";"";
"709";"2969";"8";"";
"709";"4557";"9";"";
"709";"2590";"10";"";
"709";"3714";"11";"";
"709";"3785";"12";"";
"709";"2966";"13";"";
"709";"5420";"14";"";
"709";"11806";"15";"";
"709";"11807";"16";"";
"710";"3039";"1";"";
"710";"3038";"2";"";
"710";"2622";"3";"";
"710";"4299";"4";"";
"710";"4310";"5";"";
"710";"4436";"6";"1";
"710";"4437";"7";"";
"710";"5165";"8";"";
"710";"6549";"9";"";
"710";"6550";"10";"";
"710";"7833";"11";"";
"710";"14743";"12";"";
"711";"2250";"1";"";
"711";"2249";"2";"";
"711";"9001";"3";"";
"711";"9002";"4";"";
"711";"9027";"5";"1";
"711";"9028";"6";"";
"711";"9029";"7";"";
"712";"15982";"1";"";
"712";"15983";"2";"";
"712";"2800";"3";"";
"712";"16603";"4";"";
"712";"16604";"5";"";
"712";"16605";"6";"1";
"712";"16606";"7";"";
"713";"6054";"1";"";
"713";"6056";"2";"";
"713";"6057";"3";"";
"713";"6058";"4";"";
"713";"6055";"5";"";
"713";"6050";"6";"";
"713";"6053";"7";"";
"713";"6051";"8";"";
"713";"5255";"9";"";
"713";"5827";"10";"";
"713";"7557";"11";"";
"713";"7558";"12";"";
"713";"7559";"13";"";
"713";"7560";"14";"";
"713";"8426";"15";"";
"713";"8427";"16";"1";
"713";"9036";"17";"";
"713";"9037";"18";"";
"713";"14750";"19";"";
"714";"3931";"1";"";
"714";"3932";"2";"";
"714";"2106";"3";"1";
"714";"8387";"4";"";
"714";"8388";"5";"";
"714";"8389";"6";"";
"714";"8390";"7";"";
"714";"9024";"8";"";
"715";"3061";"1";"";
"715";"3062";"2";"";
"715";"3063";"3";"1";
"716";"7314";"1";"1";
"716";"7315";"2";"";
"716";"7316";"3";"";
"716";"5840";"4";"";
"716";"5841";"5";"";
"717";"3747";"1";"";
"717";"4841";"2";"";
"717";"4842";"3";"";
"717";"4843";"4";"";
"717";"4844";"5";"";
"717";"4846";"6";"";
"717";"4848";"7";"";
"717";"4849";"8";"";
"717";"4850";"9";"";
"717";"4851";"10";"";
"717";"4852";"11";"";
"717";"4853";"12";"";
"717";"6352";"13";"";
"717";"6353";"14";"";
"717";"6354";"15";"";
"717";"6355";"16";"";
"717";"6356";"17";"";
"717";"6357";"18";"1";
"717";"6358";"19";"";
"717";"6359";"20";"";
"717";"6360";"21";"";
"717";"6361";"22";"";
"717";"6362";"23";"";
"719";"2116";"1";"";
"719";"4796";"2";"";
"719";"4797";"3";"1";
"719";"4798";"4";"";
"720";"2119";"1";"";
"720";"2118";"2";"";
"720";"2120";"3";"";
"720";"2117";"4";"";
"720";"11671";"5";"";
"720";"11672";"6";"";
"720";"11673";"7";"1";
"722";"2176";"1";"";
"722";"9953";"2";"1";
"722";"9954";"3";"";
"722";"9955";"4";"";
"722";"18911";"5";"";
"722";"18912";"6";"";
"722";"18913";"7";"";
"723";"2177";"1";"";
"723";"8380";"2";"";
"723";"8381";"3";"";
"723";"8382";"4";"";
"723";"9021";"5";"";
"723";"9022";"6";"";
"723";"13207";"7";"";
"723";"13208";"8";"";
"723";"14796";"9";"1";
"723";"14798";"10";"";
"723";"14799";"11";"";
"728";"2248";"1";"";
"728";"2205";"2";"";
"728";"2202";"3";"";
"728";"2203";"4";"";
"728";"2204";"5";"";
"728";"2206";"6";"";
"728";"15717";"7";"1";
"729";"2211";"1";"";
"729";"2212";"2";"";
"729";"2564";"3";"";
"729";"14900";"4";"";
"729";"2572";"5";"";
"729";"5085";"6";"";
"729";"5086";"7";"";
"729";"5780";"8";"";
"729";"6752";"9";"";
"729";"14491";"10";"1";
"729";"15678";"11";"";
"731";"2218";"1";"1";
"731";"2217";"2";"";
"731";"2219";"3";"";
"731";"2220";"4";"";
"732";"2221";"1";"1";
"732";"2222";"2";"";
"732";"2223";"3";"";
"732";"2224";"4";"";
"737";"2241";"1";"";
"737";"5616";"2";"";
"737";"6444";"3";"";
"737";"6708";"4";"";
"737";"6709";"5";"1";
"737";"6710";"6";"";
"737";"6711";"7";"";
"737";"6712";"8";"";
"737";"6713";"9";"";
"737";"6714";"10";"";
"737";"6715";"11";"";
"737";"6716";"12";"";
"737";"6717";"13";"";
"737";"6718";"14";"";
"737";"6809";"15";"";
"738";"2247";"1";"1";
"738";"2246";"2";"";
"739";"2317";"1";"1";
"739";"2318";"2";"";
"741";"4150";"1";"";
"741";"2264";"2";"";
"741";"4933";"3";"1";
"741";"4934";"4";"";
"742";"3517";"1";"1";
"742";"3518";"2";"";
"742";"2930";"3";"";
"742";"2929";"4";"";
"742";"2681";"5";"";
"743";"2269";"1";"1";
"746";"14043";"1";"";
"746";"14044";"2";"";
"746";"14045";"3";"";
"746";"14046";"4";"1";
"746";"14047";"5";"";
"748";"2278";"1";"1";
"748";"2279";"2";"";
"749";"2280";"1";"1";
"751";"2282";"1";"1";
"752";"8406";"1";"1";
"752";"8407";"2";"";
"752";"8409";"3";"";
"753";"18871";"1";"1";
"753";"18872";"2";"";
"756";"2923";"1";"1";
"756";"2924";"2";"";
"757";"2308";"1";"1";
"758";"2933";"1";"1";
"758";"2934";"2";"";
"758";"2459";"3";"";
"759";"2304";"1";"1";
"762";"2925";"1";"1";
"762";"2926";"2";"";
"763";"2928";"1";"1";
"763";"2927";"2";"";
"766";"2942";"1";"";
"766";"2941";"2";"";
"766";"2305";"3";"";
"766";"8508";"4";"";
"766";"8509";"5";"";
"766";"8510";"6";"1";
"766";"8511";"7";"";
"766";"8512";"8";"";
"766";"8513";"9";"";
"766";"8514";"10";"";
"766";"8515";"11";"";
"768";"4132";"1";"1";
"770";"4163";"1";"1";
"770";"4162";"2";"";
"770";"5524";"3";"";
"770";"5543";"4";"";
"771";"5544";"1";"1";
"772";"4663";"1";"1";
"773";"4164";"1";"1";
"774";"4167";"1";"";
"774";"4165";"3";"";
"774";"4166";"4";"";
"774";"4168";"4";"";
"774";"5542";"5";"";
"774";"5603";"6";"";
"774";"10627";"7";"1";
"774";"11649";"8";"";
"775";"16959";"1";"";
"775";"16960";"2";"1";
"776";"9900";"1";"";
"776";"9901";"2";"";
"776";"19440";"3";"1";
"777";"19375";"1";"";
"777";"19376";"2";"1";
"777";"19436";"3";"";
"778";"2302";"1";"1";
"778";"5066";"2";"";
"779";"11125";"1";"";
"779";"11126";"2";"";
"779";"11128";"3";"";
"779";"11127";"4";"";
"779";"11660";"5";"";
"779";"11661";"6";"";
"779";"13391";"7";"1";
"779";"15699";"8";"";
"780";"5607";"1";"";
"780";"6685";"2";"";
"780";"6686";"3";"1";
"780";"6687";"4";"";
"780";"6688";"5";"";
"780";"6689";"6";"";
"780";"6690";"7";"";
"780";"6691";"8";"";
"780";"6692";"9";"";
"780";"6693";"10";"";
"780";"6694";"11";"";
"780";"6696";"12";"";
"780";"6697";"13";"";
"780";"6698";"14";"";
"780";"18811";"15";"";
"782";"2907";"1";"";
"782";"2908";"2";"";
"782";"9371";"3";"";
"782";"9372";"4";"1";
"782";"9373";"5";"";
"782";"9374";"6";"";
"786";"2405";"1";"";
"786";"6007";"2";"";
"786";"6016";"3";"";
"786";"6008";"4";"";
"786";"6010";"5";"";
"786";"6009";"6";"";
"786";"2989";"7";"";
"786";"6011";"8";"";
"786";"3060";"9";"";
"786";"6013";"10";"";
"786";"6012";"11";"";
"786";"6014";"12";"";
"786";"5237";"13";"";
"786";"6017";"14";"";
"786";"5238";"15";"";
"786";"3085";"16";"";
"786";"6261";"17";"";
"786";"8995";"18";"";
"786";"9007";"19";"";
"786";"14149";"20";"1";
"786";"14150";"21";"";
"787";"10926";"1";"";
"787";"11618";"2";"1";
"787";"11619";"3";"";
"787";"11620";"4";"";
"787";"11621";"5";"";
"788";"9293";"1";"1";
"788";"9294";"2";"";
"788";"9295";"3";"";
"789";"5207";"1";"1";
"789";"2325";"2";"";
"789";"17446";"3";"";
"789";"17447";"4";"";
"789";"17448";"5";"";
"790";"3214";"1";"";
"790";"3205";"2";"";
"790";"5084";"3";"";
"790";"15758";"4";"1";
"791";"3634";"1";"";
"791";"5295";"2";"";
"791";"6618";"3";"";
"791";"6619";"4";"1";
"791";"5225";"5";"";
"791";"5226";"6";"";
"791";"6621";"7";"";
"791";"6625";"8";"";
"791";"5227";"9";"";
"791";"5294";"10";"";
"791";"2962";"11";"";
"791";"3100";"12";"";
"791";"2960";"13";"";
"791";"6622";"14";"";
"791";"6623";"15";"";
"791";"6624";"16";"";
"791";"6626";"17";"";
"791";"6627";"18";"";
"791";"6629";"19";"";
"791";"8424";"20";"";
"791";"8425";"21";"";
"792";"3653";"1";"1";
"792";"3096";"2";"";
"792";"4146";"3";"";
"792";"5298";"5";"";
"796";"4432";"1";"1";
"797";"3495";"1";"1";
"797";"2333";"2";"";
"797";"5168";"3";"";
"800";"8862";"1";"";
"800";"8863";"2";"";
"800";"8864";"3";"";
"800";"8865";"4";"1";
"804";"8602";"1";"1";
"804";"4300";"2";"";
"804";"8601";"3";"";
"804";"8603";"4";"";
"804";"8604";"5";"";
"804";"10191";"6";"";
"805";"5186";"1";"";
"805";"5187";"2";"";
"805";"5188";"3";"";
"805";"5189";"4";"";
"805";"11589";"5";"";
"805";"16956";"6";"1";
"805";"16957";"7";"";
"806";"11430";"1";"1";
"807";"14686";"1";"";
"807";"14688";"2";"";
"807";"2346";"3";"";
"807";"14687";"4";"";
"807";"16601";"5";"1";
"807";"16602";"6";"";
"812";"2353";"1";"1";
"812";"4935";"2";"";
"812";"14486";"3";"";
"813";"2354";"1";"1";
"814";"5391";"1";"";
"814";"5713";"2";"";
"814";"5719";"3";"";
"814";"5359";"4";"";
"814";"5716";"5";"";
"814";"5715";"6";"";
"814";"5714";"7";"";
"814";"5091";"8";"";
"814";"5718";"9";"";
"814";"9177";"10";"";
"814";"9178";"11";"";
"814";"12912";"12";"1";
"815";"2357";"1";"1";
"815";"2358";"2";"";
"816";"5032";"1";"";
"816";"5033";"2";"";
"816";"5034";"3";"";
"816";"11764";"4";"";
"816";"11765";"5";"";
"816";"11766";"6";"1";
"816";"11767";"7";"";
"816";"19478";"8";"";
"817";"5184";"1";"";
"817";"9166";"2";"";
"817";"9167";"3";"";
"817";"9168";"4";"";
"817";"9169";"5";"1";
"817";"9170";"6";"";
"817";"9171";"7";"";
"817";"9180";"8";"";
"817";"9264";"9";"";
"817";"10196";"10";"";
"817";"11197";"11";"";
"817";"11198";"12";"";
"818";"2362";"1";"";
"818";"2363";"2";"";
"818";"2364";"3";"";
"818";"5541";"4";"1";
"818";"10527";"5";"";
"820";"2696";"1";"";
"820";"4312";"2";"";
"820";"6822";"3";"";
"820";"12943";"4";"";
"820";"12966";"5";"";
"820";"12967";"6";"1";
"820";"12968";"7";"";
"820";"15711";"8";"";
"821";"3500";"1";"";
"821";"4710";"2";"";
"821";"4756";"3";"1";
"821";"4757";"4";"";
"821";"5089";"5";"";
"821";"5183";"6";"";
"821";"5358";"7";"";
"821";"5361";"8";"";
"821";"5368";"9";"";
"821";"5369";"10";"";
"821";"5403";"11";"";
"821";"10014";"12";"";
"821";"14857";"13";"";
"822";"2369";"1";"1";
"822";"2370";"2";"";
"824";"3755";"1";"";
"824";"2850";"2";"1";
"824";"3043";"3";"";
"824";"5384";"4";"";
"824";"5401";"5";"";
"824";"5402";"6";"";
"824";"5598";"7";"";
"824";"5642";"8";"";
"824";"10139";"9";"";
"824";"10192";"10";"";
"824";"10193";"11";"";
"824";"14858";"12";"";
"826";"3591";"1";"";
"826";"8625";"2";"";
"826";"8627";"3";"";
"826";"8695";"4";"";
"826";"8696";"5";"";
"826";"8698";"6";"";
"826";"8699";"7";"";
"826";"8700";"8";"";
"826";"8702";"9";"";
"826";"11255";"10";"";
"826";"11790";"11";"1";
"826";"11791";"12";"";
"826";"11792";"13";"";
"826";"11793";"14";"";
"826";"11794";"15";"";
"826";"12903";"16";"";
"827";"3044";"1";"1";
"827";"2378";"2";"";
"827";"5466";"3";"";
"828";"3045";"1";"";
"828";"14465";"2";"";
"828";"14466";"3";"";
"828";"14467";"4";"";
"828";"14468";"5";"1";
"828";"19803";"6";"";
"828";"19804";"7";"";
"828";"19805";"8";"";
"829";"3478";"1";"1";
"829";"3479";"2";"";
"829";"4461";"3";"";
"830";"3049";"1";"";
"830";"5092";"2";"";
"830";"14383";"3";"";
"830";"17014";"4";"";
"830";"17015";"5";"";
"830";"17016";"6";"1";
"830";"17017";"7";"";
"830";"17146";"8";"";
"830";"17147";"9";"";
"830";"17148";"10";"";
"830";"17149";"11";"";
"830";"17150";"12";"";
"832";"2977";"1";"";
"832";"5410";"2";"";
"832";"7815";"3";"";
"832";"7895";"4";"";
"832";"8428";"5";"";
"832";"8429";"6";"";
"832";"9020";"7";"";
"832";"14410";"8";"";
"832";"19463";"9";"";
"832";"19464";"10";"1";
"833";"3052";"1";"";
"833";"2995";"2";"";
"833";"2997";"3";"";
"833";"6224";"4";"";
"833";"6229";"5";"";
"833";"6232";"6";"";
"833";"6233";"7";"";
"833";"11625";"8";"";
"833";"11626";"9";"";
"833";"11627";"10";"";
"833";"11628";"11";"";
"833";"12621";"12";"1";
"833";"12622";"13";"";
"833";"12623";"14";"";
"834";"3710";"1";"";
"834";"8480";"2";"";
"834";"8481";"3";"";
"834";"8483";"4";"";
"834";"10809";"5";"";
"834";"10810";"6";"";
"834";"11300";"7";"";
"834";"19465";"8";"1";
"835";"3959";"1";"";
"835";"2692";"2";"";
"835";"4449";"3";"";
"835";"5755";"4";"1";
"835";"5756";"5";"";
"835";"5757";"6";"";
"835";"5758";"7";"";
"835";"5759";"8";"";
"835";"5760";"9";"";
"837";"3001";"1";"";
"837";"4347";"2";"";
"837";"5606";"3";"";
"837";"7323";"4";"";
"837";"7324";"5";"";
"837";"7325";"6";"";
"837";"7840";"7";"";
"837";"7842";"8";"";
"837";"7844";"9";"";
"837";"7846";"10";"";
"837";"8526";"11";"";
"837";"9598";"12";"";
"837";"9599";"13";"";
"837";"9601";"14";"";
"837";"9602";"15";"";
"837";"11635";"16";"";
"837";"13121";"17";"";
"837";"14800";"18";"";
"837";"17134";"19";"1";
"837";"17135";"20";"";
"837";"17136";"21";"";
"837";"17137";"22";"";
"837";"17139";"23";"";
"837";"17141";"24";"";
"837";"19468";"25";"";
"837";"19469";"26";"";
"838";"3593";"1";"";
"838";"3002";"2";"";
"838";"4392";"3";"";
"838";"4393";"4";"1";
"838";"5536";"5";"";
"838";"5537";"6";"";
"839";"3473";"1";"";
"839";"3474";"2";"";
"839";"4086";"3";"";
"839";"5567";"4";"";
"839";"5605";"5";"";
"839";"7819";"6";"1";
"839";"8490";"7";"";
"839";"8827";"8";"";
"839";"18815";"9";"";
"840";"3006";"1";"";
"840";"13191";"2";"";
"840";"17445";"3";"";
"840";"17444";"4";"";
"840";"17441";"5";"";
"840";"17443";"6";"";
"840";"17440";"7";"";
"840";"17442";"8";"1";
"841";"2402";"1";"1";
"845";"2436";"1";"";
"845";"2437";"2";"";
"845";"5376";"3";"";
"845";"5378";"4";"";
"845";"16948";"5";"1";
"846";"2439";"1";"";
"846";"2440";"2";"";
"846";"17492";"3";"1";
"846";"17493";"4";"";
"846";"17494";"5";"";
"848";"2443";"1";"1";
"848";"2444";"2";"";
"848";"7176";"3";"";
"848";"7177";"4";"";
"848";"7178";"5";"";
"857";"2457";"1";"1";
"857";"2458";"2";"";
"859";"2464";"1";"";
"859";"2463";"2";"";
"859";"2573";"3";"";
"859";"2770";"4";"1";
"860";"2466";"1";"1";
"860";"2467";"2";"";
"860";"2468";"3";"";
"860";"2469";"4";"";
"861";"2474";"1";"";
"861";"2470";"2";"";
"861";"2471";"3";"";
"861";"10605";"4";"";
"861";"10606";"5";"";
"861";"10607";"6";"1";
"861";"10609";"7";"";
"862";"2980";"1";"";
"862";"3776";"2";"";
"862";"16783";"3";"";
"862";"16784";"4";"";
"862";"16785";"5";"1";
"863";"2604";"1";"1";
"863";"2605";"2";"";
"863";"5411";"3";"";
"863";"5412";"4";"";
"863";"13386";"5";"";
"863";"13387";"6";"";
"865";"2805";"1";"";
"865";"2806";"2";"";
"865";"2807";"3";"";
"865";"2808";"4";"";
"865";"2809";"5";"";
"865";"2810";"6";"1";
"867";"2501";"1";"";
"867";"2765";"2";"";
"867";"11937";"3";"";
"867";"11938";"4";"";
"867";"11939";"5";"";
"867";"11940";"6";"";
"867";"14317";"7";"1";
"867";"14318";"8";"";
"874";"2538";"1";"1";
"874";"2539";"2";"";
"876";"2541";"1";"";
"876";"2540";"2";"1";
"876";"4423";"3";"";
"876";"4970";"4";"";
"876";"5828";"5";"";
"876";"5829";"6";"";
"878";"2549";"1";"";
"878";"2550";"2";"1";
"878";"2551";"3";"";
"879";"2558";"1";"1";
"879";"2557";"2";"";
"879";"2556";"3";"";
"879";"6843";"4";"";
"879";"6845";"5";"";
"880";"2559";"1";"";
"880";"2560";"2";"1";
"880";"2561";"3";"";
"880";"14886";"4";"";
"880";"16357";"5";"";
"881";"2562";"1";"1";
"881";"2563";"2";"";
"884";"2577";"1";"1";
"884";"2576";"2";"";
"884";"2574";"3";"";
"884";"2575";"4";"";
"889";"2607";"1";"1";
"889";"2608";"2";"";
"889";"2609";"3";"";
"889";"9404";"4";"";
"890";"2618";"1";"1";
"891";"2758";"1";"1";
"891";"2636";"2";"";
"893";"4096";"1";"";
"893";"7147";"2";"1";
"893";"7148";"3";"";
"893";"7149";"4";"";
"894";"2633";"1";"";
"894";"3057";"2";"";
"894";"14839";"3";"1";
"894";"14840";"4";"";
"895";"3763";"1";"";
"895";"2634";"2";"";
"895";"2635";"3";"";
"895";"5159";"4";"";
"895";"5160";"5";"";
"895";"5161";"6";"1";
"895";"14487";"7";"";
"896";"2643";"1";"1";
"899";"2649";"1";"";
"899";"2650";"2";"1";
"899";"12644";"3";"";
"900";"9902";"1";"";
"900";"9903";"2";"";
"900";"9904";"3";"";
"900";"2652";"4";"";
"900";"12645";"5";"";
"900";"12760";"6";"1";
"901";"2655";"1";"";
"901";"2653";"2";"";
"901";"2654";"3";"";
"901";"15797";"4";"1";
"902";"2656";"1";"";
"902";"2657";"2";"1";
"902";"15724";"3";"";
"907";"2671";"1";"1";
"907";"2673";"2";"";
"907";"2672";"3";"";
"908";"2674";"1";"1";
"908";"2676";"2";"";
"908";"2675";"3";"";
"909";"2678";"1";"1";
"909";"2679";"2";"";
"911";"2688";"1";"";
"911";"2686";"2";"";
"911";"2689";"3";"";
"911";"2690";"4";"1";
"912";"3866";"1";"";
"912";"3867";"2";"";
"912";"3863";"3";"1";
"912";"3862";"4";"";
"914";"2695";"1";"1";
"916";"2699";"1";"1";
"916";"2700";"2";"";
"916";"2701";"3";"";
"917";"2702";"1";"1";
"917";"2704";"2";"";
"917";"2703";"3";"";
"917";"9942";"4";"";
"920";"2716";"1";"";
"920";"2717";"2";"1";
"920";"2718";"3";"";
"922";"2722";"1";"";
"922";"2720";"2";"1";
"922";"2721";"3";"";
"925";"4031";"1";"";
"925";"2725";"2";"";
"925";"2724";"3";"";
"925";"4032";"4";"";
"925";"10254";"5";"";
"925";"10412";"6";"";
"925";"10552";"7";"1";
"926";"2726";"1";"";
"926";"2727";"2";"1";
"927";"2728";"1";"1";
"927";"2729";"2";"";
"928";"4030";"1";"";
"928";"2730";"2";"1";
"929";"4340";"1";"1";
"940";"2779";"1";"1";
"940";"2780";"2";"";
"940";"2782";"3";"";
"940";"2781";"4";"";
"941";"2787";"1";"";
"941";"2786";"2";"";
"941";"2784";"3";"";
"941";"2785";"4";"";
"941";"2783";"5";"1";
"942";"2793";"1";"";
"942";"2794";"2";"1";
"942";"2792";"3";"";
"944";"2795";"1";"1";
"944";"2796";"2";"";
"944";"2797";"3";"";
"944";"2798";"4";"";
"946";"2835";"1";"1";
"946";"2834";"2";"";
"947";"9757";"1";"";
"947";"9759";"2";"1";
"947";"9760";"3";"";
"947";"9776";"4";"";
"948";"2853";"1";"1";
"948";"2854";"2";"";
"951";"2899";"1";"";
"951";"2898";"2";"";
"951";"2897";"3";"";
"951";"5176";"4";"";
"951";"5177";"5";"1";
"952";"5175";"1";"";
"952";"5708";"2";"";
"952";"6638";"3";"";
"952";"6643";"4";"";
"952";"6644";"5";"";
"952";"6641";"6";"1";
"952";"3117";"7";"";
"952";"6642";"8";"";
"952";"4345";"9";"";
"952";"6636";"10";"";
"952";"6637";"11";"";
"952";"5174";"12";"";
"952";"6639";"13";"";
"952";"6640";"14";"";
"952";"13992";"15";"";
"952";"14492";"16";"";
"952";"18794";"17";"";
"953";"2916";"1";"1";
"953";"2917";"2";"";
"953";"7138";"3";"";
"953";"7139";"4";"";
"953";"7140";"5";"";
"953";"7141";"6";"";
"953";"7142";"7";"";
"953";"7143";"8";"";
"954";"2921";"1";"1";
"954";"2920";"2";"";
"954";"2922";"3";"";
"955";"2918";"1";"1";
"955";"2919";"2";"";
"956";"2932";"1";"1";
"956";"2931";"2";"";
"957";"13153";"1";"";
"957";"13154";"2";"";
"957";"13155";"3";"";
"957";"14884";"4";"1";
"958";"2948";"1";"1";
"961";"2953";"1";"1";
"962";"6656";"1";"1";
"962";"4120";"2";"";
"962";"6655";"3";"";
"962";"6651";"4";"";
"962";"6650";"5";"";
"962";"6652";"6";"";
"962";"6653";"7";"";
"962";"6654";"8";"";
"962";"4118";"9";"";
"962";"5423";"10";"";
"962";"5424";"11";"";
"962";"10515";"12";"";
"962";"10514";"13";"";
"962";"12989";"14";"";
"963";"3631";"1";"1";
"963";"5239";"2";"";
"963";"5240";"3";"";
"963";"5241";"4";"";
"963";"6869";"5";"";
"963";"6635";"6";"";
"963";"6864";"7";"";
"963";"6865";"8";"";
"963";"6866";"9";"";
"963";"6867";"10";"";
"963";"6868";"11";"";
"964";"2974";"1";"";
"964";"2975";"2";"";
"964";"5026";"3";"";
"964";"5985";"4";"";
"964";"5986";"5";"";
"964";"5987";"6";"";
"964";"5988";"7";"1";
"964";"5989";"8";"";
"964";"5990";"9";"";
"964";"7424";"10";"";
"964";"8430";"11";"";
"964";"12825";"12";"";
"966";"2985";"1";"1";
"966";"20189";"2";"";
"966";"20190";"3";"";
"967";"3008";"1";"";
"967";"4828";"2";"";
"967";"3007";"3";"1";
"967";"4338";"4";"";
"967";"4339";"5";"";
"967";"4789";"6";"";
"967";"4826";"7";"";
"967";"4827";"8";"";
"967";"4829";"9";"";
"967";"4830";"10";"";
"967";"4831";"11";"";
"967";"5102";"12";"";
"968";"2992";"1";"";
"968";"2993";"2";"";
"968";"2994";"3";"";
"968";"3072";"4";"";
"968";"5573";"5";"";
"968";"5574";"6";"";
"968";"5575";"7";"";
"968";"7311";"8";"1";
"968";"9348";"9";"";
"968";"9349";"10";"";
"968";"9350";"11";"";
"968";"9351";"12";"";
"969";"2998";"1";"1";
"969";"14856";"2";"";
"969";"14883";"3";"";
"970";"2999";"1";"";
"970";"3767";"2";"";
"970";"5867";"3";"";
"970";"5868";"4";"1";
"970";"5870";"5";"";
"970";"5871";"6";"";
"970";"11295";"7";"";
"971";"3005";"1";"";
"971";"3004";"2";"";
"971";"4834";"3";"";
"971";"4835";"4";"";
"971";"4836";"5";"";
"971";"4837";"6";"";
"971";"4838";"7";"1";
"971";"4955";"8";"";
"971";"5096";"9";"";
"971";"5097";"10";"";
"972";"3957";"1";"";
"972";"3958";"2";"";
"972";"3713";"3";"";
"972";"4555";"4";"1";
"972";"9214";"5";"";
"973";"5768";"1";"";
"973";"4790";"2";"";
"973";"4791";"3";"";
"973";"4792";"4";"";
"973";"5777";"5";"";
"973";"5979";"6";"";
"973";"5775";"7";"";
"973";"3725";"8";"";
"973";"5618";"9";"";
"973";"5516";"10";"";
"973";"5619";"11";"";
"973";"5685";"12";"";
"973";"3726";"13";"";
"973";"5776";"14";"";
"973";"5773";"15";"";
"973";"5772";"16";"1";
"973";"5771";"17";"";
"973";"5774";"18";"";
"973";"4820";"19";"";
"973";"5769";"20";"";
"973";"5770";"21";"";
"973";"5778";"22";"";
"973";"5981";"23";"";
"973";"5982";"24";"";
"973";"6811";"25";"";
"973";"11636";"26";"";
"973";"14859";"27";"";
"973";"17100";"28";"";
"973";"17101";"29";"";
"973";"17102";"30";"";
"973";"17104";"31";"";
"974";"3020";"1";"";
"974";"4363";"2";"";
"974";"4364";"3";"";
"974";"4382";"4";"1";
"975";"3067";"1";"1";
"975";"3068";"2";"";
"976";"3024";"1";"";
"976";"5041";"2";"";
"976";"5289";"3";"";
"976";"5446";"4";"";
"976";"5447";"5";"";
"976";"5448";"6";"";
"976";"7592";"7";"";
"976";"7593";"8";"";
"976";"7594";"9";"";
"976";"7595";"10";"1";
"976";"7602";"11";"";
"976";"7603";"12";"";
"976";"7604";"13";"";
"976";"7615";"14";"";
"976";"7764";"15";"";
"976";"8203";"16";"";
"976";"8776";"17";"";
"976";"14876";"18";"";
"977";"3031";"1";"";
"977";"3033";"2";"";
"977";"3029";"3";"1";
"977";"3030";"4";"";
"977";"3032";"5";"";
"977";"5284";"6";"";
"979";"3409";"1";"1";
"979";"5374";"2";"";
"979";"5375";"3";"";
"980";"3064";"1";"";
"980";"4471";"2";"";
"980";"4472";"3";"";
"980";"5533";"4";"";
"980";"8343";"5";"";
"980";"8346";"6";"";
"980";"8347";"7";"";
"980";"8348";"8";"";
"980";"8350";"9";"";
"980";"10124";"10";"";
"980";"10125";"11";"";
"980";"10126";"12";"";
"980";"11443";"13";"";
"980";"12821";"14";"1";
"981";"3702";"1";"";
"981";"3700";"2";"1";
"982";"5914";"1";"";
"982";"4998";"2";"";
"982";"4999";"3";"";
"982";"5000";"4";"";
"982";"5001";"5";"";
"982";"5915";"6";"";
"982";"5686";"7";"";
"982";"5913";"8";"";
"982";"4084";"9";"";
"982";"5916";"10";"";
"982";"5922";"11";"";
"982";"5923";"12";"";
"982";"7032";"13";"";
"982";"7033";"14";"";
"982";"7034";"15";"";
"982";"7035";"16";"";
"982";"7767";"17";"";
"982";"7768";"18";"";
"982";"8999";"19";"";
"982";"12640";"20";"";
"982";"14712";"21";"1";
"982";"14732";"22";"";
"984";"3151";"1";"";
"984";"3152";"2";"";
"984";"3153";"3";"";
"984";"3154";"4";"";
"984";"3155";"5";"";
"984";"3156";"6";"";
"984";"6893";"7";"";
"984";"6899";"8";"";
"984";"6894";"9";"1";
"984";"6897";"10";"";
"984";"6898";"11";"";
"984";"10226";"12";"";
"984";"10227";"13";"";
"984";"10407";"14";"";
"984";"10408";"15";"";
"984";"10409";"16";"";
"985";"3234";"1";"1";
"985";"17038";"2";"";
"987";"3164";"1";"";
"987";"3165";"2";"1";
"988";"8844";"1";"";
"988";"8845";"2";"";
"988";"8877";"3";"";
"988";"8981";"4";"";
"988";"14454";"5";"1";
"988";"14455";"6";"";
"988";"16607";"7";"";
"989";"3550";"1";"";
"989";"3549";"2";"1";
"990";"3174";"1";"1";
"990";"3173";"2";"";
"990";"3172";"3";"";
"990";"5170";"4";"";
"991";"5779";"1";"";
"991";"16868";"2";"1";
"991";"16869";"3";"";
"991";"16870";"4";"";
"991";"16871";"5";"";
"991";"16872";"6";"";
"992";"3178";"1";"";
"992";"3179";"2";"";
"992";"4945";"3";"";
"992";"4977";"4";"";
"992";"4978";"5";"";
"992";"4980";"6";"";
"992";"5046";"7";"";
"992";"9585";"8";"";
"992";"9586";"9";"";
"992";"9587";"10";"";
"992";"9588";"11";"";
"992";"9589";"12";"";
"992";"9590";"13";"";
"992";"11302";"14";"1";
"993";"3182";"1";"";
"993";"3183";"2";"";
"993";"3184";"3";"";
"993";"13167";"4";"";
"993";"13168";"5";"";
"993";"13169";"6";"1";
"993";"13170";"7";"";
"993";"17077";"8";"";
"994";"3532";"1";"";
"994";"3185";"2";"";
"994";"3756";"3";"";
"994";"3186";"4";"";
"994";"3188";"5";"";
"994";"4703";"6";"";
"994";"7181";"7";"";
"994";"13181";"8";"";
"994";"13182";"9";"";
"994";"13183";"10";"";
"994";"13184";"11";"1";
"995";"3227";"1";"1";
"995";"3226";"2";"";
"995";"3189";"3";"";
"995";"3190";"4";"";
"996";"3864";"1";"";
"996";"3865";"2";"";
"996";"3196";"3";"1";
"996";"3191";"4";"";
"996";"3193";"5";"";
"998";"3231";"1";"1";
"998";"3199";"2";"";
"998";"3200";"3";"";
"998";"3202";"4";"";
"999";"3209";"1";"1";
"999";"3206";"2";"";
"999";"3207";"3";"";
"999";"3208";"4";"";
"1000";"3210";"1";"";
"1000";"5213";"2";"1";
"1000";"5214";"3";"";
"1001";"3212";"1";"1";
"1001";"3213";"2";"";
"1001";"5417";"3";"";
"1002";"5090";"1";"";
"1002";"5397";"2";"1";
"1002";"10120";"3";"";
"1002";"10319";"4";"";
"1002";"12978";"5";"";
"1003";"3238";"1";"1";
"1003";"3240";"2";"";
"1003";"3239";"3";"";
"1003";"6823";"4";"";
"1003";"9181";"5";"";
"1004";"3243";"1";"";
"1004";"4707";"2";"";
"1004";"9172";"3";"";
"1004";"9173";"4";"";
"1004";"9175";"5";"";
"1004";"9176";"6";"";
"1004";"9467";"7";"";
"1004";"9468";"8";"";
"1004";"12974";"9";"";
"1004";"12975";"10";"1";
"1004";"12976";"11";"";
"1005";"3246";"1";"1";
"1005";"3245";"2";"";
"1005";"3244";"3";"";
"1005";"5385";"4";"";
"1005";"5599";"5";"";
"1005";"5690";"6";"";
"1005";"9215";"7";"";
"1005";"9216";"8";"";
"1005";"9217";"9";"";
"1005";"14508";"10";"";
"1005";"14509";"11";"";
"1007";"3251";"1";"";
"1007";"11487";"2";"1";
"1007";"11488";"3";"";
"1007";"11489";"4";"";
"1007";"11490";"5";"";
"1008";"3252";"1";"1";
"1009";"3636";"1";"1";
"1009";"3253";"2";"";
"1009";"3254";"3";"";
"1010";"3257";"1";"1";
"1010";"3255";"2";"";
"1011";"3258";"1";"";
"1011";"3259";"2";"";
"1011";"3260";"3";"";
"1011";"8850";"4";"";
"1011";"8851";"5";"";
"1011";"8852";"6";"1";
"1011";"8853";"7";"";
"1011";"8854";"8";"";
"1011";"8855";"9";"";
"1011";"8856";"10";"";
"1012";"3262";"1";"1";
"1012";"8631";"2";"";
"1012";"8632";"3";"";
"1013";"3264";"1";"";
"1013";"3263";"2";"1";
"1013";"4685";"3";"";
"1013";"5219";"4";"";
"1013";"5699";"5";"";
"1013";"5929";"6";"";
"1013";"5931";"7";"";
"1013";"5932";"8";"";
"1013";"5933";"9";"";
"1013";"5934";"10";"";
"1013";"5935";"11";"";
"1013";"5936";"12";"";
"1013";"5938";"13";"";
"1013";"9239";"14";"";
"1014";"3268";"1";"1";
"1014";"3270";"2";"";
"1014";"3269";"3";"";
"1014";"11582";"4";"";
"1015";"3271";"1";"";
"1015";"12804";"2";"1";
"1015";"12805";"3";"";
"1015";"12806";"4";"";
"1015";"12807";"5";"";
"1015";"13545";"6";"";
"1015";"13548";"7";"";
"1016";"3275";"1";"1";
"1016";"3273";"2";"";
"1016";"3274";"3";"";
"1016";"3276";"4";"";
"1017";"3277";"1";"";
"1017";"3428";"2";"";
"1017";"3280";"3";"1";
"1017";"3281";"4";"";
"1017";"14589";"5";"";
"1017";"16303";"6";"";
"1018";"3283";"1";"1";
"1018";"3284";"2";"";
"1018";"3299";"3";"";
"1018";"3300";"4";"";
"1018";"5725";"5";"";
"1018";"10558";"6";"";
"1018";"16350";"7";"";
"1019";"3286";"1";"1";
"1019";"3285";"2";"";
"1020";"3288";"1";"1";
"1020";"3290";"2";"";
"1020";"3289";"3";"";
"1020";"7616";"4";"";
"1020";"7619";"5";"";
"1020";"7621";"6";"";
"1020";"7622";"7";"";
"1020";"7623";"8";"";
"1020";"7624";"9";"";
"1020";"7626";"10";"";
"1020";"7627";"11";"";
"1020";"7628";"12";"";
"1020";"11600";"13";"";
"1020";"12933";"14";"";
"1020";"14735";"15";"";
"1020";"14736";"16";"";
"1021";"3292";"1";"1";
"1021";"3293";"2";"";
"1022";"7279";"1";"1";
"1022";"3295";"2";"";
"1022";"3294";"3";"";
"1022";"3296";"4";"";
"1022";"3297";"5";"";
"1022";"5048";"6";"";
"1022";"5115";"7";"";
"1022";"5512";"8";"";
"1022";"5694";"9";"";
"1022";"7278";"10";"";
"1022";"7280";"11";"";
"1022";"7287";"12";"";
"1022";"7288";"13";"";
"1022";"7281";"14";"";
"1022";"7289";"15";"";
"1022";"7282";"16";"";
"1022";"7283";"17";"";
"1022";"7284";"18";"";
"1022";"7285";"19";"";
"1022";"7290";"20";"";
"1022";"7291";"21";"";
"1022";"8247";"22";"";
"1022";"8248";"23";"";
"1022";"9231";"24";"";
"1022";"9232";"25";"";
"1022";"7286";"26";"";
"1022";"14874";"27";"";
"1023";"3308";"1";"";
"1023";"5019";"2";"";
"1023";"5392";"3";"";
"1023";"5394";"4";"";
"1023";"5540";"5";"";
"1023";"5704";"6";"";
"1023";"5705";"7";"";
"1023";"6875";"8";"";
"1023";"6876";"9";"";
"1023";"6877";"10";"";
"1023";"7011";"11";"";
"1023";"7012";"12";"";
"1023";"7013";"13";"";
"1023";"7014";"14";"";
"1023";"7015";"15";"";
"1023";"7016";"16";"";
"1023";"7017";"17";"";
"1023";"8817";"18";"1";
"1023";"8818";"19";"";
"1023";"8819";"20";"";
"1023";"8820";"21";"";
"1023";"8920";"22";"";
"1023";"10123";"23";"";
"1024";"7817";"1";"";
"1024";"11658";"2";"";
"1024";"11659";"3";"";
"1024";"13388";"4";"1";
"1024";"13389";"5";"";
"1024";"13390";"6";"";
"1024";"19450";"7";"";
"1025";"3316";"1";"";
"1025";"3317";"2";"";
"1025";"5106";"3";"";
"1025";"5107";"4";"";
"1025";"7888";"5";"1";
"1025";"7889";"6";"";
"1025";"7890";"7";"";
"1025";"7891";"8";"";
"1025";"7892";"9";"";
"1025";"7893";"10";"";
"1025";"7894";"11";"";
"1026";"3319";"1";"1";
"1026";"3318";"2";"";
"1027";"3320";"1";"1";
"1027";"3321";"2";"";
"1028";"3322";"1";"";
"1028";"3323";"2";"1";
"1028";"6794";"3";"";
"1028";"6795";"4";"";
"1029";"3325";"1";"1";
"1029";"3324";"2";"";
"1029";"3326";"3";"";
"1030";"3327";"1";"1";
"1030";"3328";"2";"";
"1031";"3329";"1";"1";
"1031";"3330";"2";"";
"1032";"3331";"1";"";
"1032";"6311";"2";"1";
"1032";"6312";"3";"";
"1032";"6313";"4";"";
"1032";"6314";"5";"";
"1032";"6315";"6";"";
"1032";"8832";"7";"";
"1034";"3335";"1";"1";
"1034";"3336";"2";"";
"1035";"13459";"1";"";
"1035";"13460";"2";"";
"1035";"13461";"3";"1";
"1035";"13462";"4";"";
"1035";"14083";"5";"";
"1036";"3337";"1";"";
"1036";"3338";"2";"";
"1036";"5429";"3";"";
"1036";"11960";"4";"1";
"1037";"3339";"1";"1";
"1037";"3340";"2";"";
"1040";"3347";"1";"1";
"1040";"3346";"2";"";
"1040";"16849";"3";"";
"1041";"3348";"1";"1";
"1042";"3349";"1";"1";
"1043";"3350";"1";"1";
"1044";"3351";"1";"1";
"1045";"3352";"1";"";
"1045";"3353";"2";"";
"1045";"18072";"3";"";
"1045";"18073";"4";"";
"1045";"18074";"5";"";
"1045";"18075";"6";"";
"1045";"18076";"7";"1";
"1045";"18077";"8";"";
"1046";"3356";"1";"";
"1046";"3355";"2";"";
"1046";"3354";"3";"";
"1046";"10433";"4";"";
"1046";"10387";"5";"";
"1046";"10436";"6";"";
"1046";"10467";"7";"";
"1046";"12941";"8";"";
"1046";"12988";"9";"";
"1046";"14620";"10";"";
"1046";"17037";"11";"1";
"1047";"3359";"1";"1";
"1047";"3358";"2";"";
"1048";"3362";"1";"1";
"1048";"3361";"2";"";
"1048";"3360";"3";"";
"1049";"3364";"1";"1";
"1049";"3363";"2";"";
"1052";"3367";"1";"1";
"1053";"3368";"1";"1";
"1054";"3370";"1";"1";
"1054";"3369";"2";"";
"1054";"3371";"3";"";
"1058";"3382";"1";"1";
"1058";"3380";"2";"";
"1058";"3381";"3";"";
"1059";"3383";"1";"1";
"1060";"3384";"1";"";
"1060";"14084";"2";"";
"1060";"14296";"3";"1";
"1060";"15707";"4";"";
"1061";"3431";"1";"1";
"1061";"5564";"2";"";
"1063";"15576";"1";"";
"1063";"15577";"2";"1";
"1063";"15578";"3";"";
"1064";"3521";"1";"";
"1064";"3388";"2";"";
"1064";"3387";"3";"";
"1064";"12708";"4";"";
"1064";"12709";"5";"";
"1064";"12710";"6";"1";
"1064";"12711";"7";"";
"1064";"12712";"8";"";
"1065";"3390";"1";"1";
"1065";"3389";"2";"";
"1067";"3434";"1";"";
"1067";"3433";"2";"";
"1067";"15688";"3";"";
"1067";"15689";"4";"1";
"1067";"15690";"5";"";
"1068";"5992";"1";"1";
"1068";"5993";"2";"";
"1068";"5994";"3";"";
"1068";"5995";"4";"";
"1068";"6001";"5";"";
"1068";"3402";"6";"";
"1068";"3401";"7";"";
"1068";"5996";"8";"";
"1068";"5997";"9";"";
"1068";"5998";"10";"";
"1068";"5999";"11";"";
"1068";"6000";"12";"";
"1068";"6002";"13";"";
"1068";"4290";"14";"";
"1068";"6003";"15";"";
"1068";"6004";"16";"";
"1068";"6838";"17";"";
"1068";"6839";"18";"";
"1068";"10024";"19";"";
"1068";"10025";"20";"";
"1068";"10026";"21";"";
"1068";"10038";"22";"";
"1068";"11516";"23";"";
"1068";"11733";"24";"";
"1068";"14291";"25";"";
"1069";"14677";"1";"";
"1069";"14678";"2";"";
"1069";"15016";"3";"1";
"1069";"15017";"4";"";
"1069";"15018";"5";"";
"1069";"15743";"6";"";
"1069";"15744";"7";"";
"1069";"17486";"8";"";
"1069";"18791";"9";"";
"1069";"18792";"10";"";
"1071";"3430";"1";"";
"1071";"3403";"2";"";
"1071";"4302";"3";"";
"1071";"5181";"4";"";
"1071";"5182";"5";"1";
"1071";"7038";"6";"";
"1071";"7039";"7";"";
"1071";"12905";"8";"";
"1072";"5886";"1";"";
"1072";"5887";"2";"";
"1072";"5885";"3";"1";
"1072";"3407";"4";"";
"1072";"5890";"5";"";
"1072";"5047";"6";"";
"1072";"5888";"7";"";
"1072";"3408";"8";"";
"1072";"5504";"9";"";
"1072";"4680";"10";"";
"1072";"5889";"11";"";
"1072";"5891";"12";"";
"1072";"5892";"13";"";
"1072";"5893";"14";"";
"1072";"5894";"15";"";
"1072";"5895";"16";"";
"1072";"14869";"17";"";
"1073";"3412";"1";"";
"1073";"5116";"2";"";
"1073";"5657";"3";"";
"1073";"5658";"4";"";
"1073";"5659";"5";"";
"1073";"5660";"6";"";
"1073";"5661";"7";"";
"1073";"6804";"8";"";
"1073";"6805";"9";"";
"1073";"8636";"10";"";
"1073";"13009";"11";"";
"1073";"13010";"12";"1";
"1073";"13011";"13";"";
"1077";"3425";"1";"1";
"1078";"3432";"1";"1";
"1079";"4589";"1";"1";
"1079";"4590";"2";"";
"1080";"3446";"1";"";
"1080";"17060";"2";"1";
"1082";"3438";"1";"1";
"1082";"3437";"2";"";
"1083";"3435";"1";"1";
"1083";"3436";"2";"";
"1084";"11622";"1";"";
"1084";"14749";"2";"1";
"1085";"4662";"1";"1";
"1086";"3938";"1";"";
"1086";"5326";"2";"";
"1086";"7317";"3";"";
"1086";"7319";"4";"";
"1086";"7320";"5";"";
"1086";"7321";"6";"";
"1086";"7331";"7";"1";
"1086";"15564";"8";"";
"1086";"15565";"9";"";
"1086";"17138";"10";"";
"1086";"17140";"11";"";
"1087";"5230";"1";"";
"1087";"5534";"2";"";
"1087";"5535";"3";"";
"1087";"5552";"4";"";
"1087";"5553";"5";"";
"1087";"5554";"6";"";
"1087";"5555";"7";"";
"1087";"5612";"8";"";
"1087";"5613";"9";"";
"1087";"8574";"10";"";
"1087";"8575";"11";"";
"1087";"8576";"12";"";
"1087";"8577";"13";"";
"1087";"8997";"14";"";
"1087";"8998";"15";"";
"1087";"9000";"16";"";
"1087";"11568";"17";"1";
"1087";"14411";"18";"";
"1087";"16782";"19";"";
"1088";"3476";"1";"";
"1088";"3475";"2";"";
"1088";"5314";"3";"";
"1088";"5569";"4";"";
"1088";"5570";"5";"";
"1088";"5750";"6";"";
"1088";"5751";"7";"";
"1088";"5752";"8";"";
"1088";"5753";"9";"";
"1088";"5754";"10";"";
"1088";"3486";"11";"";
"1088";"9044";"12";"1";
"1089";"5308";"1";"1";
"1089";"5683";"2";"";
"1089";"14266";"3";"";
"1089";"14267";"4";"";
"1089";"17434";"5";"";
"1089";"17435";"6";"";
"1089";"17436";"7";"";
"1089";"17437";"8";"";
"1090";"3487";"1";"";
"1090";"3488";"2";"";
"1090";"19409";"3";"";
"1090";"19410";"4";"";
"1090";"19411";"5";"";
"1090";"19412";"6";"1";
"1091";"3489";"1";"";
"1091";"8502";"2";"";
"1091";"8503";"3";"";
"1091";"9030";"4";"1";
"1091";"9031";"5";"";
"1091";"9297";"6";"";
"1092";"3513";"1";"";
"1092";"3492";"2";"";
"1092";"3491";"3";"";
"1092";"14854";"4";"";
"1092";"16599";"5";"1";
"1092";"16600";"6";"";
"1093";"3493";"1";"";
"1093";"3494";"2";"";
"1093";"9032";"3";"";
"1093";"9033";"4";"1";
"1093";"9034";"5";"";
"1093";"11538";"6";"";
"1093";"14852";"7";"";
"1095";"3508";"1";"1";
"1095";"3509";"2";"";
"1095";"3510";"3";"";
"1096";"3528";"1";"";
"1096";"3529";"2";"";
"1096";"4369";"3";"1";
"1096";"5528";"4";"";
"1098";"3546";"1";"1";
"1098";"3936";"2";"";
"1098";"3545";"3";"";
"1098";"3540";"4";"";
"1098";"3541";"5";"";
"1099";"3558";"1";"1";
"1099";"3559";"2";"";
"1100";"3619";"1";"1";
"1100";"3618";"2";"";
"1100";"3617";"3";"";
"1101";"3561";"1";"";
"1101";"3560";"2";"1";
"1102";"3562";"1";"1";
"1103";"3573";"1";"1";
"1104";"3581";"1";"1";
"1104";"3582";"2";"";
"1104";"3583";"3";"";
"1104";"3580";"4";"";
"1105";"6931";"1";"";
"1105";"14571";"2";"";
"1105";"14613";"3";"";
"1105";"14615";"4";"1";
"1105";"14616";"5";"";
"1105";"14617";"6";"";
"1106";"14760";"1";"1";
"1106";"14762";"2";"";
"1106";"14763";"3";"";
"1106";"14764";"4";"";
"1106";"14765";"5";"";
"1106";"14766";"6";"";
"1106";"14767";"7";"";
"1107";"3605";"1";"";
"1107";"3606";"2";"";
"1107";"3604";"3";"1";
"1107";"11304";"4";"";
"1107";"11305";"5";"";
"1107";"11306";"6";"";
"1107";"11602";"7";"";
"1107";"14629";"8";"";
"1108";"3607";"1";"";
"1108";"3614";"2";"";
"1108";"3609";"3";"";
"1108";"3608";"4";"";
"1108";"5438";"5";"";
"1108";"6327";"6";"";
"1108";"6328";"7";"";
"1108";"6329";"8";"";
"1108";"6330";"9";"";
"1108";"6331";"10";"";
"1108";"6332";"11";"";
"1108";"6333";"12";"";
"1108";"6334";"13";"";
"1108";"6335";"14";"";
"1108";"6344";"15";"";
"1108";"6345";"16";"";
"1108";"6346";"17";"";
"1108";"6347";"18";"";
"1108";"6348";"19";"1";
"1108";"6349";"20";"";
"1108";"6350";"21";"";
"1108";"6351";"22";"";
"1108";"6815";"23";"";
"1108";"6848";"24";"";
"1108";"6849";"25";"";
"1108";"6850";"26";"";
"1108";"9093";"27";"";
"1108";"9094";"28";"";
"1108";"9095";"29";"";
"1108";"11310";"30";"";
"1108";"11311";"31";"";
"1108";"11603";"32";"";
"1109";"3611";"1";"";
"1109";"3612";"2";"";
"1109";"3610";"3";"";
"1109";"5138";"4";"";
"1109";"5440";"5";"";
"1109";"6320";"6";"";
"1109";"6321";"7";"";
"1109";"6322";"8";"";
"1109";"6323";"9";"";
"1109";"6324";"10";"";
"1109";"6325";"11";"";
"1109";"6326";"12";"1";
"1109";"6336";"13";"";
"1109";"6337";"14";"";
"1109";"6338";"15";"";
"1109";"6339";"16";"";
"1109";"6340";"17";"";
"1109";"6341";"18";"";
"1109";"6342";"19";"";
"1109";"6343";"20";"";
"1109";"6814";"21";"";
"1109";"6847";"22";"";
"1109";"9070";"23";"";
"1109";"9071";"24";"";
"1109";"9073";"25";"";
"1109";"9075";"26";"";
"1110";"3637";"1";"";
"1110";"3638";"2";"";
"1110";"5144";"3";"";
"1110";"5418";"4";"";
"1110";"5419";"5";"";
"1110";"5745";"6";"";
"1110";"5747";"7";"";
"1110";"5748";"8";"";
"1110";"9035";"9";"";
"1110";"11014";"10";"";
"1110";"11015";"11";"";
"1110";"11016";"12";"";
"1110";"11017";"13";"";
"1110";"11018";"14";"1";
"1110";"11019";"15";"";
"1110";"11020";"16";"";
"1111";"3643";"1";"1";
"1111";"3644";"2";"";
"1111";"3642";"3";"";
"1112";"3646";"1";"1";
"1112";"3647";"2";"";
"1112";"3645";"3";"";
"1112";"3648";"4";"";
"1113";"3649";"1";"";
"1113";"3650";"2";"";
"1113";"3652";"3";"";
"1113";"3651";"4";"";
"1113";"4458";"5";"";
"1113";"4459";"6";"1";
"1113";"4460";"7";"";
"1114";"3654";"1";"1";
"1114";"3657";"2";"";
"1114";"3655";"3";"";
"1114";"3656";"4";"";
"1115";"3681";"1";"1";
"1115";"3961";"2";"";
"1115";"5244";"3";"";
"1117";"3693";"1";"1";
"1117";"3695";"2";"";
"1117";"3692";"3";"";
"1117";"3694";"4";"";
"1118";"3717";"1";"";
"1118";"3696";"2";"1";
"1118";"3698";"3";"";
"1119";"6182";"1";"";
"1119";"3738";"2";"1";
"1119";"3736";"3";"";
"1119";"3729";"4";"";
"1120";"8606";"1";"";
"1120";"8610";"2";"";
"1120";"8607";"3";"";
"1120";"8611";"4";"";
"1120";"3731";"5";"";
"1120";"3730";"6";"";
"1120";"8612";"7";"1";
"1120";"8608";"8";"";
"1120";"4886";"9";"";
"1120";"9138";"10";"";
"1120";"9267";"11";"";
"1120";"9268";"12";"";
"1120";"9269";"13";"";
"1120";"9270";"14";"";
"1120";"9271";"15";"";
"1120";"9272";"16";"";
"1120";"9273";"17";"";
"1120";"9274";"18";"";
"1120";"9275";"19";"";
"1120";"9276";"20";"";
"1120";"10499";"21";"";
"1120";"10500";"22";"";
"1120";"14621";"23";"";
"1121";"3748";"1";"1";
"1121";"3749";"2";"";
"1121";"11587";"3";"";
"1121";"11588";"4";"";
"1122";"4785";"1";"";
"1122";"3750";"2";"";
"1122";"9389";"3";"";
"1122";"16921";"4";"";
"1122";"16922";"5";"1";
"1122";"16923";"6";"";
"1122";"16924";"7";"";
"1123";"3753";"1";"";
"1123";"3752";"2";"";
"1123";"6862";"3";"";
"1123";"8654";"4";"";
"1123";"8655";"5";"";
"1123";"8656";"6";"1";
"1123";"8657";"7";"";
"1124";"3768";"1";"1";
"1124";"3769";"2";"";
"1125";"3788";"1";"";
"1125";"3779";"2";"1";
"1125";"3789";"3";"";
"1125";"3780";"4";"";
"1125";"4762";"5";"";
"1125";"3787";"6";"";
"1125";"5172";"7";"";
"1125";"5173";"8";"";
"1125";"10517";"9";"";
"1126";"7273";"1";"";
"1126";"7271";"2";"";
"1126";"7272";"3";"";
"1126";"4740";"4";"";
"1126";"5281";"5";"1";
"1126";"5040";"6";"";
"1126";"5510";"7";"";
"1126";"5539";"8";"";
"1126";"7427";"9";"";
"1126";"7428";"10";"";
"1126";"7429";"11";"";
"1126";"7430";"12";"";
"1126";"8573";"13";"";
"1126";"10823";"14";"";
"1126";"16328";"15";"";
"1127";"3808";"1";"";
"1127";"4681";"2";"";
"1127";"4900";"3";"";
"1127";"5129";"4";"";
"1127";"5283";"5";"";
"1127";"5477";"6";"";
"1127";"7629";"7";"";
"1127";"7630";"8";"";
"1127";"7631";"9";"1";
"1127";"7632";"10";"";
"1127";"7633";"11";"";
"1127";"7634";"12";"";
"1127";"7635";"13";"";
"1127";"7636";"14";"";
"1127";"7637";"15";"";
"1127";"7638";"16";"";
"1127";"7639";"17";"";
"1127";"7640";"18";"";
"1127";"7641";"19";"";
"1127";"7642";"20";"";
"1127";"7645";"21";"";
"1127";"7646";"22";"";
"1127";"9083";"23";"";
"1127";"7643";"24";"";
"1127";"7644";"25";"";
"1128";"3811";"1";"";
"1128";"13892";"2";"";
"1128";"13893";"3";"";
"1128";"15693";"4";"1";
"1128";"15694";"5";"";
"1129";"11941";"1";"";
"1129";"11942";"2";"";
"1129";"11943";"3";"1";
"1129";"11944";"4";"";
"1129";"13895";"5";"";
"1129";"13896";"6";"";
"1129";"13897";"7";"";
"1129";"15755";"8";"";
"1129";"15756";"9";"";
"1130";"3813";"1";"1";
"1131";"3815";"1";"";
"1131";"3816";"2";"1";
"1131";"13898";"3";"";
"1131";"13899";"4";"";
"1132";"11932";"1";"";
"1132";"11933";"2";"";
"1132";"11934";"3";"";
"1132";"13901";"4";"";
"1132";"13902";"5";"";
"1132";"13903";"6";"";
"1132";"13904";"7";"";
"1132";"13905";"8";"1";
"1133";"3829";"1";"";
"1133";"10015";"2";"";
"1133";"10016";"3";"1";
"1133";"10017";"4";"";
"1133";"15805";"5";"";
"1133";"15806";"6";"";
"1134";"3832";"1";"";
"1134";"11930";"2";"";
"1134";"11931";"3";"";
"1134";"15807";"4";"";
"1134";"15808";"5";"1";
"1135";"3833";"1";"1";
"1136";"3834";"1";"";
"1136";"13906";"2";"";
"1136";"13907";"3";"";
"1136";"14166";"4";"";
"1136";"15773";"5";"";
"1136";"15774";"6";"1";
"1136";"15775";"7";"";
"1136";"15776";"8";"";
"1137";"13908";"1";"";
"1137";"13909";"2";"";
"1137";"13910";"3";"1";
"1137";"15702";"4";"";
"1138";"3825";"1";"1";
"1139";"11935";"1";"1";
"1139";"11936";"2";"";
"1140";"3839";"1";"";
"1140";"3838";"2";"1";
"1141";"3843";"1";"1";
"1141";"3840";"3";"";
"1141";"3841";"4";"";
"1141";"3842";"4";"";
"1142";"3844";"1";"1";
"1142";"3845";"2";"";
"1143";"3847";"1";"1";
"1143";"3846";"2";"";
"1144";"3848";"1";"1";
"1145";"3849";"1";"1";
"1145";"3850";"2";"";
"1146";"3851";"1";"1";
"1146";"3852";"2";"";
"1146";"3853";"3";"";
"1147";"3917";"1";"";
"1147";"3854";"3";"";
"1147";"3855";"4";"";
"1147";"3916";"4";"";
"1147";"13402";"5";"";
"1147";"13403";"6";"";
"1147";"13404";"7";"";
"1147";"13405";"8";"1";
"1148";"12681";"1";"1";
"1148";"12682";"2";"";
"1148";"13445";"3";"";
"1148";"13446";"4";"";
"1148";"13447";"5";"";
"1148";"15748";"6";"";
"1149";"3858";"1";"";
"1149";"3857";"2";"";
"1149";"13996";"3";"";
"1149";"14011";"4";"";
"1149";"14012";"5";"";
"1149";"14013";"6";"1";
"1149";"15713";"7";"";
"1150";"3860";"1";"";
"1150";"3861";"2";"";
"1150";"14005";"3";"";
"1150";"14006";"4";"";
"1150";"14007";"5";"1";
"1150";"14008";"6";"";
"1150";"14076";"7";"";
"1151";"19506";"1";"1";
"1151";"3869";"2";"";
"1152";"4140";"1";"1";
"1153";"3868";"1";"1";
"1154";"3870";"1";"1";
"1155";"3877";"1";"1";
"1156";"3875";"1";"1";
"1156";"3876";"2";"";
"1157";"3878";"1";"";
"1157";"3879";"2";"";
"1157";"19049";"3";"1";
"1158";"3881";"1";"";
"1158";"3880";"2";"";
"1158";"13578";"3";"";
"1158";"13990";"4";"";
"1158";"15803";"5";"";
"1158";"15804";"6";"";
"1158";"19032";"7";"1";
"1159";"3882";"1";"1";
"1160";"3884";"1";"1";
"1160";"3883";"2";"";
"1160";"3885";"3";"";
"1161";"3887";"1";"1";
"1161";"3886";"2";"";
"1162";"3888";"1";"1";
"1163";"3889";"1";"1";
"1164";"3890";"1";"1";
"1165";"3894";"1";"";
"1165";"3893";"2";"";
"1165";"14066";"3";"";
"1165";"14085";"4";"1";
"1166";"3895";"1";"1";
"1167";"3897";"1";"1";
"1167";"3896";"2";"";
"1167";"10856";"3";"";
"1167";"17400";"4";"";
"1167";"17401";"5";"";
"1168";"3898";"1";"1";
"1168";"3899";"2";"";
"1169";"3900";"1";"";
"1169";"20278";"2";"1";
"1169";"20279";"3";"";
"1170";"3901";"1";"1";
"1170";"3902";"2";"";
"1170";"3903";"3";"";
"1171";"13430";"1";"";
"1171";"13431";"2";"";
"1171";"13432";"3";"";
"1171";"13433";"4";"";
"1171";"13434";"5";"1";
"1171";"13435";"6";"";
"1171";"13436";"7";"";
"1172";"3907";"1";"";
"1172";"13427";"2";"";
"1172";"13428";"3";"";
"1172";"13429";"4";"";
"1172";"14077";"5";"";
"1172";"14078";"6";"1";
"1173";"3911";"1";"1";
"1173";"3909";"2";"";
"1173";"3910";"3";"";
"1174";"3912";"1";"1";
"1174";"3913";"2";"";
"1175";"3949";"1";"1";
"1176";"3939";"1";"";
"1176";"4285";"2";"1";
"1177";"3941";"1";"";
"1177";"3942";"2";"";
"1177";"8568";"3";"";
"1177";"8569";"4";"1";
"1177";"8570";"5";"";
"1177";"8571";"6";"";
"1177";"15841";"7";"";
"1178";"4185";"1";"";
"1178";"3943";"2";"";
"1178";"4186";"3";"";
"1178";"4187";"4";"";
"1178";"14623";"5";"";
"1178";"14624";"6";"1";
"1178";"15842";"7";"";
"1179";"3946";"1";"";
"1179";"3944";"2";"1";
"1179";"3945";"3";"";
"1179";"9463";"4";"";
"1180";"3948";"1";"1";
"1180";"3947";"2";"";
"1181";"3950";"1";"";
"1181";"9339";"2";"";
"1181";"9340";"3";"1";
"1181";"9341";"4";"";
"1182";"10390";"1";"";
"1182";"10391";"2";"";
"1182";"11252";"3";"";
"1182";"11314";"4";"";
"1182";"11475";"5";"";
"1182";"11476";"6";"";
"1182";"14538";"7";"1";
"1182";"21331";"8";"";
"1182";"21332";"9";"";
"1182";"21333";"10";"";
"1184";"4323";"1";"";
"1184";"10915";"2";"1";
"1184";"10916";"3";"";
"1185";"10912";"1";"";
"1185";"10913";"2";"1";
"1185";"10914";"3";"";
"1186";"10910";"1";"1";
"1186";"10911";"2";"";
"1186";"11662";"3";"";
"1186";"11663";"4";"";
"1188";"11393";"1";"";
"1188";"11394";"2";"";
"1188";"11395";"3";"";
"1188";"11520";"4";"";
"1188";"11521";"5";"";
"1188";"11522";"6";"";
"1188";"11523";"7";"";
"1188";"11525";"8";"";
"1188";"11526";"9";"";
"1188";"11527";"10";"";
"1188";"12762";"11";"";
"1188";"12763";"12";"";
"1188";"12778";"13";"";
"1188";"12779";"14";"";
"1188";"12780";"15";"";
"1188";"17076";"16";"1";
"1189";"4044";"1";"";
"1189";"4046";"2";"";
"1189";"11398";"3";"1";
"1189";"11399";"4";"";
"1189";"11400";"5";"";
"1189";"11401";"6";"";
"1190";"4660";"1";"";
"1190";"4661";"2";"1";
"1191";"5261";"1";"1";
"1192";"5271";"1";"1";
"1192";"5272";"2";"";
"1193";"10366";"1";"1";
"1193";"10367";"2";"";
"1193";"10365";"3";"";
"1194";"10298";"1";"";
"1194";"10299";"2";"1";
"1194";"10838";"3";"";
"1195";"4190";"1";"1";
"1195";"4191";"2";"";
"1195";"9456";"3";"";
"1195";"9457";"4";"";
"1196";"6753";"1";"";
"1196";"6754";"2";"";
"1196";"8834";"3";"";
"1196";"8835";"4";"";
"1196";"8836";"5";"";
"1196";"8837";"6";"";
"1196";"8838";"7";"1";
"1196";"8839";"8";"";
"1197";"4570";"1";"";
"1197";"4571";"2";"1";
"1198";"4194";"1";"";
"1198";"4195";"2";"";
"1198";"4196";"3";"";
"1198";"4197";"4";"";
"1198";"4198";"5";"";
"1198";"5291";"6";"";
"1198";"5292";"7";"";
"1198";"5293";"8";"";
"1198";"5357";"9";"1";
"1198";"5529";"10";"";
"1198";"5530";"11";"";
"1199";"4091";"1";"";
"1199";"4152";"2";"1";
"1199";"4153";"3";"";
"1199";"4154";"4";"";
"1199";"4155";"5";"";
"1200";"9581";"1";"1";
"1200";"9582";"2";"";
"1200";"9583";"3";"";
"1200";"9584";"4";"";
"1200";"14863";"5";"";
"1201";"11591";"1";"";
"1201";"11592";"2";"";
"1201";"11593";"3";"";
"1201";"11594";"4";"";
"1201";"11595";"5";"1";
"1201";"11590";"6";"";
"1201";"11611";"7";"";
"1201";"11612";"8";"";
"1201";"11613";"9";"";
"1201";"11614";"10";"";
"1201";"11615";"11";"";
"1201";"11616";"12";"";
"1202";"19340";"1";"1";
"1202";"8549";"2";"";
"1202";"8550";"3";"";
"1202";"8551";"4";"";
"1202";"8552";"5";"";
"1202";"8553";"6";"";
"1202";"8554";"7";"";
"1202";"8628";"8";"";
"1202";"8629";"9";"";
"1202";"10519";"10";"";
"1202";"10601";"11";"";
"1202";"11257";"12";"";
"1202";"11492";"13";"";
"1203";"3964";"1";"";
"1203";"3963";"2";"";
"1203";"8669";"3";"";
"1203";"8670";"4";"";
"1203";"8671";"5";"1";
"1203";"8672";"6";"";
"1203";"8673";"7";"";
"1203";"8674";"8";"";
"1203";"8714";"9";"";
"1203";"8715";"10";"";
"1203";"8716";"11";"";
"1203";"8717";"12";"";
"1203";"8718";"13";"";
"1203";"9263";"14";"";
"1204";"4003";"1";"";
"1204";"4002";"2";"1";
"1204";"4004";"4";"";
"1204";"4005";"4";"";
"1204";"8664";"5";"";
"1204";"8665";"6";"";
"1204";"8666";"7";"";
"1204";"8667";"8";"";
"1204";"8668";"9";"";
"1204";"8711";"10";"";
"1204";"8712";"11";"";
"1204";"10290";"12";"";
"1204";"10291";"13";"";
"1204";"10292";"14";"";
"1204";"10293";"15";"";
"1204";"10414";"16";"";
"1204";"11471";"17";"";
"1205";"10002";"1";"";
"1205";"10003";"2";"";
"1205";"10004";"3";"1";
"1205";"10005";"4";"";
"1205";"10006";"5";"";
"1205";"10007";"6";"";
"1206";"3998";"1";"1";
"1206";"3997";"2";"";
"1207";"4000";"1";"1";
"1207";"3999";"2";"";
"1207";"4001";"3";"";
"1208";"3996";"1";"1";
"1209";"3994";"1";"1";
"1209";"3993";"2";"";
"1209";"3992";"3";"";
"1209";"3995";"4";"";
"1210";"3988";"1";"1";
"1210";"3990";"2";"";
"1210";"3989";"3";"";
"1211";"3987";"1";"1";
"1211";"8675";"2";"";
"1211";"8676";"3";"";
"1211";"8677";"4";"";
"1212";"4071";"1";"1";
"1212";"4073";"2";"";
"1212";"4072";"3";"";
"1212";"5810";"4";"";
"1213";"4033";"1";"";
"1213";"4034";"2";"";
"1213";"7389";"3";"";
"1213";"7390";"4";"";
"1213";"7391";"5";"";
"1213";"7392";"6";"";
"1213";"7393";"7";"";
"1213";"7394";"8";"";
"1213";"7395";"9";"";
"1213";"7397";"10";"";
"1213";"7398";"11";"";
"1213";"7399";"12";"";
"1213";"7400";"13";"";
"1213";"7401";"14";"";
"1213";"7402";"15";"";
"1213";"7403";"16";"";
"1213";"7404";"17";"";
"1213";"7405";"18";"";
"1213";"7406";"19";"";
"1213";"7778";"20";"";
"1213";"7779";"21";"";
"1213";"8831";"22";"";
"1213";"10413";"23";"";
"1213";"14447";"24";"1";
"1214";"4667";"1";"";
"1214";"4668";"2";"";
"1214";"4669";"3";"";
"1214";"4741";"4";"";
"1214";"4888";"5";"";
"1214";"4889";"6";"";
"1214";"4890";"7";"";
"1214";"4893";"8";"";
"1214";"4894";"9";"";
"1214";"6926";"10";"1";
"1214";"9473";"11";"";
"1214";"9474";"12";"";
"1214";"9475";"13";"";
"1214";"9477";"14";"";
"1215";"4654";"1";"1";
"1215";"4655";"2";"";
"1215";"4656";"3";"";
"1216";"4573";"1";"1";
"1216";"4574";"2";"";
"1216";"4575";"3";"";
"1216";"4576";"4";"";
"1217";"4006";"1";"";
"1217";"4011";"2";"";
"1217";"4007";"3";"";
"1217";"4008";"4";"";
"1217";"4009";"5";"";
"1217";"13012";"6";"";
"1217";"13013";"7";"1";
"1217";"13014";"8";"";
"1217";"14742";"9";"";
"1217";"16440";"10";"";
"1218";"13523";"1";"";
"1218";"13524";"2";"";
"1218";"13935";"3";"";
"1218";"13936";"4";"";
"1218";"13937";"5";"";
"1218";"13938";"6";"";
"1218";"13939";"7";"1";
"1218";"13940";"8";"";
"1218";"13941";"9";"";
"1220";"4657";"1";"";
"1220";"4658";"2";"";
"1220";"4659";"3";"";
"1220";"5114";"4";"";
"1220";"5280";"5";"";
"1220";"6802";"6";"";
"1220";"6927";"7";"";
"1220";"12783";"8";"1";
"1220";"12934";"9";"";
"1221";"4100";"1";"";
"1221";"4115";"2";"";
"1221";"4117";"3";"";
"1221";"4098";"4";"";
"1221";"4111";"5";"";
"1221";"4112";"6";"";
"1221";"4114";"7";"";
"1221";"4116";"8";"";
"1221";"5538";"9";"";
"1221";"8743";"10";"";
"1221";"8744";"11";"";
"1221";"8745";"12";"";
"1221";"8747";"13";"";
"1221";"8748";"14";"";
"1221";"8749";"15";"";
"1221";"8750";"16";"";
"1221";"8751";"17";"";
"1221";"8768";"18";"1";
"1221";"8828";"19";"";
"1221";"11409";"20";"";
"1221";"11410";"21";"";
"1221";"11411";"22";"";
"1222";"4041";"1";"1";
"1222";"4042";"2";"";
"1222";"4043";"3";"";
"1224";"4151";"1";"";
"1224";"11564";"2";"";
"1224";"11565";"3";"";
"1224";"11566";"4";"1";
"1224";"11567";"5";"";
"1225";"6668";"1";"";
"1225";"6669";"2";"";
"1225";"6670";"3";"";
"1225";"6671";"4";"";
"1225";"6672";"5";"";
"1225";"6673";"6";"";
"1225";"6674";"7";"";
"1225";"6675";"8";"";
"1225";"6676";"9";"";
"1225";"11166";"10";"";
"1225";"13192";"11";"";
"1225";"13193";"12";"";
"1225";"16963";"13";"1";
"1226";"4094";"1";"1";
"1227";"4035";"2";"";
"1227";"4037";"2";"";
"1227";"4036";"3";"";
"1227";"4937";"4";"";
"1227";"4938";"5";"";
"1227";"19473";"6";"1";
"1228";"4038";"1";"1";
"1228";"4039";"2";"";
"1228";"4040";"3";"";
"1228";"4939";"4";"";
"1228";"4940";"5";"";
"1228";"4941";"6";"";
"1228";"8926";"7";"";
"1228";"9265";"8";"";
"1228";"9266";"9";"";
"1228";"10122";"10";"";
"1229";"4386";"1";"1";
"1229";"4387";"2";"";
"1231";"4719";"1";"1";
"1232";"4398";"1";"1";
"1232";"4399";"2";"";
"1233";"4104";"1";"";
"1233";"6830";"2";"";
"1233";"8578";"3";"1";
"1233";"8580";"4";"";
"1233";"8582";"5";"";
"1233";"8583";"6";"";
"1233";"9218";"7";"";
"1233";"8585";"8";"";
"1233";"10381";"9";"";
"1233";"11743";"10";"";
"1233";"11744";"11";"";
"1233";"12729";"12";"";
"1234";"4649";"1";"";
"1234";"4786";"2";"1";
"1236";"4102";"1";"1";
"1238";"4407";"1";"";
"1238";"4650";"2";"1";
"1239";"4720";"1";"1";
"1239";"4721";"2";"";
"1240";"4227";"1";"";
"1240";"4228";"2";"";
"1240";"4229";"3";"";
"1240";"4230";"4";"1";
"1241";"4411";"1";"";
"1241";"4412";"2";"";
"1241";"4424";"3";"1";
"1242";"4357";"1";"1";
"1242";"4356";"2";"";
"1242";"4733";"3";"";
"1242";"4734";"4";"";
"1242";"4896";"5";"";
"1242";"6852";"6";"";
"1242";"10852";"7";"";
"1243";"10669";"1";"";
"1243";"10671";"2";"";
"1243";"13541";"3";"";
"1243";"13543";"4";"";
"1243";"14423";"5";"1";
"1243";"14424";"6";"";
"1243";"14425";"7";"";
"1243";"14426";"8";"";
"1244";"10902";"1";"";
"1244";"10903";"2";"";
"1244";"10900";"3";"";
"1244";"10901";"4";"";
"1244";"10899";"5";"";
"1244";"13116";"6";"";
"1244";"13117";"7";"";
"1244";"13119";"8";"";
"1244";"13120";"9";"1";
"1245";"4414";"1";"";
"1245";"4415";"2";"1";
"1246";"4670";"1";"";
"1246";"4671";"2";"";
"1246";"4672";"3";"1";
"1246";"19131";"4";"";
"1247";"4183";"1";"1";
"1247";"4184";"2";"";
"1248";"4192";"1";"1";
"1248";"4182";"2";"";
"1248";"4180";"3";"";
"1248";"4181";"4";"";
"1249";"4581";"1";"";
"1249";"4582";"2";"";
"1249";"4583";"3";"";
"1249";"4584";"4";"";
"1249";"4585";"5";"1";
"1250";"4586";"1";"";
"1250";"4587";"2";"";
"1250";"4588";"3";"1";
"1251";"15907";"1";"1";
"1251";"15908";"2";"";
"1251";"10294";"3";"";
"1251";"10295";"4";"";
"1251";"10296";"5";"";
"1251";"10594";"6";"";
"1252";"3981";"1";"1";
"1252";"3982";"2";"";
"1252";"3983";"3";"";
"1253";"3986";"1";"1";
"1253";"3975";"2";"";
"1253";"3976";"3";"";
"1254";"3978";"1";"1";
"1254";"3979";"2";"";
"1254";"4446";"3";"";
"1254";"3980";"4";"";
"1255";"3977";"1";"";
"1255";"6878";"2";"";
"1255";"6879";"3";"";
"1255";"6880";"4";"";
"1255";"6881";"5";"";
"1255";"6882";"6";"1";
"1255";"10140";"7";"";
"1255";"10141";"8";"";
"1256";"3962";"1";"1";
"1260";"5571";"1";"1";
"1263";"3973";"1";"1";
"1263";"3974";"2";"";
"1263";"3972";"3";"";
"1264";"3970";"1";"1";
"1264";"3971";"2";"";
"1265";"3966";"1";"1";
"1265";"3967";"2";"";
"1265";"3965";"3";"";
"1266";"3968";"1";"1";
"1266";"3969";"2";"";
"1267";"8244";"1";"";
"1267";"10689";"2";"";
"1267";"10690";"3";"1";
"1267";"14556";"4";"";
"1271";"4237";"1";"1";
"1271";"4238";"2";"";
"1274";"4235";"1";"1";
"1274";"4236";"2";"";
"1280";"4134";"1";"1";
"1280";"4161";"2";"";
"1286";"17510";"1";"";
"1286";"17511";"2";"";
"1286";"17512";"3";"1";
"1286";"17513";"4";"";
"1286";"17514";"5";"";
"1286";"17515";"6";"";
"1288";"20045";"1";"1";
"1288";"20046";"2";"";
"1288";"20047";"3";"";
"1291";"4012";"1";"";
"1291";"4013";"2";"";
"1291";"5064";"3";"";
"1291";"5301";"4";"1";
"1291";"5302";"5";"";
"1291";"5303";"6";"";
"1292";"4020";"1";"1";
"1292";"4018";"2";"";
"1292";"4019";"3";"";
"1293";"4022";"1";"1";
"1293";"10590";"2";"";
"1293";"10589";"3";"";
"1294";"4023";"1";"1";
"1294";"10917";"2";"";
"1294";"10918";"3";"";
"1294";"10919";"4";"";
"1294";"10920";"5";"";
"1294";"11309";"6";"";
"1295";"4024";"1";"";
"1295";"4592";"2";"1";
"1295";"4593";"3";"";
"1295";"4742";"4";"";
"1295";"5140";"5";"";
"1295";"5141";"6";"";
"1295";"5142";"7";"";
"1295";"5143";"8";"";
"1295";"8793";"9";"";
"1295";"8794";"10";"";
"1295";"8795";"11";"";
"1295";"8796";"12";"";
"1295";"8797";"13";"";
"1295";"8798";"14";"";
"1295";"8799";"15";"";
"1295";"8800";"16";"";
"1295";"8801";"17";"";
"1295";"8802";"18";"";
"1295";"8927";"19";"";
"1295";"9160";"20";"";
"1295";"10039";"21";"";
"1295";"10040";"22";"";
"1295";"10041";"23";"";
"1295";"10042";"24";"";
"1295";"17158";"25";"";
"1295";"17159";"26";"";
"1295";"17160";"27";"";
"1295";"17161";"28";"";
"1296";"4027";"1";"";
"1296";"4025";"2";"1";
"1296";"4026";"3";"";
"1297";"6065";"1";"";
"1297";"6063";"2";"";
"1297";"5103";"3";"";
"1297";"5278";"4";"";
"1297";"5279";"5";"";
"1297";"6064";"6";"";
"1297";"4047";"7";"";
"1297";"6066";"8";"";
"1297";"7007";"9";"";
"1297";"7008";"10";"1";
"1297";"7009";"11";"";
"1297";"7010";"12";"";
"1297";"8724";"13";"";
"1297";"9184";"14";"";
"1297";"9185";"15";"";
"1297";"12939";"16";"";
"1298";"4048";"1";"";
"1298";"4049";"2";"";
"1298";"9451";"3";"";
"1298";"9452";"4";"1";
"1298";"9453";"5";"";
"1298";"9454";"6";"";
"1298";"9455";"7";"";
"1298";"14518";"8";"";
"1299";"4053";"1";"";
"1299";"4050";"2";"";
"1299";"4052";"3";"";
"1299";"4051";"4";"";
"1299";"4054";"5";"";
"1299";"7667";"6";"";
"1299";"7668";"7";"";
"1299";"7669";"8";"";
"1299";"7670";"9";"";
"1299";"7671";"10";"";
"1299";"7672";"11";"";
"1299";"7673";"12";"";
"1299";"7674";"13";"";
"1299";"7675";"14";"";
"1299";"7676";"15";"";
"1299";"7677";"16";"";
"1299";"7678";"17";"";
"1299";"7679";"18";"";
"1299";"7680";"19";"";
"1299";"7681";"20";"";
"1299";"7682";"21";"";
"1299";"7683";"22";"1";
"1299";"7684";"23";"";
"1299";"7685";"24";"";
"1299";"7686";"25";"";
"1299";"7687";"26";"";
"1299";"7688";"27";"";
"1299";"7689";"28";"";
"1299";"7690";"29";"";
"1299";"7691";"30";"";
"1299";"14557";"31";"";
"1300";"4056";"1";"";
"1300";"4057";"2";"";
"1300";"4975";"3";"";
"1300";"5158";"4";"";
"1300";"5509";"5";"";
"1300";"5668";"6";"";
"1300";"5670";"7";"";
"1300";"7708";"8";"";
"1300";"9099";"9";"";
"1300";"9100";"10";"";
"1300";"4055";"11";"";
"1300";"5669";"12";"1";
"1300";"10574";"13";"";
"1300";"11363";"14";"";
"1300";"11364";"15";"";
"1300";"11365";"16";"";
"1300";"14387";"17";"";
"1301";"4062";"1";"";
"1301";"4059";"2";"";
"1301";"4058";"3";"";
"1301";"4060";"4";"";
"1301";"4683";"5";"";
"1301";"5056";"6";"";
"1301";"5124";"7";"";
"1301";"5724";"8";"";
"1301";"7739";"9";"";
"1301";"7740";"10";"";
"1301";"7741";"11";"";
"1301";"7742";"12";"";
"1301";"7743";"13";"";
"1301";"7744";"14";"";
"1301";"7745";"15";"";
"1301";"7746";"16";"";
"1301";"7747";"17";"";
"1301";"7748";"18";"";
"1301";"7750";"19";"";
"1301";"7751";"20";"";
"1301";"7752";"21";"";
"1301";"7753";"22";"";
"1301";"7754";"23";"";
"1301";"7755";"24";"";
"1301";"7756";"25";"";
"1301";"7757";"26";"";
"1301";"7759";"27";"";
"1301";"7761";"28";"";
"1301";"7762";"29";"";
"1301";"7763";"30";"";
"1301";"8639";"31";"";
"1301";"9047";"32";"";
"1301";"9048";"33";"";
"1301";"11152";"34";"";
"1301";"11153";"35";"";
"1301";"11154";"36";"";
"1301";"11307";"37";"";
"1301";"11319";"38";"1";
"1301";"11320";"39";"";
"1301";"11341";"40";"";
"1301";"11342";"41";"";
"1301";"11346";"42";"";
"1302";"4063";"1";"1";
"1302";"4065";"2";"";
"1302";"4064";"3";"";
"1303";"4066";"1";"";
"1303";"4067";"2";"";
"1303";"9143";"3";"";
"1303";"9144";"4";"";
"1303";"9145";"5";"";
"1303";"9146";"6";"";
"1303";"9147";"7";"";
"1303";"9148";"8";"";
"1303";"9149";"9";"";
"1303";"9150";"10";"";
"1303";"9151";"11";"1";
"1303";"9152";"12";"";
"1303";"9153";"13";"";
"1303";"9154";"14";"";
"1303";"9155";"15";"";
"1303";"9156";"16";"";
"1303";"9157";"17";"";
"1303";"9158";"18";"";
"1303";"9159";"19";"";
"1303";"9247";"20";"";
"1303";"9248";"21";"";
"1303";"9250";"22";"";
"1303";"9251";"23";"";
"1303";"9252";"24";"";
"1303";"9253";"25";"";
"1303";"9254";"26";"";
"1303";"9255";"27";"";
"1303";"9256";"28";"";
"1303";"16335";"29";"";
"1304";"10211";"1";"";
"1304";"10212";"2";"";
"1304";"10213";"3";"1";
"1305";"4101";"1";"";
"1305";"4647";"2";"1";
"1305";"5062";"3";"";
"1305";"8527";"4";"";
"1305";"8528";"5";"";
"1305";"8529";"6";"";
"1305";"8530";"7";"";
"1305";"8531";"8";"";
"1305";"8532";"9";"";
"1305";"19112";"10";"";
"1305";"19113";"11";"";
"1306";"4105";"1";"1";
"1307";"4133";"1";"1";
"1307";"4121";"2";"";
"1307";"4123";"3";"";
"1307";"4124";"4";"";
"1307";"4122";"5";"";
"1308";"4138";"1";"1";
"1308";"4126";"2";"";
"1308";"4125";"3";"";
"1309";"4137";"1";"1";
"1309";"4129";"2";"";
"1309";"4127";"3";"";
"1309";"4130";"4";"";
"1309";"4128";"5";"";
"1310";"4135";"1";"1";
"1311";"4141";"1";"1";
"1311";"4142";"2";"";
"1312";"21353";"1";"";
"1312";"21354";"2";"1";
"1313";"4158";"1";"";
"1313";"4157";"2";"";
"1313";"16493";"3";"";
"1313";"16494";"4";"";
"1313";"16499";"5";"1";
"1314";"4172";"1";"1";
"1314";"4171";"2";"";
"1315";"4179";"1";"";
"1315";"4178";"2";"";
"1315";"4193";"3";"";
"1315";"9038";"4";"";
"1315";"9039";"5";"";
"1315";"9040";"6";"1";
"1315";"9042";"7";"";
"1315";"12571";"8";"";
"1316";"4199";"1";"";
"1316";"4200";"2";"";
"1316";"4201";"3";"";
"1316";"4202";"4";"";
"1316";"4203";"5";"";
"1316";"12694";"6";"";
"1316";"12695";"7";"";
"1316";"12696";"8";"1";
"1316";"12697";"9";"";
"1316";"12698";"10";"";
"1316";"12738";"11";"";
"1318";"4204";"1";"";
"1318";"4206";"2";"1";
"1318";"5139";"3";"";
"1318";"8278";"4";"";
"1319";"4208";"1";"";
"1319";"5042";"2";"";
"1319";"5043";"3";"";
"1319";"8987";"4";"";
"1319";"8988";"5";"";
"1319";"11402";"6";"";
"1319";"11653";"7";"1";
"1320";"4210";"1";"";
"1320";"4211";"2";"1";
"1320";"4212";"3";"";
"1320";"4213";"4";"";
"1321";"4220";"1";"1";
"1321";"4651";"2";"";
"1321";"9418";"3";"";
"1321";"9967";"4";"";
"1321";"9968";"5";"";
"1322";"4222";"1";"1";
"1322";"4223";"2";"";
"1322";"4224";"3";"";
"1322";"4225";"4";"";
"1323";"4231";"1";"";
"1323";"4232";"2";"1";
"1324";"4239";"1";"1";
"1324";"10619";"2";"";
"1324";"10620";"3";"";
"1324";"13015";"4";"";
"1324";"13016";"5";"";
"1324";"13017";"6";"";
"1325";"4240";"1";"1";
"1326";"4241";"1";"1";
"1326";"4242";"2";"";
"1327";"4249";"1";"";
"1327";"13448";"2";"";
"1327";"13449";"3";"1";
"1328";"4250";"1";"1";
"1328";"4255";"2";"";
"1329";"4252";"1";"";
"1329";"4253";"2";"1";
"1329";"4254";"3";"";
"1330";"4256";"1";"";
"1330";"4257";"2";"";
"1330";"4258";"3";"1";
"1331";"13473";"1";"1";
"1331";"13474";"2";"";
"1331";"13475";"3";"";
"1331";"13476";"4";"";
"1332";"4263";"1";"";
"1332";"4264";"2";"";
"1332";"4265";"3";"";
"1332";"4266";"4";"1";
"1333";"4267";"1";"1";
"1333";"4268";"2";"";
"1333";"4269";"3";"";
"1334";"17285";"1";"1";
"1334";"4270";"2";"";
"1334";"12679";"3";"";
"1335";"4271";"1";"";
"1335";"4272";"2";"";
"1335";"4273";"3";"";
"1335";"14297";"4";"1";
"1336";"4274";"1";"";
"1336";"4275";"2";"";
"1336";"4276";"3";"";
"1336";"4277";"4";"1";
"1336";"4378";"5";"";
"1336";"4379";"6";"";
"1337";"4278";"1";"";
"1337";"4279";"2";"";
"1337";"4280";"3";"";
"1337";"4281";"4";"";
"1337";"10075";"5";"1";
"1338";"4282";"1";"";
"1338";"4283";"2";"1";
"1338";"4284";"3";"";
"1339";"4286";"1";"";
"1339";"4287";"2";"1";
"1339";"4431";"3";"";
"1339";"5355";"4";"";
"1340";"4292";"1";"";
"1340";"4293";"2";"";
"1340";"4298";"3";"";
"1340";"8562";"4";"1";
"1340";"15839";"5";"";
"1341";"4304";"1";"";
"1341";"4355";"2";"";
"1341";"6788";"3";"";
"1341";"6789";"4";"";
"1341";"6799";"5";"";
"1341";"6800";"6";"";
"1341";"7425";"7";"";
"1341";"7426";"8";"";
"1341";"9190";"9";"";
"1341";"11062";"10";"";
"1341";"12827";"11";"1";
"1342";"4388";"1";"1";
"1342";"14901";"2";"";
"1342";"4389";"3";"";
"1343";"4320";"1";"1";
"1343";"4321";"2";"";
"1344";"11483";"1";"";
"1344";"11484";"2";"1";
"1344";"11485";"3";"";
"1344";"11486";"4";"";
"1345";"4328";"1";"";
"1345";"4329";"2";"1";
"1345";"5067";"3";"";
"1346";"4330";"1";"";
"1346";"10754";"2";"1";
"1346";"10750";"3";"";
"1346";"10753";"4";"";
"1346";"10752";"5";"";
"1346";"11648";"6";"";
"1346";"11736";"7";"";
"1347";"16896";"1";"";
"1347";"16897";"2";"";
"1347";"16898";"3";"";
"1347";"16899";"4";"1";
"1348";"4333";"1";"1";
"1348";"4334";"2";"";
"1349";"4341";"1";"";
"1349";"4342";"2";"1";
"1349";"4712";"3";"";
"1349";"11507";"4";"";
"1349";"11508";"5";"";
"1349";"11509";"6";"";
"1349";"11510";"7";"";
"1349";"14303";"8";"";
"1349";"14408";"9";"";
"1349";"14448";"10";"";
"1349";"14449";"11";"";
"1350";"4349";"1";"";
"1350";"4362";"2";"";
"1350";"7072";"3";"";
"1350";"7075";"4";"";
"1350";"7076";"5";"1";
"1350";"7692";"6";"";
"1350";"7693";"7";"";
"1350";"8774";"8";"";
"1350";"9089";"9";"";
"1350";"10821";"10";"";
"1351";"4351";"1";"";
"1351";"4380";"2";"";
"1351";"4381";"3";"";
"1351";"5163";"4";"1";
"1351";"5164";"5";"";
"1351";"11610";"6";"";
"1352";"4352";"1";"";
"1352";"4353";"2";"";
"1352";"4354";"3";"";
"1352";"12828";"4";"1";
"1352";"12947";"5";"";
"1353";"4358";"1";"";
"1353";"4359";"2";"1";
"1353";"4360";"3";"";
"1354";"4376";"1";"";
"1354";"4377";"2";"1";
"1354";"5179";"3";"";
"1354";"5180";"4";"";
"1355";"4373";"1";"";
"1355";"4375";"2";"";
"1355";"4385";"3";"1";
"1355";"4968";"4";"";
"1355";"5105";"5";"";
"1355";"7820";"6";"";
"1355";"7821";"7";"";
"1355";"7822";"8";"";
"1355";"7823";"9";"";
"1355";"7826";"10";"";
"1355";"7827";"11";"";
"1355";"7828";"12";"";
"1355";"7829";"13";"";
"1355";"7830";"14";"";
"1355";"7831";"15";"";
"1356";"4394";"1";"1";
"1357";"4416";"1";"";
"1357";"4417";"2";"";
"1357";"4418";"3";"";
"1357";"4976";"4";"";
"1357";"8411";"5";"1";
"1357";"8412";"6";"";
"1357";"8413";"7";"";
"1357";"14619";"8";"";
"1358";"4404";"1";"1";
"1358";"4405";"2";"";
"1359";"4420";"1";"";
"1359";"4421";"2";"";
"1359";"4422";"3";"";
"1359";"14041";"4";"1";
"1359";"14042";"5";"";
"1359";"14412";"6";"";
"1360";"4433";"1";"";
"1360";"4434";"2";"1";
"1360";"4435";"3";"";
"1361";"4454";"1";"";
"1361";"4455";"2";"";
"1361";"4738";"3";"";
"1361";"6835";"4";"";
"1361";"6836";"5";"";
"1361";"11467";"6";"";
"1361";"11468";"7";"";
"1361";"12830";"8";"";
"1361";"13539";"9";"1";
"1362";"4466";"1";"1";
"1363";"4467";"1";"";
"1363";"5400";"2";"";
"1363";"5480";"3";"";
"1363";"11795";"4";"1";
"1363";"11796";"5";"";
"1363";"11797";"6";"";
"1363";"11798";"7";"";
"1363";"11799";"8";"";
"1363";"11800";"9";"";
"1364";"4470";"1";"";
"1364";"4473";"2";"";
"1364";"4474";"3";"1";
"1364";"4475";"4";"";
"1365";"4478";"1";"";
"1365";"4482";"2";"";
"1365";"4965";"3";"";
"1365";"4967";"4";"";
"1365";"10179";"5";"1";
"1365";"10181";"6";"";
"1365";"10182";"7";"";
"1365";"10183";"8";"";
"1365";"11607";"9";"";
"1365";"11608";"10";"";
"1365";"11609";"11";"";
"1366";"4480";"1";"";
"1366";"4481";"2";"";
"1366";"4483";"3";"";
"1366";"4496";"4";"";
"1366";"12831";"5";"1";
"1367";"4485";"1";"";
"1367";"4486";"2";"";
"1367";"14831";"3";"";
"1367";"14832";"4";"";
"1367";"17896";"5";"";
"1367";"17897";"6";"1";
"1368";"4487";"1";"";
"1368";"19459";"2";"1";
"1369";"4488";"1";"";
"1369";"4489";"2";"";
"1369";"16489";"3";"";
"1369";"16490";"4";"";
"1369";"16491";"5";"1";
"1369";"16492";"6";"";
"1372";"4506";"1";"1";
"1373";"4908";"1";"1";
"1373";"4909";"2";"";
"1373";"4910";"3";"";
"1373";"4911";"4";"";
"1373";"4924";"5";"";
"1373";"5849";"6";"";
"1373";"5850";"7";"";
"1373";"5851";"8";"";
"1374";"4501";"1";"";
"1374";"4502";"2";"";
"1374";"16900";"3";"";
"1374";"16901";"4";"1";
"1375";"4504";"1";"";
"1375";"4505";"2";"";
"1375";"4507";"3";"";
"1375";"6841";"4";"";
"1375";"6842";"5";"";
"1375";"8335";"6";"";
"1375";"8336";"7";"";
"1375";"8337";"8";"";
"1375";"8338";"9";"";
"1375";"8339";"10";"";
"1375";"8340";"11";"";
"1375";"11011";"12";"";
"1375";"11012";"13";"";
"1375";"11013";"14";"1";
"1376";"5204";"1";"";
"1376";"5205";"2";"";
"1376";"5206";"3";"";
"1376";"7407";"4";"";
"1376";"7408";"5";"";
"1376";"7409";"6";"";
"1376";"7410";"7";"";
"1376";"7411";"8";"";
"1376";"7412";"9";"";
"1376";"7413";"10";"";
"1376";"7414";"11";"";
"1376";"7415";"12";"";
"1376";"7416";"13";"";
"1376";"7417";"14";"1";
"1376";"7418";"15";"";
"1376";"7419";"16";"";
"1376";"7420";"17";"";
"1376";"7421";"18";"";
"1376";"7591";"19";"";
"1376";"11437";"20";"";
"1376";"11438";"21";"";
"1377";"4536";"1";"";
"1377";"4537";"2";"";
"1377";"4684";"3";"";
"1377";"5057";"4";"";
"1377";"5058";"5";"";
"1377";"5406";"6";"";
"1377";"5408";"7";"";
"1377";"7713";"8";"";
"1377";"7714";"9";"";
"1377";"7715";"10";"";
"1377";"7716";"11";"";
"1377";"7717";"12";"";
"1377";"7718";"13";"";
"1377";"7719";"14";"";
"1377";"7720";"15";"";
"1377";"7721";"16";"";
"1377";"7722";"17";"";
"1377";"7723";"18";"";
"1377";"7724";"19";"";
"1377";"7725";"20";"";
"1377";"7726";"21";"";
"1377";"7727";"22";"";
"1377";"7728";"23";"";
"1377";"7729";"24";"";
"1377";"7730";"25";"1";
"1377";"7731";"26";"";
"1377";"7732";"27";"";
"1377";"7733";"28";"";
"1377";"7734";"29";"";
"1377";"7735";"30";"";
"1377";"7736";"31";"";
"1378";"4652";"1";"1";
"1378";"5560";"2";"";
"1378";"7040";"3";"";
"1378";"7041";"4";"";
"1378";"10188";"5";"";
"1379";"5825";"1";"";
"1379";"5824";"2";"";
"1379";"5823";"3";"";
"1379";"5582";"4";"";
"1379";"4994";"5";"";
"1379";"4995";"6";"";
"1379";"4993";"7";"";
"1379";"5581";"8";"";
"1379";"8990";"9";"";
"1379";"8992";"10";"";
"1379";"8994";"11";"";
"1379";"11498";"12";"";
"1379";"11499";"13";"";
"1379";"11500";"14";"";
"1379";"11501";"15";"";
"1379";"11502";"16";"1";
"1379";"11650";"17";"";
"1383";"14641";"1";"1";
"1383";"5119";"2";"";
"1383";"5665";"3";"";
"1383";"8617";"4";"";
"1385";"11896";"1";"1";
"1385";"11897";"2";"";
"1385";"11898";"3";"";
"1386";"4503";"1";"1";
"1386";"4523";"2";"";
"1386";"4524";"3";"";
"1386";"19466";"4";"";
"1386";"19467";"5";"";
"1387";"4499";"1";"1";
"1387";"14855";"2";"";
"1387";"16839";"3";"";
"1388";"5572";"1";"";
"1388";"16707";"2";"";
"1388";"16708";"3";"1";
"1388";"19470";"4";"";
"1390";"4686";"1";"1";
"1390";"10596";"2";"";
"1390";"10595";"3";"";
"1391";"4513";"1";"";
"1391";"4514";"2";"1";
"1391";"9162";"3";"";
"1391";"17039";"4";"";
"1392";"4508";"1";"";
"1392";"4509";"2";"";
"1392";"8866";"3";"1";
"1392";"8867";"4";"";
"1392";"8868";"5";"";
"1392";"8869";"6";"";
"1392";"8870";"7";"";
"1397";"4530";"1";"1";
"1401";"4528";"1";"1";
"1401";"4529";"2";"";
"1402";"4510";"1";"";
"1402";"4511";"2";"";
"1402";"8772";"3";"";
"1402";"8773";"4";"";
"1402";"9161";"5";"1";
"1402";"10314";"6";"";
"1402";"10315";"7";"";
"1402";"10316";"8";"";
"1402";"11038";"9";"";
"1403";"4512";"1";"1";
"1404";"5414";"1";"";
"1404";"6699";"2";"";
"1404";"6700";"3";"";
"1404";"6701";"4";"";
"1404";"6702";"5";"";
"1404";"6703";"6";"1";
"1404";"6704";"7";"";
"1404";"6705";"8";"";
"1404";"6706";"9";"";
"1404";"6707";"10";"";
"1406";"4531";"1";"1";
"1407";"4532";"1";"";
"1407";"4533";"2";"";
"1407";"16336";"3";"1";
"1408";"4538";"1";"1";
"1414";"4665";"1";"";
"1414";"4577";"2";"";
"1414";"4578";"3";"";
"1414";"4579";"4";"";
"1414";"4580";"5";"";
"1414";"4735";"6";"";
"1414";"5310";"7";"";
"1414";"5604";"8";"";
"1414";"5726";"9";"";
"1414";"10936";"10";"";
"1414";"10937";"11";"1";
"1414";"11026";"12";"";
"1414";"14860";"13";"";
"1414";"16780";"14";"";
"1414";"16781";"15";"";
"1415";"4602";"1";"1";
"1415";"4603";"2";"";
"1415";"4604";"3";"";
"1416";"4605";"1";"";
"1416";"4606";"2";"";
"1416";"4607";"3";"1";
"1417";"4608";"1";"1";
"1417";"4609";"2";"";
"1417";"4610";"3";"";
"1417";"4611";"4";"";
"1417";"14311";"5";"";
"1419";"4612";"1";"";
"1419";"4613";"2";"1";
"1419";"4614";"3";"";
"1420";"4615";"1";"1";
"1420";"4616";"2";"";
"1420";"4617";"3";"";
"1420";"4618";"4";"";
"1421";"4619";"1";"";
"1421";"4620";"2";"1";
"1422";"4621";"1";"1";
"1422";"4622";"2";"";
"1422";"4623";"3";"";
"1422";"16323";"4";"";
"1422";"16324";"5";"";
"1422";"16325";"6";"";
"1423";"4624";"1";"";
"1423";"4625";"2";"1";
"1423";"4626";"3";"";
"1424";"4627";"1";"1";
"1424";"4628";"2";"";
"1425";"4629";"1";"";
"1425";"4630";"2";"1";
"1434";"6074";"1";"";
"1434";"4696";"2";"1";
"1434";"6077";"3";"";
"1434";"6076";"4";"";
"1434";"5506";"5";"";
"1434";"6075";"6";"";
"1435";"4718";"1";"1";
"1436";"4697";"1";"1";
"1437";"4693";"1";"1";
"1437";"4705";"2";"";
"1437";"4704";"3";"";
"1437";"4692";"4";"";
"1437";"10510";"5";"";
"1438";"4702";"1";"1";
"1440";"4727";"1";"";
"1440";"17704";"2";"";
"1440";"17705";"3";"";
"1440";"17706";"4";"1";
"1440";"19790";"5";"";
"1441";"14675";"1";"";
"1441";"4728";"2";"";
"1441";"4729";"3";"1";
"1441";"11928";"4";"";
"1442";"4716";"1";"";
"1442";"4717";"2";"1";
"1443";"4689";"1";"";
"1443";"11160";"2";"";
"1443";"11161";"3";"";
"1443";"11359";"4";"";
"1443";"13054";"5";"1";
"1443";"13055";"6";"";
"1444";"7499";"1";"";
"1444";"7500";"2";"";
"1444";"7502";"3";"";
"1444";"8297";"4";"";
"1444";"8833";"5";"";
"1444";"14017";"6";"1";
"1444";"14018";"7";"";
"1444";"14019";"8";"";
"1444";"14020";"9";"";
"1444";"14709";"10";"";
"1444";"14845";"11";"";
"1445";"4715";"1";"";
"1445";"17289";"2";"1";
"1445";"17290";"3";"";
"1445";"17291";"4";"";
"1445";"17292";"5";"";
"1445";"17293";"6";"";
"1446";"4722";"1";"";
"1446";"4723";"2";"";
"1446";"4724";"3";"";
"1446";"4725";"4";"";
"1446";"4726";"5";"1";
"1447";"4743";"1";"1";
"1447";"4744";"2";"";
"1447";"8572";"3";"";
"1447";"8966";"4";"";
"1447";"8967";"5";"";
"1447";"8968";"6";"";
"1447";"8969";"7";"";
"1447";"8970";"8";"";
"1447";"8971";"9";"";
"1447";"8972";"10";"";
"1447";"8973";"11";"";
"1448";"4745";"1";"1";
"1448";"4746";"2";"";
"1448";"8959";"3";"";
"1448";"8960";"4";"";
"1448";"8961";"5";"";
"1448";"8962";"6";"";
"1448";"8963";"7";"";
"1448";"8964";"8";"";
"1448";"8965";"9";"";
"1449";"4747";"1";"";
"1449";"5878";"2";"";
"1449";"5881";"3";"";
"1449";"5882";"4";"";
"1449";"5879";"5";"";
"1449";"5883";"6";"";
"1449";"5880";"7";"1";
"1449";"5884";"8";"";
"1449";"5877";"9";"";
"1449";"11513";"10";"";
"1449";"11514";"11";"";
"1449";"11515";"12";"";
"1449";"19795";"13";"";
"1450";"4749";"1";"1";
"1450";"5786";"2";"";
"1450";"8891";"3";"";
"1450";"8893";"4";"";
"1451";"4758";"1";"";
"1451";"4759";"2";"1";
"1452";"4764";"1";"1";
"1452";"5137";"2";"";
"1452";"5458";"3";"";
"1452";"10406";"4";"";
"1452";"10495";"5";"";
"1454";"4773";"1";"1";
"1455";"4767";"1";"";
"1455";"4768";"2";"1";
"1455";"4769";"3";"";
"1455";"4770";"4";"";
"1455";"4771";"5";"";
"1461";"4873";"1";"";
"1461";"4874";"2";"1";
"1461";"4880";"3";"";
"1462";"4875";"1";"";
"1462";"4876";"2";"";
"1462";"4877";"3";"";
"1462";"4878";"4";"1";
"1462";"4879";"5";"";
"1465";"4883";"1";"";
"1465";"4884";"2";"1";
"1465";"4885";"3";"";
"1466";"4918";"1";"1";
"1467";"4912";"1";"";
"1467";"4914";"2";"";
"1467";"7443";"3";"";
"1467";"7449";"4";"";
"1467";"7450";"5";"";
"1467";"7451";"6";"";
"1467";"7452";"7";"";
"1467";"14572";"8";"";
"1467";"14663";"9";"";
"1467";"14664";"10";"";
"1467";"14665";"11";"";
"1467";"14666";"12";"1";
"1467";"16337";"13";"";
"1467";"16338";"14";"";
"1468";"4915";"1";"";
"1468";"4916";"2";"1";
"1468";"4917";"3";"";
"1468";"5028";"4";"";
"1469";"4919";"1";"";
"1469";"4920";"2";"";
"1469";"4921";"3";"";
"1469";"4922";"4";"";
"1469";"5027";"5";"1";
"1470";"4923";"1";"1";
"1472";"4947";"1";"1";
"1473";"4948";"1";"1";
"1474";"4949";"1";"1";
"1475";"4950";"1";"1";
"1476";"4951";"1";"1";
"1477";"5146";"1";"";
"1477";"5150";"2";"1";
"1477";"5151";"3";"";
"1477";"5152";"4";"";
"1477";"5153";"5";"";
"1477";"5154";"6";"";
"1477";"5514";"7";"";
"1477";"5515";"8";"";
"1477";"7896";"9";"";
"1477";"7897";"10";"";
"1478";"4981";"1";"1";
"1478";"4982";"2";"";
"1479";"4983";"1";"";
"1479";"4984";"2";"";
"1479";"4985";"3";"1";
"1480";"5015";"1";"1";
"1480";"5016";"2";"";
"1480";"5017";"3";"";
"1480";"5018";"4";"";
"1481";"9569";"1";"1";
"1481";"9570";"2";"";
"1482";"4986";"1";"1";
"1482";"4987";"2";"";
"1482";"4988";"3";"";
"1484";"5004";"1";"";
"1484";"5005";"2";"1";
"1484";"5006";"3";"";
"1484";"5007";"4";"";
"1484";"5008";"5";"";
"1485";"10798";"1";"1";
"1485";"10799";"2";"";
"1486";"5576";"1";"";
"1486";"5577";"2";"1";
"1489";"5044";"1";"";
"1489";"5050";"2";"";
"1489";"5052";"3";"";
"1489";"5053";"4";"";
"1489";"5075";"5";"";
"1489";"5076";"6";"";
"1489";"5125";"7";"";
"1489";"5126";"8";"";
"1489";"5127";"9";"";
"1489";"5128";"10";"";
"1489";"5508";"11";"";
"1489";"5682";"12";"";
"1489";"7694";"13";"";
"1489";"7695";"14";"";
"1489";"7696";"15";"";
"1489";"7697";"16";"";
"1489";"7698";"17";"";
"1489";"7699";"18";"";
"1489";"7700";"19";"";
"1489";"7701";"20";"";
"1489";"7702";"21";"";
"1489";"7703";"22";"";
"1489";"7705";"23";"";
"1489";"7706";"24";"";
"1489";"9058";"25";"";
"1489";"9219";"26";"";
"1489";"7704";"27";"";
"1489";"10494";"28";"";
"1489";"11245";"29";"";
"1489";"11246";"30";"";
"1489";"11247";"31";"";
"1489";"11248";"32";"";
"1489";"11337";"33";"";
"1489";"11338";"34";"1";
"1489";"11339";"35";"";
"1489";"11340";"36";"";
"1489";"12923";"37";"";
"1490";"5070";"1";"";
"1490";"5456";"2";"";
"1490";"8563";"3";"1";
"1490";"8564";"4";"";
"1490";"8777";"5";"";
"1490";"8778";"6";"";
"1490";"8779";"7";"";
"1491";"5155";"1";"";
"1491";"5156";"2";"";
"1491";"5157";"3";"";
"1491";"5431";"4";"";
"1491";"7241";"5";"";
"1491";"7242";"6";"";
"1491";"7243";"7";"";
"1491";"7244";"8";"";
"1491";"7245";"9";"";
"1491";"7246";"10";"";
"1491";"7247";"11";"";
"1491";"7248";"12";"";
"1491";"7249";"13";"";
"1491";"7250";"14";"";
"1491";"8199";"15";"";
"1491";"8201";"16";"";
"1491";"10496";"17";"";
"1491";"10830";"18";"";
"1491";"10839";"19";"";
"1491";"10840";"20";"";
"1491";"11024";"21";"1";
"1491";"11025";"22";"";
"1491";"11241";"23";"";
"1492";"5147";"1";"";
"1492";"5148";"2";"";
"1492";"5149";"3";"1";
"1492";"5723";"4";"";
"1493";"5190";"1";"";
"1493";"5218";"2";"";
"1493";"7274";"3";"";
"1493";"7275";"4";"";
"1493";"7276";"5";"";
"1493";"7277";"6";"";
"1493";"11953";"7";"";
"1493";"11954";"8";"";
"1493";"14682";"9";"";
"1493";"14683";"10";"1";
"1493";"14684";"11";"";
"1493";"14685";"12";"";
"1494";"5199";"1";"";
"1494";"5200";"2";"1";
"1494";"5201";"3";"";
"1495";"5194";"1";"1";
"1496";"5195";"1";"";
"1496";"5196";"2";"";
"1496";"5198";"3";"";
"1496";"13185";"4";"";
"1496";"13186";"5";"1";
"1496";"13187";"6";"";
"1496";"13188";"7";"";
"1496";"13189";"8";"";
"1496";"13190";"9";"";
"1497";"5202";"1";"1";
"1497";"5203";"2";"";
"1497";"15741";"3";"";
"1498";"5208";"1";"";
"1498";"14027";"2";"";
"1498";"14028";"3";"1";
"1498";"14029";"4";"";
"1498";"14030";"5";"";
"1498";"14031";"6";"";
"1498";"14032";"7";"";
"1499";"5210";"1";"";
"1499";"5211";"2";"";
"1499";"5212";"3";"";
"1499";"18099";"4";"1";
"1500";"5215";"1";"";
"1500";"5216";"2";"";
"1500";"10189";"3";"";
"1500";"11323";"4";"";
"1500";"11324";"5";"";
"1500";"11330";"6";"";
"1500";"11331";"7";"";
"1500";"14151";"8";"1";
"1500";"14861";"9";"";
"1501";"5217";"1";"1";
"1501";"17482";"2";"";
"1501";"17483";"3";"";
"1501";"17484";"4";"";
"1501";"17485";"5";"";
"1502";"8595";"1";"1";
"1502";"8596";"2";"";
"1502";"5325";"3";"";
"1502";"8597";"4";"";
"1502";"5324";"5";"";
"1502";"10138";"6";"";
"1502";"16964";"7";"";
"1502";"16965";"8";"";
"1503";"5220";"1";"1";
"1503";"5457";"2";"";
"1503";"10820";"3";"";
"1503";"10842";"4";"";
"1504";"5221";"1";"";
"1504";"5222";"2";"";
"1504";"16596";"3";"";
"1504";"16597";"4";"";
"1504";"16598";"5";"1";
"1504";"16764";"6";"";
"1505";"14359";"1";"1";
"1505";"14360";"2";"";
"1505";"14361";"3";"";
"1505";"17286";"4";"";
"1505";"17287";"5";"";
"1506";"6508";"1";"";
"1506";"6509";"2";"";
"1506";"9072";"3";"";
"1506";"9074";"4";"";
"1506";"9096";"5";"";
"1506";"10384";"6";"";
"1506";"10564";"7";"";
"1506";"11472";"8";"";
"1506";"11473";"9";"";
"1506";"14457";"10";"1";
"1506";"14458";"11";"";
"1507";"5259";"1";"";
"1507";"5260";"2";"";
"1507";"7606";"3";"";
"1507";"7607";"4";"";
"1507";"7608";"5";"";
"1507";"8814";"6";"1";
"1507";"8815";"7";"";
"1507";"8816";"8";"";
"1507";"9135";"9";"";
"1507";"9136";"10";"";
"1507";"9137";"11";"";
"1509";"5270";"1";"";
"1509";"11548";"2";"1";
"1509";"11549";"3";"";
"1509";"12935";"4";"";
"1509";"15840";"5";"";
"1510";"5273";"1";"1";
"1511";"5274";"1";"";
"1511";"5275";"2";"";
"1511";"13888";"3";"1";
"1511";"13889";"4";"";
"1511";"13890";"5";"";
"1511";"13891";"6";"";
"1511";"13980";"7";"";
"1512";"5276";"1";"";
"1512";"5277";"2";"1";
"1513";"5319";"1";"1";
"1513";"5320";"2";"";
"1513";"5321";"3";"";
"1513";"5322";"4";"";
"1513";"5491";"5";"";
"1513";"5492";"6";"";
"1513";"5493";"7";"";
"1513";"5549";"8";"";
"1513";"11532";"9";"";
"1513";"11533";"10";"";
"1513";"11534";"11";"";
"1513";"11535";"12";"";
"1514";"5327";"1";"";
"1514";"5328";"2";"";
"1514";"5329";"3";"";
"1514";"5330";"4";"1";
"1514";"5482";"5";"";
"1514";"5486";"6";"";
"1514";"5487";"7";"";
"1514";"5545";"8";"";
"1514";"5546";"9";"";
"1514";"7150";"10";"";
"1514";"7151";"11";"";
"1514";"7152";"12";"";
"1514";"7153";"13";"";
"1514";"7154";"14";"";
"1514";"9016";"15";"";
"1514";"9017";"16";"";
"1514";"11405";"17";"";
"1515";"5331";"1";"";
"1515";"5332";"2";"1";
"1515";"5333";"3";"";
"1515";"5334";"4";"";
"1515";"5501";"5";"";
"1515";"5502";"6";"";
"1515";"5558";"7";"";
"1515";"7171";"8";"";
"1515";"7172";"9";"";
"1515";"7173";"10";"";
"1515";"7174";"11";"";
"1515";"7175";"12";"";
"1515";"11536";"13";"";
"1515";"11537";"14";"";
"1516";"5335";"1";"";
"1516";"5336";"2";"";
"1516";"12649";"3";"1";
"1516";"19791";"4";"";
"1517";"5337";"1";"";
"1517";"5338";"2";"";
"1517";"11456";"3";"";
"1517";"11457";"4";"";
"1517";"11458";"5";"";
"1517";"13020";"6";"";
"1517";"13021";"7";"1";
"1518";"5345";"1";"";
"1518";"5495";"2";"";
"1518";"5547";"3";"";
"1518";"5548";"4";"";
"1518";"7157";"5";"";
"1518";"7156";"6";"";
"1518";"7158";"7";"";
"1518";"7159";"8";"";
"1518";"7160";"9";"";
"1518";"9008";"10";"";
"1518";"9009";"11";"";
"1518";"9010";"12";"";
"1518";"9011";"13";"";
"1518";"11356";"14";"";
"1518";"11357";"15";"1";
"1518";"11358";"16";"";
"1519";"5346";"1";"";
"1519";"5347";"2";"1";
"1519";"5499";"3";"";
"1519";"5500";"4";"";
"1519";"5551";"5";"";
"1519";"9012";"6";"";
"1519";"9013";"7";"";
"1519";"9014";"8";"";
"1519";"9015";"9";"";
"1520";"5348";"1";"";
"1520";"5349";"2";"1";
"1520";"5350";"3";"";
"1520";"5351";"4";"";
"1520";"5494";"5";"";
"1520";"5550";"6";"";
"1521";"5352";"1";"";
"1521";"5353";"2";"";
"1521";"5354";"3";"";
"1521";"5488";"4";"";
"1521";"5489";"5";"";
"1521";"5490";"6";"";
"1521";"8787";"7";"";
"1521";"8788";"8";"";
"1521";"8789";"9";"1";
"1521";"8790";"10";"";
"1521";"8791";"11";"";
"1521";"8792";"12";"";
"1521";"9163";"13";"";
"1521";"9165";"14";"";
"1521";"11407";"15";"";
"1522";"5363";"1";"";
"1522";"5364";"2";"";
"1522";"5366";"3";"";
"1522";"6239";"4";"";
"1522";"6240";"5";"1";
"1523";"5371";"1";"";
"1523";"5372";"2";"";
"1523";"5373";"3";"1";
"1524";"5460";"1";"";
"1524";"5461";"2";"";
"1524";"5462";"3";"";
"1524";"5463";"4";"1";
"1525";"5451";"1";"";
"1525";"5452";"2";"1";
"1525";"5453";"3";"";
"1525";"5454";"4";"";
"1525";"5455";"5";"";
"1525";"5497";"6";"";
"1525";"5498";"7";"";
"1525";"5557";"8";"";
"1525";"5624";"9";"";
"1525";"5625";"10";"";
"1525";"7161";"11";"";
"1525";"7162";"12";"";
"1525";"7163";"13";"";
"1525";"7164";"14";"";
"1525";"7165";"15";"";
"1525";"7166";"16";"";
"1525";"7167";"17";"";
"1525";"7168";"18";"";
"1525";"7169";"19";"";
"1525";"7170";"20";"";
"1525";"11408";"21";"";
"1525";"11530";"22";"";
"1525";"11531";"23";"";
"1526";"5467";"1";"";
"1526";"5468";"2";"";
"1526";"5469";"3";"1";
"1527";"5473";"1";"";
"1527";"5474";"2";"";
"1527";"5475";"3";"1";
"1527";"5476";"4";"";
"1528";"5483";"1";"1";
"1528";"5484";"2";"";
"1528";"5485";"3";"";
"1529";"5578";"1";"";
"1529";"5579";"2";"1";
"1530";"5798";"1";"";
"1530";"5586";"2";"";
"1530";"5587";"3";"";
"1530";"5802";"4";"";
"1530";"5800";"5";"";
"1530";"5801";"6";"1";
"1530";"5826";"7";"";
"1531";"5584";"1";"";
"1531";"5585";"2";"1";
"1532";"5588";"1";"";
"1532";"11961";"2";"";
"1532";"11962";"3";"";
"1532";"11963";"4";"";
"1532";"11964";"5";"";
"1532";"11965";"6";"1";
"1532";"14490";"7";"";
"1533";"5590";"1";"1";
"1533";"5591";"2";"";
"1533";"5592";"3";"";
"1534";"5805";"1";"";
"1534";"5806";"2";"1";
"1536";"5632";"1";"";
"1536";"5633";"2";"";
"1536";"5634";"3";"1";
"1536";"5635";"4";"";
"1537";"5797";"1";"";
"1537";"11646";"2";"1";
"1537";"11647";"3";"";
"1538";"5842";"1";"1";
"1538";"5843";"2";"";
"1538";"11466";"3";"";
"1540";"5872";"1";"1";
"1540";"5873";"2";"";
"1541";"5874";"1";"";
"1541";"5875";"2";"";
"1541";"5876";"3";"1";
"1542";"5896";"1";"1";
"1542";"9977";"2";"";
"1543";"5897";"1";"1";
"1543";"5898";"2";"";
"1543";"5899";"3";"";
"1549";"6100";"1";"";
"1549";"6101";"2";"1";
"1550";"6102";"1";"1";
"1550";"9971";"2";"";
"1550";"9972";"3";"";
"1550";"10608";"4";"";
"1551";"6103";"1";"1";
"1551";"6104";"2";"";
"1552";"6105";"1";"";
"1552";"6106";"2";"1";
"1552";"6107";"3";"";
"1553";"6108";"1";"1";
"1554";"6110";"1";"1";
"1554";"6111";"2";"";
"1554";"13974";"3";"";
"1555";"6112";"1";"";
"1555";"6113";"2";"";
"1555";"16229";"3";"";
"1555";"16230";"4";"";
"1555";"16231";"5";"1";
"1555";"16232";"6";"";
"1556";"6114";"1";"";
"1556";"6115";"2";"";
"1556";"6116";"3";"1";
"1556";"6117";"4";"";
"1587";"6300";"1";"";
"1587";"6301";"2";"";
"1587";"6303";"3";"";
"1587";"6306";"4";"";
"1587";"6307";"5";"";
"1587";"6308";"6";"";
"1587";"6309";"7";"";
"1587";"6310";"8";"";
"1587";"6677";"9";"";
"1587";"6678";"10";"";
"1587";"6679";"11";"";
"1587";"6680";"12";"";
"1587";"6681";"13";"";
"1587";"6682";"14";"";
"1587";"6683";"15";"";
"1587";"16967";"16";"1";
"1587";"16968";"17";"";
"1587";"18813";"18";"";
"1588";"6364";"1";"";
"1588";"6365";"2";"1";
"1589";"6363";"1";"1";
"1590";"6316";"1";"";
"1590";"6317";"2";"1";
"1590";"6318";"3";"";
"1590";"6319";"4";"";
"1591";"18928";"1";"1";
"1592";"6367";"1";"";
"1592";"6370";"2";"";
"1592";"6371";"3";"1";
"1592";"6460";"4";"";
"1592";"6461";"5";"";
"1592";"6462";"6";"";
"1592";"6463";"7";"";
"1592";"6464";"8";"";
"1592";"6465";"9";"";
"1592";"6466";"10";"";
"1592";"6467";"11";"";
"1592";"6468";"12";"";
"1592";"6469";"13";"";
"1592";"6820";"14";"";
"1593";"6372";"1";"";
"1593";"6373";"2";"";
"1593";"6374";"3";"1";
"1593";"6375";"4";"";
"1593";"6376";"5";"";
"1594";"6380";"1";"1";
"1594";"6381";"2";"";
"1594";"6382";"3";"";
"1594";"6383";"4";"";
"1594";"6384";"5";"";
"1594";"6385";"6";"";
"1594";"6851";"7";"";
"1595";"6377";"1";"";
"1595";"6378";"2";"";
"1595";"6379";"3";"1";
"1596";"6386";"1";"";
"1596";"18820";"2";"";
"1596";"19034";"3";"1";
"1597";"6387";"1";"1";
"1597";"6388";"2";"";
"1598";"6394";"1";"1";
"1598";"6395";"2";"";
"1598";"6396";"3";"";
"1598";"6397";"4";"";
"1598";"6398";"5";"";
"1598";"6399";"6";"";
"1599";"6389";"1";"1";
"1599";"6390";"2";"";
"1599";"6391";"3";"";
"1599";"6392";"4";"";
"1599";"6393";"5";"";
"1600";"6401";"1";"";
"1600";"6402";"2";"1";
"1601";"6405";"1";"";
"1601";"6406";"2";"1";
"1602";"6407";"1";"";
"1602";"6408";"2";"";
"1602";"6409";"3";"";
"1602";"8252";"4";"";
"1602";"8253";"5";"1";
"1602";"8254";"6";"";
"1602";"8255";"7";"";
"1603";"6413";"1";"1";
"1603";"6414";"2";"";
"1603";"8256";"3";"";
"1604";"6415";"1";"1";
"1604";"6416";"2";"";
"1605";"6417";"1";"1";
"1606";"6418";"1";"";
"1606";"6419";"2";"1";
"1607";"6484";"1";"1";
"1608";"6485";"1";"1";
"1609";"6506";"1";"1";
"1610";"6507";"1";"1";
"1611";"6486";"1";"1";
"1612";"6487";"1";"1";
"1616";"6490";"1";"1";
"1617";"6492";"1";"1";
"1618";"6491";"1";"1";
"1619";"6495";"1";"1";
"1620";"6496";"1";"1";
"1621";"6494";"1";"1";
"1622";"6493";"1";"1";
"1623";"6500";"1";"1";
"1624";"6502";"1";"1";
"1625";"6501";"1";"1";
"1626";"6497";"1";"1";
"1627";"6498";"1";"1";
"1628";"6499";"1";"1";
"1629";"6503";"1";"1";
"1629";"6504";"2";"";
"1630";"6420";"1";"1";
"1630";"6645";"2";"";
"1630";"6646";"3";"";
"1630";"6647";"4";"";
"1630";"6648";"5";"";
"1630";"6649";"6";"";
"1631";"6421";"1";"1";
"1631";"6422";"2";"";
"1631";"6423";"3";"";
"1632";"6432";"1";"";
"1632";"6433";"2";"";
"1632";"6863";"3";"1";
"1633";"6424";"1";"";
"1633";"19443";"2";"";
"1633";"19444";"3";"1";
"1634";"6437";"1";"";
"1634";"6438";"2";"1";
"1635";"6425";"1";"1";
"1635";"6426";"2";"";
"1636";"6427";"1";"";
"1636";"6428";"2";"";
"1636";"6429";"3";"1";
"1636";"6430";"4";"";
"1636";"6431";"5";"";
"1637";"6434";"1";"1";
"1638";"6435";"1";"";
"1638";"6436";"2";"";
"1638";"16969";"3";"";
"1638";"16970";"4";"";
"1638";"16971";"5";"";
"1638";"16972";"6";"";
"1638";"19445";"7";"1";
"1638";"19446";"8";"";
"1639";"6439";"1";"";
"1639";"6440";"2";"";
"1639";"6441";"3";"";
"1639";"6442";"4";"1";
"1640";"6470";"1";"";
"1640";"6471";"2";"1";
"1641";"6482";"1";"";
"1641";"13481";"2";"";
"1641";"13482";"3";"";
"1641";"13483";"4";"";
"1641";"13484";"5";"1";
"1642";"6483";"1";"";
"1642";"13442";"2";"";
"1642";"13443";"3";"";
"1642";"13444";"4";"";
"1642";"14290";"5";"1";
"1643";"6552";"1";"";
"1643";"6553";"2";"1";
"1643";"17250";"3";"";
"1644";"6510";"1";"1";
"1644";"6511";"2";"";
"1644";"6512";"3";"";
"1645";"6513";"1";"1";
"1646";"6514";"1";"";
"1646";"6515";"2";"1";
"1647";"6516";"1";"1";
"1647";"6517";"2";"";
"1648";"6518";"1";"1";
"1648";"6519";"2";"";
"1649";"6520";"1";"1";
"1650";"6521";"1";"";
"1650";"6522";"2";"1";
"1651";"6523";"1";"";
"1651";"6524";"2";"";
"1651";"6525";"3";"1";
"1652";"6526";"1";"1";
"1652";"6527";"2";"";
"1652";"6528";"3";"";
"1653";"6529";"1";"1";
"1653";"6530";"2";"";
"1654";"6531";"1";"";
"1654";"6532";"2";"";
"1654";"6533";"3";"1";
"1654";"6534";"4";"";
"1655";"6555";"1";"";
"1655";"6556";"2";"";
"1655";"17248";"3";"";
"1655";"17249";"4";"1";
"1656";"6557";"1";"1";
"1656";"6558";"2";"";
"1657";"6559";"1";"1";
"1657";"6560";"2";"";
"1658";"6562";"1";"";
"1658";"14061";"2";"";
"1658";"14062";"3";"";
"1658";"14063";"4";"";
"1658";"14064";"5";"";
"1658";"14065";"6";"1";
"1659";"6564";"1";"1";
"1659";"6565";"2";"";
"1659";"6566";"3";"";
"1660";"6567";"1";"1";
"1660";"6568";"2";"";
"1660";"6569";"3";"";
"1661";"6570";"1";"1";
"1661";"6571";"2";"";
"1662";"6684";"1";"";
"1662";"17205";"2";"";
"1662";"17206";"3";"";
"1662";"17207";"4";"1";
"1663";"6719";"1";"";
"1663";"6720";"2";"1";
"1663";"9141";"3";"";
"1664";"6721";"1";"1";
"1665";"6722";"1";"1";
"1665";"6723";"2";"";
"1666";"6724";"1";"1";
"1666";"9139";"2";"";
"1666";"13988";"3";"";
"1666";"13989";"4";"";
"1667";"6725";"1";"";
"1667";"6726";"2";"1";
"1668";"6727";"1";"1";
"1668";"6728";"2";"";
"1669";"6730";"1";"";
"1669";"21052";"2";"";
"1669";"21053";"3";"";
"1669";"21054";"4";"";
"1669";"21055";"5";"1";
"1669";"21056";"6";"";
"1669";"21057";"7";"";
"1670";"6731";"1";"1";
"1670";"6732";"2";"";
"1670";"7179";"3";"";
"1670";"7180";"4";"";
"1670";"7440";"5";"";
"1670";"7441";"6";"";
"1671";"6733";"1";"";
"1671";"6734";"2";"1";
"1672";"6747";"1";"";
"1672";"6748";"2";"";
"1672";"6749";"3";"1";
"1673";"6736";"1";"1";
"1673";"7647";"2";"";
"1673";"7648";"3";"";
"1673";"7649";"4";"";
"1673";"7650";"5";"";
"1673";"7651";"6";"";
"1673";"7653";"7";"";
"1673";"7654";"8";"";
"1673";"7656";"9";"";
"1673";"7657";"10";"";
"1673";"7658";"11";"";
"1673";"7659";"12";"";
"1673";"7660";"13";"";
"1673";"7661";"14";"";
"1673";"7662";"15";"";
"1673";"7664";"16";"";
"1673";"8197";"17";"";
"1673";"10204";"18";"";
"1673";"7655";"19";"";
"1673";"10509";"20";"";
"1673";"10526";"21";"";
"1673";"19728";"22";"";
"1674";"6737";"1";"";
"1674";"6738";"2";"";
"1674";"11141";"3";"";
"1674";"11142";"4";"";
"1674";"13058";"5";"";
"1674";"13059";"6";"1";
"1674";"19729";"7";"";
"1675";"6739";"1";"1";
"1675";"6740";"2";"";
"1675";"8436";"3";"";
"1675";"8437";"4";"";
"1675";"8438";"5";"";
"1675";"8439";"6";"";
"1675";"8440";"7";"";
"1675";"8441";"8";"";
"1675";"8442";"9";"";
"1675";"8443";"10";"";
"1675";"8444";"11";"";
"1675";"11208";"12";"";
"1675";"19727";"13";"";
"1676";"6742";"1";"1";
"1677";"6743";"1";"";
"1677";"8008";"2";"";
"1677";"8009";"3";"";
"1677";"8905";"4";"";
"1677";"8906";"5";"1";
"1677";"8907";"6";"";
"1677";"8908";"7";"";
"1677";"8910";"8";"";
"1678";"6744";"1";"1";
"1678";"6745";"2";"";
"1678";"8947";"3";"";
"1678";"8948";"4";"";
"1678";"8949";"5";"";
"1678";"8950";"6";"";
"1678";"8983";"7";"";
"1678";"8984";"8";"";
"1679";"6746";"1";"";
"1679";"8911";"2";"";
"1679";"8912";"3";"";
"1679";"8913";"4";"";
"1679";"8914";"5";"";
"1679";"9105";"6";"";
"1679";"9107";"7";"";
"1679";"11303";"8";"1";
"1680";"7377";"1";"1";
"1680";"7378";"2";"";
"1680";"8005";"3";"";
"1680";"8006";"4";"";
"1680";"8007";"5";"";
"1681";"7211";"1";"1";
"1682";"7049";"1";"1";
"1682";"7050";"2";"";
"1683";"7051";"1";"1";
"1684";"6766";"1";"";
"1684";"6767";"2";"";
"1684";"7851";"3";"";
"1684";"7853";"4";"";
"1684";"7854";"5";"";
"1684";"7855";"6";"";
"1684";"7856";"7";"1";
"1684";"7857";"8";"";
"1684";"7858";"9";"";
"1684";"7859";"10";"";
"1684";"7860";"11";"";
"1685";"7212";"1";"";
"1685";"7213";"2";"";
"1685";"7906";"3";"";
"1685";"13062";"4";"1";
"1687";"7106";"1";"";
"1687";"7107";"2";"";
"1687";"16862";"3";"1";
"1688";"7214";"1";"1";
"1688";"7215";"2";"";
"1688";"7216";"3";"";
"1688";"7379";"4";"";
"1688";"7380";"5";"";
"1688";"13979";"6";"";
"1689";"6932";"1";"1";
"1689";"6933";"2";"";
"1689";"7907";"3";"";
"1689";"7908";"4";"";
"1690";"7127";"1";"";
"1690";"7128";"2";"";
"1690";"7129";"3";"";
"1690";"9299";"4";"";
"1690";"10072";"5";"";
"1690";"10073";"6";"";
"1690";"10074";"7";"";
"1690";"13060";"8";"1";
"1690";"13061";"9";"";
"1690";"14511";"10";"";
"1690";"14514";"11";"";
"1690";"15855";"12";"";
"1690";"15856";"13";"";
"1691";"6765";"1";"";
"1691";"8942";"2";"";
"1691";"8943";"3";"";
"1691";"8944";"4";"";
"1691";"8945";"5";"";
"1691";"14372";"6";"1";
"1691";"16863";"7";"";
"1691";"16864";"8";"";
"1691";"16865";"9";"";
"1692";"6763";"1";"";
"1692";"6764";"2";"1";
"1692";"8003";"3";"";
"1692";"14581";"4";"";
"1693";"6762";"1";"";
"1693";"8821";"2";"";
"1693";"8933";"3";"";
"1693";"8934";"4";"";
"1693";"8935";"5";"";
"1693";"8936";"6";"1";
"1693";"8937";"7";"";
"1693";"8938";"8";"";
"1693";"8939";"9";"";
"1693";"9108";"10";"";
"1694";"6750";"1";"";
"1694";"6751";"2";"1";
"1695";"6755";"1";"";
"1695";"6756";"2";"1";
"1695";"6757";"3";"";
"1696";"6758";"1";"";
"1696";"6760";"2";"";
"1696";"16069";"3";"";
"1696";"16070";"4";"";
"1696";"16071";"5";"1";
"1696";"16072";"6";"";
"1696";"16829";"7";"";
"1696";"16830";"8";"";
"1697";"6768";"1";"1";
"1697";"6769";"2";"";
"1697";"6770";"3";"";
"1698";"6771";"1";"1";
"1698";"6772";"2";"";
"1698";"6773";"3";"";
"1699";"6774";"1";"1";
"1699";"6775";"2";"";
"1700";"6776";"1";"1";
"1701";"6777";"1";"1";
"1701";"6778";"2";"";
"1702";"6779";"1";"1";
"1703";"6780";"1";"";
"1703";"8300";"2";"";
"1703";"8301";"3";"";
"1703";"8302";"4";"";
"1703";"8303";"5";"";
"1703";"8304";"6";"";
"1703";"15246";"7";"1";
"1704";"6781";"1";"";
"1704";"14719";"2";"";
"1704";"21362";"3";"";
"1704";"21363";"4";"";
"1704";"21364";"5";"1";
"1704";"21365";"6";"";
"1704";"21366";"7";"";
"1706";"6783";"1";"1";
"1729";"6784";"1";"";
"1729";"17543";"2";"1";
"1729";"17544";"3";"";
"1729";"17545";"4";"";
"1730";"6785";"1";"1";
"1731";"7387";"1";"";
"1731";"14014";"2";"";
"1731";"14015";"3";"";
"1731";"14016";"4";"1";
"1732";"6793";"1";"1";
"1733";"15909";"1";"";
"1733";"6826";"2";"";
"1733";"6824";"3";"";
"1733";"6825";"4";"";
"1733";"6827";"5";"";
"1733";"6828";"6";"";
"1733";"6829";"7";"";
"1733";"9063";"8";"";
"1733";"10197";"9";"1";
"1733";"10198";"10";"";
"1733";"10560";"11";"";
"1733";"11601";"12";"";
"1733";"14440";"13";"";
"1733";"14872";"14";"";
"1733";"15910";"15";"";
"1734";"6833";"1";"";
"1734";"6834";"2";"";
"1734";"9396";"3";"";
"1734";"9398";"4";"";
"1734";"9478";"5";"";
"1734";"9479";"6";"";
"1734";"9480";"7";"1";
"1734";"9481";"8";"";
"1734";"9482";"9";"";
"1734";"9483";"10";"";
"1734";"9484";"11";"";
"1734";"12699";"12";"";
"1734";"12700";"13";"";
"1734";"12728";"14";"";
"1735";"18926";"1";"1";
"1738";"6900";"1";"";
"1738";"6901";"2";"1";
"1738";"6902";"3";"";
"1738";"7388";"4";"";
"1738";"7448";"5";"";
"1739";"6903";"1";"";
"1739";"6904";"2";"";
"1739";"6905";"3";"";
"1739";"6906";"4";"";
"1739";"9191";"5";"";
"1739";"9192";"6";"";
"1739";"9193";"7";"";
"1739";"9194";"8";"";
"1739";"9195";"9";"";
"1739";"9196";"10";"";
"1739";"9197";"11";"";
"1739";"9199";"12";"";
"1739";"9200";"13";"";
"1739";"9201";"14";"";
"1739";"9202";"15";"";
"1739";"9203";"16";"";
"1739";"9243";"17";"";
"1739";"9244";"18";"";
"1739";"9246";"19";"";
"1739";"9324";"20";"";
"1739";"11452";"21";"1";
"1739";"11453";"22";"";
"1740";"6909";"1";"";
"1740";"6910";"2";"";
"1740";"6911";"3";"";
"1740";"6912";"4";"";
"1740";"6913";"5";"";
"1740";"6914";"6";"1";
"1740";"6915";"7";"";
"1740";"10673";"8";"";
"1740";"10674";"9";"";
"1740";"11454";"10";"";
"1740";"14537";"11";"";
"1740";"14618";"12";"";
"1742";"6928";"1";"1";
"1742";"7432";"2";"";
"1742";"7433";"3";"";
"1742";"7434";"4";"";
"1742";"7435";"5";"";
"1742";"7436";"6";"";
"1742";"7437";"7";"";
"1742";"7438";"8";"";
"1742";"7439";"9";"";
"1743";"6934";"1";"";
"1743";"21190";"2";"1";
"1743";"21191";"3";"";
"1743";"21192";"4";"";
"1743";"21193";"5";"";
"1744";"6935";"1";"";
"1744";"6936";"2";"";
"1744";"14441";"3";"";
"1744";"14653";"4";"";
"1744";"14654";"5";"1";
"1744";"14655";"6";"";
"1744";"14656";"7";"";
"1744";"14657";"8";"";
"1744";"14658";"9";"";
"1744";"14659";"10";"";
"1744";"14660";"11";"";
"1744";"14661";"12";"";
"1744";"14662";"13";"";
"1744";"14720";"14";"";
"1744";"14721";"15";"";
"1744";"14722";"16";"";
"1744";"14723";"17";"";
"1745";"6940";"1";"";
"1745";"6942";"2";"";
"1745";"6943";"3";"";
"1745";"6944";"4";"";
"1745";"6945";"5";"";
"1745";"6946";"6";"";
"1745";"6947";"7";"";
"1745";"6948";"8";"";
"1745";"6949";"9";"";
"1745";"7865";"10";"";
"1745";"7866";"11";"";
"1745";"7867";"12";"";
"1745";"7868";"13";"";
"1745";"7869";"14";"";
"1745";"7870";"15";"";
"1745";"7871";"16";"";
"1745";"14172";"17";"1";
"1747";"6955";"1";"";
"1747";"6956";"2";"";
"1747";"6957";"3";"1";
"1747";"6958";"4";"";
"1747";"6959";"5";"";
"1748";"6960";"1";"1";
"1748";"6961";"2";"";
"1748";"6962";"3";"";
"1748";"6963";"4";"";
"1748";"6964";"5";"";
"1748";"6965";"6";"";
"1748";"6966";"7";"";
"1749";"6967";"1";"1";
"1749";"6968";"2";"";
"1749";"6969";"3";"";
"1749";"6970";"4";"";
"1750";"6971";"1";"1";
"1750";"6972";"2";"";
"1750";"6973";"3";"";
"1750";"6974";"4";"";
"1750";"6975";"5";"";
"1750";"6976";"6";"";
"1750";"6977";"7";"";
"1751";"6978";"1";"";
"1751";"6979";"2";"";
"1751";"6980";"3";"";
"1751";"6981";"4";"";
"1751";"6982";"5";"";
"1751";"11360";"6";"";
"1751";"11361";"7";"";
"1751";"11412";"8";"";
"1751";"12908";"9";"";
"1751";"15860";"10";"";
"1751";"15861";"11";"1";
"1751";"15862";"12";"";
"1752";"7053";"1";"";
"1752";"9220";"2";"";
"1752";"9221";"3";"";
"1752";"9236";"4";"";
"1752";"9237";"5";"";
"1752";"13552";"6";"1";
"1752";"14444";"7";"";
"1752";"14445";"8";"";
"1753";"7054";"1";"";
"1753";"7055";"2";"";
"1753";"7056";"3";"";
"1753";"7057";"4";"";
"1753";"11599";"5";"";
"1753";"13550";"6";"";
"1753";"14442";"7";"1";
"1753";"14443";"8";"";
"1754";"7062";"1";"";
"1754";"7063";"2";"";
"1754";"8703";"3";"";
"1754";"8704";"4";"";
"1754";"8705";"5";"";
"1754";"8706";"6";"";
"1754";"8707";"7";"";
"1754";"8829";"8";"1";
"1754";"8830";"9";"";
"1754";"10824";"10";"";
"1754";"11450";"11";"";
"1754";"11451";"12";"";
"1754";"12746";"13";"";
"1754";"14500";"14";"";
"1755";"7064";"1";"";
"1755";"7065";"2";"";
"1755";"7066";"3";"";
"1755";"7067";"4";"";
"1755";"7068";"5";"";
"1755";"8450";"6";"";
"1755";"8451";"7";"";
"1755";"8452";"8";"";
"1755";"8453";"9";"";
"1755";"8454";"10";"";
"1755";"8725";"11";"";
"1755";"8726";"12";"";
"1755";"9262";"13";"";
"1755";"10049";"14";"";
"1755";"10822";"15";"";
"1755";"11550";"16";"";
"1755";"11551";"17";"";
"1755";"11552";"18";"";
"1755";"11553";"19";"";
"1755";"11554";"20";"";
"1755";"11555";"21";"";
"1755";"11556";"22";"";
"1755";"11557";"23";"";
"1755";"12940";"24";"";
"1755";"14885";"25";"1";
"1756";"7069";"1";"";
"1756";"7070";"2";"";
"1756";"7071";"3";"1";
"1757";"7130";"1";"";
"1757";"7131";"2";"";
"1757";"7132";"3";"";
"1757";"7136";"4";"";
"1757";"7137";"5";"1";
"1758";"7079";"1";"";
"1758";"11092";"2";"";
"1758";"11093";"3";"";
"1758";"11385";"4";"";
"1758";"11386";"5";"1";
"1758";"11387";"6";"";
"1758";"11388";"7";"";
"1759";"7080";"1";"";
"1759";"7082";"2";"1";
"1759";"16197";"3";"";
"1759";"16198";"4";"";
"1759";"16199";"5";"";
"1759";"16200";"6";"";
"1759";"16201";"7";"";
"1759";"7081";"8";"";
"1760";"7083";"1";"";
"1760";"7084";"2";"1";
"1760";"7384";"3";"";
"1760";"7385";"4";"";
"1760";"7386";"5";"";
"1760";"7738";"6";"";
"1760";"19736";"7";"";
"1760";"19737";"8";"";
"1760";"19738";"9";"";
"1760";"19739";"10";"";
"1760";"19740";"11";"";
"1760";"19741";"12";"";
"1761";"7085";"1";"";
"1761";"7086";"2";"1";
"1761";"10513";"3";"";
"1761";"10512";"4";"";
"1762";"7087";"1";"1";
"1762";"7088";"2";"";
"1762";"8624";"3";"";
"1763";"19284";"1";"";
"1763";"7091";"2";"1";
"1763";"7089";"3";"";
"1763";"7090";"4";"";
"1763";"7665";"5";"";
"1764";"7093";"1";"";
"1764";"7094";"2";"";
"1764";"15997";"3";"";
"1764";"15998";"4";"";
"1764";"15999";"5";"";
"1764";"16000";"6";"1";
"1765";"7096";"1";"1";
"1765";"7097";"2";"";
"1765";"7098";"3";"";
"1765";"7099";"4";"";
"1766";"7100";"1";"";
"1766";"7101";"2";"";
"1766";"7102";"3";"1";
"1766";"7103";"4";"";
"1766";"7381";"5";"";
"1766";"7382";"6";"";
"1766";"10792";"7";"";
"1766";"10793";"8";"";
"1766";"11267";"9";"";
"1767";"7185";"1";"1";
"1767";"7186";"2";"";
"1767";"7187";"3";"";
"1767";"7576";"4";"";
"1767";"7577";"5";"";
"1767";"19419";"6";"";
"1768";"7104";"1";"";
"1768";"7105";"2";"1";
"1768";"7711";"3";"";
"1768";"7712";"4";"";
"1768";"7737";"5";"";
"1769";"7182";"1";"";
"1769";"7183";"2";"";
"1769";"7184";"3";"1";
"1770";"7188";"1";"1";
"1770";"11268";"2";"";
"1770";"11269";"3";"";
"1770";"11270";"4";"";
"1771";"7189";"1";"";
"1771";"7447";"2";"";
"1771";"11258";"3";"";
"1771";"11259";"4";"";
"1771";"11260";"5";"";
"1771";"13050";"6";"";
"1771";"13051";"7";"1";
"1772";"7193";"1";"";
"1772";"7194";"2";"";
"1772";"7195";"3";"1";
"1772";"9053";"4";"";
"1772";"9054";"5";"";
"1772";"9132";"6";"";
"1772";"9133";"7";"";
"1772";"9134";"8";"";
"1772";"9142";"9";"";
"1772";"11196";"10";"";
"1772";"11444";"11";"";
"1772";"11445";"12";"";
"1772";"11446";"13";"";
"1772";"11447";"14";"";
"1772";"11448";"15";"";
"1772";"11449";"16";"";
"1773";"7196";"1";"1";
"1773";"7197";"2";"";
"1773";"8640";"3";"";
"1773";"8641";"4";"";
"1773";"16867";"5";"";
"1774";"7198";"1";"1";
"1774";"7200";"2";"";
"1774";"16059";"3";"";
"1774";"16060";"4";"";
"1774";"16061";"5";"";
"1774";"16062";"6";"";
"1774";"16063";"7";"";
"1774";"16064";"8";"";
"1774";"16065";"9";"";
"1774";"16066";"10";"";
"1774";"16067";"11";"";
"1775";"7201";"1";"1";
"1776";"7202";"1";"1";
"1776";"7203";"2";"";
"1776";"7204";"3";"";
"1776";"7383";"4";"";
"1776";"9140";"5";"";
"1777";"7205";"1";"";
"1777";"7206";"2";"1";
"1777";"7709";"3";"";
"1777";"7710";"4";"";
"1778";"7207";"1";"1";
"1778";"7208";"2";"";
"1778";"7209";"3";"";
"1779";"9090";"1";"";
"1779";"9091";"2";"";
"1779";"9092";"3";"";
"1779";"10993";"4";"1";
"1779";"10994";"5";"";
"1779";"10995";"6";"";
"1779";"10996";"7";"";
"1779";"10997";"8";"";
"1779";"12750";"9";"";
"1779";"14864";"10";"";
"1780";"7220";"1";"";
"1780";"7221";"2";"1";
"1780";"7222";"3";"";
"1780";"7223";"4";"";
"1780";"10583";"5";"";
"1780";"10584";"6";"";
"1780";"10585";"7";"";
"1780";"10586";"8";"";
"1780";"14528";"9";"";
"1781";"7224";"1";"";
"1781";"7225";"2";"";
"1781";"7226";"3";"";
"1781";"10096";"4";"";
"1781";"10097";"5";"";
"1781";"10576";"6";"1";
"1781";"13546";"7";"";
"1781";"13547";"8";"";
"1782";"7227";"1";"";
"1782";"8613";"2";"";
"1782";"9498";"3";"";
"1782";"9499";"4";"";
"1782";"9500";"5";"";
"1782";"10050";"6";"1";
"1782";"10051";"7";"";
"1782";"10052";"8";"";
"1782";"10053";"9";"";
"1783";"7228";"1";"";
"1783";"7229";"2";"";
"1783";"7230";"3";"";
"1783";"9485";"4";"";
"1783";"9486";"5";"";
"1783";"9487";"6";"";
"1783";"9488";"7";"";
"1783";"9489";"8";"";
"1783";"9490";"9";"";
"1783";"9491";"10";"";
"1783";"9492";"11";"";
"1783";"9493";"12";"";
"1783";"9494";"13";"";
"1783";"9495";"14";"";
"1783";"12823";"15";"";
"1783";"14305";"16";"1";
"1783";"14306";"17";"";
"1784";"7231";"1";"";
"1784";"9496";"2";"";
"1784";"9497";"3";"";
"1784";"9994";"4";"";
"1784";"9996";"5";"";
"1784";"9997";"6";"";
"1784";"9998";"7";"";
"1784";"9999";"8";"1";
"1784";"10000";"9";"";
"1784";"10001";"10";"";
"1784";"9995";"11";"";
"1785";"7233";"1";"";
"1785";"7234";"2";"1";
"1785";"9245";"3";"";
"1786";"7235";"1";"1";
"1786";"7236";"2";"";
"1786";"7237";"3";"";
"1786";"10112";"4";"";
"1786";"10113";"5";"";
"1787";"7238";"1";"";
"1787";"7239";"2";"";
"1787";"7240";"3";"";
"1787";"11061";"4";"1";
"1787";"11236";"5";"";
"1787";"11266";"6";"";
"1788";"9367";"1";"1";
"1788";"9391";"2";"";
"1789";"7339";"1";"1";
"1789";"7340";"2";"";
"1789";"7341";"3";"";
"1789";"7342";"4";"";
"1791";"8921";"1";"";
"1791";"8922";"2";"";
"1791";"8923";"3";"1";
"1791";"8924";"4";"";
"1791";"9352";"5";"";
"1791";"9353";"6";"";
"1791";"9354";"7";"";
"1792";"8803";"1";"";
"1792";"8804";"2";"1";
"1792";"8805";"3";"";
"1792";"8806";"4";"";
"1793";"7343";"1";"";
"1793";"8638";"2";"1";
"1794";"7350";"1";"";
"1794";"8918";"2";"1";
"1794";"9368";"3";"";
"1794";"9369";"4";"";
"1796";"7353";"1";"1";
"1796";"7354";"2";"";
"1796";"7355";"3";"";
"1796";"7356";"4";"";
"1796";"7358";"5";"";
"1796";"9186";"6";"";
"1796";"9187";"7";"";
"1797";"7360";"1";"";
"1797";"7361";"2";"";
"1797";"9964";"3";"";
"1797";"9965";"4";"";
"1797";"9991";"5";"";
"1797";"9992";"6";"";
"1797";"9993";"7";"";
"1797";"10801";"8";"1";
"1798";"7362";"1";"";
"1798";"7363";"2";"";
"1798";"7364";"3";"";
"1798";"10121";"4";"";
"1798";"10232";"5";"";
"1798";"12772";"6";"";
"1798";"12773";"7";"1";
"1798";"15695";"8";"";
"1799";"11511";"1";"";
"1799";"11512";"2";"";
"1799";"13139";"3";"";
"1799";"13140";"4";"1";
"1800";"7365";"1";"";
"1800";"7366";"2";"";
"1800";"7367";"3";"";
"1800";"7368";"4";"";
"1800";"7369";"5";"";
"1800";"7370";"6";"";
"1800";"7371";"7";"";
"1800";"7372";"8";"1";
"1800";"8243";"9";"";
"1800";"14625";"10";"";
"1800";"14626";"11";"";
"1801";"7373";"1";"";
"1801";"7374";"2";"";
"1801";"7375";"3";"";
"1801";"7376";"4";"";
"1801";"9102";"5";"";
"1801";"9103";"6";"";
"1801";"9104";"7";"";
"1801";"11462";"8";"";
"1801";"11463";"9";"";
"1801";"12749";"10";"";
"1801";"13107";"11";"";
"1801";"13108";"12";"1";
"1801";"13109";"13";"";
"1801";"14875";"14";"";
"1802";"7469";"1";"";
"1802";"7472";"2";"";
"1802";"7476";"3";"";
"1802";"7478";"4";"";
"1802";"11044";"5";"";
"1802";"16270";"6";"";
"1802";"16271";"7";"";
"1802";"19783";"8";"";
"1802";"19784";"9";"1";
"1803";"7479";"1";"1";
"1804";"7480";"1";"1";
"1805";"7481";"1";"1";
"1806";"7523";"1";"";
"1806";"7524";"2";"";
"1806";"7525";"3";"";
"1806";"7526";"4";"";
"1806";"9106";"5";"";
"1806";"9392";"6";"";
"1806";"16856";"7";"1";
"1806";"16857";"8";"";
"1806";"16858";"9";"";
"1806";"16859";"10";"";
"1806";"16860";"11";"";
"1806";"16861";"12";"";
"1807";"7505";"1";"1";
"1807";"7506";"2";"";
"1807";"7507";"3";"";
"1807";"7508";"4";"";
"1807";"7509";"5";"";
"1807";"7510";"6";"";
"1807";"7511";"7";"";
"1807";"7512";"8";"";
"1807";"7513";"9";"";
"1807";"7514";"10";"";
"1807";"7515";"11";"";
"1807";"7516";"12";"";
"1807";"7517";"13";"";
"1807";"7518";"14";"";
"1807";"7519";"15";"";
"1807";"9970";"16";"";
"1807";"10048";"17";"";
"1807";"14724";"18";"";
"1808";"8287";"1";"1";
"1808";"8289";"2";"";
"1808";"8290";"3";"";
"1808";"7482";"4";"";
"1808";"8286";"5";"";
"1808";"7483";"6";"";
"1808";"8288";"7";"";
"1808";"8359";"8";"";
"1808";"8360";"9";"";
"1808";"8361";"10";"";
"1808";"8362";"11";"";
"1808";"16836";"12";"";
"1809";"7492";"1";"";
"1809";"7493";"2";"";
"1809";"7495";"3";"";
"1809";"7496";"4";"";
"1809";"7498";"5";"";
"1809";"8291";"6";"";
"1809";"8292";"7";"";
"1809";"8293";"8";"1";
"1809";"8294";"9";"";
"1809";"8295";"10";"";
"1809";"8296";"11";"";
"1809";"8355";"12";"";
"1809";"8356";"13";"";
"1809";"8358";"14";"";
"1809";"8420";"15";"";
"1809";"11925";"16";"";
"1809";"19807";"17";"";
"1810";"7503";"1";"";
"1810";"7504";"2";"";
"1810";"8630";"3";"";
"1810";"8637";"4";"";
"1810";"19118";"5";"";
"1810";"19119";"6";"";
"1810";"19120";"7";"";
"1810";"19121";"8";"";
"1810";"19122";"9";"";
"1810";"21205";"10";"1";
"1811";"7520";"1";"1";
"1811";"7521";"2";"";
"1811";"7522";"3";"";
"1811";"8925";"4";"";
"1812";"7527";"1";"1";
"1812";"7528";"2";"";
"1812";"8246";"3";"";
"1812";"9079";"4";"";
"1812";"10573";"5";"";
"1812";"10806";"6";"";
"1812";"10807";"7";"";
"1812";"10808";"8";"";
"1812";"10817";"9";"";
"1812";"10818";"10";"";
"1812";"10819";"11";"";
"1812";"11203";"12";"";
"1812";"11204";"13";"";
"1812";"11327";"14";"";
"1812";"14865";"15";"";
"1813";"7529";"1";"";
"1813";"7530";"2";"";
"1813";"7531";"3";"";
"1813";"7532";"4";"";
"1813";"7533";"5";"1";
"1815";"7534";"1";"";
"1815";"7535";"2";"1";
"1816";"7536";"1";"";
"1816";"7537";"2";"";
"1816";"7538";"3";"";
"1816";"7769";"4";"";
"1816";"7807";"5";"";
"1816";"10064";"6";"";
"1816";"10065";"7";"1";
"1817";"7540";"1";"";
"1817";"8492";"2";"";
"1817";"8493";"3";"";
"1817";"8494";"4";"1";
"1817";"8495";"5";"";
"1817";"10421";"6";"";
"1817";"10422";"7";"";
"1817";"10423";"8";"";
"1817";"15859";"9";"";
"1818";"7541";"1";"1";
"1818";"7542";"2";"";
"1818";"7543";"3";"";
"1818";"11200";"4";"";
"1818";"11201";"5";"";
"1819";"7544";"1";"1";
"1819";"7545";"2";"";
"1819";"7546";"3";"";
"1819";"7547";"4";"";
"1819";"15858";"5";"";
"1820";"7548";"1";"";
"1820";"7549";"2";"";
"1820";"7550";"3";"1";
"1821";"7551";"1";"";
"1821";"7552";"2";"";
"1821";"7553";"3";"";
"1821";"7554";"4";"1";
"1821";"7555";"5";"";
"1821";"8758";"6";"";
"1821";"8759";"7";"";
"1821";"8760";"8";"";
"1821";"8761";"9";"";
"1821";"9222";"10";"";
"1821";"9223";"11";"";
"1821";"9224";"12";"";
"1821";"9225";"13";"";
"1821";"10066";"14";"";
"1821";"11150";"15";"";
"1821";"11469";"16";"";
"1821";"11470";"17";"";
"1821";"12946";"18";"";
"1821";"14307";"19";"";
"1821";"14555";"20";"";
"1821";"19266";"21";"";
"1821";"19267";"22";"";
"1821";"19268";"23";"";
"1822";"7561";"1";"";
"1822";"7562";"2";"1";
"1822";"7563";"3";"";
"1822";"7564";"4";"";
"1822";"17117";"5";"";
"1822";"17118";"6";"";
"1822";"17119";"7";"";
"1823";"7571";"1";"";
"1823";"11219";"2";"1";
"1824";"7585";"1";"";
"1824";"7586";"2";"";
"1824";"7587";"3";"";
"1824";"7588";"4";"";
"1824";"7589";"5";"";
"1824";"7590";"6";"1";
"1825";"11180";"1";"1";
"1826";"7609";"1";"";
"1826";"7610";"2";"1";
"1826";"9449";"3";"";
"1826";"9450";"4";"";
"1826";"10843";"5";"";
"1826";"10844";"6";"";
"1826";"10845";"7";"";
"1826";"11332";"8";"";
"1826";"11333";"9";"";
"1826";"11334";"10";"";
"1827";"7872";"1";"";
"1827";"7874";"2";"";
"1827";"7876";"3";"";
"1827";"7877";"4";"";
"1827";"7878";"5";"1";
"1827";"13080";"6";"";
"1828";"7861";"1";"";
"1828";"7862";"2";"";
"1828";"7863";"3";"";
"1828";"7864";"4";"1";
"1829";"7879";"1";"";
"1829";"7880";"2";"";
"1829";"9182";"3";"";
"1829";"9183";"4";"";
"1829";"10231";"5";"";
"1829";"10303";"6";"1";
"1829";"10304";"7";"";
"1829";"10305";"8";"";
"1829";"11505";"9";"";
"1830";"7884";"1";"";
"1830";"7885";"2";"";
"1830";"7886";"3";"";
"1830";"7887";"4";"1";
"1831";"7898";"1";"";
"1831";"7899";"2";"";
"1831";"7900";"3";"";
"1831";"7901";"4";"";
"1831";"7902";"5";"";
"1831";"7903";"6";"";
"1831";"7904";"7";"1";
"1917";"8486";"1";"";
"1917";"8487";"2";"";
"1917";"9129";"3";"";
"1917";"9130";"4";"";
"1917";"9131";"5";"1";
"1918";"8249";"1";"";
"1918";"8250";"2";"";
"1918";"8257";"3";"";
"1918";"8258";"4";"1";
"1924";"8215";"1";"";
"1924";"8233";"2";"";
"1924";"8234";"3";"1";
"1924";"8235";"4";"";
"1924";"8236";"5";"";
"1925";"12954";"1";"1";
"1926";"8221";"1";"1";
"1926";"8227";"2";"";
"1926";"9085";"3";"";
"1926";"9086";"4";"";
"1927";"8228";"1";"1";
"1928";"8229";"1";"";
"1928";"8543";"2";"";
"1928";"8544";"3";"1";
"1928";"8545";"4";"";
"1929";"8237";"1";"";
"1929";"8238";"2";"1";
"1930";"8239";"1";"";
"1930";"8240";"2";"";
"1930";"8241";"3";"";
"1930";"8242";"4";"1";
"1931";"8273";"1";"";
"1931";"8274";"2";"";
"1931";"10194";"3";"";
"1931";"10195";"4";"";
"1931";"14374";"5";"";
"1931";"14375";"6";"";
"1931";"15680";"7";"1";
"1932";"8275";"1";"1";
"1932";"8276";"2";"";
"1932";"8277";"3";"";
"1933";"8279";"1";"1";
"1934";"9344";"1";"";
"1934";"9345";"2";"";
"1934";"9347";"3";"";
"1934";"9346";"4";"";
"1934";"9375";"5";"";
"1934";"9376";"6";"";
"1934";"9377";"7";"";
"1934";"9378";"8";"";
"1934";"9379";"9";"";
"1934";"11623";"10";"1";
"1934";"11624";"11";"";
"1935";"8458";"1";"";
"1935";"8459";"2";"";
"1935";"8729";"3";"";
"1935";"8730";"4";"";
"1935";"8731";"5";"";
"1935";"8733";"6";"";
"1935";"8735";"7";"";
"1935";"8736";"8";"";
"1935";"10800";"9";"";
"1935";"11291";"10";"";
"1935";"11292";"11";"";
"1935";"11293";"12";"";
"1935";"11294";"13";"";
"1935";"11542";"14";"";
"1935";"11543";"15";"";
"1935";"12563";"16";"";
"1935";"12564";"17";"";
"1935";"12565";"18";"";
"1935";"12566";"19";"1";
"1936";"8504";"1";"";
"1936";"8505";"2";"1";
"1936";"8506";"3";"";
"1936";"8507";"4";"";
"1937";"8516";"1";"";
"1937";"8517";"2";"1";
"1937";"8518";"3";"";
"1937";"8519";"4";"";
"1937";"9227";"5";"";
"1938";"8520";"1";"1";
"1938";"8521";"2";"";
"1938";"8522";"3";"";
"1938";"9229";"4";"";
"1938";"9230";"5";"";
"1939";"8523";"1";"";
"1939";"8524";"2";"";
"1939";"8525";"3";"1";
"1939";"9228";"4";"";
"1940";"8533";"1";"";
"1940";"8534";"2";"";
"1940";"8535";"3";"";
"1940";"9065";"4";"";
"1940";"9066";"5";"";
"1940";"16848";"6";"1";
"1941";"8586";"1";"1";
"1942";"8587";"1";"1";
"1943";"8721";"1";"";
"1943";"8722";"2";"";
"1943";"8723";"3";"1";
"1944";"18826";"1";"1";
"1944";"18825";"2";"";
"1944";"8741";"3";"";
"1944";"9097";"4";"";
"1944";"9098";"5";"";
"1944";"18801";"6";"";
"1945";"8752";"1";"";
"1945";"8753";"2";"1";
"1945";"8754";"3";"";
"1945";"9277";"4";"";
"1945";"9278";"5";"";
"1945";"9279";"6";"";
"1945";"9280";"7";"";
"1945";"9281";"8";"";
"1945";"17089";"9";"";
"1945";"17090";"10";"";
"1945";"17091";"11";"";
"1946";"8765";"1";"";
"1946";"8766";"2";"";
"1946";"8767";"3";"";
"1946";"9067";"4";"";
"1946";"9068";"5";"";
"1946";"10383";"6";"";
"1946";"12832";"7";"1";
"1947";"8786";"1";"";
"1947";"8951";"2";"";
"1947";"8952";"3";"";
"1947";"8953";"4";"";
"1947";"8954";"5";"";
"1947";"8955";"6";"";
"1947";"8957";"7";"1";
"1947";"8958";"8";"";
"1947";"9370";"9";"";
"1948";"8785";"1";"1";
"1949";"8807";"1";"";
"1949";"8808";"2";"";
"1949";"12643";"3";"1";
"1950";"8809";"1";"";
"1950";"8810";"2";"";
"1950";"8811";"3";"";
"1950";"8812";"4";"";
"1950";"8813";"5";"";
"1950";"15800";"6";"";
"1950";"16353";"7";"";
"1950";"17332";"8";"1";
"1950";"17333";"9";"";
"1950";"17334";"10";"";
"1950";"17335";"11";"";
"1951";"8899";"1";"";
"1951";"8900";"2";"";
"1951";"8901";"3";"1";
"1951";"8902";"4";"";
"1953";"9109";"1";"";
"1953";"9110";"2";"1";
"1953";"9111";"3";"";
"1953";"9112";"4";"";
"1953";"9113";"5";"";
"1953";"9114";"6";"";
"1954";"9115";"1";"";
"1954";"9116";"2";"";
"1954";"9117";"3";"";
"1954";"9118";"4";"";
"1954";"9119";"5";"";
"1954";"9120";"6";"1";
"1955";"9282";"1";"";
"1955";"9283";"2";"1";
"1955";"9284";"3";"";
"1956";"9307";"1";"";
"1956";"9308";"2";"1";
"1956";"9309";"3";"";
"1956";"9310";"4";"";
"1956";"9311";"5";"";
"1956";"9313";"6";"";
"1957";"9343";"1";"";
"1957";"12628";"2";"";
"1957";"12629";"3";"";
"1957";"12630";"4";"";
"1957";"12631";"5";"";
"1957";"12632";"6";"1";
"1957";"12633";"7";"";
"1957";"12921";"8";"";
"1957";"14562";"9";"";
"1958";"11134";"1";"1";
"1958";"11135";"2";"";
"1959";"10647";"1";"";
"1959";"10648";"2";"";
"1959";"12756";"3";"";
"1959";"12757";"4";"";
"1959";"12916";"5";"1";
"1959";"14413";"6";"";
"1960";"9337";"1";"";
"1960";"9338";"2";"";
"1960";"12740";"3";"";
"1960";"12741";"4";"1";
"1960";"12742";"5";"";
"1960";"12917";"6";"";
"1961";"10932";"1";"1";
"1961";"10933";"2";"";
"1961";"10934";"3";"";
"1961";"10935";"4";"";
"1961";"11455";"5";"";
"1964";"9969";"1";"";
"1964";"10043";"2";"";
"1964";"10044";"3";"";
"1964";"10045";"4";"";
"1964";"10046";"5";"1";
"1965";"14141";"1";"1";
"1965";"14280";"2";"";
"1967";"9407";"1";"";
"1967";"9408";"2";"";
"1967";"9409";"3";"";
"1967";"11181";"4";"1";
"1968";"9416";"1";"";
"1968";"9417";"2";"1";
"1969";"9419";"1";"1";
"1969";"9420";"2";"";
"1969";"9421";"3";"";
"1969";"10559";"4";"";
"1970";"9422";"1";"1";
"1970";"9423";"2";"";
"1970";"9424";"3";"";
"1970";"9430";"4";"";
"1970";"10012";"5";"";
"1970";"10013";"6";"";
"1970";"11435";"7";"";
"1970";"11436";"8";"";
"1971";"10454";"1";"1";
"1971";"10455";"2";"";
"1972";"11371";"1";"";
"1972";"11377";"2";"";
"1972";"11378";"3";"1";
"1973";"9534";"1";"";
"1973";"9535";"2";"";
"1973";"9536";"3";"1";
"1973";"9537";"4";"";
"1973";"9538";"5";"";
"1975";"9447";"1";"";
"1975";"9448";"2";"1";
"1976";"10215";"1";"1";
"1976";"14131";"2";"";
"1976";"14132";"3";"";
"1976";"14133";"4";"";
"1976";"14134";"5";"";
"1976";"14135";"6";"";
"1976";"14136";"7";"";
"1977";"12851";"1";"";
"1977";"12852";"2";"";
"1977";"13089";"3";"1";
"1978";"10359";"1";"";
"1978";"10360";"2";"1";
"1978";"10361";"3";"";
"1978";"10362";"4";"";
"1978";"10570";"5";"";
"1978";"10569";"6";"";
"1979";"10355";"1";"1";
"1979";"10356";"2";"";
"1980";"10985";"1";"";
"1980";"10986";"2";"";
"1980";"10987";"3";"";
"1980";"10988";"4";"";
"1980";"12985";"5";"";
"1980";"12986";"6";"1";
"1980";"12987";"7";"";
"1981";"10357";"1";"";
"1981";"10358";"2";"";
"1981";"12930";"3";"1";
"1981";"12931";"4";"";
"1981";"13022";"5";"";
"1982";"21011";"1";"1";
"1983";"10385";"1";"";
"1983";"10439";"2";"1";
"1983";"10386";"3";"";
"1983";"10572";"4";"";
"1984";"10858";"1";"";
"1984";"10859";"2";"1";
"1984";"10860";"3";"";
"1986";"11913";"1";"";
"1986";"11914";"2";"1";
"1986";"11915";"3";"";
"1986";"11916";"4";"";
"1987";"10655";"1";"";
"1987";"10656";"2";"";
"1987";"10654";"3";"";
"1987";"14628";"4";"";
"1987";"16875";"5";"1";
"1988";"10672";"1";"1";
"1988";"14534";"2";"";
"1989";"14176";"1";"1";
"1989";"14178";"2";"";
"1989";"14273";"3";"";
"1990";"19825";"1";"1";
"1990";"19824";"2";"";
"1991";"9761";"1";"1";
"1991";"10333";"2";"";
"1991";"10556";"3";"";
"1994";"11278";"1";"1";
"1994";"11279";"2";"";
"1995";"12685";"1";"";
"1995";"12932";"2";"1";
"1995";"12936";"3";"";
"1996";"12688";"1";"";
"1996";"12689";"2";"";
"1996";"12998";"3";"";
"1996";"12999";"4";"";
"1996";"13000";"5";"1";
"1996";"13001";"6";"";
"1996";"19452";"7";"";
"1997";"19291";"1";"";
"1997";"10424";"2";"";
"1997";"10426";"3";"";
"1997";"10427";"4";"";
"1997";"10481";"5";"";
"1997";"10483";"6";"";
"1997";"10484";"7";"";
"1997";"10486";"8";"";
"1997";"10487";"9";"";
"1997";"10511";"10";"";
"1997";"10482";"11";"";
"1997";"10485";"12";"";
"1997";"11146";"13";"";
"1997";"11147";"14";"";
"1997";"14516";"15";"";
"1997";"14751";"16";"1";
"1997";"14752";"17";"";
"1998";"10405";"1";"";
"1998";"10410";"2";"";
"1998";"11396";"3";"";
"1998";"11397";"4";"";
"1998";"11529";"5";"";
"1998";"12920";"6";"";
"1998";"14456";"7";"";
"1998";"14517";"8";"";
"1998";"16331";"9";"1";
"1999";"10089";"1";"";
"1999";"10090";"2";"";
"1999";"10091";"3";"";
"1999";"10092";"4";"";
"1999";"10418";"5";"";
"1999";"10420";"6";"";
"1999";"10419";"7";"";
"1999";"11262";"8";"";
"1999";"11580";"9";"";
"1999";"12797";"10";"";
"1999";"12798";"11";"";
"1999";"12799";"12";"1";
"2000";"10134";"1";"";
"2000";"10135";"2";"";
"2000";"10136";"3";"";
"2000";"10137";"4";"";
"2000";"10653";"5";"";
"2000";"11632";"6";"";
"2000";"11633";"7";"";
"2000";"11634";"8";"";
"2000";"12938";"9";"1";
"2000";"14630";"10";"";
"2001";"10943";"1";"";
"2001";"10944";"2";"";
"2001";"11544";"3";"";
"2001";"11545";"4";"";
"2001";"11546";"5";"";
"2001";"11547";"6";"1";
"2001";"12758";"7";"";
"2001";"12759";"8";"";
"2001";"13110";"9";"";
"2001";"14427";"10";"";
"2001";"14428";"11";"";
"2003";"10080";"1";"";
"2003";"10081";"2";"";
"2003";"10082";"3";"";
"2003";"10083";"4";"";
"2003";"10127";"5";"";
"2003";"10128";"6";"";
"2003";"11328";"7";"";
"2003";"11329";"8";"1";
"2003";"14395";"9";"";
"2004";"10363";"1";"";
"2004";"10364";"2";"";
"2004";"10848";"3";"";
"2004";"11343";"4";"";
"2004";"11344";"5";"";
"2004";"11345";"6";"1";
"2004";"11495";"7";"";
"2007";"15668";"1";"";
"2007";"15669";"2";"";
"2007";"15795";"3";"1";
"2008";"14770";"1";"";
"2008";"14771";"2";"";
"2008";"14791";"3";"1";
"2009";"11280";"1";"";
"2009";"11281";"2";"";
"2009";"11282";"3";"";
"2009";"11700";"4";"";
"2009";"11701";"5";"";
"2009";"11702";"6";"";
"2009";"11703";"7";"";
"2009";"14394";"8";"";
"2009";"16329";"9";"1";
"2010";"10396";"1";"";
"2010";"10397";"2";"";
"2010";"12791";"3";"";
"2010";"12792";"4";"";
"2010";"12793";"5";"1";
"2011";"13094";"1";"";
"2011";"13095";"2";"";
"2011";"17082";"3";"1";
"2011";"17083";"4";"";
"2011";"17084";"5";"";
"2011";"17085";"6";"";
"2011";"17086";"7";"";
"2011";"17087";"8";"";
"2011";"17088";"9";"";
"2012";"10104";"1";"";
"2012";"10105";"2";"";
"2012";"10106";"3";"";
"2012";"10107";"4";"";
"2012";"10184";"5";"";
"2012";"11007";"6";"";
"2012";"11009";"7";"";
"2012";"11057";"8";"";
"2012";"11058";"9";"1";
"2012";"11059";"10";"";
"2012";"11060";"11";"";
"2012";"14389";"12";"";
"2012";"16786";"13";"";
"2014";"10643";"1";"1";
"2014";"10644";"2";"";
"2014";"10645";"3";"";
"2018";"9501";"1";"";
"2018";"9502";"2";"";
"2018";"9503";"3";"";
"2018";"9504";"4";"";
"2018";"9505";"5";"1";
"2019";"9506";"1";"";
"2019";"9507";"2";"";
"2019";"9508";"3";"";
"2019";"9509";"4";"1";
"2020";"9510";"1";"";
"2020";"9511";"2";"";
"2020";"9512";"3";"1";
"2021";"9513";"1";"1";
"2021";"9514";"2";"";
"2021";"9515";"3";"";
"2021";"9516";"4";"";
"2022";"9517";"1";"";
"2022";"9518";"2";"";
"2022";"9519";"3";"1";
"2022";"9520";"4";"";
"2022";"9521";"5";"";
"2022";"9548";"6";"";
"2023";"9522";"1";"1";
"2023";"9523";"2";"";
"2023";"9524";"3";"";
"2023";"9525";"4";"";
"2024";"9526";"1";"1";
"2024";"9527";"2";"";
"2024";"9528";"3";"";
"2024";"9529";"4";"";
"2025";"9530";"1";"";
"2025";"9531";"2";"";
"2025";"9532";"3";"";
"2025";"9533";"4";"1";
"2026";"9539";"1";"";
"2026";"9540";"2";"";
"2026";"9541";"3";"";
"2026";"9542";"4";"";
"2026";"9543";"5";"";
"2026";"9544";"6";"";
"2026";"9545";"7";"";
"2026";"9546";"8";"1";
"2026";"9547";"9";"";
"2027";"9549";"1";"";
"2027";"9550";"2";"1";
"2027";"9551";"3";"";
"2028";"9579";"1";"";
"2028";"9580";"2";"";
"2028";"9594";"3";"";
"2028";"9595";"4";"";
"2028";"9596";"5";"1";
"2028";"9597";"6";"";
"2028";"11922";"7";"";
"2029";"9571";"1";"";
"2029";"9572";"2";"";
"2029";"11966";"3";"";
"2029";"11967";"4";"";
"2029";"11968";"5";"1";
"2029";"11969";"6";"";
"2030";"9575";"1";"1";
"2030";"9576";"2";"";
"2031";"9573";"1";"1";
"2031";"9574";"2";"";
"2032";"9577";"1";"";
"2032";"9578";"2";"1";
"2034";"11829";"1";"";
"2034";"11830";"2";"";
"2034";"11831";"3";"1";
"2036";"10940";"1";"1";
"2036";"10941";"2";"";
"2036";"10942";"3";"";
"2036";"14300";"4";"";
"2037";"9917";"1";"";
"2037";"9918";"2";"";
"2037";"9919";"3";"";
"2037";"9920";"4";"";
"2037";"9921";"5";"";
"2037";"9922";"6";"";
"2037";"9923";"7";"";
"2037";"9924";"8";"";
"2037";"10084";"9";"";
"2037";"10085";"10";"";
"2037";"10086";"11";"";
"2037";"10087";"12";"";
"2037";"12620";"13";"1";
"2038";"10477";"1";"";
"2038";"10478";"2";"1";
"2038";"10479";"3";"";
"2039";"11271";"1";"";
"2039";"13056";"2";"1";
"2040";"9724";"1";"1";
"2040";"9725";"2";"";
"2040";"12909";"3";"";
"2040";"14495";"4";"";
"2040";"14506";"5";"";
"2041";"9929";"1";"1";
"2041";"9930";"2";"";
"2041";"9931";"3";"";
"2041";"14482";"4";"";
"2042";"9817";"1";"1";
"2042";"9818";"2";"";
"2042";"9819";"3";"";
"2043";"9615";"1";"1";
"2043";"16834";"2";"";
"2043";"16874";"3";"";
"2044";"9614";"1";"1";
"2045";"9603";"1";"";
"2045";"9604";"2";"";
"2045";"14545";"3";"";
"2045";"14546";"4";"";
"2045";"15764";"5";"";
"2045";"15765";"6";"1";
"2045";"18979";"7";"";
"2046";"9552";"1";"1";
"2046";"9553";"2";"";
"2047";"9554";"1";"";
"2047";"9555";"2";"1";
"2047";"9556";"3";"";
"2048";"9557";"1";"";
"2048";"9558";"2";"";
"2048";"9559";"3";"";
"2048";"13114";"4";"1";
"2048";"13115";"5";"";
"2048";"17308";"6";"";
"2048";"17309";"7";"";
"2049";"9560";"1";"1";
"2049";"9561";"2";"";
"2049";"9562";"3";"";
"2049";"9563";"4";"";
"2049";"13712";"5";"";
"2049";"13713";"6";"";
"2049";"13978";"7";"";
"2050";"9564";"1";"";
"2050";"9565";"2";"1";
"2050";"9566";"3";"";
"2051";"9567";"1";"";
"2051";"9568";"2";"";
"2051";"10032";"3";"";
"2051";"10033";"4";"";
"2051";"10034";"5";"1";
"2051";"10035";"6";"";
"2052";"9591";"1";"";
"2052";"9592";"2";"";
"2052";"9593";"3";"";
"2052";"10260";"4";"";
"2052";"10264";"5";"";
"2052";"10265";"6";"1";
"2053";"9605";"1";"1";
"2053";"11740";"2";"";
"2053";"11741";"3";"";
"2053";"11742";"4";"";
"2054";"9606";"1";"1";
"2054";"10814";"2";"";
"2054";"10815";"3";"";
"2055";"9608";"1";"";
"2055";"9609";"2";"";
"2055";"14907";"3";"1";
"2055";"14908";"4";"";
"2055";"14909";"5";"";
"2055";"14910";"6";"";
"2056";"9610";"1";"";
"2056";"9611";"2";"1";
"2056";"10203";"3";"";
"2056";"11199";"4";"";
"2057";"9612";"1";"";
"2057";"9613";"2";"1";
"2057";"10190";"3";"";
"2057";"10831";"4";"";
"2058";"9616";"1";"1";
"2058";"11917";"2";"";
"2059";"9617";"1";"1";
"2060";"9618";"1";"1";
"2060";"9619";"2";"";
"2061";"9620";"1";"1";
"2062";"9621";"1";"";
"2062";"14450";"2";"";
"2062";"14451";"3";"";
"2062";"15259";"4";"";
"2062";"15260";"5";"1";
"2062";"15261";"6";"";
"2063";"9626";"1";"1";
"2064";"9627";"1";"";
"2064";"9628";"2";"";
"2064";"10522";"3";"";
"2064";"10523";"4";"";
"2064";"10827";"5";"";
"2064";"10828";"6";"";
"2064";"13981";"7";"";
"2064";"14485";"8";"1";
"2065";"9629";"1";"1";
"2065";"9630";"2";"";
"2066";"9631";"1";"";
"2066";"9632";"2";"1";
"2066";"9633";"3";"";
"2067";"9634";"1";"";
"2067";"9635";"2";"";
"2067";"14429";"3";"1";
"2067";"18800";"4";"";
"2068";"9636";"1";"1";
"2068";"9637";"2";"";
"2068";"15292";"3";"";
"2069";"9638";"1";"";
"2069";"9639";"2";"";
"2069";"9640";"3";"1";
"2069";"13931";"4";"";
"2069";"13932";"5";"";
"2069";"13933";"6";"";
"2069";"14390";"7";"";
"2070";"9642";"1";"";
"2070";"9643";"2";"";
"2070";"11993";"3";"1";
"2070";"11994";"4";"";
"2070";"11995";"5";"";
"2070";"11996";"6";"";
"2070";"11997";"7";"";
"2070";"11998";"8";"";
"2070";"14868";"9";"";
"2071";"9645";"1";"1";
"2071";"9646";"2";"";
"2072";"9647";"1";"";
"2072";"9648";"2";"";
"2072";"15370";"3";"";
"2072";"15371";"4";"1";
"2073";"9649";"1";"";
"2073";"9650";"2";"1";
"2074";"9651";"1";"";
"2074";"9652";"2";"";
"2074";"9653";"3";"";
"2074";"9654";"4";"1";
"2074";"9655";"5";"";
"2075";"9656";"1";"";
"2075";"9657";"2";"1";
"2075";"9658";"3";"";
"2075";"9659";"4";"";
"2075";"9660";"5";"";
"2076";"9661";"1";"1";
"2076";"9662";"2";"";
"2077";"9663";"1";"";
"2077";"9664";"2";"";
"2077";"9665";"3";"";
"2077";"9666";"4";"1";
"2078";"9667";"1";"";
"2078";"9668";"2";"1";
"2078";"9669";"3";"";
"2079";"9670";"1";"";
"2079";"9671";"2";"1";
"2079";"9672";"3";"";
"2080";"9673";"1";"";
"2080";"9674";"2";"";
"2080";"9675";"3";"1";
"2081";"9676";"1";"1";
"2081";"9677";"2";"";
"2082";"9678";"1";"";
"2082";"9679";"2";"";
"2082";"9680";"3";"1";
"2083";"9681";"1";"";
"2083";"9682";"2";"";
"2083";"9683";"3";"1";
"2084";"9684";"1";"1";
"2084";"9685";"2";"";
"2084";"9686";"3";"";
"2084";"9746";"4";"";
"2085";"9738";"1";"";
"2085";"9739";"2";"1";
"2085";"9740";"3";"";
"2086";"9690";"1";"";
"2086";"9691";"2";"1";
"2086";"9692";"3";"";
"2087";"9693";"1";"1";
"2087";"9694";"2";"";
"2088";"9695";"1";"1";
"2088";"9696";"2";"";
"2089";"9697";"1";"1";
"2089";"9698";"2";"";
"2089";"9699";"3";"";
"2090";"9700";"1";"";
"2090";"9701";"2";"";
"2090";"9702";"3";"1";
"2091";"9703";"1";"1";
"2091";"9704";"2";"";
"2092";"9705";"1";"";
"2092";"9706";"2";"";
"2092";"9707";"3";"";
"2092";"9743";"4";"1";
"2092";"9745";"5";"";
"2093";"9708";"1";"";
"2093";"9709";"2";"1";
"2093";"9710";"3";"";
"2093";"9711";"4";"";
"2094";"9712";"1";"1";
"2094";"9713";"2";"";
"2094";"9714";"3";"";
"2095";"9715";"1";"";
"2095";"9716";"2";"";
"2095";"9717";"3";"";
"2095";"9718";"4";"1";
"2095";"9747";"5";"";
"2096";"9719";"1";"";
"2096";"9720";"2";"";
"2096";"9721";"3";"1";
"2096";"9722";"4";"";
"2096";"9723";"5";"";
"2096";"9741";"6";"";
"2096";"9742";"7";"";
"2097";"9726";"1";"";
"2097";"13995";"2";"";
"2097";"14009";"3";"1";
"2097";"14010";"4";"";
"2098";"9727";"1";"1";
"2098";"15563";"2";"";
"2099";"9729";"1";"";
"2099";"9730";"2";"1";
"2100";"9731";"1";"1";
"2101";"9732";"1";"1";
"2102";"9734";"1";"1";
"2103";"9735";"1";"";
"2103";"9736";"2";"1";
"2104";"9748";"1";"";
"2104";"9749";"2";"";
"2104";"9750";"3";"";
"2104";"9751";"4";"";
"2104";"13993";"5";"";
"2104";"19028";"6";"";
"2104";"19029";"7";"1";
"2104";"19030";"8";"";
"2104";"19031";"9";"";
"2105";"9752";"1";"";
"2105";"9753";"2";"";
"2105";"9754";"3";"";
"2105";"13998";"4";"";
"2105";"14170";"5";"";
"2105";"15725";"6";"";
"2105";"15726";"7";"";
"2105";"15798";"8";"";
"2105";"15799";"9";"1";
"2106";"9755";"1";"";
"2106";"9756";"2";"1";
"2107";"9762";"1";"";
"2107";"9763";"2";"1";
"2107";"9764";"3";"";
"2108";"9765";"1";"";
"2108";"9766";"2";"";
"2108";"9767";"3";"";
"2108";"16475";"4";"1";
"2108";"16476";"5";"";
"2109";"9768";"1";"";
"2109";"9769";"2";"1";
"2110";"9770";"1";"1";
"2111";"9771";"1";"1";
"2111";"9772";"2";"";
"2111";"9773";"3";"";
"2112";"9777";"1";"";
"2112";"9778";"2";"1";
"2112";"9779";"3";"";
"2112";"13852";"4";"";
"2112";"13853";"5";"";
"2112";"13854";"6";"";
"2112";"17490";"7";"";
"2112";"17491";"8";"";
"2113";"9780";"1";"";
"2113";"9781";"2";"";
"2113";"9782";"3";"1";
"2113";"9783";"4";"";
"2113";"9784";"5";"";
"2114";"9785";"1";"1";
"2114";"9786";"2";"";
"2114";"9787";"3";"";
"2115";"9788";"1";"";
"2115";"9789";"2";"";
"2115";"9790";"3";"";
"2115";"11973";"4";"";
"2115";"11975";"5";"";
"2115";"11976";"6";"";
"2115";"15719";"7";"1";
"2116";"9791";"1";"";
"2116";"9792";"2";"";
"2116";"9793";"3";"";
"2116";"9794";"4";"";
"2116";"9795";"5";"1";
"2116";"9796";"6";"";
"2116";"9976";"7";"";
"2117";"9797";"1";"1";
"2117";"9798";"2";"";
"2117";"9799";"3";"";
"2118";"9800";"1";"1";
"2118";"9801";"2";"";
"2118";"9802";"3";"";
"2118";"21159";"4";"";
"2119";"9803";"1";"1";
"2119";"9804";"2";"";
"2119";"9805";"3";"";
"2119";"9806";"4";"";
"2120";"9807";"1";"1";
"2120";"9808";"2";"";
"2121";"9809";"1";"1";
"2121";"9810";"2";"";
"2121";"9811";"3";"";
"2122";"9812";"1";"";
"2122";"9813";"2";"1";
"2122";"9814";"3";"";
"2123";"9815";"1";"";
"2123";"9816";"2";"";
"2123";"13529";"3";"";
"2123";"13530";"4";"1";
"2123";"14285";"5";"";
"2124";"9820";"1";"";
"2124";"9821";"2";"";
"2124";"13526";"3";"";
"2124";"13527";"4";"1";
"2124";"16025";"5";"";
"2125";"9822";"1";"";
"2125";"9823";"2";"";
"2125";"9824";"3";"";
"2125";"9825";"4";"";
"2125";"9826";"5";"";
"2125";"19383";"6";"1";
"2125";"21367";"7";"";
"2125";"21368";"8";"";
"2125";"21369";"9";"";
"2126";"9829";"1";"";
"2126";"9830";"2";"";
"2126";"9831";"3";"1";
"2126";"14286";"4";"";
"2127";"9832";"1";"";
"2127";"9833";"2";"1";
"2127";"13525";"3";"";
"2128";"9834";"1";"";
"2128";"9835";"2";"";
"2128";"9836";"3";"1";
"2128";"14313";"4";"";
"2129";"9837";"1";"";
"2129";"9838";"2";"";
"2129";"9839";"3";"";
"2129";"9840";"4";"";
"2129";"12136";"5";"";
"2129";"12137";"6";"";
"2129";"12138";"7";"1";
"2130";"9841";"1";"1";
"2130";"9842";"2";"";
"2131";"9843";"1";"1";
"2131";"9844";"2";"";
"2132";"9845";"1";"1";
"2132";"9846";"2";"";
"2133";"9847";"1";"";
"2133";"9848";"2";"1";
"2134";"9849";"1";"1";
"2134";"9850";"2";"";
"2134";"9851";"3";"";
"2135";"9852";"1";"1";
"2135";"9853";"2";"";
"2136";"9854";"1";"";
"2136";"9855";"2";"1";
"2136";"9856";"3";"";
"2137";"9857";"1";"";
"2137";"9858";"2";"";
"2137";"17918";"3";"";
"2137";"17919";"4";"";
"2137";"17920";"5";"1";
"2137";"17921";"6";"";
"2138";"9860";"1";"";
"2138";"9861";"2";"";
"2138";"9862";"3";"";
"2138";"13885";"4";"";
"2138";"13886";"5";"1";
"2138";"13887";"6";"";
"2139";"9863";"1";"";
"2139";"9864";"2";"";
"2139";"9865";"3";"1";
"2140";"9866";"1";"";
"2140";"9867";"2";"1";
"2141";"9868";"1";"";
"2141";"9869";"2";"";
"2141";"9870";"3";"1";
"2141";"9871";"4";"";
"2141";"9872";"5";"";
"2142";"17700";"1";"";
"2142";"17701";"2";"1";
"2142";"17702";"3";"";
"2142";"17703";"4";"";
"2143";"9876";"1";"";
"2143";"9877";"2";"1";
"2144";"9878";"1";"1";
"2145";"9879";"1";"1";
"2145";"9880";"2";"";
"2146";"9881";"1";"1";
"2147";"9883";"1";"1";
"2148";"9882";"1";"1";
"2149";"9885";"1";"1";
"2150";"9886";"1";"1";
"2151";"9887";"1";"1";
"2152";"9888";"1";"1";
"2153";"9889";"1";"";
"2153";"9890";"2";"1";
"2154";"9891";"1";"";
"2154";"9892";"2";"1";
"2155";"9893";"1";"1";
"2155";"9894";"2";"";
"2156";"9896";"1";"";
"2156";"9897";"2";"";
"2156";"10998";"3";"1";
"2157";"9898";"1";"";
"2157";"9899";"2";"";
"2157";"11977";"3";"";
"2157";"11978";"4";"";
"2157";"11979";"5";"1";
"2157";"11980";"6";"";
"2157";"11981";"7";"";
"2157";"11982";"8";"";
"2157";"11983";"9";"";
"2157";"11984";"10";"";
"2157";"11985";"11";"";
"2157";"11986";"12";"";
"2157";"11987";"13";"";
"2157";"11988";"14";"";
"2157";"11989";"15";"";
"2158";"9905";"1";"";
"2158";"9906";"2";"";
"2158";"9907";"3";"1";
"2159";"9908";"1";"";
"2159";"9909";"2";"";
"2159";"9910";"3";"";
"2159";"9911";"4";"";
"2159";"9912";"5";"";
"2159";"14110";"6";"";
"2159";"15771";"7";"";
"2159";"15772";"8";"";
"2159";"16313";"9";"1";
"2159";"16314";"10";"";
"2160";"9913";"1";"1";
"2160";"9914";"2";"";
"2161";"9915";"1";"";
"2161";"9916";"2";"1";
"2162";"9925";"1";"";
"2162";"9926";"2";"1";
"2162";"9927";"3";"";
"2162";"19447";"4";"";
"2163";"9928";"1";"1";
"2164";"9932";"1";"";
"2164";"9933";"2";"";
"2164";"9934";"3";"";
"2164";"10962";"4";"";
"2164";"11641";"5";"";
"2164";"12774";"6";"";
"2164";"12775";"7";"";
"2164";"14498";"8";"1";
"2164";"15732";"9";"";
"2165";"9935";"1";"";
"2165";"9936";"2";"1";
"2165";"9937";"3";"";
"2165";"9938";"4";"";
"2165";"9943";"5";"";
"2166";"9939";"1";"1";
"2166";"9940";"2";"";
"2166";"9941";"3";"";
"2167";"11122";"1";"";
"2167";"11123";"2";"";
"2167";"17120";"3";"";
"2167";"17121";"4";"";
"2167";"17122";"5";"1";
"2167";"17124";"6";"";
"2167";"17126";"7";"";
"2167";"17128";"8";"";
"2167";"17129";"9";"";
"2168";"9973";"1";"";
"2168";"9974";"2";"";
"2168";"10027";"3";"";
"2168";"10028";"4";"1";
"2168";"10029";"5";"";
"2168";"10030";"6";"";
"2168";"10031";"7";"";
"2168";"14513";"8";"";
"2169";"9980";"1";"";
"2169";"9981";"2";"";
"2169";"9982";"3";"1";
"2169";"10037";"4";"";
"2170";"9983";"1";"";
"2170";"10008";"2";"";
"2170";"10009";"3";"1";
"2170";"10010";"4";"";
"2170";"10011";"5";"";
"2170";"10036";"6";"";
"2171";"9984";"1";"";
"2171";"9985";"2";"";
"2171";"9986";"3";"";
"2171";"9987";"4";"";
"2171";"9988";"5";"";
"2171";"21165";"6";"1";
"2171";"21166";"7";"";
"2171";"21167";"8";"";
"2171";"21168";"9";"";
"2171";"21169";"10";"";
"2172";"10054";"1";"";
"2172";"10055";"2";"";
"2172";"10057";"3";"";
"2172";"10058";"4";"";
"2172";"10059";"5";"";
"2172";"10060";"6";"";
"2172";"10061";"7";"";
"2172";"10062";"8";"";
"2172";"10063";"9";"";
"2172";"10056";"10";"1";
"2173";"10067";"1";"1";
"2174";"10068";"1";"";
"2174";"10069";"2";"1";
"2174";"10071";"3";"";
"2174";"10070";"4";"";
"2174";"10497";"5";"";
"2175";"10093";"1";"";
"2175";"10094";"2";"1";
"2175";"10095";"3";"";
"2175";"12944";"4";"";
"2175";"12945";"5";"";
"2176";"10108";"1";"1";
"2176";"10313";"2";"";
"2177";"10109";"1";"1";
"2177";"10110";"2";"";
"2177";"10111";"3";"";
"2178";"10115";"1";"1";
"2179";"10116";"1";"1";
"2180";"10117";"1";"1";
"2181";"10118";"1";"1";
"2182";"10119";"1";"1";
"2183";"16211";"1";"1";
"2183";"16210";"2";"";
"2183";"16209";"3";"";
"2184";"10163";"1";"1";
"2185";"10165";"1";"";
"2185";"10199";"2";"";
"2185";"10200";"3";"";
"2185";"10238";"4";"";
"2185";"10401";"5";"";
"2185";"16290";"6";"";
"2185";"16291";"7";"1";
"2185";"16296";"8";"";
"2186";"10166";"1";"1";
"2186";"10167";"2";"";
"2186";"10168";"3";"";
"2186";"10169";"4";"";
"2187";"10170";"1";"";
"2187";"10171";"2";"1";
"2187";"10172";"3";"";
"2187";"10173";"4";"";
"2188";"19338";"1";"";
"2188";"10207";"2";"";
"2188";"10205";"3";"";
"2188";"10206";"4";"";
"2188";"10208";"5";"";
"2188";"10209";"6";"";
"2188";"10554";"7";"";
"2188";"19472";"8";"1";
"2189";"10217";"1";"";
"2189";"10218";"2";"";
"2189";"10219";"3";"";
"2189";"10221";"4";"";
"2189";"14601";"5";"";
"2189";"21345";"6";"";
"2189";"21346";"7";"";
"2189";"21347";"8";"1";
"2190";"10222";"1";"";
"2190";"10223";"2";"";
"2190";"10224";"3";"";
"2190";"10284";"4";"";
"2190";"10285";"5";"";
"2190";"10286";"6";"";
"2190";"10287";"7";"";
"2190";"10288";"8";"";
"2190";"10289";"9";"";
"2190";"10553";"10";"1";
"2190";"14707";"11";"";
"2190";"16751";"12";"";
"2191";"10228";"1";"";
"2191";"10229";"2";"1";
"2191";"10230";"3";"";
"2193";"10233";"1";"";
"2193";"10234";"2";"";
"2193";"10235";"3";"";
"2193";"10236";"4";"";
"2193";"10237";"5";"";
"2193";"10600";"6";"";
"2193";"10599";"7";"";
"2193";"12637";"8";"";
"2193";"12638";"9";"";
"2193";"15762";"10";"1";
"2194";"10239";"1";"";
"2194";"10240";"2";"";
"2194";"10507";"3";"";
"2194";"10508";"4";"1";
"2195";"10241";"1";"";
"2195";"10242";"2";"1";
"2195";"10243";"3";"";
"2195";"10244";"4";"";
"2195";"11149";"5";"";
"2195";"14898";"6";"";
"2195";"14899";"7";"";
"2196";"10245";"1";"";
"2196";"10246";"2";"1";
"2196";"10247";"3";"";
"2197";"10249";"1";"";
"2197";"10250";"2";"1";
"2197";"10251";"3";"";
"2197";"10399";"4";"";
"2197";"10400";"5";"";
"2197";"10575";"6";"";
"2199";"10252";"1";"";
"2199";"10253";"2";"";
"2199";"10266";"3";"1";
"2199";"10267";"4";"";
"2199";"10268";"5";"";
"2199";"10269";"6";"";
"2199";"10270";"7";"";
"2199";"10403";"8";"";
"2199";"10404";"9";"";
"2200";"10255";"1";"";
"2200";"10256";"2";"";
"2200";"10257";"3";"";
"2200";"10392";"4";"1";
"2200";"10638";"5";"";
"2201";"10271";"1";"";
"2201";"10272";"2";"";
"2201";"10786";"3";"1";
"2201";"10787";"4";"";
"2201";"10788";"5";"";
"2201";"10789";"6";"";
"2201";"10790";"7";"";
"2201";"10791";"8";"";
"2202";"10273";"1";"";
"2202";"10274";"2";"1";
"2203";"10275";"1";"";
"2203";"10276";"2";"";
"2203";"11231";"3";"";
"2203";"11237";"4";"";
"2203";"11249";"5";"";
"2203";"11265";"6";"";
"2203";"11506";"7";"";
"2203";"12751";"8";"";
"2203";"12752";"9";"";
"2203";"12753";"10";"1";
"2203";"12910";"11";"";
"2203";"14309";"12";"";
"2203";"14414";"13";"";
"2204";"10278";"1";"1";
"2204";"14879";"2";"";
"2204";"16754";"3";"";
"2204";"16908";"4";"";
"2204";"16927";"5";"";
"2204";"16928";"6";"";
"2204";"16929";"7";"";
"2204";"16930";"8";"";
"2205";"10279";"1";"";
"2205";"10280";"2";"";
"2205";"10281";"3";"1";
"2205";"10393";"4";"";
"2205";"10394";"5";"";
"2205";"10395";"6";"";
"2205";"10835";"7";"";
"2206";"10283";"1";"";
"2206";"10388";"2";"";
"2206";"10389";"3";"";
"2206";"10416";"4";"";
"2206";"10417";"5";"";
"2206";"10551";"6";"";
"2206";"16302";"7";"";
"2206";"16755";"8";"";
"2206";"16756";"9";"";
"2206";"16757";"10";"";
"2206";"16758";"11";"";
"2206";"16759";"12";"";
"2206";"19416";"13";"1";
"2207";"10300";"1";"1";
"2207";"10301";"2";"";
"2207";"10302";"3";"";
"2208";"10331";"1";"";
"2208";"10332";"2";"1";
"2208";"10330";"3";"";
"2209";"10334";"1";"";
"2209";"10335";"2";"";
"2209";"10336";"3";"";
"2209";"10411";"4";"";
"2209";"10675";"5";"";
"2209";"10676";"6";"1";
"2209";"10677";"7";"";
"2209";"10678";"8";"";
"2210";"10337";"1";"";
"2210";"10338";"2";"1";
"2210";"10339";"3";"";
"2210";"18115";"4";"";
"2210";"18116";"5";"";
"2210";"18117";"6";"";
"2210";"18118";"7";"";
"2211";"10340";"1";"";
"2211";"10341";"2";"";
"2211";"10491";"3";"";
"2211";"10493";"4";"";
"2211";"10549";"5";"";
"2211";"10492";"6";"";
"2211";"13075";"7";"";
"2211";"13076";"8";"";
"2211";"13077";"9";"";
"2211";"13078";"10";"";
"2211";"13079";"11";"";
"2211";"16355";"12";"1";
"2212";"10342";"1";"";
"2212";"10629";"2";"";
"2212";"10972";"3";"";
"2212";"10974";"4";"";
"2212";"11023";"5";"";
"2212";"11392";"6";"";
"2212";"14288";"7";"1";
"2213";"10368";"1";"1";
"2213";"10370";"2";"";
"2213";"10371";"3";"";
"2213";"10372";"4";"";
"2213";"10369";"5";"";
"2214";"10373";"1";"";
"2214";"10375";"2";"1";
"2214";"12904";"3";"";
"2214";"12990";"4";"";
"2214";"12992";"5";"";
"2214";"16240";"6";"";
"2214";"16241";"7";"";
"2214";"16242";"8";"";
"2215";"10379";"1";"1";
"2215";"11541";"2";"";
"2216";"10398";"1";"";
"2216";"11824";"2";"";
"2216";"11825";"3";"1";
"2217";"10428";"1";"";
"2217";"10429";"2";"";
"2217";"10681";"3";"";
"2217";"10682";"4";"";
"2217";"11167";"5";"";
"2217";"11168";"6";"";
"2217";"11169";"7";"";
"2217";"11170";"8";"";
"2217";"15853";"9";"1";
"2217";"15854";"10";"";
"2218";"10430";"1";"";
"2218";"10431";"2";"";
"2218";"10432";"3";"";
"2218";"11335";"4";"";
"2218";"11336";"5";"1";
"2218";"12769";"6";"";
"2218";"12770";"7";"";
"2218";"12771";"8";"";
"2219";"10437";"1";"";
"2219";"10504";"2";"";
"2219";"10506";"3";"";
"2219";"10850";"4";"1";
"2219";"10851";"5";"";
"2219";"10973";"6";"";
"2219";"11389";"7";"";
"2219";"12761";"8";"";
"2220";"10434";"1";"";
"2220";"10435";"2";"";
"2220";"10444";"3";"";
"2220";"10445";"4";"1";
"2221";"10440";"1";"";
"2221";"10441";"2";"1";
"2222";"10442";"1";"";
"2222";"10443";"2";"";
"2222";"12796";"3";"";
"2222";"13034";"4";"1";
"2222";"13035";"5";"";
"2223";"10446";"1";"";
"2223";"10447";"2";"1";
"2223";"14733";"3";"";
"2224";"10448";"1";"1";
"2225";"10449";"1";"1";
"2225";"10450";"2";"";
"2225";"10451";"3";"";
"2225";"10452";"4";"";
"2225";"14583";"5";"";
"2225";"14604";"6";"";
"2226";"10453";"1";"";
"2226";"12726";"2";"1";
"2226";"12727";"3";"";
"2227";"10456";"1";"1";
"2227";"10457";"2";"";
"2228";"10458";"1";"1";
"2228";"10459";"2";"";
"2228";"10460";"3";"";
"2229";"10461";"1";"";
"2229";"10462";"2";"1";
"2229";"10464";"3";"";
"2229";"10463";"4";"";
"2229";"11022";"5";"";
"2230";"10465";"1";"1";
"2230";"10466";"2";"";
"2231";"10468";"1";"";
"2231";"10469";"2";"1";
"2232";"10470";"1";"1";
"2232";"10471";"2";"";
"2233";"10472";"1";"1";
"2233";"10473";"2";"";
"2234";"10474";"1";"";
"2234";"10475";"2";"1";
"2235";"10476";"1";"";
"2235";"17521";"2";"1";
"2236";"10531";"1";"";
"2236";"10532";"2";"";
"2236";"10853";"3";"";
"2236";"13049";"4";"1";
"2237";"10534";"1";"";
"2237";"10535";"2";"";
"2237";"10533";"3";"";
"2237";"13045";"4";"1";
"2237";"13046";"5";"";
"2238";"10536";"1";"";
"2238";"10537";"2";"";
"2238";"10832";"3";"1";
"2238";"10999";"4";"";
"2238";"11000";"5";"";
"2238";"13036";"6";"";
"2239";"10538";"1";"";
"2239";"13040";"2";"";
"2239";"13041";"3";"";
"2239";"13042";"4";"";
"2239";"19493";"5";"";
"2239";"19494";"6";"";
"2239";"19495";"7";"";
"2239";"19496";"8";"1";
"2240";"10539";"1";"";
"2240";"10541";"2";"";
"2240";"10803";"3";"";
"2240";"10804";"4";"";
"2240";"10805";"5";"";
"2240";"13029";"6";"";
"2240";"13031";"7";"";
"2240";"13032";"8";"";
"2240";"13033";"9";"1";
"2240";"14704";"10";"";
"2241";"10544";"1";"1";
"2241";"10543";"2";"";
"2242";"10546";"1";"";
"2242";"10547";"2";"";
"2242";"10545";"3";"";
"2242";"10854";"4";"";
"2242";"10855";"5";"";
"2242";"13544";"6";"1";
"2243";"10548";"1";"1";
"2243";"14483";"2";"";
"2244";"10565";"1";"";
"2244";"10566";"2";"";
"2244";"10568";"3";"";
"2244";"10567";"4";"";
"2244";"16340";"5";"";
"2244";"16341";"6";"1";
"2245";"10579";"1";"1";
"2245";"10588";"2";"";
"2245";"10587";"3";"";
"2245";"10836";"4";"";
"2245";"10837";"5";"";
"2246";"10578";"1";"";
"2246";"10580";"2";"";
"2246";"10581";"3";"";
"2246";"10582";"4";"1";
"2246";"10591";"5";"";
"2246";"10592";"6";"";
"2246";"10833";"7";"";
"2246";"10834";"8";"";
"2246";"11493";"9";"";
"2246";"11494";"10";"";
"2248";"10602";"1";"1";
"2248";"10603";"2";"";
"2249";"10604";"1";"";
"2249";"10683";"2";"";
"2249";"10684";"3";"";
"2249";"10685";"4";"";
"2249";"10686";"5";"";
"2249";"10687";"6";"";
"2249";"11171";"7";"1";
"2249";"11172";"8";"";
"2249";"11348";"9";"";
"2249";"11349";"10";"";
"2249";"11350";"11";"";
"2250";"10612";"1";"";
"2250";"10613";"2";"1";
"2250";"10614";"3";"";
"2250";"10615";"4";"";
"2250";"10610";"5";"";
"2251";"10616";"1";"1";
"2251";"10617";"2";"";
"2251";"10618";"3";"";
"2251";"10611";"4";"";
"2252";"10622";"1";"";
"2252";"15956";"2";"";
"2252";"15957";"3";"1";
"2252";"15958";"4";"";
"2252";"15959";"5";"";
"2253";"10623";"1";"";
"2253";"10624";"2";"1";
"2253";"14911";"3";"";
"2253";"14912";"4";"";
"2253";"14913";"5";"";
"2253";"14914";"6";"";
"2254";"10625";"1";"1";
"2254";"10626";"2";"";
"2255";"10630";"1";"1";
"2255";"10632";"2";"";
"2255";"10631";"3";"";
"2256";"10633";"1";"";
"2256";"10634";"2";"";
"2256";"10971";"3";"";
"2256";"12901";"4";"1";
"2256";"14287";"5";"";
"2256";"15750";"6";"";
"2257";"10635";"1";"";
"2257";"10659";"2";"";
"2257";"10660";"3";"";
"2257";"10661";"4";"";
"2257";"10662";"5";"";
"2257";"11354";"6";"1";
"2257";"11355";"7";"";
"2258";"10637";"1";"1";
"2258";"10636";"2";"";
"2258";"10816";"3";"";
"2259";"10640";"1";"";
"2259";"10641";"2";"";
"2259";"10642";"3";"";
"2259";"10639";"4";"";
"2259";"10664";"5";"1";
"2259";"10665";"6";"";
"2259";"14717";"7";"";
"2259";"14718";"8";"";
"2260";"10649";"1";"";
"2260";"10650";"2";"1";
"2260";"11042";"3";"";
"2261";"10651";"1";"";
"2261";"10652";"2";"";
"2261";"12915";"3";"";
"2261";"14396";"4";"1";
"2262";"10657";"1";"1";
"2262";"10658";"2";"";
"2262";"10666";"3";"";
"2262";"10667";"4";"";
"2262";"10668";"5";"";
"2262";"10780";"6";"";
"2262";"16342";"7";"";
"2263";"10692";"1";"";
"2263";"10693";"2";"1";
"2263";"10694";"3";"";
"2263";"10695";"4";"";
"2263";"10696";"5";"";
"2263";"10697";"6";"";
"2263";"10698";"7";"";
"2263";"10700";"8";"";
"2264";"10701";"1";"";
"2264";"10703";"2";"";
"2264";"20953";"3";"";
"2264";"20954";"4";"1";
"2264";"20955";"5";"";
"2265";"10704";"1";"";
"2265";"10706";"2";"1";
"2265";"10707";"3";"";
"2265";"10705";"4";"";
"2265";"16117";"5";"";
"2265";"16118";"6";"";
"2266";"10709";"1";"";
"2266";"10710";"2";"1";
"2266";"10711";"3";"";
"2266";"10712";"4";"";
"2266";"10708";"5";"";
"2266";"14702";"6";"";
"2267";"10714";"1";"";
"2267";"10715";"2";"";
"2267";"10716";"3";"";
"2267";"10713";"4";"";
"2267";"11390";"5";"1";
"2267";"11391";"6";"";
"2268";"10717";"1";"";
"2268";"10718";"2";"";
"2268";"10719";"3";"";
"2268";"16147";"4";"";
"2268";"16148";"5";"1";
"2269";"10724";"1";"";
"2269";"10725";"2";"";
"2269";"11136";"3";"";
"2269";"11137";"4";"1";
"2269";"11138";"5";"";
"2269";"12907";"6";"";
"2269";"13047";"7";"";
"2269";"13048";"8";"";
"2270";"10726";"1";"1";
"2270";"10727";"2";"";
"2270";"10829";"3";"";
"2270";"11030";"4";"";
"2271";"10728";"1";"1";
"2271";"10729";"2";"";
"2271";"10730";"3";"";
"2271";"12900";"4";"";
"2271";"14588";"5";"";
"2271";"14711";"6";"";
"2271";"14713";"7";"";
"2271";"16750";"8";"";
"2271";"16770";"9";"";
"2271";"16827";"10";"";
"2272";"10731";"1";"";
"2272";"10733";"2";"";
"2272";"10732";"3";"";
"2272";"11001";"4";"";
"2272";"13023";"5";"1";
"2272";"13024";"6";"";
"2272";"13025";"7";"";
"2273";"10735";"1";"";
"2273";"10736";"2";"";
"2273";"10737";"3";"";
"2273";"10738";"4";"";
"2273";"10739";"5";"";
"2273";"10740";"6";"1";
"2274";"10741";"1";"";
"2274";"10742";"2";"";
"2274";"10743";"3";"";
"2274";"10769";"4";"";
"2274";"10770";"5";"";
"2274";"10771";"6";"";
"2274";"10772";"7";"";
"2274";"10773";"8";"";
"2274";"10774";"9";"";
"2274";"10775";"10";"";
"2274";"10776";"11";"";
"2274";"11021";"12";"";
"2274";"11155";"13";"";
"2274";"11261";"14";"";
"2274";"11459";"15";"";
"2274";"11460";"16";"";
"2274";"11637";"17";"";
"2274";"13715";"18";"";
"2274";"13716";"19";"";
"2274";"13717";"20";"1";
"2274";"13718";"21";"";
"2274";"13972";"22";"";
"2275";"10745";"1";"";
"2275";"10746";"2";"1";
"2275";"10744";"3";"";
"2275";"14741";"4";"";
"2276";"10748";"1";"";
"2276";"10749";"2";"";
"2276";"10747";"3";"";
"2276";"11503";"4";"1";
"2276";"11504";"5";"";
"2277";"10755";"1";"1";
"2277";"10757";"2";"";
"2277";"10758";"3";"";
"2277";"10759";"4";"";
"2277";"10760";"5";"";
"2277";"10761";"6";"";
"2277";"10762";"7";"";
"2277";"10756";"8";"";
"2278";"10763";"1";"";
"2278";"10764";"2";"";
"2278";"10765";"3";"";
"2278";"10766";"4";"1";
"2278";"10767";"5";"";
"2278";"10777";"6";"";
"2278";"10778";"7";"";
"2278";"10779";"8";"";
"2278";"12906";"9";"";
"2279";"10794";"1";"1";
"2279";"10795";"2";"";
"2279";"10796";"3";"";
"2279";"10797";"4";"";
"2279";"14293";"5";"";
"2280";"10861";"1";"";
"2280";"10862";"2";"";
"2280";"10863";"3";"";
"2280";"10864";"4";"";
"2280";"11028";"5";"";
"2280";"11029";"6";"";
"2280";"11043";"7";"";
"2280";"12766";"8";"1";
"2281";"10865";"1";"";
"2281";"10866";"2";"1";
"2282";"10867";"1";"";
"2282";"10868";"2";"";
"2282";"10869";"3";"";
"2282";"11027";"4";"";
"2282";"11353";"5";"";
"2282";"19789";"6";"1";
"2283";"10871";"1";"";
"2283";"10872";"2";"";
"2283";"11574";"3";"";
"2283";"11576";"4";"";
"2283";"11577";"5";"";
"2283";"11578";"6";"1";
"2283";"14843";"7";"";
"2284";"10873";"1";"";
"2284";"10874";"2";"";
"2284";"11139";"3";"1";
"2284";"11572";"4";"";
"2284";"11573";"5";"";
"2285";"10875";"1";"";
"2285";"10876";"2";"1";
"2285";"10877";"3";"";
"2285";"14873";"4";"";
"2286";"10878";"1";"";
"2286";"10879";"2";"1";
"2286";"11403";"3";"";
"2286";"11404";"4";"";
"2286";"11464";"5";"";
"2286";"11465";"6";"";
"2287";"19333";"1";"1";
"2287";"10880";"2";"";
"2287";"10882";"3";"";
"2287";"16882";"4";"";
"2287";"16883";"5";"";
"2287";"16884";"6";"";
"2287";"16885";"7";"";
"2287";"16886";"8";"";
"2287";"16887";"9";"";
"2287";"16888";"10";"";
"2288";"10885";"1";"";
"2288";"10886";"2";"";
"2288";"10887";"3";"";
"2288";"10928";"4";"1";
"2288";"10929";"5";"";
"2288";"11474";"6";"";
"2289";"10888";"1";"";
"2289";"10889";"2";"1";
"2290";"10890";"1";"";
"2290";"10891";"2";"1";
"2290";"11193";"3";"";
"2290";"11194";"4";"";
"2290";"21319";"5";"";
"2291";"10892";"1";"1";
"2291";"10893";"2";"";
"2292";"10894";"1";"";
"2292";"10895";"2";"";
"2292";"10984";"3";"1";
"2293";"10896";"1";"1";
"2293";"10897";"2";"";
"2293";"10898";"3";"";
"2293";"12899";"4";"";
"2294";"10904";"1";"";
"2294";"11272";"2";"1";
"2294";"11273";"3";"";
"2294";"11274";"4";"";
"2295";"10905";"1";"";
"2295";"10906";"2";"";
"2295";"10907";"3";"";
"2295";"21276";"4";"1";
"2295";"21277";"5";"";
"2295";"21278";"6";"";
"2296";"10908";"1";"1";
"2296";"10909";"2";"";
"2297";"10921";"1";"";
"2297";"10922";"2";"";
"2297";"10923";"3";"";
"2297";"10924";"4";"";
"2297";"10925";"5";"";
"2297";"13057";"6";"1";
"2298";"10930";"1";"1";
"2298";"10931";"2";"";
"2299";"10938";"1";"";
"2299";"10939";"2";"";
"2299";"13037";"3";"";
"2299";"13038";"4";"";
"2299";"14480";"5";"1";
"2300";"10945";"1";"";
"2300";"10946";"2";"1";
"2300";"10947";"3";"";
"2301";"10948";"1";"";
"2301";"11639";"2";"";
"2301";"14422";"3";"1";
"2302";"10949";"1";"1";
"2302";"10950";"2";"";
"2302";"10951";"3";"";
"2303";"10952";"1";"";
"2303";"10953";"2";"";
"2303";"10954";"3";"1";
"2303";"18969";"4";"";
"2304";"10955";"1";"1";
"2304";"10956";"2";"";
"2304";"10957";"3";"";
"2305";"14667";"1";"1";
"2305";"10958";"2";"";
"2306";"10963";"1";"1";
"2306";"10964";"2";"";
"2306";"13018";"3";"";
"2306";"13019";"4";"";
"2307";"10967";"1";"1";
"2307";"10968";"2";"";
"2307";"10969";"3";"";
"2307";"10970";"4";"";
"2307";"16925";"5";"";
"2307";"16926";"6";"";
"2308";"10975";"1";"";
"2308";"10976";"2";"";
"2308";"10977";"3";"1";
"2308";"10978";"4";"";
"2308";"12918";"5";"";
"2309";"10979";"1";"";
"2309";"10980";"2";"";
"2309";"10981";"3";"";
"2309";"11205";"4";"";
"2309";"11206";"5";"";
"2309";"11207";"6";"";
"2309";"11315";"7";"1";
"2310";"10982";"1";"1";
"2310";"10983";"2";"";
"2311";"10989";"1";"";
"2311";"10990";"2";"";
"2311";"10991";"3";"1";
"2311";"10992";"4";"";
"2312";"11037";"1";"1";
"2313";"11051";"1";"";
"2313";"11052";"2";"";
"2313";"11053";"3";"";
"2313";"11539";"4";"";
"2313";"17044";"5";"";
"2313";"17045";"6";"";
"2313";"17046";"7";"";
"2313";"17047";"8";"";
"2313";"17048";"9";"";
"2313";"17049";"10";"";
"2313";"17050";"11";"";
"2313";"17051";"12";"1";
"2313";"17052";"13";"";
"2314";"11054";"1";"";
"2314";"11055";"2";"1";
"2314";"11056";"3";"";
"2314";"20765";"4";"";
"2314";"20766";"5";"";
"2314";"20767";"6";"";
"2314";"20768";"7";"";
"2315";"11063";"1";"1";
"2315";"11064";"2";"";
"2316";"11065";"1";"";
"2316";"11066";"2";"1";
"2316";"11308";"3";"";
"2316";"12781";"4";"";
"2317";"11067";"1";"";
"2317";"11068";"2";"1";
"2318";"11069";"1";"";
"2318";"11070";"2";"";
"2318";"12636";"3";"1";
"2319";"11071";"1";"1";
"2319";"11072";"2";"";
"2319";"11073";"3";"";
"2320";"11074";"1";"";
"2320";"11075";"2";"";
"2320";"11076";"3";"";
"2320";"11143";"4";"";
"2320";"11144";"5";"";
"2320";"11244";"6";"";
"2320";"12764";"7";"";
"2320";"12765";"8";"1";
"2320";"15709";"9";"";
"2321";"19283";"1";"1";
"2321";"11077";"2";"";
"2321";"11078";"3";"";
"2321";"11079";"4";"";
"2321";"11080";"5";"";
"2321";"11081";"6";"";
"2321";"11419";"7";"";
"2321";"11420";"8";"";
"2321";"14575";"9";"";
"2321";"14576";"10";"";
"2322";"11082";"1";"";
"2322";"11083";"2";"";
"2322";"11084";"3";"";
"2322";"12794";"4";"";
"2322";"12795";"5";"1";
"2323";"11085";"1";"";
"2323";"11086";"2";"";
"2323";"11087";"3";"";
"2323";"11238";"4";"";
"2323";"11256";"5";"";
"2323";"13540";"6";"1";
"2324";"11088";"1";"1";
"2324";"11089";"2";"";
"2324";"11090";"3";"";
"2324";"11091";"4";"";
"2324";"12902";"5";"";
"2324";"14848";"6";"";
"2325";"11094";"1";"";
"2325";"11095";"2";"";
"2325";"11096";"3";"";
"2325";"11581";"4";"";
"2325";"12816";"5";"1";
"2326";"11097";"1";"";
"2326";"11098";"2";"1";
"2326";"11099";"3";"";
"2326";"11100";"4";"";
"2326";"11440";"5";"";
"2326";"11441";"6";"";
"2326";"11442";"7";"";
"2327";"11101";"1";"";
"2327";"11102";"2";"1";
"2327";"11103";"3";"";
"2328";"11105";"1";"";
"2328";"11106";"2";"1";
"2328";"11107";"3";"";
"2328";"11239";"4";"";
"2328";"11240";"5";"";
"2329";"11108";"1";"";
"2329";"11109";"2";"";
"2329";"11367";"3";"";
"2329";"11417";"4";"";
"2329";"12625";"5";"1";
"2330";"11110";"1";"";
"2330";"11111";"2";"";
"2330";"11112";"3";"";
"2330";"11113";"4";"";
"2330";"11414";"5";"";
"2330";"11415";"6";"";
"2330";"12626";"7";"1";
"2331";"11132";"1";"";
"2331";"11133";"2";"";
"2331";"12648";"3";"1";
"2332";"11174";"1";"1";
"2332";"11175";"2";"";
"2332";"11176";"3";"";
"2332";"11177";"4";"";
"2332";"11178";"5";"";
"2333";"11179";"1";"1";
"2334";"11183";"1";"";
"2334";"11184";"2";"";
"2334";"11185";"3";"";
"2334";"11186";"4";"";
"2334";"11187";"5";"";
"2334";"11188";"6";"";
"2334";"11189";"7";"1";
"2335";"11211";"1";"1";
"2336";"11224";"1";"1";
"2336";"11298";"2";"";
"2336";"11299";"3";"";
"2337";"11195";"1";"1";
"2337";"14312";"2";"";
"2338";"11223";"1";"1";
"2339";"11227";"1";"1";
"2340";"11213";"1";"1";
"2340";"11215";"2";"";
"2340";"11216";"3";"";
"2341";"11218";"1";"1";
"2342";"11210";"1";"1";
"2343";"11212";"1";"1";
"2344";"11192";"1";"";
"2344";"13026";"2";"";
"2344";"13027";"3";"";
"2344";"13028";"4";"1";
"2345";"11220";"1";"1";
"2346";"11221";"1";"1";
"2347";"11222";"1";"1";
"2348";"11225";"1";"";
"2348";"11226";"2";"";
"2348";"12786";"3";"1";
"2349";"11228";"1";"";
"2349";"11229";"2";"";
"2349";"11230";"3";"";
"2349";"19102";"4";"";
"2349";"19103";"5";"";
"2349";"19104";"6";"";
"2349";"19407";"7";"";
"2349";"19408";"8";"1";
"2350";"11232";"1";"1";
"2350";"11233";"2";"";
"2350";"11234";"3";"";
"2350";"11235";"4";"";
"2351";"11277";"1";"";
"2351";"11645";"2";"";
"2351";"14778";"3";"1";
"2352";"11283";"1";"1";
"2352";"11284";"2";"";
"2353";"11287";"1";"";
"2353";"11288";"2";"1";
"2354";"11289";"1";"";
"2354";"11290";"2";"";
"2354";"11368";"3";"1";
"2354";"11369";"4";"";
"2355";"11296";"1";"";
"2355";"11297";"2";"";
"2355";"13176";"3";"1";
"2356";"11321";"1";"";
"2356";"11322";"2";"1";
"2357";"11316";"1";"1";
"2358";"11317";"1";"1";
"2359";"11318";"1";"1";
"2360";"11372";"1";"1";
"2360";"11373";"2";"";
"2361";"11374";"1";"1";
"2361";"11375";"2";"";
"2361";"11376";"3";"";
"2361";"11413";"4";"";
"2361";"12911";"5";"";
"2362";"11379";"1";"";
"2362";"11380";"2";"";
"2362";"12647";"3";"";
"2362";"12767";"4";"";
"2362";"13043";"5";"";
"2362";"13044";"6";"1";
"2363";"11381";"1";"";
"2363";"11382";"2";"";
"2363";"15872";"3";"1";
"2364";"11383";"1";"1";
"2364";"11384";"2";"";
"2364";"11439";"3";"";
"2365";"11477";"1";"";
"2365";"11478";"2";"";
"2365";"11479";"3";"";
"2365";"12634";"4";"";
"2365";"15679";"5";"1";
"2366";"11558";"1";"1";
"2366";"11559";"2";"";
"2367";"11560";"1";"";
"2367";"11561";"2";"";
"2367";"11562";"3";"";
"2367";"11563";"4";"";
"2367";"11570";"5";"";
"2367";"11571";"6";"";
"2367";"11665";"7";"1";
"2367";"14301";"8";"";
"2368";"11569";"1";"1";
"2369";"11579";"1";"";
"2369";"11584";"2";"1";
"2370";"11651";"1";"";
"2370";"11652";"2";"";
"2370";"11654";"3";"";
"2370";"11655";"4";"";
"2370";"11656";"5";"1";
"2371";"11666";"1";"";
"2371";"11670";"2";"";
"2371";"11667";"3";"";
"2371";"11669";"4";"";
"2371";"12624";"5";"";
"2371";"12635";"6";"1";
"2372";"11668";"1";"";
"2372";"12627";"2";"1";
"2373";"13200";"1";"1";
"2373";"13201";"2";"";
"2374";"11676";"1";"1";
"2374";"11677";"2";"";
"2375";"13316";"1";"1";
"2375";"13317";"2";"";
"2376";"11679";"1";"1";
"2376";"11680";"2";"";
"2377";"11681";"1";"1";
"2377";"11682";"2";"";
"2378";"11683";"1";"1";
"2378";"11684";"2";"";
"2379";"11685";"1";"1";
"2379";"11686";"2";"";
"2380";"11687";"1";"1";
"2380";"11688";"2";"";
"2381";"11689";"1";"1";
"2382";"11690";"1";"1";
"2382";"11691";"2";"";
"2383";"11692";"1";"1";
"2383";"11693";"2";"";
"2384";"11694";"1";"";
"2384";"11695";"2";"1";
"2385";"11696";"1";"";
"2385";"11697";"2";"";
"2385";"11801";"3";"1";
"2386";"11698";"1";"1";
"2386";"11699";"2";"";
"2387";"11704";"1";"1";
"2387";"11705";"2";"";
"2388";"11706";"1";"1";
"2388";"11707";"2";"";
"2389";"11708";"1";"1";
"2389";"11709";"2";"";
"2390";"11710";"1";"";
"2390";"11711";"2";"1";
"2391";"11712";"1";"";
"2391";"11713";"2";"1";
"2392";"11714";"1";"";
"2392";"11715";"2";"1";
"2393";"11716";"1";"1";
"2393";"11717";"2";"";
"2394";"11718";"1";"";
"2394";"11719";"2";"1";
"2395";"11720";"1";"";
"2395";"11721";"2";"1";
"2395";"11722";"3";"";
"2395";"11723";"4";"";
"2396";"11724";"1";"";
"2396";"11725";"2";"";
"2396";"11726";"3";"1";
"2397";"11727";"1";"";
"2397";"11728";"2";"";
"2397";"11729";"3";"1";
"2397";"15056";"4";"";
"2398";"11730";"1";"";
"2398";"11731";"2";"1";
"2398";"11732";"3";"";
"2399";"11745";"1";"";
"2399";"11746";"2";"1";
"2399";"11747";"3";"";
"2400";"11748";"1";"";
"2400";"11749";"2";"1";
"2400";"11750";"3";"";
"2401";"11751";"1";"";
"2401";"11752";"2";"";
"2401";"11753";"3";"1";
"2402";"11754";"1";"";
"2402";"11755";"2";"1";
"2402";"11756";"3";"";
"2402";"11757";"4";"";
"2403";"11758";"1";"1";
"2403";"11759";"2";"";
"2403";"11760";"3";"";
"2404";"11802";"1";"1";
"2405";"11803";"1";"1";
"2406";"11804";"1";"";
"2406";"11805";"2";"1";
"2407";"11808";"1";"1";
"2407";"11809";"2";"";
"2408";"11810";"1";"1";
"2408";"11811";"2";"";
"2409";"11814";"1";"1";
"2409";"11815";"2";"";
"2410";"11816";"1";"";
"2410";"11817";"2";"1";
"2411";"11818";"1";"";
"2411";"11819";"2";"1";
"2412";"11820";"1";"";
"2412";"11821";"2";"";
"2412";"11822";"3";"";
"2412";"11823";"4";"1";
"2413";"11826";"1";"";
"2413";"11827";"2";"";
"2413";"11828";"3";"1";
"2413";"17092";"4";"";
"2413";"17093";"5";"";
"2414";"11832";"1";"1";
"2414";"11833";"2";"";
"2415";"11834";"1";"";
"2415";"11835";"2";"";
"2415";"11836";"3";"1";
"2415";"11837";"4";"";
"2416";"11838";"1";"";
"2416";"11839";"2";"";
"2416";"11840";"3";"1";
"2417";"11841";"1";"1";
"2417";"11842";"2";"";
"2417";"11843";"3";"";
"2417";"11844";"4";"";
"2418";"11845";"1";"";
"2418";"11846";"2";"";
"2418";"11847";"3";"";
"2418";"11848";"4";"";
"2418";"11849";"5";"";
"2418";"11850";"6";"1";
"2419";"11851";"1";"1";
"2419";"11852";"2";"";
"2420";"11853";"1";"";
"2420";"11854";"2";"1";
"2420";"11855";"3";"";
"2421";"11856";"1";"";
"2421";"11857";"2";"1";
"2421";"11858";"3";"";
"2422";"11859";"1";"";
"2422";"11860";"2";"1";
"2423";"11861";"1";"";
"2423";"11862";"2";"";
"2423";"11863";"3";"1";
"2423";"11864";"4";"";
"2424";"11865";"1";"";
"2424";"11866";"2";"1";
"2425";"11867";"1";"1";
"2425";"11868";"2";"";
"2426";"11869";"1";"1";
"2426";"11870";"2";"";
"2427";"11871";"1";"1";
"2427";"11872";"2";"";
"2427";"11873";"3";"";
"2428";"11874";"1";"";
"2428";"11875";"2";"";
"2428";"11876";"3";"1";
"2429";"11877";"1";"1";
"2429";"11878";"2";"";
"2430";"11879";"1";"1";
"2430";"11880";"2";"";
"2431";"11881";"1";"1";
"2431";"11882";"2";"";
"2432";"11883";"1";"";
"2432";"11884";"2";"";
"2432";"11885";"3";"1";
"2433";"11886";"1";"";
"2433";"11887";"2";"";
"2433";"11888";"3";"";
"2433";"11889";"4";"";
"2433";"12004";"5";"";
"2433";"12005";"6";"1";
"2433";"12006";"7";"";
"2434";"11890";"1";"";
"2434";"11891";"2";"";
"2434";"11892";"3";"";
"2434";"11923";"4";"";
"2434";"13882";"5";"";
"2434";"13883";"6";"1";
"2434";"13884";"7";"";
"2435";"11893";"1";"";
"2435";"11894";"2";"1";
"2435";"11895";"3";"";
"2435";"11924";"4";"";
"2436";"11900";"1";"";
"2436";"11901";"2";"1";
"2436";"11929";"3";"";
"2437";"11902";"1";"";
"2437";"11945";"2";"";
"2437";"11946";"3";"";
"2437";"11947";"4";"";
"2437";"11955";"5";"";
"2437";"11956";"6";"1";
"2437";"11957";"7";"";
"2437";"11958";"8";"";
"2437";"11959";"9";"";
"2438";"11903";"1";"";
"2438";"11948";"2";"";
"2438";"11949";"3";"";
"2438";"11950";"4";"";
"2438";"11951";"5";"";
"2438";"11952";"6";"1";
"2439";"11904";"1";"1";
"2439";"11905";"2";"";
"2439";"11927";"3";"";
"2440";"11906";"1";"1";
"2440";"11907";"2";"";
"2440";"11926";"3";"";
"2441";"11911";"1";"1";
"2441";"11910";"2";"";
"2441";"11909";"3";"";
"2441";"11912";"4";"";
"2441";"11908";"5";"";
"2442";"11990";"1";"1";
"2442";"11992";"2";"";
"2443";"12007";"1";"";
"2443";"12011";"2";"";
"2443";"12012";"3";"";
"2443";"12013";"4";"";
"2443";"12014";"5";"";
"2443";"12015";"6";"";
"2443";"12016";"7";"";
"2443";"12017";"8";"";
"2443";"12018";"9";"";
"2443";"12019";"10";"";
"2443";"13997";"11";"";
"2443";"15720";"12";"1";
"2443";"15721";"13";"";
"2443";"18980";"14";"";
"2443";"18981";"15";"";
"2444";"12020";"1";"";
"2444";"12021";"2";"1";
"2444";"12022";"3";"";
"2444";"12023";"4";"";
"2444";"15708";"5";"";
"2445";"12024";"1";"1";
"2445";"12025";"2";"";
"2445";"12026";"3";"";
"2445";"12027";"4";"";
"2445";"12028";"5";"";
"2445";"12029";"6";"";
"2445";"12030";"7";"";
"2446";"12031";"1";"1";
"2446";"12032";"2";"";
"2446";"12033";"3";"";
"2446";"12034";"4";"";
"2446";"12035";"5";"";
"2446";"12036";"6";"";
"2446";"12037";"7";"";
"2446";"12038";"8";"";
"2446";"12039";"9";"";
"2447";"12047";"1";"";
"2447";"12048";"2";"";
"2447";"12049";"3";"";
"2447";"12050";"4";"";
"2447";"12051";"5";"";
"2447";"12052";"6";"";
"2447";"12053";"7";"";
"2447";"12054";"8";"";
"2447";"13994";"9";"";
"2447";"14169";"10";"1";
"2448";"12040";"1";"";
"2448";"12041";"2";"";
"2448";"12042";"3";"1";
"2448";"12043";"4";"";
"2449";"12044";"1";"";
"2449";"12045";"2";"";
"2449";"12046";"3";"1";
"2449";"12155";"4";"";
"2450";"12062";"1";"";
"2450";"12063";"2";"";
"2450";"12065";"3";"";
"2450";"16437";"4";"";
"2450";"16438";"5";"";
"2450";"16439";"6";"1";
"2451";"12055";"1";"";
"2451";"12056";"2";"";
"2451";"12066";"3";"1";
"2451";"12067";"4";"";
"2451";"12068";"5";"";
"2451";"12069";"6";"";
"2451";"12070";"7";"";
"2451";"12071";"8";"";
"2451";"12072";"9";"";
"2452";"12057";"1";"";
"2452";"12058";"2";"";
"2452";"12059";"3";"";
"2452";"12060";"4";"";
"2452";"12061";"5";"1";
"2453";"12073";"1";"1";
"2453";"12074";"2";"";
"2453";"12075";"3";"";
"2453";"12076";"4";"";
"2453";"12077";"5";"";
"2453";"12078";"6";"";
"2454";"12079";"1";"1";
"2454";"12080";"2";"";
"2455";"12091";"1";"";
"2455";"12092";"2";"1";
"2455";"12093";"3";"";
"2455";"12094";"4";"";
"2455";"12095";"5";"";
"2455";"12096";"6";"";
"2455";"14000";"7";"";
"2457";"12083";"1";"1";
"2457";"12084";"2";"";
"2457";"12085";"3";"";
"2457";"12086";"4";"";
"2457";"12087";"5";"";
"2458";"12088";"1";"";
"2458";"12089";"2";"";
"2458";"12090";"3";"";
"2458";"15681";"4";"1";
"2459";"12097";"1";"";
"2459";"12098";"2";"";
"2459";"12099";"3";"";
"2459";"12100";"4";"";
"2459";"12101";"5";"";
"2459";"12102";"6";"";
"2459";"12103";"7";"";
"2459";"12104";"8";"";
"2459";"12105";"9";"1";
"2460";"12106";"1";"";
"2460";"12107";"2";"";
"2460";"12108";"3";"";
"2460";"12109";"4";"";
"2460";"12110";"5";"";
"2460";"12111";"6";"";
"2460";"12112";"7";"";
"2460";"12113";"8";"1";
"2461";"12116";"1";"";
"2461";"12117";"2";"";
"2461";"14505";"3";"1";
"2461";"14862";"4";"";
"2462";"12119";"1";"";
"2462";"12120";"2";"";
"2462";"12121";"3";"1";
"2462";"12122";"4";"";
"2462";"12123";"5";"";
"2462";"12124";"6";"";
"2463";"12125";"1";"";
"2463";"12126";"2";"1";
"2463";"12127";"3";"";
"2463";"12128";"4";"";
"2463";"12129";"5";"";
"2464";"12130";"1";"1";
"2464";"12131";"2";"";
"2464";"12132";"3";"";
"2465";"12133";"1";"";
"2465";"12134";"2";"1";
"2465";"12135";"3";"";
"2466";"12140";"1";"";
"2466";"12141";"2";"";
"2466";"12142";"3";"";
"2466";"12143";"4";"";
"2466";"12144";"5";"1";
"2467";"12148";"1";"1";
"2467";"12149";"2";"";
"2467";"12150";"3";"";
"2467";"12151";"4";"";
"2467";"12152";"5";"";
"2467";"12153";"6";"";
"2467";"12154";"7";"";
"2468";"12171";"1";"1";
"2468";"12172";"2";"";
"2468";"12173";"3";"";
"2468";"12174";"4";"";
"2469";"12156";"1";"";
"2469";"12157";"2";"1";
"2470";"12164";"1";"";
"2470";"12165";"2";"";
"2470";"12166";"3";"";
"2470";"12167";"4";"";
"2470";"12168";"5";"";
"2470";"12169";"6";"1";
"2470";"12170";"7";"";
"2471";"12158";"1";"";
"2471";"12159";"2";"";
"2471";"12160";"3";"1";
"2472";"12175";"1";"";
"2472";"12176";"2";"";
"2472";"12177";"3";"";
"2472";"12178";"4";"1";
"2472";"12179";"5";"";
"2473";"12184";"1";"";
"2473";"12185";"2";"";
"2473";"12186";"3";"1";
"2473";"12187";"4";"";
"2473";"12188";"5";"";
"2474";"12161";"1";"";
"2474";"12162";"2";"";
"2474";"12163";"3";"1";
"2474";"15742";"4";"";
"2475";"12180";"1";"";
"2475";"12181";"2";"";
"2475";"12182";"3";"1";
"2475";"12183";"4";"";
"2476";"12189";"1";"";
"2476";"12190";"2";"";
"2476";"12191";"3";"1";
"2477";"12192";"1";"1";
"2477";"12193";"2";"";
"2477";"12194";"3";"";
"2478";"12215";"1";"";
"2478";"12216";"2";"";
"2478";"12217";"3";"";
"2478";"12218";"4";"";
"2478";"12219";"5";"";
"2478";"12220";"6";"";
"2478";"12221";"7";"";
"2478";"12222";"8";"";
"2478";"12223";"9";"1";
"2479";"12230";"1";"";
"2479";"12231";"2";"1";
"2479";"12232";"3";"";
"2479";"12233";"4";"";
"2480";"12195";"1";"1";
"2480";"12196";"2";"";
"2480";"12197";"3";"";
"2480";"12198";"4";"";
"2480";"12199";"5";"";
"2481";"12234";"1";"";
"2481";"12235";"2";"";
"2481";"12236";"3";"";
"2481";"12237";"4";"";
"2481";"12238";"5";"";
"2481";"12239";"6";"1";
"2481";"12240";"7";"";
"2481";"12241";"8";"";
"2482";"12203";"1";"";
"2482";"12204";"2";"";
"2482";"12205";"3";"";
"2482";"12206";"4";"";
"2482";"12207";"5";"";
"2482";"12208";"6";"";
"2482";"12209";"7";"";
"2482";"12210";"8";"1";
"2482";"12211";"9";"";
"2482";"12212";"10";"";
"2483";"12213";"1";"1";
"2483";"12214";"2";"";
"2484";"12224";"1";"";
"2484";"12225";"2";"";
"2484";"12226";"3";"";
"2484";"12227";"4";"";
"2484";"12228";"5";"";
"2484";"12229";"6";"1";
"2485";"12254";"1";"";
"2485";"12255";"2";"";
"2485";"12256";"3";"";
"2485";"12257";"4";"";
"2485";"12713";"5";"";
"2485";"12714";"6";"";
"2485";"12715";"7";"";
"2485";"12716";"8";"";
"2485";"12717";"9";"";
"2485";"12718";"10";"1";
"2485";"12719";"11";"";
"2485";"12720";"12";"";
"2485";"12721";"13";"";
"2485";"12722";"14";"";
"2485";"12723";"15";"";
"2485";"12724";"16";"";
"2486";"12242";"1";"";
"2486";"12243";"2";"";
"2486";"12244";"3";"";
"2486";"12245";"4";"1";
"2486";"12246";"5";"";
"2486";"12247";"6";"";
"2486";"12248";"7";"";
"2486";"12249";"8";"";
"2486";"12250";"9";"";
"2486";"12251";"10";"";
"2486";"12252";"11";"";
"2487";"12258";"1";"";
"2487";"12259";"2";"";
"2487";"12260";"3";"";
"2487";"12261";"4";"";
"2487";"12262";"5";"";
"2487";"13072";"6";"";
"2487";"14503";"7";"1";
"2488";"12273";"1";"";
"2488";"12274";"2";"";
"2488";"12275";"3";"";
"2488";"12276";"4";"1";
"2489";"12263";"1";"";
"2489";"12264";"2";"";
"2489";"12265";"3";"";
"2489";"12266";"4";"";
"2489";"12267";"5";"";
"2489";"12268";"6";"";
"2489";"12269";"7";"1";
"2489";"12270";"8";"";
"2489";"12271";"9";"";
"2489";"12272";"10";"";
"2490";"12277";"1";"1";
"2490";"12278";"2";"";
"2490";"12279";"3";"";
"2490";"12407";"4";"";
"2490";"12408";"5";"";
"2490";"12409";"6";"";
"2490";"12410";"7";"";
"2491";"12289";"1";"";
"2491";"12290";"2";"";
"2491";"12291";"3";"";
"2491";"12292";"4";"";
"2491";"12293";"5";"";
"2491";"12294";"6";"";
"2491";"12295";"7";"1";
"2492";"12280";"1";"";
"2492";"12281";"2";"";
"2492";"12282";"3";"";
"2492";"12283";"4";"";
"2492";"12284";"5";"";
"2492";"12340";"6";"1";
"2492";"12341";"7";"";
"2492";"12342";"8";"";
"2493";"12285";"1";"";
"2493";"12286";"2";"";
"2493";"15691";"3";"1";
"2494";"12287";"1";"";
"2494";"12288";"2";"";
"2494";"12296";"3";"";
"2494";"12297";"4";"";
"2494";"12298";"5";"1";
"2495";"12299";"1";"";
"2495";"12301";"2";"1";
"2495";"18799";"3";"";
"2496";"12321";"1";"1";
"2496";"12322";"2";"";
"2496";"12323";"3";"";
"2496";"12324";"4";"";
"2497";"12309";"1";"";
"2497";"12310";"2";"";
"2497";"12311";"3";"1";
"2497";"12312";"4";"";
"2497";"12313";"5";"";
"2497";"12314";"6";"";
"2497";"12315";"7";"";
"2498";"12302";"1";"";
"2498";"12303";"2";"1";
"2498";"12304";"3";"";
"2498";"12305";"4";"";
"2498";"12306";"5";"";
"2498";"12307";"6";"";
"2498";"12308";"7";"";
"2499";"12316";"1";"";
"2499";"12317";"2";"1";
"2499";"12318";"3";"";
"2499";"12319";"4";"";
"2499";"12320";"5";"";
"2500";"12329";"1";"";
"2500";"12330";"2";"";
"2500";"12331";"3";"";
"2500";"12332";"4";"";
"2500";"12333";"5";"";
"2500";"12334";"6";"";
"2500";"12335";"7";"";
"2500";"12336";"8";"";
"2500";"12337";"9";"1";
"2500";"12338";"10";"";
"2500";"12339";"11";"";
"2501";"12325";"1";"";
"2501";"12326";"2";"";
"2501";"12328";"3";"1";
"2501";"13982";"4";"";
"2502";"12343";"1";"";
"2502";"12344";"2";"";
"2502";"12345";"3";"1";
"2503";"12346";"1";"";
"2503";"12347";"2";"1";
"2503";"12348";"3";"";
"2503";"12349";"4";"";
"2503";"12350";"5";"";
"2503";"12351";"6";"";
"2503";"12352";"7";"";
"2504";"12353";"1";"";
"2504";"12354";"2";"";
"2504";"12355";"3";"";
"2504";"12356";"4";"1";
"2505";"12357";"1";"";
"2505";"12358";"2";"";
"2505";"12359";"3";"1";
"2506";"12376";"1";"";
"2506";"12377";"2";"";
"2506";"12379";"3";"";
"2506";"12380";"4";"";
"2506";"12381";"5";"";
"2506";"12382";"6";"1";
"2507";"12360";"1";"";
"2507";"12361";"2";"";
"2507";"12362";"3";"";
"2507";"12363";"4";"1";
"2508";"12368";"1";"";
"2508";"12369";"2";"";
"2508";"12370";"3";"";
"2508";"12371";"4";"";
"2508";"12372";"5";"";
"2508";"12373";"6";"";
"2508";"12374";"7";"";
"2508";"12375";"8";"1";
"2508";"12384";"9";"";
"2508";"12922";"10";"";
"2508";"15712";"11";"";
"2509";"12367";"1";"";
"2509";"12364";"2";"";
"2509";"12365";"3";"1";
"2509";"12366";"4";"";
"2510";"12385";"1";"";
"2510";"12386";"2";"";
"2510";"12387";"3";"";
"2510";"12388";"4";"1";
"2510";"12389";"5";"";
"2511";"12390";"1";"";
"2511";"12391";"2";"";
"2511";"12392";"3";"";
"2511";"12393";"4";"";
"2511";"12394";"5";"1";
"2511";"12395";"6";"";
"2512";"12396";"1";"";
"2512";"12397";"2";"1";
"2513";"12398";"1";"1";
"2513";"12399";"2";"";
"2513";"12400";"3";"";
"2513";"12401";"4";"";
"2514";"12402";"1";"";
"2514";"12403";"2";"";
"2514";"12404";"3";"";
"2514";"14283";"4";"";
"2514";"15262";"5";"";
"2514";"15263";"6";"";
"2514";"18945";"7";"1";
"2514";"18946";"8";"";
"2515";"12411";"1";"";
"2515";"12412";"2";"";
"2515";"12413";"3";"";
"2515";"12414";"4";"";
"2515";"12415";"5";"1";
"2515";"12416";"6";"";
"2515";"12417";"7";"";
"2515";"12418";"8";"";
"2516";"12419";"1";"1";
"2516";"12420";"2";"";
"2516";"12421";"3";"";
"2516";"12422";"4";"";
"2516";"18806";"5";"";
"2516";"18807";"6";"";
"2517";"12423";"1";"";
"2517";"12424";"2";"";
"2517";"12425";"3";"1";
"2517";"12426";"4";"";
"2517";"12427";"5";"";
"2517";"12428";"6";"";
"2517";"12429";"7";"";
"2517";"12430";"8";"";
"2518";"12431";"1";"";
"2518";"12433";"2";"";
"2518";"12434";"3";"1";
"2519";"12435";"1";"";
"2519";"12436";"2";"";
"2519";"12437";"3";"";
"2519";"12438";"4";"";
"2519";"12439";"5";"";
"2519";"12440";"6";"";
"2519";"12441";"7";"";
"2519";"12442";"8";"";
"2519";"12443";"9";"1";
"2519";"12444";"10";"";
"2519";"12445";"11";"";
"2519";"12446";"12";"";
"2520";"12447";"1";"";
"2520";"12448";"2";"";
"2520";"12449";"3";"";
"2520";"12450";"4";"";
"2520";"12451";"5";"1";
"2520";"12452";"6";"";
"2520";"12453";"7";"";
"2521";"12454";"1";"";
"2521";"12455";"2";"1";
"2521";"12456";"3";"";
"2521";"12457";"4";"";
"2521";"12458";"5";"";
"2521";"12459";"6";"";
"2521";"12460";"7";"";
"2522";"12461";"1";"1";
"2522";"12462";"2";"";
"2522";"12463";"3";"";
"2522";"12464";"4";"";
"2522";"12465";"5";"";
"2522";"12466";"6";"";
"2522";"12467";"7";"";
"2522";"12468";"8";"";
"2523";"12469";"1";"";
"2523";"12470";"2";"1";
"2523";"12471";"3";"";
"2523";"15747";"4";"";
"2524";"12472";"1";"";
"2524";"12473";"2";"1";
"2524";"12474";"3";"";
"2524";"12475";"4";"";
"2524";"12476";"5";"";
"2524";"12477";"6";"";
"2524";"12478";"7";"";
"2524";"14870";"8";"";
"2525";"12479";"1";"";
"2525";"12480";"2";"";
"2525";"12481";"3";"";
"2525";"12482";"4";"";
"2525";"12483";"5";"";
"2525";"12484";"6";"";
"2525";"12485";"7";"";
"2525";"12486";"8";"";
"2525";"12487";"9";"";
"2525";"12488";"10";"1";
"2526";"12505";"1";"1";
"2526";"12506";"2";"";
"2526";"12507";"3";"";
"2526";"12508";"4";"";
"2526";"12509";"5";"";
"2527";"12489";"1";"";
"2527";"12490";"2";"";
"2527";"12491";"3";"";
"2527";"12492";"4";"1";
"2528";"12501";"1";"";
"2528";"12502";"2";"";
"2528";"12503";"3";"";
"2528";"12504";"4";"";
"2528";"12646";"5";"1";
"2529";"12493";"1";"";
"2529";"12494";"2";"";
"2529";"12495";"3";"";
"2529";"12496";"4";"";
"2529";"12497";"5";"";
"2529";"12498";"6";"";
"2529";"12499";"7";"1";
"2529";"12500";"8";"";
"2531";"12512";"1";"";
"2531";"12513";"2";"";
"2531";"12514";"3";"";
"2531";"12515";"4";"1";
"2531";"12516";"5";"";
"2532";"12517";"1";"1";
"2532";"12518";"2";"";
"2532";"12519";"3";"";
"2532";"12520";"4";"";
"2532";"12521";"5";"";
"2533";"12522";"1";"";
"2533";"12527";"2";"1";
"2534";"12530";"1";"";
"2534";"12532";"2";"";
"2534";"17487";"3";"";
"2534";"17488";"4";"";
"2534";"17489";"5";"1";
"2534";"17628";"6";"";
"2534";"17629";"7";"";
"2534";"17630";"8";"";
"2534";"19089";"9";"";
"2535";"12533";"1";"1";
"2536";"12535";"1";"";
"2536";"12534";"2";"";
"2536";"12540";"3";"";
"2536";"12536";"4";"";
"2536";"12537";"5";"";
"2536";"12538";"6";"";
"2536";"12539";"7";"";
"2536";"12541";"8";"1";
"2537";"12542";"1";"";
"2537";"12543";"2";"";
"2537";"12544";"3";"";
"2537";"12545";"4";"";
"2537";"12546";"5";"1";
"2537";"12547";"6";"";
"2538";"12552";"1";"1";
"2539";"12553";"1";"1";
"2540";"12554";"1";"1";
"2541";"12555";"1";"1";
"2542";"12556";"1";"1";
"2543";"12557";"1";"1";
"2544";"12558";"1";"1";
"2545";"12559";"1";"1";
"2546";"12560";"1";"1";
"2547";"12561";"1";"1";
"2548";"12562";"1";"1";
"2549";"12567";"1";"1";
"2550";"12568";"1";"1";
"2551";"12569";"1";"1";
"2552";"12574";"1";"1";
"2552";"12575";"2";"";
"2552";"12576";"3";"";
"2553";"12577";"1";"";
"2553";"12578";"2";"";
"2553";"12579";"3";"";
"2553";"12618";"4";"";
"2553";"12754";"5";"1";
"2553";"12755";"6";"";
"2554";"12580";"1";"1";
"2554";"12581";"2";"";
"2555";"12582";"1";"1";
"2555";"12583";"2";"";
"2557";"12584";"1";"1";
"2557";"12585";"2";"";
"2558";"12586";"1";"1";
"2558";"12587";"2";"";
"2559";"12588";"1";"1";
"2559";"12589";"2";"";
"2560";"12590";"1";"";
"2560";"12591";"2";"1";
"2560";"12592";"3";"";
"2560";"12593";"4";"";
"2561";"12594";"1";"1";
"2561";"12595";"2";"";
"2562";"12596";"1";"";
"2562";"12597";"2";"1";
"2563";"12598";"1";"";
"2563";"12599";"2";"1";
"2564";"12600";"1";"";
"2564";"12601";"2";"";
"2564";"12602";"3";"";
"2564";"12603";"4";"1";
"2564";"12604";"5";"";
"2565";"12605";"1";"";
"2565";"12606";"2";"1";
"2566";"12607";"1";"";
"2566";"12608";"2";"1";
"2566";"12609";"3";"";
"2567";"12610";"1";"1";
"2567";"12611";"2";"";
"2567";"12612";"3";"";
"2568";"12613";"1";"";
"2568";"12614";"2";"";
"2568";"12615";"3";"1";
"2569";"12616";"1";"1";
"2569";"12617";"2";"";
"2570";"18927";"1";"1";
"2571";"12650";"1";"";
"2571";"12651";"2";"1";
"2573";"12654";"1";"";
"2573";"12655";"2";"1";
"2574";"12656";"1";"";
"2574";"12657";"2";"1";
"2575";"12658";"1";"";
"2575";"12659";"2";"1";
"2576";"12660";"1";"";
"2576";"12661";"2";"1";
"2577";"12662";"1";"";
"2577";"12663";"2";"1";
"2578";"12664";"1";"1";
"2578";"12665";"2";"";
"2579";"12666";"1";"1";
"2579";"12667";"2";"";
"2579";"12782";"3";"";
"2580";"12668";"1";"";
"2580";"12669";"2";"";
"2580";"12690";"3";"";
"2580";"12691";"4";"";
"2580";"12692";"5";"";
"2580";"12693";"6";"1";
"2580";"14871";"7";"";
"2581";"12670";"1";"";
"2581";"12671";"2";"";
"2581";"12672";"3";"";
"2581";"13160";"4";"";
"2581";"14903";"5";"1";
"2581";"13161";"6";"";
"2581";"13162";"7";"";
"2582";"12673";"1";"";
"2582";"12674";"2";"";
"2582";"12675";"3";"1";
"2583";"12676";"1";"1";
"2583";"12677";"2";"";
"2583";"12678";"3";"";
"2584";"12683";"1";"";
"2584";"12684";"2";"1";
"2585";"12686";"1";"";
"2585";"12687";"2";"";
"2585";"12937";"3";"";
"2585";"12980";"4";"1";
"2585";"13111";"5";"";
"2585";"13112";"6";"";
"2585";"13113";"7";"";
"2586";"14539";"1";"";
"2586";"14540";"2";"";
"2586";"16280";"3";"1";
"2586";"16281";"4";"";
"2587";"12801";"1";"1";
"2587";"12802";"2";"";
"2588";"19150";"1";"";
"2588";"19151";"2";"";
"2588";"19152";"3";"";
"2588";"19153";"4";"";
"2588";"19154";"5";"";
"2588";"19155";"6";"";
"2588";"19156";"7";"1";
"2588";"19157";"8";"";
"2589";"12810";"1";"";
"2589";"12811";"2";"";
"2589";"12812";"3";"1";
"2589";"14481";"4";"";
"2590";"12813";"1";"1";
"2590";"12814";"2";"";
"2590";"12815";"3";"";
"2591";"12833";"1";"1";
"2591";"12834";"2";"";
"2592";"12835";"1";"1";
"2592";"12836";"2";"";
"2593";"12837";"1";"1";
"2593";"12838";"2";"";
"2594";"12839";"1";"";
"2594";"12840";"2";"";
"2594";"12841";"3";"";
"2594";"16112";"4";"";
"2594";"16301";"5";"1";
"2594";"16825";"6";"";
"2595";"12842";"1";"1";
"2595";"12843";"2";"";
"2596";"12844";"1";"";
"2596";"12845";"2";"1";
"2598";"12847";"1";"1";
"2598";"12848";"2";"";
"2599";"12849";"1";"";
"2599";"12969";"2";"";
"2599";"12970";"3";"";
"2599";"12971";"4";"";
"2599";"12972";"5";"1";
"2599";"12973";"6";"";
"2600";"12859";"1";"1";
"2601";"12860";"1";"";
"2601";"12861";"2";"1";
"2602";"12866";"1";"1";
"2603";"12867";"1";"1";
"2604";"12854";"1";"";
"2604";"12855";"2";"1";
"2605";"12858";"1";"1";
"2606";"12868";"1";"1";
"2607";"12856";"1";"1";
"2607";"12857";"2";"";
"2608";"12869";"1";"1";
"2609";"12870";"1";"1";
"2610";"12871";"1";"1";
"2611";"12872";"1";"1";
"2612";"12862";"1";"1";
"2612";"12863";"2";"";
"2613";"12864";"1";"";
"2613";"12865";"2";"";
"2613";"16267";"3";"";
"2613";"16268";"4";"1";
"2613";"16269";"5";"";
"2613";"19405";"6";"";
"2613";"19406";"7";"";
"2614";"12873";"1";"1";
"2615";"12874";"1";"1";
"2616";"12875";"1";"1";
"2617";"12876";"1";"1";
"2618";"12877";"1";"1";
"2618";"12878";"2";"";
"2619";"12884";"1";"1";
"2620";"12879";"1";"1";
"2620";"12880";"2";"";
"2621";"12881";"1";"1";
"2622";"12885";"1";"1";
"2623";"12886";"1";"1";
"2624";"12882";"1";"";
"2624";"12883";"2";"1";
"2625";"12887";"1";"";
"2625";"13203";"2";"";
"2625";"13318";"3";"1";
"2626";"12888";"1";"";
"2626";"13205";"2";"1";
"2626";"13206";"3";"";
"2627";"12889";"1";"";
"2627";"13204";"2";"1";
"2628";"12890";"1";"1";
"2629";"12891";"1";"1";
"2630";"12892";"1";"1";
"2631";"12893";"1";"1";
"2632";"12897";"1";"";
"2632";"14587";"2";"";
"2632";"14706";"3";"";
"2632";"16083";"4";"";
"2632";"16084";"5";"1";
"2632";"16085";"6";"";
"2632";"16086";"7";"";
"2633";"12948";"1";"";
"2633";"12949";"2";"";
"2633";"12950";"3";"";
"2633";"12951";"4";"";
"2633";"12952";"5";"";
"2633";"14400";"6";"1";
"2634";"12953";"1";"";
"2634";"12955";"2";"1";
"2635";"12956";"1";"";
"2635";"12957";"2";"";
"2635";"12958";"3";"";
"2635";"12959";"4";"1";
"2635";"12960";"5";"";
"2635";"12961";"6";"";
"2635";"14418";"7";"";
"2635";"14419";"8";"";
"2636";"12962";"1";"1";
"2637";"12963";"1";"1";
"2639";"13081";"1";"";
"2639";"13084";"2";"";
"2639";"14507";"3";"";
"2639";"16178";"4";"";
"2639";"16179";"5";"1";
"2639";"16180";"6";"";
"2639";"16181";"7";"";
"2640";"19453";"1";"";
"2640";"19454";"2";"1";
"2641";"13083";"1";"";
"2641";"19474";"2";"";
"2641";"19475";"3";"";
"2641";"19476";"4";"1";
"2641";"19477";"5";"";
"2642";"13085";"1";"";
"2642";"19820";"2";"";
"2642";"19821";"3";"";
"2642";"19822";"4";"1";
"2642";"19823";"5";"";
"2643";"13096";"1";"1";
"2644";"13097";"1";"1";
"2645";"15300";"1";"";
"2645";"15298";"2";"";
"2645";"15299";"3";"";
"2645";"13098";"4";"";
"2645";"13101";"5";"1";
"2645";"16961";"6";"";
"2645";"16962";"7";"";
"2646";"13099";"1";"1";
"2646";"16383";"2";"";
"2646";"16384";"3";"";
"2646";"16385";"4";"";
"2647";"13104";"1";"1";
"2648";"13105";"1";"1";
"2648";"13714";"2";"";
"2648";"14302";"3";"";
"2648";"14734";"4";"";
"2649";"13124";"1";"";
"2649";"17000";"2";"";
"2649";"17130";"3";"1";
"2649";"17131";"4";"";
"2649";"17132";"5";"";
"2649";"17133";"6";"";
"2650";"13133";"1";"1";
"2650";"13134";"2";"";
"2650";"13135";"3";"";
"2650";"13136";"4";"";
"2650";"14905";"5";"";
"2650";"14906";"6";"";
"2650";"17439";"7";"";
"2651";"13137";"1";"";
"2651";"13138";"2";"";
"2651";"14388";"3";"";
"2651";"17508";"4";"";
"2651";"17509";"5";"1";
"2652";"13141";"1";"";
"2652";"13146";"2";"";
"2652";"13147";"3";"";
"2652";"13148";"4";"";
"2652";"13149";"5";"1";
"2652";"13150";"6";"";
"2652";"13151";"7";"";
"2652";"17094";"8";"";
"2652";"17095";"9";"";
"2652";"17096";"10";"";
"2653";"13142";"1";"";
"2653";"13171";"2";"";
"2653";"13172";"3";"";
"2653";"13173";"4";"1";
"2653";"13174";"5";"";
"2653";"13175";"6";"";
"2654";"13197";"1";"";
"2654";"15848";"2";"";
"2654";"16432";"3";"";
"2654";"16433";"4";"";
"2654";"16434";"5";"1";
"2654";"16435";"6";"";
"2654";"16436";"7";"";
"2655";"13177";"1";"";
"2655";"13178";"2";"";
"2655";"13179";"3";"";
"2655";"13180";"4";"";
"2655";"14299";"5";"";
"2655";"15718";"6";"1";
"2656";"14504";"1";"";
"2656";"15729";"2";"1";
"2657";"13156";"1";"1";
"2658";"13157";"1";"1";
"2659";"13158";"1";"1";
"2660";"13159";"1";"1";
"2661";"15751";"1";"1";
"2662";"17348";"1";"1";
"2662";"13195";"2";"";
"2662";"13196";"3";"";
"2662";"17351";"4";"";
"2663";"13199";"1";"";
"2663";"14393";"2";"";
"2663";"14501";"3";"";
"2663";"14502";"4";"";
"2663";"16400";"5";"";
"2663";"16401";"6";"1";
"2664";"13210";"1";"1";
"2664";"13211";"2";"";
"2664";"13212";"3";"";
"2664";"13213";"4";"";
"2664";"14553";"5";"";
"2665";"13209";"1";"1";
"2665";"13531";"2";"";
"2665";"13532";"3";"";
"2666";"13214";"1";"1";
"2666";"13215";"2";"";
"2667";"13216";"1";"1";
"2668";"13217";"1";"1";
"2668";"13218";"2";"";
"2669";"13219";"1";"1";
"2669";"13881";"2";"";
"2670";"13221";"1";"";
"2670";"13222";"2";"";
"2670";"13877";"3";"";
"2670";"13878";"4";"";
"2670";"13879";"5";"";
"2670";"13880";"6";"";
"2670";"15837";"7";"1";
"2671";"13223";"1";"";
"2671";"13224";"2";"";
"2671";"13875";"3";"";
"2671";"13876";"4";"1";
"2672";"13225";"1";"";
"2672";"13226";"2";"";
"2672";"13873";"3";"";
"2672";"13874";"4";"1";
"2673";"13227";"1";"1";
"2673";"13872";"2";"";
"2673";"15394";"3";"";
"2674";"13228";"1";"";
"2674";"13229";"2";"";
"2674";"13230";"3";"1";
"2674";"13868";"4";"";
"2674";"13869";"5";"";
"2674";"13870";"6";"";
"2675";"13231";"1";"";
"2675";"13862";"2";"";
"2675";"13863";"3";"1";
"2675";"13864";"4";"";
"2675";"13865";"5";"";
"2675";"13866";"6";"";
"2675";"13867";"7";"";
"2675";"18785";"8";"";
"2676";"13232";"1";"";
"2676";"13233";"2";"";
"2676";"13855";"3";"";
"2676";"13856";"4";"1";
"2676";"13857";"5";"";
"2676";"13858";"6";"";
"2676";"13859";"7";"";
"2676";"13860";"8";"";
"2676";"13861";"9";"";
"2677";"13234";"1";"";
"2677";"13235";"2";"";
"2677";"13236";"3";"1";
"2678";"13237";"1";"1";
"2678";"13929";"2";"";
"2679";"13238";"1";"";
"2679";"13844";"2";"1";
"2679";"13845";"3";"";
"2679";"13846";"4";"";
"2679";"13847";"5";"";
"2680";"13239";"1";"";
"2680";"13839";"2";"";
"2680";"13840";"3";"";
"2680";"13841";"4";"";
"2680";"13842";"5";"1";
"2680";"13843";"6";"";
"2681";"13240";"1";"";
"2681";"13837";"2";"";
"2681";"13838";"3";"1";
"2682";"13241";"1";"";
"2682";"13831";"2";"";
"2682";"13832";"3";"";
"2682";"13833";"4";"";
"2682";"13834";"5";"";
"2682";"13835";"6";"";
"2682";"13836";"7";"";
"2682";"19125";"8";"";
"2682";"19126";"9";"";
"2682";"19127";"10";"";
"2682";"19128";"11";"1";
"2683";"13242";"1";"";
"2683";"13826";"2";"1";
"2683";"13827";"3";"";
"2683";"13828";"4";"";
"2683";"13829";"5";"";
"2683";"13830";"6";"";
"2684";"13243";"1";"";
"2684";"13818";"2";"";
"2684";"13819";"3";"1";
"2684";"13820";"4";"";
"2684";"13821";"5";"";
"2685";"13822";"1";"";
"2685";"13823";"2";"";
"2685";"13824";"3";"";
"2685";"13825";"4";"1";
"2686";"13245";"1";"";
"2686";"13792";"2";"";
"2686";"13793";"3";"";
"2686";"13794";"4";"1";
"2686";"13795";"5";"";
"2686";"13796";"6";"";
"2686";"13797";"7";"";
"2687";"13246";"1";"1";
"2688";"13247";"1";"";
"2688";"13248";"2";"";
"2688";"13249";"3";"";
"2688";"13787";"4";"1";
"2688";"13788";"5";"";
"2688";"13789";"6";"";
"2688";"13790";"7";"";
"2688";"13791";"8";"";
"2689";"13250";"1";"1";
"2689";"13251";"2";"";
"2689";"16196";"3";"";
"2689";"16195";"4";"";
"2689";"16192";"5";"";
"2689";"16193";"6";"";
"2689";"16194";"7";"";
"2689";"16191";"8";"";
"2691";"13254";"1";"";
"2691";"13255";"2";"";
"2691";"13738";"3";"";
"2691";"13739";"4";"";
"2691";"13740";"5";"";
"2691";"13741";"6";"1";
"2691";"13742";"7";"";
"2691";"13743";"8";"";
"2691";"13744";"9";"";
"2692";"13256";"1";"";
"2692";"13257";"2";"";
"2692";"13952";"3";"";
"2692";"14402";"4";"1";
"2693";"13258";"1";"";
"2693";"13259";"2";"";
"2693";"13781";"3";"";
"2693";"13782";"4";"";
"2693";"13783";"5";"";
"2693";"13784";"6";"";
"2693";"13785";"7";"";
"2693";"13786";"8";"1";
"2694";"13260";"1";"";
"2694";"13261";"2";"";
"2694";"13262";"3";"";
"2694";"13736";"4";"1";
"2694";"13737";"5";"";
"2695";"13263";"1";"";
"2695";"13264";"2";"";
"2695";"13723";"3";"1";
"2695";"13724";"4";"";
"2695";"13725";"5";"";
"2695";"13726";"6";"";
"2695";"13727";"7";"";
"2695";"13728";"8";"";
"2696";"13265";"1";"";
"2696";"13266";"2";"";
"2696";"13771";"3";"";
"2696";"13772";"4";"";
"2696";"13773";"5";"";
"2696";"13774";"6";"";
"2696";"13775";"7";"1";
"2696";"13776";"8";"";
"2697";"13267";"1";"";
"2697";"13268";"2";"";
"2697";"13766";"3";"1";
"2697";"13767";"4";"";
"2697";"13769";"5";"";
"2697";"13770";"6";"";
"2698";"13269";"1";"";
"2698";"13777";"2";"1";
"2698";"13778";"3";"";
"2698";"13779";"4";"";
"2698";"13780";"5";"";
"2699";"13270";"1";"";
"2699";"13271";"2";"";
"2699";"13761";"3";"";
"2699";"13762";"4";"1";
"2699";"13763";"5";"";
"2699";"13764";"6";"";
"2699";"13765";"7";"";
"2700";"13273";"1";"";
"2700";"13274";"2";"";
"2700";"13758";"3";"";
"2700";"13759";"4";"1";
"2700";"13760";"5";"";
"2700";"15700";"6";"";
"2701";"13276";"1";"";
"2701";"13754";"2";"1";
"2701";"13755";"3";"";
"2701";"13756";"4";"";
"2701";"13757";"5";"";
"2701";"16345";"6";"";
"2702";"13815";"1";"1";
"2702";"13816";"2";"";
"2702";"13817";"3";"";
"2703";"13278";"1";"";
"2703";"13719";"2";"1";
"2703";"13720";"3";"";
"2703";"13721";"4";"";
"2703";"14535";"5";"";
"2704";"13279";"1";"";
"2704";"13280";"2";"";
"2704";"13810";"3";"";
"2704";"13811";"4";"";
"2704";"13812";"5";"1";
"2704";"13813";"6";"";
"2704";"13814";"7";"";
"2705";"13281";"1";"";
"2705";"13745";"2";"1";
"2705";"13746";"3";"";
"2705";"13747";"4";"";
"2705";"13748";"5";"";
"2705";"13749";"6";"";
"2706";"13700";"1";"";
"2706";"13701";"2";"";
"2706";"13702";"3";"1";
"2706";"13703";"4";"";
"2708";"13285";"1";"1";
"2708";"13798";"2";"";
"2708";"13799";"3";"";
"2708";"13973";"4";"";
"2708";"15687";"5";"";
"2709";"13286";"1";"";
"2709";"13800";"2";"1";
"2709";"13801";"3";"";
"2709";"13802";"4";"";
"2709";"13975";"5";"";
"2710";"13287";"1";"";
"2710";"13803";"2";"1";
"2710";"13991";"3";"";
"2711";"13288";"1";"";
"2711";"13849";"2";"";
"2711";"13850";"3";"1";
"2711";"13851";"4";"";
"2711";"13976";"5";"";
"2712";"13289";"1";"1";
"2712";"13290";"2";"";
"2712";"13291";"3";"";
"2713";"13292";"1";"";
"2713";"13293";"2";"1";
"2713";"13294";"3";"";
"2714";"13295";"1";"";
"2714";"13296";"2";"";
"2714";"14373";"3";"1";
"2715";"13297";"1";"";
"2715";"13298";"2";"1";
"2716";"13299";"1";"";
"2716";"13750";"2";"";
"2716";"13751";"3";"1";
"2716";"14558";"4";"";
"2716";"14559";"5";"";
"2717";"13301";"1";"";
"2717";"13302";"2";"1";
"2717";"13731";"3";"";
"2717";"13732";"4";"";
"2717";"13733";"5";"";
"2717";"13734";"6";"";
"2718";"13303";"1";"";
"2718";"13729";"2";"";
"2718";"13730";"3";"";
"2718";"13987";"4";"1";
"2719";"13305";"1";"";
"2719";"13587";"2";"";
"2719";"13588";"3";"1";
"2719";"19167";"4";"";
"2720";"13306";"1";"";
"2720";"13589";"2";"";
"2720";"13590";"3";"";
"2720";"13591";"4";"";
"2720";"19159";"5";"";
"2720";"19160";"6";"1";
"2721";"13307";"1";"";
"2721";"13598";"2";"";
"2721";"13599";"3";"";
"2721";"13600";"4";"";
"2721";"13601";"5";"";
"2721";"13602";"6";"";
"2721";"14406";"7";"1";
"2721";"14407";"8";"";
"2722";"13308";"1";"";
"2722";"13633";"2";"";
"2722";"13634";"3";"";
"2722";"13635";"4";"";
"2722";"13636";"5";"1";
"2723";"13309";"1";"";
"2723";"13310";"2";"";
"2723";"13311";"3";"";
"2723";"13631";"4";"";
"2723";"13632";"5";"1";
"2724";"13312";"1";"";
"2724";"13627";"2";"1";
"2724";"13628";"3";"";
"2724";"13629";"4";"";
"2724";"13630";"5";"";
"2724";"14001";"6";"";
"2724";"19010";"7";"";
"2725";"13313";"1";"";
"2725";"13314";"2";"";
"2725";"13625";"3";"1";
"2725";"13626";"4";"";
"2726";"13315";"1";"1";
"2726";"13615";"2";"";
"2726";"13616";"3";"";
"2726";"13617";"4";"";
"2726";"13618";"5";"";
"2727";"13319";"1";"1";
"2727";"13320";"2";"";
"2728";"13392";"1";"";
"2728";"13393";"2";"";
"2728";"14040";"3";"1";
"2729";"13592";"1";"";
"2729";"13593";"2";"1";
"2729";"13594";"3";"";
"2729";"13595";"4";"";
"2729";"13596";"5";"";
"2729";"13597";"6";"";
"2730";"13324";"1";"";
"2730";"13325";"2";"1";
"2730";"13326";"3";"";
"2731";"13327";"1";"";
"2731";"13328";"2";"";
"2731";"13582";"3";"";
"2731";"13583";"4";"";
"2731";"13584";"5";"1";
"2731";"13585";"6";"";
"2731";"13586";"7";"";
"2731";"14560";"8";"";
"2732";"13329";"1";"";
"2732";"13330";"2";"";
"2732";"14158";"3";"";
"2732";"14159";"4";"";
"2732";"14160";"5";"1";
"2733";"13331";"1";"";
"2733";"13645";"2";"";
"2733";"13646";"3";"";
"2733";"13647";"4";"";
"2733";"13648";"5";"1";
"2733";"13649";"6";"";
"2733";"13650";"7";"";
"2734";"13333";"1";"";
"2734";"13334";"2";"";
"2734";"13605";"3";"";
"2734";"13606";"4";"";
"2734";"13607";"5";"";
"2734";"13608";"6";"1";
"2735";"13335";"1";"";
"2735";"13336";"2";"";
"2735";"13569";"3";"";
"2735";"13570";"4";"1";
"2735";"13571";"5";"";
"2736";"13337";"1";"";
"2736";"13609";"2";"1";
"2736";"13610";"3";"";
"2736";"13611";"4";"";
"2736";"13612";"5";"";
"2736";"13613";"6";"";
"2736";"13614";"7";"";
"2737";"13338";"1";"1";
"2738";"13339";"1";"";
"2738";"13553";"2";"";
"2738";"13554";"3";"";
"2738";"13555";"4";"";
"2738";"13556";"5";"";
"2738";"13557";"6";"";
"2738";"19033";"7";"1";
"2739";"13341";"1";"";
"2739";"13558";"2";"";
"2739";"13559";"3";"1";
"2739";"13560";"4";"";
"2739";"13561";"5";"";
"2739";"13562";"6";"";
"2740";"13343";"1";"1";
"2740";"13689";"2";"";
"2740";"13690";"3";"";
"2740";"13691";"4";"";
"2741";"13344";"1";"";
"2741";"13345";"2";"";
"2741";"13692";"3";"1";
"2741";"13693";"4";"";
"2741";"13694";"5";"";
"2742";"13346";"1";"";
"2742";"13347";"2";"";
"2742";"13684";"3";"";
"2742";"13685";"4";"";
"2742";"13687";"5";"";
"2742";"13688";"6";"1";
"2743";"13348";"1";"";
"2743";"13349";"2";"";
"2743";"13681";"3";"1";
"2743";"13682";"4";"";
"2744";"13350";"1";"";
"2744";"13671";"2";"";
"2744";"13673";"3";"";
"2744";"13674";"4";"";
"2744";"13675";"5";"1";
"2744";"13676";"6";"";
"2744";"13677";"7";"";
"2744";"16826";"8";"";
"2745";"13351";"1";"";
"2745";"13666";"2";"1";
"2745";"13667";"3";"";
"2745";"13668";"4";"";
"2745";"13669";"5";"";
"2745";"13983";"6";"";
"2746";"13353";"1";"";
"2746";"13354";"2";"";
"2746";"15801";"3";"1";
"2747";"13356";"1";"1";
"2747";"13621";"2";"";
"2747";"13622";"3";"";
"2747";"13623";"4";"";
"2747";"13624";"5";"";
"2748";"13357";"1";"";
"2748";"13358";"2";"";
"2748";"13678";"3";"";
"2748";"13679";"4";"";
"2748";"13680";"5";"1";
"2749";"15272";"1";"1";
"2750";"13360";"1";"";
"2750";"13377";"2";"";
"2750";"13378";"3";"";
"2750";"13379";"4";"1";
"2751";"13361";"1";"1";
"2751";"13362";"2";"";
"2752";"13366";"1";"";
"2752";"13394";"2";"";
"2752";"13395";"3";"";
"2752";"13396";"4";"";
"2752";"13397";"5";"1";
"2753";"13380";"1";"1";
"2753";"13381";"2";"";
"2753";"13382";"3";"";
"2754";"19332";"1";"1";
"2754";"19337";"2";"";
"2754";"13371";"3";"";
"2754";"13400";"4";"";
"2755";"13374";"1";"";
"2755";"13375";"2";"1";
"2755";"13376";"3";"";
"2756";"13383";"1";"";
"2756";"13384";"2";"";
"2756";"13385";"3";"";
"2756";"14310";"4";"1";
"2756";"16356";"5";"";
"2757";"13406";"1";"";
"2757";"13407";"2";"1";
"2758";"13408";"1";"";
"2758";"13486";"2";"";
"2758";"13489";"3";"";
"2758";"13490";"4";"1";
"2758";"13491";"5";"";
"2759";"13421";"1";"1";
"2759";"13422";"2";"";
"2760";"13480";"1";"";
"2760";"13520";"2";"1";
"2760";"13521";"3";"";
"2760";"13522";"4";"";
"2761";"13494";"1";"";
"2761";"13495";"2";"";
"2761";"13496";"3";"";
"2761";"13517";"4";"";
"2761";"13518";"5";"";
"2761";"13519";"6";"1";
"2762";"13509";"1";"";
"2762";"13510";"2";"";
"2762";"13511";"3";"1";
"2762";"14314";"4";"";
"2762";"15811";"5";"";
"2763";"13502";"1";"";
"2763";"13503";"2";"";
"2763";"13504";"3";"";
"2763";"14153";"4";"";
"2763";"14298";"5";"1";
"2764";"13505";"1";"";
"2764";"13506";"2";"1";
"2764";"13507";"3";"";
"2764";"13508";"4";"";
"2765";"19330";"1";"1";
"2765";"13512";"2";"";
"2765";"13513";"3";"";
"2765";"13514";"4";"";
"2765";"13515";"5";"";
"2765";"13516";"6";"";
"2766";"13563";"1";"";
"2766";"13565";"2";"";
"2766";"13706";"3";"1";
"2766";"13707";"4";"";
"2766";"13708";"5";"";
"2766";"13709";"6";"";
"2766";"13710";"7";"";
"2766";"13711";"8";"";
"2767";"13566";"1";"";
"2767";"13567";"2";"";
"2767";"13568";"3";"";
"2767";"13695";"4";"1";
"2767";"13696";"5";"";
"2767";"13697";"6";"";
"2767";"13698";"7";"";
"2767";"13699";"8";"";
"2768";"13572";"1";"";
"2768";"13660";"2";"";
"2768";"13661";"3";"";
"2768";"13662";"4";"";
"2768";"13663";"5";"1";
"2768";"13664";"6";"";
"2768";"13665";"7";"";
"2769";"13573";"1";"";
"2769";"13574";"2";"1";
"2769";"13637";"3";"";
"2769";"13638";"4";"";
"2769";"13639";"5";"";
"2769";"13640";"6";"";
"2769";"13641";"7";"";
"2769";"13642";"8";"";
"2769";"13643";"9";"";
"2770";"13579";"1";"";
"2770";"13580";"2";"";
"2770";"13655";"3";"";
"2770";"13656";"4";"1";
"2770";"13657";"5";"";
"2771";"13581";"1";"";
"2771";"13651";"2";"1";
"2771";"13652";"3";"";
"2771";"13653";"4";"";
"2771";"13654";"5";"";
"2772";"13603";"1";"";
"2772";"13604";"2";"1";
"2772";"17320";"3";"";
"2772";"17321";"4";"";
"2772";"17322";"5";"";
"2772";"17323";"6";"";
"2773";"13619";"1";"";
"2773";"13620";"2";"1";
"2773";"13808";"3";"";
"2773";"13809";"4";"";
"2774";"13644";"1";"1";
"2774";"13945";"2";"";
"2774";"13946";"3";"";
"2774";"13947";"4";"";
"2775";"13658";"1";"1";
"2776";"13659";"1";"";
"2776";"13948";"2";"1";
"2776";"13949";"3";"";
"2776";"13950";"4";"";
"2777";"13670";"1";"1";
"2778";"13683";"1";"";
"2778";"14294";"2";"";
"2778";"14995";"3";"";
"2778";"14996";"4";"1";
"2778";"14997";"5";"";
"2779";"13704";"1";"";
"2779";"13705";"2";"";
"2779";"13804";"3";"";
"2779";"13805";"4";"1";
"2779";"13806";"5";"";
"2779";"13807";"6";"";
"2779";"13977";"7";"";
"2779";"15796";"8";"";
"2780";"13954";"1";"";
"2780";"13955";"2";"1";
"2780";"13956";"3";"";
"2781";"13735";"1";"1";
"2782";"13752";"1";"1";
"2782";"14161";"2";"";
"2782";"14162";"3";"";
"2783";"13753";"1";"";
"2783";"14163";"2";"";
"2783";"14164";"3";"1";
"2783";"14165";"4";"";
"2784";"13953";"1";"1";
"2784";"13985";"2";"";
"2784";"13986";"3";"";
"2784";"17922";"4";"";
"2784";"17923";"5";"";
"2784";"17924";"6";"";
"2785";"13957";"1";"";
"2785";"13958";"2";"1";
"2785";"14416";"3";"";
"2785";"14417";"4";"";
"2786";"13959";"1";"";
"2786";"13960";"2";"1";
"2787";"13961";"1";"";
"2787";"13962";"2";"";
"2787";"13963";"3";"";
"2787";"13964";"4";"";
"2787";"20727";"5";"";
"2787";"20728";"6";"1";
"2787";"20729";"7";"";
"2788";"13965";"1";"";
"2788";"13966";"2";"1";
"2788";"13967";"3";"";
"2789";"13969";"1";"1";
"2790";"13970";"1";"1";
"2790";"13971";"2";"";
"2791";"14002";"1";"1";
"2792";"14003";"1";"1";
"2794";"14004";"1";"1";
"2795";"18852";"1";"";
"2795";"14021";"2";"";
"2795";"14474";"3";"";
"2795";"19082";"4";"1";
"2796";"18854";"1";"";
"2796";"14022";"2";"";
"2796";"18964";"3";"";
"2796";"19096";"4";"1";
"2797";"14023";"1";"1";
"2798";"14025";"1";"";
"2798";"14026";"2";"1";
"2799";"14034";"1";"";
"2799";"14035";"2";"1";
"2799";"14036";"3";"";
"2800";"14037";"1";"1";
"2800";"14038";"2";"";
"2800";"14039";"3";"";
"2801";"14048";"1";"";
"2801";"14049";"2";"";
"2801";"14086";"3";"";
"2801";"14087";"4";"";
"2801";"14154";"5";"";
"2801";"14155";"6";"";
"2801";"14315";"7";"1";
"2802";"14050";"1";"";
"2802";"14156";"2";"1";
"2803";"14051";"1";"";
"2803";"14052";"2";"1";
"2805";"14054";"1";"";
"2805";"14055";"2";"1";
"2806";"14056";"1";"1";
"2806";"14057";"2";"";
"2807";"14058";"1";"1";
"2807";"14059";"2";"";
"2807";"14060";"3";"";
"2809";"14091";"1";"1";
"2810";"14092";"1";"1";
"2811";"14093";"1";"1";
"2812";"14094";"1";"1";
"2813";"14095";"1";"1";
"2814";"14096";"1";"1";
"2815";"14097";"1";"1";
"2816";"14098";"1";"";
"2816";"14433";"2";"1";
"2816";"14434";"3";"";
"2816";"14435";"4";"";
"2816";"14436";"5";"";
"2816";"14437";"6";"";
"2816";"16367";"7";"";
"2816";"16368";"8";"";
"2816";"16369";"9";"";
"2817";"14099";"1";"";
"2817";"16175";"2";"1";
"2817";"16176";"3";"";
"2817";"16177";"4";"";
"2818";"14114";"1";"1";
"2819";"14100";"1";"";
"2819";"14526";"2";"";
"2819";"14527";"3";"1";
"2819";"14536";"4";"";
"2819";"16330";"5";"";
"2820";"14101";"1";"";
"2820";"14111";"2";"";
"2820";"14112";"3";"1";
"2820";"14113";"4";"";
"2820";"15734";"5";"";
"2821";"14102";"1";"1";
"2821";"18034";"2";"";
"2821";"18035";"3";"";
"2821";"18036";"4";"";
"2821";"18037";"5";"";
"2822";"14103";"1";"1";
"2822";"14104";"2";"";
"2822";"14105";"3";"";
"2823";"14106";"1";"1";
"2823";"14107";"2";"";
"2823";"14108";"3";"";
"2824";"14109";"1";"";
"2824";"16282";"2";"1";
"2824";"16283";"3";"";
"2824";"16284";"4";"";
"2825";"14115";"1";"1";
"2826";"14116";"1";"";
"2826";"14168";"2";"1";
"2827";"14117";"1";"";
"2827";"20739";"2";"1";
"2828";"14118";"1";"";
"2828";"20119";"2";"";
"2828";"20120";"3";"";
"2828";"20121";"4";"";
"2828";"20122";"5";"";
"2828";"20123";"6";"1";
"2829";"14119";"1";"1";
"2829";"14510";"2";"";
"2829";"14515";"3";"";
"2830";"14120";"1";"";
"2830";"14929";"2";"";
"2830";"14930";"3";"1";
"2830";"14931";"4";"";
"2830";"14932";"5";"";
"2831";"14121";"1";"";
"2831";"17298";"2";"";
"2831";"17299";"3";"";
"2831";"17300";"4";"";
"2831";"17301";"5";"1";
"2832";"14122";"1";"1";
"2833";"18856";"1";"";
"2833";"15235";"2";"";
"2833";"14123";"3";"";
"2833";"19085";"4";"1";
"2834";"18855";"1";"";
"2834";"14124";"2";"1";
"2834";"18951";"3";"";
"2834";"19099";"4";"";
"2835";"18851";"1";"";
"2835";"14125";"2";"1";
"2835";"18967";"3";"";
"2835";"19100";"4";"";
"2836";"14126";"1";"";
"2836";"14541";"2";"";
"2836";"16188";"3";"";
"2836";"16189";"4";"1";
"2836";"16190";"5";"";
"2837";"14127";"1";"1";
"2838";"14128";"1";"1";
"2838";"14489";"2";"";
"2838";"14494";"3";"";
"2839";"14129";"1";"";
"2839";"14173";"2";"1";
"2839";"14174";"3";"";
"2839";"14177";"4";"";
"2840";"14130";"1";"";
"2840";"14167";"2";"";
"2840";"14785";"3";"";
"2840";"15676";"4";"1";
"2841";"14137";"1";"1";
"2843";"14403";"1";"1";
"2843";"14499";"2";"";
"2843";"14512";"3";"";
"2844";"14139";"1";"";
"2844";"14179";"2";"1";
"2844";"14180";"3";"";
"2844";"14181";"4";"";
"2844";"14182";"5";"";
"2844";"14183";"6";"";
"2844";"14184";"7";"";
"2845";"14140";"1";"";
"2845";"14438";"2";"1";
"2845";"14439";"3";"";
"2845";"15843";"4";"";
"2846";"14522";"1";"";
"2846";"14523";"2";"";
"2846";"14524";"3";"1";
"2846";"14525";"4";"";
"2846";"16171";"5";"";
"2846";"16332";"6";"";
"2847";"14272";"1";"1";
"2847";"15703";"2";"";
"2847";"17735";"3";"";
"2847";"17736";"4";"";
"2847";"17737";"5";"";
"2847";"18796";"6";"";
"2848";"14185";"1";"1";
"2849";"14186";"1";"";
"2849";"14277";"2";"";
"2849";"14278";"3";"";
"2849";"15252";"4";"";
"2849";"15253";"5";"";
"2849";"15254";"6";"";
"2849";"15794";"7";"1";
"2850";"14187";"1";"";
"2850";"16218";"2";"1";
"2850";"16219";"3";"";
"2850";"16220";"4";"";
"2850";"16221";"5";"";
"2850";"16222";"6";"";
"2851";"14188";"1";"1";
"2852";"14189";"1";"1";
"2852";"14279";"2";"";
"2853";"14191";"1";"1";
"2854";"14192";"1";"";
"2854";"14193";"2";"";
"2854";"14194";"3";"";
"2854";"14195";"4";"";
"2854";"16233";"5";"1";
"2854";"16234";"6";"";
"2854";"16348";"7";"";
"2854";"16349";"8";"";
"2855";"14196";"1";"";
"2855";"14197";"2";"";
"2855";"14198";"3";"";
"2855";"14199";"4";"";
"2855";"14200";"5";"1";
"2856";"14201";"1";"";
"2856";"14202";"2";"";
"2856";"14203";"3";"";
"2856";"14204";"4";"";
"2856";"14323";"5";"";
"2856";"14324";"6";"";
"2856";"14325";"7";"1";
"2857";"14205";"1";"";
"2857";"14206";"2";"";
"2857";"16320";"3";"1";
"2857";"16321";"4";"";
"2858";"14207";"1";"";
"2858";"14208";"2";"";
"2858";"14209";"3";"";
"2858";"14210";"4";"";
"2858";"14211";"5";"";
"2858";"14212";"6";"";
"2858";"15682";"7";"";
"2858";"15683";"8";"1";
"2858";"15684";"9";"";
"2859";"14213";"1";"";
"2859";"14214";"2";"";
"2859";"15701";"3";"1";
"2859";"16326";"4";"";
"2859";"16327";"5";"";
"2860";"14215";"1";"1";
"2860";"14216";"2";"";
"2860";"14217";"3";"";
"2861";"14218";"1";"";
"2861";"14219";"2";"";
"2861";"14220";"3";"";
"2861";"14244";"4";"1";
"2862";"14221";"1";"";
"2862";"14222";"2";"";
"2862";"14223";"3";"";
"2862";"14224";"4";"";
"2862";"14225";"5";"";
"2862";"14226";"6";"";
"2862";"14227";"7";"";
"2862";"14228";"8";"1";
"2863";"14229";"1";"";
"2863";"14230";"2";"";
"2863";"14231";"3";"1";
"2863";"14232";"4";"";
"2864";"14233";"1";"1";
"2864";"14234";"2";"";
"2864";"14235";"3";"";
"2864";"14236";"4";"";
"2865";"14237";"1";"";
"2865";"14239";"2";"";
"2865";"14240";"3";"1";
"2866";"14241";"1";"";
"2866";"14242";"2";"";
"2866";"14243";"3";"";
"2866";"15761";"4";"1";
"2867";"14246";"1";"";
"2867";"14268";"2";"1";
"2867";"14269";"3";"";
"2867";"14270";"4";"";
"2868";"14247";"1";"1";
"2869";"14248";"1";"1";
"2870";"14249";"1";"1";
"2871";"14250";"1";"1";
"2872";"14251";"1";"1";
"2873";"14252";"1";"1";
"2874";"14253";"1";"1";
"2875";"14254";"1";"";
"2875";"15491";"2";"";
"2875";"15492";"3";"1";
"2875";"15493";"4";"";
"2875";"15735";"5";"";
"2875";"15737";"6";"";
"2876";"14255";"1";"";
"2876";"20083";"2";"1";
"2877";"14256";"1";"";
"2877";"14259";"2";"";
"2877";"14260";"3";"1";
"2877";"14261";"4";"";
"2877";"14262";"5";"";
"2878";"14258";"1";"";
"2878";"14263";"2";"";
"2878";"14264";"3";"";
"2878";"14265";"4";"1";
"2878";"20106";"5";"";
"2879";"14271";"1";"1";
"2880";"14274";"1";"";
"2880";"18052";"2";"";
"2880";"18053";"3";"";
"2880";"18054";"4";"";
"2880";"18055";"5";"";
"2880";"18056";"6";"";
"2880";"18057";"7";"";
"2880";"18058";"8";"1";
"2881";"14275";"1";"1";
"2882";"14276";"1";"";
"2882";"18108";"2";"";
"2882";"18109";"3";"1";
"2882";"18110";"4";"";
"2883";"14281";"1";"1";
"2884";"14282";"1";"1";
"2885";"14284";"1";"1";
"2886";"14327";"1";"";
"2886";"15579";"2";"";
"2886";"15739";"3";"";
"2886";"15740";"4";"";
"2886";"15780";"5";"1";
"2887";"14322";"1";"1";
"2888";"14326";"1";"1";
"2889";"14328";"1";"";
"2889";"14329";"2";"1";
"2890";"14330";"1";"1";
"2891";"14332";"1";"1";
"2891";"14333";"2";"";
"2891";"14334";"3";"";
"2891";"14335";"4";"";
"2892";"14336";"1";"1";
"2892";"14877";"2";"";
"2892";"14878";"3";"";
"2893";"14337";"1";"1";
"2893";"14579";"2";"";
"2893";"14614";"3";"";
"2894";"14338";"1";"";
"2894";"14920";"2";"";
"2894";"14921";"3";"1";
"2894";"15857";"4";"";
"2895";"14339";"1";"";
"2895";"14610";"2";"";
"2895";"14611";"3";"1";
"2895";"14612";"4";"";
"2896";"14340";"1";"";
"2896";"14609";"2";"";
"2896";"14926";"3";"";
"2896";"14927";"4";"";
"2896";"14928";"5";"";
"2896";"15749";"6";"1";
"2897";"14349";"1";"";
"2897";"15710";"2";"";
"2897";"17310";"3";"1";
"2897";"17311";"4";"";
"2897";"17312";"5";"";
"2898";"14344";"1";"";
"2898";"14341";"2";"";
"2898";"14342";"3";"";
"2898";"14343";"4";"";
"2898";"14345";"5";"";
"2898";"14801";"6";"";
"2898";"14802";"7";"";
"2898";"14803";"8";"1";
"2899";"14346";"1";"1";
"2899";"14347";"2";"";
"2899";"14348";"3";"";
"2899";"14580";"4";"";
"2899";"14725";"5";"";
"2900";"14564";"1";"";
"2900";"14565";"2";"";
"2900";"14566";"3";"";
"2900";"14567";"4";"";
"2900";"14568";"5";"";
"2900";"14569";"6";"1";
"2900";"14570";"7";"";
"2900";"14715";"8";"";
"2900";"14716";"9";"";
"2900";"16182";"10";"";
"2900";"16183";"11";"";
"2901";"14352";"1";"";
"2901";"14605";"2";"";
"2901";"14606";"3";"";
"2901";"14607";"4";"";
"2901";"16076";"5";"";
"2901";"16077";"6";"1";
"2901";"16078";"7";"";
"2902";"14351";"1";"";
"2902";"14703";"2";"";
"2902";"16082";"3";"1";
"2903";"14880";"1";"";
"2903";"14881";"2";"";
"2903";"14882";"3";"";
"2903";"21203";"4";"1";
"2903";"21204";"5";"";
"2904";"14355";"1";"";
"2904";"14582";"2";"";
"2904";"14726";"3";"";
"2904";"16226";"4";"";
"2904";"16227";"5";"";
"2904";"16228";"6";"1";
"2904";"16855";"7";"";
"2905";"14357";"1";"1";
"2905";"14356";"2";"";
"2906";"14358";"1";"1";
"2906";"14622";"2";"";
"2907";"14362";"1";"";
"2907";"14484";"2";"";
"2907";"19798";"3";"1";
"2908";"14363";"1";"1";
"2909";"14364";"1";"1";
"2909";"14365";"2";"";
"2910";"14370";"1";"1";
"2910";"14366";"2";"";
"2910";"14367";"3";"";
"2910";"14368";"4";"";
"2910";"14369";"5";"";
"2911";"14446";"1";"1";
"2912";"14461";"1";"1";
"2913";"14462";"1";"";
"2913";"14463";"2";"";
"2913";"17402";"3";"1";
"2913";"17403";"4";"";
"2913";"19461";"5";"";
"2913";"19462";"6";"";
"2914";"14464";"1";"1";
"2915";"14475";"1";"1";
"2916";"14476";"1";"1";
"2917";"14477";"1";"";
"2917";"14478";"2";"";
"2917";"16205";"3";"";
"2917";"16206";"4";"1";
"2917";"16207";"5";"";
"2917";"16937";"6";"";
"2918";"14479";"1";"1";
"2919";"14520";"1";"1";
"2919";"14740";"2";"";
"2919";"17373";"3";"";
"2919";"17374";"4";"";
"2920";"14521";"1";"1";
"2921";"14551";"1";"";
"2921";"14552";"2";"";
"2921";"14729";"3";"";
"2921";"14730";"4";"";
"2921";"16172";"5";"";
"2921";"16173";"6";"";
"2921";"16174";"7";"1";
"2922";"14563";"1";"";
"2922";"21212";"2";"1";
"2922";"21213";"3";"";
"2922";"21214";"4";"";
"2923";"14573";"1";"";
"2923";"14574";"2";"";
"2923";"14591";"3";"";
"2923";"14592";"4";"";
"2923";"14593";"5";"";
"2923";"14594";"6";"1";
"2924";"14584";"1";"1";
"2924";"14585";"2";"";
"2924";"14586";"3";"";
"2924";"14602";"4";"";
"2924";"14714";"5";"";
"2925";"14597";"1";"";
"2925";"14598";"2";"";
"2925";"14599";"3";"1";
"2925";"15936";"4";"";
"2925";"15937";"5";"";
"2925";"15938";"6";"";
"2925";"15939";"7";"";
"2925";"15940";"8";"";
"2926";"14631";"1";"1";
"2927";"14632";"1";"";
"2927";"14753";"2";"";
"2927";"21325";"3";"";
"2927";"21326";"4";"";
"2927";"21327";"5";"";
"2927";"21328";"6";"1";
"2927";"21329";"7";"";
"2928";"14633";"1";"";
"2928";"14727";"2";"";
"2928";"14922";"3";"1";
"2928";"14923";"4";"";
"2928";"14924";"5";"";
"2929";"14634";"1";"";
"2929";"14699";"2";"";
"2929";"14700";"3";"1";
"2930";"14635";"1";"";
"2930";"14705";"2";"";
"2930";"15746";"3";"";
"2930";"16934";"4";"";
"2930";"16940";"5";"1";
"2931";"14636";"1";"1";
"2931";"15730";"2";"";
"2931";"15731";"3";"";
"2931";"16304";"4";"";
"2932";"14637";"1";"1";
"2933";"14638";"1";"";
"2933";"15763";"2";"1";
"2934";"14639";"1";"1";
"2934";"16157";"2";"";
"2934";"16158";"3";"";
"2934";"16159";"4";"";
"2934";"16160";"5";"";
"2934";"19381";"6";"";
"2935";"14640";"1";"";
"2935";"16447";"2";"";
"2935";"16448";"3";"1";
"2935";"16449";"4";"";
"2936";"14642";"1";"";
"2936";"14643";"2";"";
"2936";"15929";"3";"";
"2936";"15930";"4";"";
"2936";"15931";"5";"";
"2936";"15932";"6";"";
"2936";"16299";"7";"1";
"2936";"19435";"8";"";
"2937";"14644";"1";"1";
"2938";"14650";"1";"";
"2938";"14651";"2";"1";
"2938";"14652";"3";"";
"2939";"14648";"1";"1";
"2939";"14649";"2";"";
"2940";"14645";"1";"";
"2940";"14646";"2";"";
"2940";"14647";"3";"1";
"2941";"14668";"1";"1";
"2941";"14669";"2";"";
"2941";"14670";"3";"";
"2941";"14708";"4";"";
"2942";"14671";"1";"";
"2942";"14672";"2";"";
"2942";"14673";"3";"";
"2942";"14674";"4";"1";
"2942";"14746";"5";"";
"2942";"14841";"6";"";
"2942";"21370";"7";"";
"2942";"21371";"8";"";
"2942";"21372";"9";"";
"2943";"14676";"1";"1";
"2944";"14701";"1";"1";
"2945";"14694";"1";"";
"2945";"14695";"2";"";
"2945";"16113";"3";"";
"2945";"16114";"4";"1";
"2945";"16346";"5";"";
"2945";"16347";"6";"";
"2946";"14696";"1";"1";
"2946";"16673";"2";"";
"2946";"16674";"3";"";
"2946";"16675";"4";"";
"2946";"16676";"5";"";
"2947";"14697";"1";"";
"2947";"14698";"2";"1";
"2947";"14846";"3";"";
"2947";"14847";"4";"";
"2948";"14754";"1";"";
"2948";"14850";"2";"1";
"2948";"14851";"3";"";
"2949";"14756";"1";"1";
"2949";"14755";"2";"";
"2950";"14757";"1";"";
"2950";"14758";"2";"";
"2950";"14804";"3";"";
"2950";"17354";"4";"";
"2950";"17355";"5";"1";
"2951";"14768";"1";"";
"2951";"14769";"2";"";
"2951";"19484";"3";"";
"2951";"19485";"4";"";
"2951";"19486";"5";"1";
"2952";"14772";"1";"";
"2952";"14773";"2";"";
"2952";"14774";"3";"";
"2952";"14792";"4";"1";
"2953";"14775";"1";"1";
"2953";"16315";"2";"";
"2953";"16316";"3";"";
"2953";"17109";"4";"";
"2953";"17111";"5";"";
"2953";"17112";"6";"";
"2953";"17113";"7";"";
"2953";"17114";"8";"";
"2953";"17116";"9";"";
"2954";"14776";"1";"1";
"2955";"14777";"1";"1";
"2956";"14781";"1";"";
"2956";"14782";"2";"";
"2956";"17022";"3";"";
"2956";"17023";"4";"1";
"2957";"14783";"1";"";
"2957";"17266";"2";"";
"2957";"17267";"3";"";
"2957";"17268";"4";"1";
"2958";"14784";"1";"";
"2958";"14844";"2";"";
"2958";"15963";"3";"1";
"2958";"15964";"4";"";
"2958";"15965";"5";"";
"2959";"14793";"1";"";
"2959";"15802";"2";"1";
"2960";"14794";"1";"1";
"2961";"14795";"1";"1";
"2962";"14806";"1";"";
"2962";"14807";"2";"";
"2962";"14849";"3";"";
"2962";"17295";"4";"";
"2962";"17296";"5";"";
"2962";"17297";"6";"1";
"2963";"14808";"1";"1";
"2963";"14809";"2";"";
"2964";"14811";"1";"1";
"2964";"14810";"2";"";
"2964";"14812";"3";"";
"2965";"14813";"1";"";
"2965";"14998";"2";"1";
"2965";"14999";"3";"";
"2966";"14814";"1";"1";
"2966";"14815";"2";"";
"2967";"14816";"1";"";
"2967";"14817";"2";"";
"2967";"14818";"3";"";
"2967";"14915";"4";"";
"2967";"14916";"5";"";
"2967";"14917";"6";"";
"2967";"14918";"7";"";
"2967";"14919";"8";"1";
"2968";"14829";"1";"1";
"2968";"14830";"2";"";
"2968";"15745";"3";"";
"2969";"14820";"1";"1";
"2969";"14819";"2";"";
"2970";"14821";"1";"1";
"2971";"14824";"1";"";
"2971";"14822";"2";"1";
"2971";"14823";"3";"";
"2972";"14825";"1";"1";
"2973";"14828";"1";"1";
"2973";"14826";"2";"";
"2973";"14827";"3";"";
"2974";"14833";"1";"1";
"2975";"14834";"1";"";
"2975";"14835";"2";"";
"2975";"16407";"3";"1";
"2975";"16408";"4";"";
"2975";"16409";"5";"";
"2975";"16410";"6";"";
"2975";"16411";"7";"";
"2976";"14836";"1";"";
"2976";"18038";"2";"";
"2976";"18039";"3";"1";
"2976";"18780";"4";"";
"2976";"18781";"5";"";
"2977";"14837";"1";"";
"2977";"17418";"2";"1";
"2977";"17419";"3";"";
"2977";"17420";"4";"";
"2977";"17421";"5";"";
"2978";"14838";"1";"";
"2978";"14902";"2";"";
"2978";"15941";"3";"";
"2978";"15942";"4";"";
"2978";"15943";"5";"1";
"2978";"15944";"6";"";
"2978";"15945";"7";"";
"2979";"14887";"1";"";
"2979";"15759";"2";"1";
"2979";"17364";"3";"";
"2979";"17365";"4";"";
"2980";"14888";"1";"";
"2980";"15760";"2";"1";
"2981";"14889";"1";"";
"2981";"15000";"2";"1";
"2981";"15001";"3";"";
"2982";"14890";"1";"1";
"2983";"15673";"1";"";
"2983";"15946";"2";"";
"2983";"15947";"3";"1";
"2983";"15948";"4";"";
"2983";"15949";"5";"";
"2983";"15950";"6";"";
"2984";"14891";"1";"1";
"2985";"14892";"1";"1";
"2985";"14893";"2";"";
"2986";"14894";"1";"1";
"2986";"14895";"2";"";
"2986";"15792";"3";"";
"2986";"16322";"4";"";
"2987";"14933";"1";"";
"2987";"14993";"2";"1";
"2987";"14994";"3";"";
"2988";"14934";"1";"";
"2988";"14989";"2";"1";
"2988";"14990";"3";"";
"2988";"14991";"4";"";
"2988";"14992";"5";"";
"2989";"14935";"1";"";
"2989";"14986";"2";"";
"2989";"14987";"3";"";
"2989";"14988";"4";"1";
"2990";"14936";"1";"";
"2990";"14983";"2";"";
"2990";"14984";"3";"1";
"2990";"14985";"4";"";
"2991";"14937";"1";"";
"2991";"14977";"2";"";
"2991";"14978";"3";"";
"2991";"14979";"4";"1";
"2991";"14980";"5";"";
"2991";"14981";"6";"";
"2991";"14982";"7";"";
"2992";"14938";"1";"";
"2992";"14975";"2";"1";
"2992";"14976";"3";"";
"2993";"14939";"1";"";
"2993";"14940";"2";"";
"2993";"14973";"3";"1";
"2993";"14974";"4";"";
"2994";"14941";"1";"";
"2994";"14969";"2";"";
"2994";"14970";"3";"";
"2994";"14971";"4";"1";
"2994";"14972";"5";"";
"2995";"14942";"1";"1";
"2996";"14943";"1";"";
"2996";"14964";"2";"";
"2996";"14965";"3";"";
"2996";"14966";"4";"1";
"2996";"14967";"5";"";
"2996";"14968";"6";"";
"2997";"14944";"1";"1";
"2997";"14961";"2";"";
"2997";"14962";"3";"";
"2997";"14963";"4";"";
"2998";"14945";"1";"1";
"2998";"14960";"2";"";
"2999";"14946";"1";"";
"2999";"14956";"2";"";
"2999";"14957";"3";"";
"2999";"14958";"4";"1";
"2999";"14959";"5";"";
"3000";"14947";"1";"";
"3000";"14953";"2";"";
"3000";"14954";"3";"";
"3000";"14955";"4";"1";
"3001";"14948";"1";"";
"3001";"14949";"2";"1";
"3001";"14950";"3";"";
"3001";"14951";"4";"";
"3001";"14952";"5";"";
"3002";"15002";"1";"1";
"3002";"15226";"2";"";
"3002";"15677";"3";"";
"3003";"18853";"1";"1";
"3003";"15003";"2";"";
"3003";"15736";"3";"";
"3003";"16306";"4";"";
"3003";"16307";"5";"";
"3003";"16308";"6";"";
"3003";"16309";"7";"";
"3003";"19086";"8";"";
"3004";"15007";"1";"1";
"3004";"15230";"2";"";
"3004";"15231";"3";"";
"3005";"15015";"1";"1";
"3006";"15019";"1";"";
"3006";"15020";"2";"";
"3006";"17395";"3";"";
"3006";"17396";"4";"1";
"3006";"17397";"5";"";
"3006";"17398";"6";"";
"3006";"17399";"7";"";
"3007";"15437";"1";"1";
"3007";"15438";"2";"";
"3007";"15021";"3";"";
"3007";"15058";"4";"";
"3007";"15059";"5";"";
"3008";"15441";"1";"1";
"3008";"15440";"2";"";
"3008";"15439";"3";"";
"3008";"15068";"4";"";
"3008";"15070";"5";"";
"3009";"15023";"1";"";
"3009";"15072";"2";"";
"3009";"15073";"3";"1";
"3009";"15074";"4";"";
"3010";"15024";"1";"1";
"3010";"15447";"2";"";
"3010";"15446";"3";"";
"3010";"15448";"4";"";
"3010";"15449";"5";"";
"3011";"15453";"1";"1";
"3011";"15451";"2";"";
"3011";"15450";"3";"";
"3011";"15452";"4";"";
"3011";"15454";"5";"";
"3012";"15026";"1";"1";
"3012";"15151";"2";"";
"3012";"15152";"3";"";
"3012";"15153";"4";"";
"3013";"15027";"1";"1";
"3013";"15083";"2";"";
"3013";"15458";"3";"";
"3013";"15455";"4";"";
"3013";"15456";"5";"";
"3013";"15457";"6";"";
"3014";"15029";"1";"";
"3014";"15078";"2";"";
"3014";"15079";"3";"";
"3014";"15080";"4";"";
"3014";"15081";"5";"1";
"3015";"15462";"1";"1";
"3015";"15463";"2";"";
"3015";"15459";"3";"";
"3015";"15460";"4";"";
"3015";"15461";"5";"";
"3016";"15466";"1";"1";
"3016";"15464";"2";"";
"3016";"15465";"3";"";
"3017";"15468";"1";"1";
"3017";"15467";"2";"";
"3017";"15471";"3";"";
"3017";"15469";"4";"";
"3017";"15470";"5";"";
"3018";"15433";"1";"1";
"3018";"15431";"2";"";
"3018";"15432";"3";"";
"3019";"15135";"1";"1";
"3019";"15133";"2";"";
"3019";"15034";"3";"";
"3019";"15134";"4";"";
"3020";"15472";"1";"1";
"3020";"15473";"2";"";
"3020";"15474";"3";"";
"3020";"15475";"4";"";
"3021";"15476";"1";"1";
"3021";"15477";"2";"";
"3021";"15478";"3";"";
"3021";"15479";"4";"";
"3022";"15436";"1";"1";
"3022";"15434";"2";"";
"3022";"15435";"3";"";
"3023";"15481";"1";"1";
"3023";"15482";"2";"";
"3023";"15038";"3";"";
"3023";"15480";"4";"";
"3023";"15483";"5";"";
"3024";"15486";"1";"1";
"3024";"15485";"2";"";
"3024";"15484";"3";"";
"3025";"15115";"1";"1";
"3025";"15114";"2";"";
"3025";"15116";"3";"";
"3025";"15117";"4";"";
"3026";"15041";"1";"1";
"3026";"15430";"2";"";
"3026";"15429";"3";"";
"3026";"15119";"4";"";
"3026";"15120";"5";"";
"3027";"15428";"1";"1";
"3027";"15427";"2";"";
"3027";"15042";"3";"";
"3027";"15124";"4";"";
"3027";"15125";"5";"";
"3027";"15126";"6";"";
"3027";"15127";"7";"";
"3028";"15424";"1";"1";
"3028";"15425";"2";"";
"3028";"15043";"3";"";
"3028";"15128";"4";"";
"3028";"15130";"5";"";
"3028";"15426";"6";"";
"3029";"15422";"1";"1";
"3029";"15423";"2";"";
"3029";"15420";"3";"";
"3029";"15421";"4";"";
"3030";"15045";"1";"";
"3030";"15367";"2";"1";
"3030";"15368";"3";"";
"3030";"15369";"4";"";
"3031";"15671";"1";"1";
"3031";"15672";"2";"";
"3031";"15670";"3";"";
"3032";"15047";"1";"1";
"3032";"15714";"2";"";
"3032";"18802";"3";"";
"3032";"20259";"4";"";
"3032";"20260";"5";"";
"3032";"20261";"6";"";
"3033";"15310";"1";"1";
"3033";"15311";"2";"";
"3033";"15306";"3";"";
"3033";"15307";"4";"";
"3033";"15048";"5";"";
"3033";"15308";"6";"";
"3033";"15309";"7";"";
"3034";"15049";"1";"";
"3034";"15722";"2";"";
"3034";"16333";"3";"1";
"3035";"15050";"1";"1";
"3035";"20080";"2";"";
"3035";"20081";"3";"";
"3035";"20082";"4";"";
"3036";"15051";"1";"";
"3036";"15052";"2";"1";
"3036";"15054";"3";"";
"3037";"15064";"1";"";
"3037";"15733";"2";"";
"3037";"17370";"3";"";
"3037";"17371";"4";"";
"3037";"17372";"5";"1";
"3038";"15065";"1";"1";
"3038";"15685";"2";"";
"3038";"15686";"3";"";
"3039";"15069";"1";"1";
"3039";"15224";"2";"";
"3039";"15225";"3";"";
"3040";"15665";"1";"1";
"3040";"15666";"2";"";
"3040";"15667";"3";"";
"3040";"16351";"4";"";
"3040";"16352";"5";"";
"3040";"17330";"6";"";
"3040";"17331";"7";"";
"3041";"15082";"1";"";
"3041";"15918";"2";"1";
"3042";"15085";"1";"";
"3042";"16902";"2";"";
"3042";"16903";"3";"1";
"3043";"15089";"1";"1";
"3043";"15738";"2";"";
"3044";"15100";"1";"";
"3044";"16257";"2";"";
"3044";"16258";"3";"";
"3044";"16259";"4";"";
"3044";"16334";"5";"1";
"3045";"15107";"1";"";
"3045";"16393";"2";"";
"3045";"16394";"3";"";
"3045";"16395";"4";"";
"3045";"16396";"5";"";
"3045";"16397";"6";"";
"3045";"16398";"7";"";
"3045";"16399";"8";"1";
"3046";"15112";"1";"";
"3046";"15515";"2";"";
"3046";"15516";"3";"";
"3046";"15517";"4";"";
"3046";"15518";"5";"1";
"3047";"15196";"1";"1";
"3047";"15197";"2";"";
"3047";"15198";"3";"";
"3048";"15118";"1";"1";
"3048";"15251";"2";"";
"3049";"15488";"1";"1";
"3049";"15490";"2";"";
"3049";"15487";"3";"";
"3049";"15489";"4";"";
"3050";"15131";"1";"";
"3050";"15264";"2";"";
"3050";"15265";"3";"";
"3050";"15768";"4";"1";
"3050";"15769";"5";"";
"3050";"15770";"6";"";
"3051";"15132";"1";"";
"3051";"15256";"2";"1";
"3052";"20834";"1";"1";
"3052";"20833";"2";"";
"3052";"20835";"3";"";
"3053";"15137";"1";"";
"3053";"16166";"2";"";
"3053";"16167";"3";"";
"3053";"16168";"4";"1";
"3054";"15138";"1";"1";
"3055";"15142";"1";"";
"3055";"15184";"2";"";
"3055";"15185";"3";"";
"3055";"15186";"4";"1";
"3056";"15143";"1";"";
"3056";"15187";"2";"";
"3056";"15188";"3";"";
"3056";"15189";"4";"";
"3056";"15190";"5";"";
"3056";"15191";"6";"1";
"3057";"15144";"1";"";
"3057";"17391";"2";"1";
"3058";"15145";"1";"1";
"3058";"15354";"2";"";
"3058";"15355";"3";"";
"3059";"15146";"1";"1";
"3060";"15147";"1";"1";
"3061";"15148";"1";"";
"3061";"15494";"2";"";
"3061";"15495";"3";"";
"3061";"15496";"4";"";
"3061";"15674";"5";"1";
"3061";"15675";"6";"";
"3062";"15149";"1";"";
"3062";"15505";"2";"";
"3062";"15506";"3";"";
"3062";"15507";"4";"1";
"3063";"15150";"1";"1";
"3063";"15502";"2";"";
"3063";"15503";"3";"";
"3063";"15504";"4";"";
"3063";"15777";"5";"";
"3064";"15419";"1";"1";
"3064";"15418";"2";"";
"3065";"15155";"1";"1";
"3066";"15156";"1";"";
"3066";"15779";"2";"1";
"3067";"15157";"1";"";
"3067";"17589";"2";"1";
"3067";"17590";"3";"";
"3067";"17591";"4";"";
"3067";"17592";"5";"";
"3067";"17593";"6";"";
"3067";"17594";"7";"";
"3067";"18798";"8";"";
"3068";"15158";"1";"1";
"3068";"15178";"2";"";
"3068";"15179";"3";"";
"3068";"15181";"4";"";
"3068";"15182";"5";"";
"3068";"15183";"6";"";
"3069";"15159";"1";"";
"3069";"15168";"2";"";
"3069";"15169";"3";"";
"3069";"15171";"4";"";
"3069";"15172";"5";"1";
"3070";"15160";"1";"1";
"3070";"15356";"2";"";
"3070";"15357";"3";"";
"3070";"15358";"4";"";
"3071";"15161";"1";"1";
"3071";"19379";"2";"";
"3072";"15163";"1";"1";
"3072";"15164";"2";"";
"3072";"15165";"3";"";
"3072";"15166";"4";"";
"3073";"17666";"1";"";
"3073";"17665";"2";"";
"3073";"17667";"3";"";
"3073";"17810";"4";"";
"3073";"17811";"5";"1";
"3074";"15174";"1";"1";
"3074";"15175";"2";"";
"3074";"15176";"3";"";
"3074";"15177";"4";"";
"3075";"15194";"1";"1";
"3075";"15195";"2";"";
"3075";"15192";"3";"";
"3075";"15193";"4";"";
"3076";"18764";"1";"1";
"3076";"18763";"2";"";
"3076";"15201";"3";"";
"3076";"15200";"4";"";
"3076";"15202";"5";"";
"3077";"15312";"1";"1";
"3077";"15313";"2";"";
"3078";"15295";"1";"1";
"3078";"15296";"2";"";
"3078";"15205";"3";"";
"3078";"15297";"4";"";
"3079";"15206";"1";"1";
"3080";"15210";"1";"";
"3080";"15209";"2";"";
"3080";"15208";"3";"";
"3080";"15809";"4";"";
"3080";"15810";"5";"1";
"3081";"15207";"1";"1";
"3081";"15284";"2";"";
"3081";"15285";"3";"";
"3082";"15301";"1";"1";
"3082";"15303";"2";"";
"3082";"15305";"3";"";
"3082";"15302";"4";"";
"3082";"15211";"5";"";
"3082";"15304";"6";"";
"3082";"15704";"7";"";
"3082";"18810";"8";"";
"3083";"15215";"1";"";
"3083";"15289";"2";"1";
"3084";"15216";"1";"";
"3084";"15497";"2";"";
"3084";"15498";"3";"1";
"3084";"15499";"4";"";
"3084";"15500";"5";"";
"3084";"15501";"6";"";
"3085";"15217";"1";"1";
"3086";"15399";"1";"1";
"3086";"15400";"2";"";
"3086";"15397";"3";"";
"3086";"15401";"4";"";
"3086";"15398";"5";"";
"3087";"15222";"1";"";
"3087";"15220";"2";"";
"3087";"15219";"3";"";
"3087";"15223";"4";"1";
"3088";"15229";"1";"1";
"3088";"15227";"2";"";
"3089";"15232";"1";"1";
"3089";"15233";"2";"";
"3089";"15234";"3";"";
"3090";"15236";"1";"";
"3090";"15327";"2";"1";
"3091";"15237";"1";"1";
"3091";"15336";"2";"";
"3091";"15337";"3";"";
"3091";"15338";"4";"";
"3091";"15339";"5";"";
"3092";"15238";"1";"1";
"3093";"15239";"1";"1";
"3094";"15379";"1";"";
"3094";"15381";"2";"";
"3094";"15378";"3";"";
"3094";"15377";"4";"";
"3094";"15380";"5";"";
"3094";"15511";"6";"1";
"3094";"15512";"7";"";
"3094";"15513";"8";"";
"3095";"15374";"1";"1";
"3095";"15372";"2";"";
"3095";"15373";"3";"";
"3095";"15375";"4";"";
"3095";"15376";"5";"";
"3096";"15406";"1";"1";
"3096";"15408";"2";"";
"3096";"15402";"3";"";
"3096";"15407";"4";"";
"3096";"15403";"5";"";
"3096";"15404";"6";"";
"3096";"15405";"7";"";
"3097";"15243";"1";"1";
"3098";"15413";"1";"1";
"3098";"15414";"2";"";
"3098";"15415";"3";"";
"3098";"15416";"4";"";
"3098";"15417";"5";"";
"3099";"15382";"1";"1";
"3099";"15383";"2";"";
"3099";"15384";"3";"";
"3100";"15247";"1";"";
"3100";"15250";"2";"";
"3100";"15248";"3";"";
"3100";"15249";"4";"";
"3100";"19439";"5";"1";
"3101";"15315";"1";"1";
"3101";"15317";"2";"";
"3101";"15255";"3";"";
"3101";"15316";"4";"";
"3101";"15318";"5";"";
"3102";"15348";"1";"1";
"3102";"15349";"2";"";
"3102";"15350";"3";"";
"3102";"15351";"4";"";
"3102";"15352";"5";"";
"3102";"15353";"6";"";
"3103";"15362";"1";"";
"3103";"15363";"2";"";
"3103";"15359";"3";"";
"3103";"15365";"4";"";
"3103";"15360";"5";"";
"3103";"15361";"6";"";
"3103";"15364";"7";"";
"3103";"15766";"8";"";
"3103";"15767";"9";"1";
"3104";"15266";"1";"1";
"3105";"15270";"1";"1";
"3105";"15267";"2";"";
"3105";"15268";"3";"";
"3105";"15269";"4";"";
"3105";"15271";"5";"";
"3105";"18812";"6";"";
"3106";"15273";"1";"1";
"3107";"15274";"1";"1";
"3108";"15275";"1";"1";
"3108";"17081";"2";"";
"3109";"15328";"1";"1";
"3109";"15329";"2";"";
"3109";"15332";"3";"";
"3109";"15330";"4";"";
"3109";"15331";"5";"";
"3110";"15345";"1";"1";
"3110";"15342";"2";"";
"3110";"15344";"3";"";
"3110";"15340";"4";"";
"3110";"15343";"5";"";
"3110";"15341";"6";"";
"3110";"15346";"7";"";
"3110";"15347";"8";"";
"3111";"15411";"1";"";
"3111";"15409";"2";"";
"3111";"15410";"3";"1";
"3111";"15412";"4";"";
"3112";"15392";"1";"";
"3112";"15393";"2";"";
"3112";"15279";"3";"";
"3112";"15391";"4";"";
"3112";"15514";"5";"1";
"3113";"15387";"1";"1";
"3113";"15389";"2";"";
"3113";"15385";"3";"";
"3113";"15386";"4";"";
"3113";"15388";"5";"";
"3113";"15390";"6";"";
"3114";"15396";"1";"1";
"3114";"15395";"2";"";
"3114";"15282";"3";"";
"3115";"15283";"1";"1";
"3116";"15286";"1";"";
"3116";"15287";"2";"1";
"3116";"15288";"3";"";
"3117";"15326";"1";"1";
"3117";"15322";"2";"";
"3117";"15319";"3";"";
"3117";"15324";"4";"";
"3117";"15320";"5";"";
"3117";"15321";"6";"";
"3117";"15323";"7";"";
"3117";"15325";"8";"";
"3118";"15293";"1";"";
"3118";"15508";"2";"";
"3118";"15509";"3";"1";
"3118";"15510";"4";"";
"3119";"15294";"1";"";
"3119";"15442";"2";"";
"3119";"15443";"3";"1";
"3119";"15444";"4";"";
"3119";"15445";"5";"";
"3120";"15314";"1";"";
"3120";"15557";"2";"";
"3120";"15558";"3";"1";
"3125";"15532";"1";"";
"3125";"15533";"2";"1";
"3128";"15545";"1";"1";
"3128";"15544";"2";"";
"3128";"15546";"3";"";
"3128";"15547";"4";"";
"3129";"15548";"1";"1";
"3129";"15551";"2";"";
"3129";"15549";"3";"";
"3129";"15550";"4";"";
"3130";"15552";"1";"1";
"3130";"15553";"2";"";
"3131";"15556";"1";"1";
"3131";"15555";"2";"";
"3131";"15554";"3";"";
"3132";"15559";"1";"1";
"3132";"15560";"2";"";
"3133";"15561";"1";"1";
"3133";"15562";"2";"";
"3134";"15566";"1";"";
"3134";"15567";"2";"1";
"3135";"15568";"1";"1";
"3137";"15571";"1";"1";
"3137";"15572";"2";"";
"3137";"15570";"3";"";
"3138";"15574";"1";"1";
"3138";"15575";"2";"";
"3138";"15573";"3";"";
"3139";"15580";"1";"1";
"3139";"15582";"2";"";
"3139";"15581";"3";"";
"3139";"15583";"4";"";
"3140";"15584";"1";"1";
"3141";"15585";"1";"1";
"3142";"15586";"1";"1";
"3143";"15587";"1";"1";
"3144";"15588";"1";"1";
"3145";"15589";"1";"1";
"3146";"15590";"1";"1";
"3147";"15591";"1";"1";
"3148";"15592";"1";"";
"3148";"17377";"2";"";
"3148";"17378";"3";"1";
"3148";"17379";"4";"";
"3149";"17375";"1";"1";
"3149";"17376";"2";"";
"3150";"15594";"1";"1";
"3151";"15595";"1";"1";
"3152";"15596";"1";"1";
"3153";"15598";"1";"1";
"3153";"15597";"2";"";
"3153";"15599";"3";"";
"3154";"15601";"1";"";
"3154";"15600";"2";"";
"3154";"17558";"3";"";
"3154";"17559";"4";"";
"3154";"17560";"5";"";
"3154";"17561";"6";"";
"3154";"17562";"7";"";
"3154";"17563";"8";"1";
"3155";"15602";"1";"1";
"3155";"15604";"2";"";
"3155";"15603";"3";"";
"3156";"15606";"1";"1";
"3156";"15605";"2";"";
"3156";"15607";"3";"";
"3156";"15608";"4";"";
"3156";"15609";"5";"";
"3156";"15610";"6";"";
"3157";"15611";"1";"";
"3157";"15614";"2";"";
"3157";"15612";"3";"";
"3157";"15613";"4";"";
"3157";"19090";"5";"1";
"3157";"19091";"6";"";
"3158";"15615";"1";"";
"3158";"15617";"2";"";
"3158";"15616";"3";"1";
"3158";"17356";"4";"";
"3158";"17357";"5";"";
"3159";"15618";"1";"1";
"3160";"15619";"1";"1";
"3161";"15620";"1";"1";
"3162";"15621";"1";"1";
"3163";"15622";"1";"1";
"3164";"15623";"1";"1";
"3165";"15624";"1";"1";
"3165";"15625";"2";"";
"3166";"15626";"1";"1";
"3167";"15627";"1";"1";
"3167";"15628";"2";"";
"3168";"15629";"1";"";
"3168";"15812";"2";"";
"3168";"15813";"3";"1";
"3169";"15637";"1";"1";
"3169";"15638";"2";"";
"3169";"15639";"3";"";
"3170";"15643";"1";"1";
"3170";"15644";"2";"";
"3171";"15647";"1";"1";
"3172";"15649";"1";"";
"3172";"15650";"2";"1";
"3173";"15651";"1";"1";
"3174";"15652";"1";"1";
"3175";"15657";"1";"1";
"3176";"15658";"1";"";
"3176";"15662";"2";"1";
"3177";"15659";"1";"";
"3177";"15692";"2";"1";
"3178";"15660";"1";"1";
"3179";"15661";"1";"";
"3179";"15916";"2";"1";
"3179";"15917";"3";"";
"3181";"15698";"1";"1";
"3181";"15696";"2";"";
"3181";"15697";"3";"";
"3182";"15781";"1";"1";
"3183";"15782";"1";"";
"3183";"17902";"2";"1";
"3183";"17903";"3";"";
"3183";"17904";"4";"";
"3183";"17905";"5";"";
"3183";"17906";"6";"";
"3184";"15783";"1";"";
"3184";"15785";"2";"";
"3184";"16202";"3";"";
"3184";"16203";"4";"1";
"3184";"16204";"5";"";
"3185";"15786";"1";"";
"3185";"20090";"2";"";
"3185";"20091";"3";"1";
"3185";"20092";"4";"";
"3185";"20093";"5";"";
"3186";"15835";"1";"";
"3186";"17319";"2";"1";
"3187";"15788";"1";"";
"3187";"17368";"2";"";
"3187";"17369";"3";"1";
"3188";"15789";"1";"1";
"3189";"15790";"1";"1";
"3190";"15791";"1";"1";
"3191";"15865";"1";"1";
"3191";"15866";"2";"";
"3191";"15867";"3";"";
"3192";"15814";"1";"1";
"3193";"15815";"1";"1";
"3194";"15816";"1";"1";
"3194";"15817";"2";"";
"3194";"15827";"3";"";
"3195";"15818";"1";"1";
"3195";"15819";"2";"";
"3195";"15820";"3";"";
"3195";"15828";"4";"";
"3196";"15821";"1";"1";
"3196";"15822";"2";"";
"3196";"15826";"3";"";
"3196";"15829";"4";"";
"3197";"15823";"1";"";
"3197";"16249";"2";"1";
"3197";"16250";"3";"";
"3197";"16251";"4";"";
"3198";"15824";"1";"1";
"3199";"15825";"1";"1";
"3200";"15830";"1";"";
"3200";"16275";"2";"1";
"3200";"16276";"3";"";
"3200";"16277";"4";"";
"3200";"16278";"5";"";
"3200";"18947";"6";"";
"3201";"15831";"1";"1";
"3202";"15832";"1";"";
"3202";"16223";"2";"1";
"3202";"16224";"3";"";
"3202";"16225";"4";"";
"3203";"15833";"1";"";
"3203";"20086";"2";"";
"3203";"20087";"3";"";
"3203";"20088";"4";"";
"3203";"20089";"5";"1";
"3204";"15844";"1";"";
"3204";"16214";"2";"";
"3204";"16215";"3";"";
"3204";"16216";"4";"";
"3204";"16217";"5";"1";
"3205";"15834";"1";"1";
"3206";"15836";"1";"1";
"3207";"15845";"1";"";
"3207";"16212";"2";"";
"3207";"16213";"3";"1";
"3208";"15846";"1";"1";
"3209";"15847";"1";"1";
"3210";"15849";"1";"";
"3210";"18090";"2";"";
"3210";"18091";"3";"";
"3210";"18092";"4";"";
"3210";"18093";"5";"";
"3210";"18094";"6";"";
"3210";"18095";"7";"1";
"3211";"15852";"1";"";
"3211";"18063";"2";"";
"3211";"18064";"3";"";
"3211";"18065";"4";"1";
"3211";"18066";"5";"";
"3212";"15863";"1";"1";
"3213";"15864";"1";"1";
"3214";"15868";"1";"";
"3214";"16011";"2";"";
"3214";"16012";"3";"1";
"3214";"16013";"4";"";
"3214";"16866";"5";"";
"3215";"15869";"1";"";
"3215";"16235";"2";"";
"3215";"16236";"3";"1";
"3215";"16237";"4";"";
"3215";"16238";"5";"";
"3215";"16239";"6";"";
"3215";"16828";"7";"";
"3216";"15870";"1";"1";
"3216";"16386";"2";"";
"3216";"16387";"3";"";
"3217";"15871";"1";"1";
"3217";"16026";"2";"";
"3217";"16027";"3";"";
"3217";"16028";"4";"";
"3217";"16029";"5";"";
"3218";"15886";"1";"";
"3218";"15885";"2";"1";
"3218";"15887";"3";"";
"3218";"16079";"4";"";
"3218";"16080";"5";"";
"3218";"16081";"6";"";
"3219";"15873";"1";"";
"3219";"16161";"2";"";
"3219";"16162";"3";"";
"3219";"16318";"4";"";
"3219";"16319";"5";"1";
"3220";"15874";"1";"";
"3220";"16044";"2";"";
"3220";"16045";"3";"1";
"3220";"16046";"4";"";
"3220";"16047";"5";"";
"3220";"16343";"6";"";
"3220";"16344";"7";"";
"3221";"15877";"1";"";
"3221";"16153";"2";"";
"3221";"16154";"3";"1";
"3221";"16155";"4";"";
"3221";"16156";"5";"";
"3222";"15882";"1";"";
"3222";"15884";"2";"";
"3222";"15881";"3";"1";
"3222";"15883";"4";"";
"3222";"15920";"5";"";
"3222";"17097";"6";"";
"3222";"17098";"7";"";
"3222";"17099";"8";"";
"3223";"15888";"1";"1";
"3223";"15890";"2";"";
"3223";"15889";"3";"";
"3223";"16149";"4";"";
"3224";"15891";"1";"";
"3224";"15892";"2";"";
"3224";"15893";"3";"1";
"3224";"15926";"4";"";
"3224";"16912";"5";"";
"3224";"19801";"6";"";
"3224";"19802";"7";"";
"3225";"15894";"1";"";
"3225";"16040";"2";"";
"3225";"16041";"3";"";
"3225";"16042";"4";"1";
"3225";"16043";"5";"";
"3225";"16672";"6";"";
"3226";"15895";"1";"";
"3226";"16260";"2";"";
"3226";"16261";"3";"1";
"3226";"16262";"4";"";
"3226";"16263";"5";"";
"3227";"16030";"1";"1";
"3227";"16031";"2";"";
"3227";"16032";"3";"";
"3227";"16033";"4";"";
"3228";"15897";"1";"";
"3228";"16264";"2";"1";
"3228";"16265";"3";"";
"3228";"16266";"4";"";
"3228";"16339";"5";"";
"3229";"16048";"1";"";
"3229";"16049";"2";"";
"3229";"16050";"3";"";
"3229";"16051";"4";"1";
"3229";"16052";"5";"";
"3229";"16053";"6";"";
"3230";"15899";"1";"";
"3230";"16054";"2";"";
"3230";"16055";"3";"1";
"3230";"16057";"4";"";
"3230";"16058";"5";"";
"3230";"16777";"6";"";
"3230";"16778";"7";"";
"3230";"16841";"8";"";
"3230";"16842";"9";"";
"3231";"15900";"1";"";
"3231";"15923";"2";"";
"3231";"15924";"3";"";
"3231";"15925";"4";"";
"3231";"16305";"5";"1";
"3232";"15901";"1";"";
"3232";"15921";"2";"1";
"3232";"15922";"3";"";
"3232";"16285";"4";"";
"3233";"15902";"1";"";
"3233";"15927";"2";"";
"3233";"15928";"3";"";
"3233";"16298";"4";"";
"3233";"16840";"5";"1";
"3234";"15903";"1";"";
"3234";"16150";"2";"";
"3234";"16151";"3";"1";
"3234";"16152";"4";"";
"3235";"15904";"1";"";
"3235";"17582";"2";"";
"3235";"17583";"3";"";
"3235";"17584";"4";"";
"3235";"17585";"5";"";
"3235";"17586";"6";"";
"3235";"17587";"7";"";
"3235";"17588";"8";"1";
"3236";"15905";"1";"";
"3236";"16073";"2";"";
"3236";"16075";"3";"";
"3236";"16917";"4";"1";
"3237";"15906";"1";"1";
"3237";"17383";"2";"";
"3237";"17384";"3";"";
"3238";"15914";"1";"";
"3238";"15915";"2";"";
"3238";"17313";"3";"1";
"3238";"17314";"4";"";
"3239";"15951";"1";"";
"3239";"15975";"2";"";
"3239";"15976";"3";"";
"3239";"15977";"4";"";
"3239";"15978";"5";"1";
"3240";"15952";"1";"1";
"3240";"15953";"2";"";
"3240";"15981";"3";"";
"3241";"15954";"1";"";
"3241";"15967";"2";"1";
"3241";"15968";"3";"";
"3241";"15969";"4";"";
"3241";"15970";"5";"";
"3241";"15971";"6";"";
"3242";"15955";"1";"";
"3242";"16006";"2";"";
"3242";"16007";"3";"";
"3242";"16008";"4";"1";
"3243";"15960";"1";"";
"3243";"15991";"2";"";
"3243";"15992";"3";"1";
"3244";"15961";"1";"";
"3244";"15962";"2";"";
"3244";"15993";"3";"";
"3244";"15994";"4";"1";
"3245";"15966";"1";"";
"3245";"15986";"2";"";
"3245";"15987";"3";"";
"3245";"15988";"4";"";
"3245";"15989";"5";"1";
"3245";"15990";"6";"";
"3246";"15984";"1";"";
"3246";"15985";"2";"";
"3246";"16132";"3";"1";
"3246";"16133";"4";"";
"3247";"15995";"1";"1";
"3247";"15996";"2";"";
"3247";"16138";"3";"";
"3247";"16139";"4";"";
"3247";"16140";"5";"";
"3248";"16001";"1";"";
"3248";"16002";"2";"";
"3248";"16134";"3";"1";
"3248";"16135";"4";"";
"3248";"16136";"5";"";
"3248";"16137";"6";"";
"3249";"16003";"1";"";
"3249";"16019";"2";"1";
"3249";"16020";"3";"";
"3250";"16009";"1";"";
"3250";"16021";"2";"";
"3250";"16022";"3";"";
"3250";"16023";"4";"";
"3250";"16024";"5";"1";
"3251";"16010";"1";"";
"3251";"16144";"2";"1";
"3251";"16145";"3";"";
"3251";"16146";"4";"";
"3252";"16014";"1";"";
"3252";"16129";"2";"";
"3252";"16130";"3";"";
"3252";"16131";"4";"";
"3252";"16935";"5";"1";
"3253";"16015";"1";"";
"3253";"16141";"2";"";
"3253";"16142";"3";"1";
"3253";"16143";"4";"";
"3254";"19290";"1";"1";
"3254";"16479";"2";"";
"3254";"16016";"3";"";
"3254";"16477";"4";"";
"3254";"16478";"5";"";
"3255";"16017";"1";"";
"3255";"16115";"2";"";
"3255";"16116";"3";"1";
"3256";"16094";"1";"";
"3256";"16095";"2";"";
"3256";"16096";"3";"";
"3256";"16097";"4";"1";
"3256";"16098";"5";"";
"3256";"16099";"6";"";
"3257";"16034";"1";"";
"3257";"16090";"2";"1";
"3257";"16091";"3";"";
"3257";"16092";"4";"";
"3257";"16093";"5";"";
"3257";"16311";"6";"";
"3258";"16035";"1";"";
"3258";"16107";"2";"";
"3258";"16108";"3";"";
"3258";"16109";"4";"";
"3258";"16110";"5";"";
"3258";"16111";"6";"";
"3258";"16310";"7";"1";
"3259";"16036";"1";"1";
"3259";"16119";"2";"";
"3259";"16120";"3";"";
"3259";"16121";"4";"";
"3259";"16122";"5";"";
"3259";"16123";"6";"";
"3260";"16037";"1";"1";
"3260";"16087";"2";"";
"3260";"16088";"3";"";
"3260";"16089";"4";"";
"3260";"16577";"5";"";
"3261";"16039";"1";"1";
"3261";"16100";"2";"";
"3261";"16101";"3";"";
"3261";"16102";"4";"";
"3261";"16103";"5";"";
"3261";"16104";"6";"";
"3261";"16106";"7";"";
"3262";"16124";"1";"1";
"3263";"16125";"1";"1";
"3264";"16126";"1";"1";
"3265";"16127";"1";"1";
"3266";"16128";"1";"1";
"3267";"16169";"1";"1";
"3268";"16170";"1";"1";
"3268";"17294";"2";"";
"3269";"16184";"1";"1";
"3269";"16354";"2";"";
"3269";"16364";"3";"";
"3269";"16365";"4";"";
"3269";"16366";"5";"";
"3269";"16880";"6";"";
"3269";"16881";"7";"";
"3270";"16185";"1";"";
"3270";"16358";"2";"";
"3270";"16359";"3";"";
"3270";"16360";"4";"";
"3270";"16361";"5";"";
"3270";"16362";"6";"1";
"3270";"16363";"7";"";
"3270";"16297";"8";"";
"3270";"16824";"9";"";
"3271";"16186";"1";"";
"3271";"16746";"2";"";
"3271";"16747";"3";"1";
"3271";"16748";"4";"";
"3271";"16749";"5";"";
"3271";"16822";"6";"";
"3271";"16823";"7";"";
"3272";"16187";"1";"";
"3272";"16578";"2";"";
"3272";"16579";"3";"";
"3272";"16580";"4";"1";
"3272";"16581";"5";"";
"3272";"16773";"6";"";
"3272";"16774";"7";"";
"3272";"16775";"8";"";
"3273";"16243";"1";"";
"3273";"16248";"2";"1";
"3274";"16244";"1";"";
"3274";"16380";"2";"";
"3274";"16381";"3";"";
"3274";"16382";"4";"1";
"3275";"19279";"1";"1";
"3275";"16379";"2";"";
"3275";"16245";"3";"";
"3275";"16376";"4";"";
"3275";"16377";"5";"";
"3275";"16378";"6";"";
"3275";"16776";"7";"";
"3275";"16878";"8";"";
"3276";"16247";"1";"";
"3276";"16373";"2";"";
"3276";"16374";"3";"1";
"3276";"16375";"4";"";
"3277";"16388";"1";"";
"3277";"16389";"2";"1";
"3277";"16390";"3";"";
"3277";"16391";"4";"";
"3277";"16392";"5";"";
"3278";"16402";"1";"";
"3278";"16428";"2";"";
"3278";"16429";"3";"";
"3278";"16430";"4";"";
"3278";"16431";"5";"1";
"3279";"16403";"1";"";
"3279";"16404";"2";"1";
"3279";"16423";"3";"";
"3279";"16424";"4";"";
"3279";"16425";"5";"";
"3279";"16426";"6";"";
"3279";"16427";"7";"";
"3279";"16938";"8";"";
"3280";"16405";"1";"";
"3280";"16418";"2";"";
"3280";"16419";"3";"";
"3280";"16420";"4";"1";
"3280";"16421";"5";"";
"3280";"16422";"6";"";
"3281";"16406";"1";"";
"3281";"16412";"2";"";
"3281";"16413";"3";"";
"3281";"16414";"4";"";
"3281";"16415";"5";"";
"3281";"16416";"6";"1";
"3281";"16417";"7";"";
"3282";"16441";"1";"1";
"3282";"16471";"2";"";
"3282";"16473";"3";"";
"3282";"16893";"4";"";
"3283";"16442";"1";"";
"3283";"16469";"2";"1";
"3283";"16470";"3";"";
"3283";"16837";"4";"";
"3284";"16443";"1";"";
"3284";"16464";"2";"";
"3284";"16465";"3";"";
"3284";"16466";"4";"";
"3284";"16467";"5";"1";
"3284";"16468";"6";"";
"3284";"16889";"7";"";
"3285";"16444";"1";"";
"3285";"16460";"2";"";
"3285";"16461";"3";"1";
"3285";"16462";"4";"";
"3285";"16463";"5";"";
"3286";"16445";"1";"1";
"3286";"16457";"2";"";
"3286";"16458";"3";"";
"3286";"16459";"4";"";
"3287";"16446";"1";"";
"3287";"16450";"2";"";
"3287";"16451";"3";"";
"3287";"16452";"4";"";
"3287";"16453";"5";"1";
"3288";"16454";"1";"1";
"3288";"16455";"2";"";
"3288";"16456";"3";"";
"3289";"16480";"1";"";
"3289";"16495";"2";"";
"3289";"16496";"3";"";
"3289";"16497";"4";"1";
"3289";"16498";"5";"";
"3289";"16835";"6";"";
"3290";"16488";"1";"";
"3290";"16507";"2";"";
"3290";"16508";"3";"";
"3290";"16509";"4";"";
"3290";"16510";"5";"1";
"3290";"16511";"6";"";
"3291";"19328";"1";"1";
"3291";"16500";"2";"";
"3291";"16513";"3";"";
"3291";"16514";"4";"";
"3291";"16515";"5";"";
"3291";"16516";"6";"";
"3291";"16517";"7";"";
"3291";"16518";"8";"";
"3291";"16519";"9";"";
"3291";"16873";"10";"";
"3292";"16501";"1";"";
"3292";"16502";"2";"1";
"3292";"16504";"3";"";
"3292";"16505";"4";"";
"3292";"16876";"5";"";
"3293";"16512";"1";"";
"3293";"16525";"2";"";
"3293";"16526";"3";"";
"3293";"16527";"4";"";
"3293";"16528";"5";"1";
"3294";"16520";"1";"";
"3294";"16521";"2";"1";
"3294";"16522";"3";"";
"3294";"16523";"4";"";
"3294";"16524";"5";"";
"3294";"16911";"6";"";
"3295";"16529";"1";"";
"3295";"16530";"2";"1";
"3295";"16531";"3";"";
"3295";"16532";"4";"";
"3295";"16533";"5";"";
"3295";"16534";"6";"";
"3296";"19339";"1";"1";
"3296";"16535";"2";"";
"3296";"16541";"3";"";
"3296";"16543";"4";"";
"3296";"16544";"5";"";
"3296";"16545";"6";"";
"3296";"16546";"7";"";
"3296";"16919";"8";"";
"3297";"16536";"1";"";
"3297";"16547";"2";"";
"3297";"16548";"3";"1";
"3297";"16549";"4";"";
"3297";"16550";"5";"";
"3297";"16551";"6";"";
"3297";"16753";"7";"";
"3297";"16914";"8";"";
"3298";"16537";"1";"";
"3298";"16552";"2";"1";
"3298";"16553";"3";"";
"3298";"16554";"4";"";
"3298";"16555";"5";"";
"3299";"16538";"1";"";
"3299";"16556";"2";"1";
"3299";"16557";"3";"";
"3299";"16558";"4";"";
"3299";"16559";"5";"";
"3299";"16560";"6";"";
"3299";"16561";"7";"";
"3300";"16539";"1";"";
"3300";"16562";"2";"";
"3300";"16563";"3";"";
"3300";"16564";"4";"";
"3300";"16565";"5";"";
"3300";"16566";"6";"";
"3300";"16567";"7";"";
"3300";"16877";"8";"";
"3300";"17123";"9";"1";
"3300";"17125";"10";"";
"3300";"17127";"11";"";
"3301";"16540";"1";"";
"3301";"16568";"2";"";
"3301";"16569";"3";"1";
"3301";"16570";"4";"";
"3301";"16571";"5";"";
"3301";"16572";"6";"";
"3302";"16573";"1";"";
"3302";"16574";"2";"";
"3302";"16575";"3";"";
"3302";"16945";"4";"1";
"3303";"16941";"1";"";
"3303";"16942";"2";"1";
"3304";"16582";"1";"";
"3304";"16583";"2";"1";
"3304";"16584";"3";"";
"3304";"16585";"4";"";
"3305";"16586";"1";"";
"3305";"16594";"2";"";
"3305";"16595";"3";"1";
"3306";"16587";"1";"";
"3306";"16588";"2";"";
"3306";"16589";"3";"";
"3306";"16590";"4";"";
"3306";"16591";"5";"";
"3306";"16592";"6";"";
"3306";"16593";"7";"1";
"3306";"16891";"8";"";
"3306";"16892";"9";"";
"3306";"16958";"10";"";
"3306";"19794";"11";"";
"3307";"16608";"1";"";
"3307";"16609";"2";"1";
"3307";"16610";"3";"";
"3307";"16611";"4";"";
"3307";"16916";"5";"";
"3308";"16612";"1";"";
"3308";"16613";"2";"1";
"3308";"16614";"3";"";
"3309";"16615";"1";"";
"3309";"16616";"2";"";
"3309";"16617";"3";"";
"3309";"16618";"4";"";
"3309";"16619";"5";"1";
"3309";"16620";"6";"";
"3309";"16831";"7";"";
"3309";"16913";"8";"";
"3309";"19750";"9";"";
"3309";"19751";"10";"";
"3310";"16621";"1";"1";
"3310";"16622";"2";"";
"3310";"16623";"3";"";
"3310";"16624";"4";"";
"3310";"16910";"5";"";
"3310";"17115";"6";"";
"3311";"16625";"1";"";
"3311";"19334";"2";"";
"3311";"16626";"3";"";
"3311";"16627";"4";"1";
"3311";"16628";"5";"";
"3311";"19808";"6";"";
"3312";"16636";"1";"1";
"3312";"16787";"2";"";
"3312";"16788";"3";"";
"3312";"16789";"4";"";
"3312";"16790";"5";"";
"3312";"16918";"6";"";
"3313";"16629";"1";"";
"3313";"16630";"2";"1";
"3313";"16631";"3";"";
"3313";"16936";"4";"";
"3314";"16632";"1";"";
"3314";"16633";"2";"";
"3314";"16634";"3";"1";
"3314";"16635";"4";"";
"3315";"16664";"1";"";
"3315";"16665";"2";"";
"3315";"16666";"3";"1";
"3315";"16667";"4";"";
"3316";"16668";"1";"";
"3316";"16669";"2";"";
"3316";"16670";"3";"";
"3316";"16671";"4";"1";
"3316";"16920";"5";"";
"3317";"16637";"1";"";
"3317";"16638";"2";"1";
"3317";"16639";"3";"";
"3317";"16677";"4";"";
"3317";"16890";"5";"";
"3318";"16640";"1";"";
"3318";"16641";"2";"";
"3318";"16642";"3";"1";
"3319";"16647";"1";"";
"3319";"16648";"2";"";
"3319";"16649";"3";"";
"3319";"16650";"4";"";
"3319";"16651";"5";"";
"3319";"16652";"6";"";
"3319";"16653";"7";"1";
"3319";"16752";"8";"";
"3320";"16643";"1";"";
"3320";"16644";"2";"1";
"3320";"16645";"3";"";
"3320";"16646";"4";"";
"3320";"16832";"5";"";
"3320";"16833";"6";"";
"3321";"16654";"1";"1";
"3321";"16655";"2";"";
"3321";"16656";"3";"";
"3321";"16657";"4";"";
"3322";"16658";"1";"1";
"3322";"16659";"2";"";
"3322";"16660";"3";"";
"3322";"16661";"4";"";
"3322";"16662";"5";"";
"3322";"16663";"6";"";
"3322";"16879";"7";"";
"3323";"16678";"1";"";
"3323";"16679";"2";"1";
"3323";"16680";"3";"";
"3323";"16681";"4";"";
"3323";"16682";"5";"";
"3323";"16909";"6";"";
"3323";"19124";"7";"";
"3324";"16683";"1";"";
"3324";"16684";"2";"";
"3324";"16685";"3";"1";
"3324";"16779";"4";"";
"3325";"16686";"1";"";
"3325";"16687";"2";"";
"3325";"16688";"3";"1";
"3325";"16689";"4";"";
"3325";"16690";"5";"";
"3325";"19404";"6";"";
"3326";"16691";"1";"";
"3326";"16692";"2";"";
"3326";"16693";"3";"";
"3326";"16694";"4";"";
"3326";"16695";"5";"1";
"3326";"16696";"6";"";
"3326";"16697";"7";"";
"3326";"16915";"8";"";
"3327";"16698";"1";"";
"3327";"16699";"2";"";
"3327";"16700";"3";"";
"3327";"16701";"4";"";
"3327";"19432";"5";"1";
"3328";"16702";"1";"1";
"3328";"16703";"2";"";
"3328";"16704";"3";"";
"3328";"16705";"4";"";
"3328";"16706";"5";"";
"3329";"16709";"1";"";
"3329";"16710";"2";"1";
"3329";"16711";"3";"";
"3329";"16712";"4";"";
"3329";"16713";"5";"";
"3329";"17103";"6";"";
"3329";"17105";"7";"";
"3330";"16724";"1";"";
"3330";"16725";"2";"";
"3330";"16726";"3";"";
"3330";"16727";"4";"1";
"3330";"16728";"5";"";
"3330";"16729";"6";"";
"3331";"16721";"1";"";
"3331";"16722";"2";"";
"3331";"16723";"3";"1";
"3332";"16714";"1";"";
"3332";"16715";"2";"";
"3332";"16716";"3";"";
"3332";"16717";"4";"1";
"3332";"16718";"5";"";
"3332";"16719";"6";"";
"3332";"16720";"7";"";
"3333";"16740";"1";"1";
"3333";"16741";"2";"";
"3333";"16742";"3";"";
"3333";"16743";"4";"";
"3333";"16744";"5";"";
"3333";"16745";"6";"";
"3333";"16939";"7";"";
"3334";"16730";"1";"";
"3334";"16731";"2";"";
"3334";"16732";"3";"";
"3334";"16733";"4";"";
"3334";"16734";"5";"";
"3334";"16735";"6";"1";
"3335";"16736";"1";"";
"3335";"16737";"2";"1";
"3335";"16738";"3";"";
"3335";"16739";"4";"";
"3335";"16894";"5";"";
"3336";"16792";"1";"1";
"3336";"16793";"2";"";
"3336";"16794";"3";"";
"3336";"16795";"4";"";
"3336";"16796";"5";"";
"3336";"16797";"6";"";
"3337";"16799";"1";"1";
"3337";"16800";"2";"";
"3337";"16801";"3";"";
"3337";"16802";"4";"";
"3337";"16803";"5";"";
"3337";"16804";"6";"";
"3338";"16805";"1";"1";
"3338";"16806";"2";"";
"3338";"16807";"3";"";
"3338";"16808";"4";"";
"3338";"16809";"5";"";
"3339";"16813";"1";"1";
"3339";"16814";"2";"";
"3339";"16816";"3";"";
"3339";"16819";"4";"";
"3339";"16818";"5";"";
"3339";"16820";"6";"";
"3339";"16815";"7";"";
"3340";"16850";"1";"";
"3340";"16851";"2";"";
"3340";"16852";"3";"";
"3340";"16853";"4";"";
"3340";"16854";"5";"1";
"3341";"16843";"1";"1";
"3341";"16844";"2";"";
"3341";"16845";"3";"";
"3341";"16846";"4";"";
"3341";"16847";"5";"";
"3342";"16810";"1";"1";
"3343";"16811";"1";"";
"3343";"17359";"2";"1";
"3343";"17360";"3";"";
"3343";"17361";"4";"";
"3344";"16812";"1";"1";
"3344";"16946";"2";"";
"3344";"16947";"3";"";
"3345";"16817";"1";"";
"3345";"16895";"2";"";
"3345";"16931";"3";"";
"3345";"16932";"4";"1";
"3345";"16933";"5";"";
"3345";"19123";"6";"";
"3345";"19813";"7";"";
"3346";"16943";"1";"1";
"3346";"16950";"2";"";
"3346";"17367";"3";"";
"3347";"16944";"1";"";
"3347";"16949";"2";"";
"3347";"17743";"3";"";
"3347";"17744";"4";"";
"3347";"17745";"5";"";
"3347";"17746";"6";"1";
"3347";"17747";"7";"";
"3348";"16951";"1";"1";
"3348";"17389";"2";"";
"3348";"17390";"3";"";
"3349";"16952";"1";"1";
"3349";"17380";"2";"";
"3349";"17381";"3";"";
"3349";"17382";"4";"";
"3350";"16954";"1";"";
"3350";"19314";"2";"";
"3350";"19315";"3";"1";
"3350";"21320";"4";"";
"3350";"21321";"5";"";
"3350";"21322";"6";"";
"3351";"16955";"1";"1";
"3352";"16974";"1";"1";
"3352";"16975";"2";"";
"3352";"16976";"3";"";
"3352";"16977";"4";"";
"3352";"16978";"5";"";
"3352";"16979";"6";"";
"3353";"16980";"1";"";
"3353";"16981";"2";"";
"3353";"17349";"3";"1";
"3354";"16982";"1";"1";
"3355";"16983";"1";"";
"3355";"17449";"2";"";
"3355";"17450";"3";"";
"3355";"21180";"4";"1";
"3356";"16984";"1";"";
"3356";"17269";"2";"";
"3356";"17270";"3";"";
"3356";"17271";"4";"1";
"3356";"17272";"5";"";
"3356";"17273";"6";"";
"3356";"17274";"7";"";
"3356";"17275";"8";"";
"3357";"16990";"1";"";
"3357";"17350";"2";"1";
"3358";"16985";"1";"1";
"3358";"16986";"2";"";
"3359";"16987";"1";"1";
"3359";"16988";"2";"";
"3360";"16989";"1";"1";
"3361";"16991";"1";"";
"3361";"17404";"2";"";
"3361";"17405";"3";"1";
"3362";"16992";"1";"1";
"3362";"16993";"2";"";
"3363";"16994";"1";"1";
"3364";"16995";"1";"";
"3364";"16996";"2";"";
"3364";"16997";"3";"";
"3364";"17392";"4";"1";
"3364";"17393";"5";"";
"3364";"17394";"6";"";
"3365";"16998";"1";"";
"3365";"16999";"2";"1";
"3366";"17001";"1";"";
"3366";"17429";"2";"1";
"3366";"17430";"3";"";
"3366";"17431";"4";"";
"3366";"17432";"5";"";
"3366";"17433";"6";"";
"3367";"17002";"1";"";
"3367";"17406";"2";"1";
"3367";"17407";"3";"";
"3367";"17408";"4";"";
"3368";"17003";"1";"";
"3368";"17004";"2";"1";
"3368";"17422";"3";"";
"3368";"17423";"4";"";
"3368";"17424";"5";"";
"3368";"17425";"6";"";
"3368";"17426";"7";"";
"3368";"17427";"8";"";
"3368";"17428";"9";"";
"3369";"17005";"1";"";
"3369";"17409";"2";"";
"3369";"17410";"3";"1";
"3369";"17411";"4";"";
"3369";"17412";"5";"";
"3370";"17006";"1";"";
"3370";"17280";"2";"";
"3370";"17281";"3";"";
"3370";"17282";"4";"";
"3370";"17283";"5";"1";
"3370";"17284";"6";"";
"3371";"17413";"1";"1";
"3371";"17414";"2";"";
"3371";"17415";"3";"";
"3371";"17416";"4";"";
"3371";"17417";"5";"";
"3372";"17009";"1";"";
"3372";"17010";"2";"";
"3372";"17276";"3";"";
"3372";"17277";"4";"";
"3372";"17278";"5";"";
"3372";"17279";"6";"1";
"3373";"17012";"1";"";
"3373";"19487";"2";"";
"3373";"19488";"3";"1";
"3373";"19810";"4";"";
"3374";"17013";"1";"1";
"3374";"17452";"2";"";
"3375";"17018";"1";"";
"3375";"17019";"2";"1";
"3376";"17020";"1";"";
"3376";"17352";"2";"";
"3376";"17353";"3";"1";
"3377";"17021";"1";"1";
"3378";"17024";"1";"";
"3378";"17025";"2";"1";
"3378";"17026";"3";"";
"3379";"17027";"1";"";
"3379";"17302";"2";"";
"3379";"17303";"3";"1";
"3379";"17304";"4";"";
"3380";"17028";"1";"1";
"3381";"17029";"1";"";
"3381";"17030";"2";"";
"3381";"17031";"3";"";
"3381";"17385";"4";"";
"3381";"17386";"5";"";
"3381";"17387";"6";"1";
"3381";"17388";"7";"";
"3382";"17032";"1";"1";
"3382";"17305";"2";"";
"3382";"17306";"3";"";
"3382";"17307";"4";"";
"3383";"17033";"1";"1";
"3384";"17034";"1";"";
"3384";"17326";"2";"1";
"3384";"17327";"3";"";
"3384";"17328";"4";"";
"3384";"17329";"5";"";
"3385";"17035";"1";"1";
"3385";"17036";"2";"";
"3386";"17040";"1";"1";
"3387";"17041";"1";"1";
"3388";"17043";"1";"1";
"3389";"17056";"1";"1";
"3389";"17057";"2";"";
"3390";"17058";"1";"1";
"3391";"17059";"1";"1";
"3392";"17061";"1";"";
"3392";"19712";"2";"";
"3392";"19713";"3";"";
"3392";"19714";"4";"1";
"3392";"19715";"5";"";
"3393";"17062";"1";"";
"3393";"17063";"2";"1";
"3394";"17064";"1";"1";
"3395";"17065";"1";"1";
"3395";"17066";"2";"";
"3395";"17067";"3";"";
"3396";"17068";"1";"1";
"3396";"17069";"2";"";
"3396";"18834";"3";"";
"3396";"18835";"4";"";
"3396";"18836";"5";"";
"3397";"18838";"1";"";
"3397";"18839";"2";"";
"3397";"19397";"3";"1";
"3397";"19398";"4";"";
"3397";"19399";"5";"";
"3397";"19400";"6";"";
"3398";"17072";"1";"1";
"3398";"17073";"2";"";
"3398";"17074";"3";"";
"3398";"17075";"4";"";
"3399";"17078";"1";"1";
"3399";"17079";"2";"";
"3399";"17318";"3";"";
"3400";"17162";"1";"";
"3400";"17163";"2";"1";
"3402";"17166";"1";"1";
"3402";"17165";"2";"";
"3402";"17167";"3";"";
"3402";"17164";"4";"";
"3402";"17168";"5";"";
"3403";"17170";"1";"1";
"3403";"17171";"2";"";
"3403";"17169";"3";"";
"3403";"17213";"4";"";
"3403";"17214";"5";"";
"3403";"17215";"6";"";
"3404";"17173";"1";"";
"3404";"17172";"2";"";
"3404";"17220";"3";"";
"3404";"17221";"4";"1";
"3405";"17175";"1";"";
"3405";"17222";"2";"";
"3405";"17223";"3";"";
"3405";"17224";"4";"1";
"3405";"17225";"5";"";
"3406";"17176";"1";"";
"3406";"17177";"2";"";
"3406";"17226";"3";"";
"3406";"17227";"4";"";
"3406";"17228";"5";"1";
"3407";"17180";"1";"1";
"3407";"17178";"2";"";
"3407";"17179";"3";"";
"3408";"17182";"1";"";
"3408";"17181";"2";"1";
"3409";"17185";"1";"";
"3409";"17240";"2";"";
"3409";"17241";"3";"1";
"3409";"17242";"4";"";
"3409";"17243";"5";"";
"3410";"17186";"1";"1";
"3410";"17187";"2";"";
"3410";"17234";"3";"";
"3410";"17235";"4";"";
"3410";"17236";"5";"";
"3410";"17237";"6";"";
"3410";"20272";"7";"";
"3411";"17189";"1";"";
"3411";"17190";"2";"";
"3411";"17188";"3";"";
"3411";"17238";"4";"1";
"3411";"17239";"5";"";
"3412";"17191";"1";"";
"3412";"17245";"2";"";
"3412";"17246";"3";"";
"3412";"17247";"4";"1";
"3413";"17193";"1";"1";
"3413";"17194";"2";"";
"3414";"17229";"1";"";
"3414";"17230";"2";"";
"3414";"17231";"3";"";
"3414";"17232";"4";"";
"3414";"17233";"5";"1";
"3415";"17197";"1";"";
"3415";"17198";"2";"1";
"3415";"17219";"3";"";
"3416";"20831";"1";"1";
"3417";"17204";"1";"";
"3417";"17202";"2";"";
"3417";"17203";"3";"";
"3417";"17476";"4";"";
"3417";"17477";"5";"1";
"3417";"17478";"6";"";
"3417";"17479";"7";"";
"3418";"17216";"1";"";
"3418";"17218";"2";"";
"3418";"17470";"3";"1";
"3418";"17471";"4";"";
"3418";"17472";"5";"";
"3418";"17473";"6";"";
"3418";"17474";"7";"";
"3418";"17475";"8";"";
"3420";"17317";"1";"1";
"3420";"17315";"2";"";
"3420";"17316";"3";"";
"3421";"17460";"1";"";
"3421";"17461";"2";"";
"3421";"17462";"3";"";
"3421";"17463";"4";"1";
"3422";"17336";"1";"";
"3422";"17340";"2";"";
"3422";"17337";"3";"";
"3422";"17341";"4";"";
"3422";"17465";"5";"";
"3422";"17466";"6";"";
"3422";"17467";"7";"1";
"3422";"17468";"8";"";
"3422";"17469";"9";"";
"3423";"17346";"1";"1";
"3423";"17345";"2";"";
"3423";"17343";"3";"";
"3423";"17342";"4";"";
"3423";"17344";"5";"";
"3424";"17347";"1";"1";
"3425";"17495";"1";"1";
"3425";"17564";"2";"";
"3425";"17565";"3";"";
"3426";"17496";"1";"";
"3426";"17518";"2";"1";
"3427";"17499";"1";"";
"3427";"17498";"2";"";
"3427";"17566";"3";"";
"3427";"17567";"4";"1";
"3427";"19378";"5";"";
"3428";"17501";"1";"";
"3428";"17500";"2";"";
"3428";"17568";"3";"1";
"3428";"17569";"4";"";
"3428";"17570";"5";"";
"3429";"17504";"1";"";
"3429";"17503";"2";"";
"3429";"17527";"3";"";
"3429";"17528";"4";"";
"3429";"17529";"5";"";
"3429";"17530";"6";"1";
"3430";"17506";"1";"";
"3430";"17505";"2";"";
"3430";"17540";"3";"";
"3430";"17541";"4";"1";
"3430";"17542";"5";"";
"3430";"19792";"6";"";
"3431";"17507";"1";"1";
"3431";"17535";"2";"";
"3431";"17536";"3";"";
"3431";"17537";"4";"";
"3431";"17538";"5";"";
"3431";"17539";"6";"";
"3432";"17520";"1";"1";
"3432";"17597";"2";"";
"3432";"17599";"3";"";
"3432";"17600";"4";"";
"3432";"18817";"5";"";
"3433";"17522";"1";"";
"3433";"17523";"2";"";
"3433";"17603";"3";"";
"3433";"17604";"4";"";
"3433";"17605";"5";"1";
"3434";"17525";"1";"";
"3434";"17524";"2";"";
"3434";"17526";"3";"";
"3434";"17608";"4";"";
"3434";"17609";"5";"";
"3434";"17610";"6";"";
"3434";"17611";"7";"1";
"3434";"17612";"8";"";
"3434";"17613";"9";"";
"3435";"17533";"1";"1";
"3435";"17534";"2";"";
"3435";"17532";"3";"";
"3435";"17531";"4";"";
"3435";"17649";"5";"";
"3436";"17547";"1";"1";
"3436";"17546";"2";"";
"3436";"17548";"3";"";
"3436";"17549";"4";"";
"3436";"18974";"5";"";
"3437";"17550";"1";"1";
"3437";"17552";"2";"";
"3437";"17553";"3";"";
"3437";"17551";"4";"";
"3438";"17556";"1";"";
"3438";"17557";"2";"1";
"3438";"17725";"3";"";
"3438";"17726";"4";"";
"3438";"17727";"5";"";
"3438";"17728";"6";"";
"3438";"17729";"7";"";
"3439";"17574";"1";"";
"3439";"17575";"2";"";
"3439";"17572";"3";"";
"3439";"17573";"4";"";
"3439";"17576";"5";"";
"3439";"17577";"6";"";
"3439";"17578";"7";"1";
"3439";"17579";"8";"";
"3440";"17580";"1";"1";
"3440";"17581";"2";"";
"3440";"17775";"3";"";
"3440";"17776";"4";"";
"3440";"17777";"5";"";
"3440";"18789";"6";"";
"3441";"17596";"1";"";
"3441";"17639";"2";"";
"3441";"17640";"3";"1";
"3441";"17641";"4";"";
"3442";"17601";"1";"";
"3442";"17602";"2";"";
"3442";"17614";"3";"";
"3442";"17615";"4";"";
"3442";"17616";"5";"";
"3442";"17617";"6";"";
"3442";"17618";"7";"";
"3442";"17619";"8";"";
"3442";"17620";"9";"1";
"3442";"17621";"10";"";
"3442";"17622";"11";"";
"3442";"19129";"12";"";
"3442";"19130";"13";"";
"3443";"17607";"1";"";
"3443";"17606";"2";"";
"3443";"17731";"3";"1";
"3443";"17732";"4";"";
"3444";"17625";"1";"";
"3444";"17623";"2";"";
"3444";"17631";"3";"1";
"3444";"17632";"4";"";
"3444";"17633";"5";"";
"3444";"19105";"6";"";
"3445";"17627";"1";"";
"3445";"17626";"2";"";
"3445";"17642";"3";"";
"3445";"17643";"4";"";
"3445";"17644";"5";"";
"3445";"17645";"6";"1";
"3445";"19114";"7";"";
"3446";"17636";"1";"";
"3446";"17635";"2";"";
"3446";"17634";"3";"";
"3446";"17771";"4";"";
"3446";"17772";"5";"";
"3446";"17773";"6";"1";
"3446";"17774";"7";"";
"3447";"17637";"1";"1";
"3447";"17638";"2";"";
"3447";"17695";"3";"";
"3447";"18793";"4";"";
"3448";"17647";"1";"";
"3448";"17648";"2";"";
"3448";"17656";"3";"";
"3448";"17657";"4";"1";
"3448";"17658";"5";"";
"3448";"18786";"6";"";
"3449";"17651";"1";"";
"3449";"17650";"2";"";
"3449";"17762";"3";"1";
"3449";"17763";"4";"";
"3449";"17764";"5";"";
"3449";"18788";"6";"";
"3450";"17653";"1";"1";
"3450";"17652";"2";"";
"3450";"17740";"3";"";
"3450";"17741";"4";"";
"3450";"17742";"5";"";
"3450";"18787";"6";"";
"3451";"17655";"1";"1";
"3451";"17654";"2";"";
"3451";"17782";"3";"";
"3451";"17783";"4";"";
"3451";"17784";"5";"";
"3451";"17785";"6";"";
"3451";"17786";"7";"";
"3452";"17659";"1";"";
"3452";"17661";"2";"";
"3452";"17660";"3";"";
"3452";"17792";"4";"";
"3452";"17793";"5";"";
"3452";"17794";"6";"1";
"3452";"17795";"7";"";
"3453";"17663";"1";"";
"3453";"17662";"2";"";
"3453";"17664";"3";"1";
"3453";"17812";"4";"";
"3453";"17813";"5";"";
"3453";"17814";"6";"";
"3453";"17815";"7";"";
"3454";"17668";"1";"";
"3454";"17669";"2";"";
"3454";"17806";"3";"";
"3454";"17807";"4";"";
"3454";"17808";"5";"";
"3454";"17809";"6";"1";
"3455";"17671";"1";"";
"3455";"17843";"2";"1";
"3455";"17844";"3";"";
"3455";"17845";"4";"";
"3455";"17846";"5";"";
"3455";"17847";"6";"";
"3455";"17848";"7";"";
"3455";"18809";"8";"";
"3456";"17673";"1";"";
"3456";"17672";"2";"1";
"3456";"17849";"3";"";
"3456";"17850";"4";"";
"3456";"18975";"5";"";
"3457";"17675";"1";"";
"3457";"17674";"2";"";
"3457";"17861";"3";"1";
"3457";"17862";"4";"";
"3457";"17863";"5";"";
"3457";"18821";"6";"";
"3458";"17676";"1";"";
"3458";"17798";"2";"1";
"3458";"17799";"3";"";
"3459";"17681";"1";"";
"3459";"17680";"2";"1";
"3459";"17679";"3";"";
"3459";"17778";"4";"";
"3459";"17779";"5";"";
"3459";"17780";"6";"";
"3459";"17781";"7";"";
"3460";"17682";"1";"";
"3460";"17800";"2";"";
"3460";"17801";"3";"1";
"3461";"17686";"1";"";
"3461";"17684";"2";"";
"3461";"17685";"3";"";
"3461";"17796";"4";"1";
"3461";"17797";"5";"";
"3462";"17688";"1";"";
"3462";"17689";"2";"";
"3462";"17790";"3";"1";
"3462";"17791";"4";"";
"3463";"17690";"1";"";
"3463";"17854";"2";"";
"3463";"17855";"3";"";
"3463";"17856";"4";"1";
"3464";"17693";"1";"";
"3464";"17692";"2";"";
"3464";"17752";"3";"1";
"3464";"17753";"4";"";
"3464";"17754";"5";"";
"3464";"17755";"6";"";
"3465";"17826";"1";"1";
"3465";"17827";"2";"";
"3465";"17828";"3";"";
"3465";"17829";"4";"";
"3466";"17699";"1";"";
"3466";"17823";"2";"";
"3466";"17824";"3";"";
"3466";"17825";"4";"1";
"3467";"17708";"1";"1";
"3467";"17707";"2";"";
"3467";"17857";"3";"";
"3467";"18797";"4";"";
"3468";"17710";"1";"1";
"3468";"17709";"2";"";
"3468";"17835";"3";"";
"3469";"17712";"1";"";
"3469";"17711";"2";"";
"3469";"17816";"3";"";
"3469";"17817";"4";"";
"3469";"17818";"5";"1";
"3469";"17819";"6";"";
"3469";"17820";"7";"";
"3469";"17821";"8";"";
"3469";"17822";"9";"";
"3469";"18814";"10";"";
"3470";"17714";"1";"1";
"3470";"17713";"2";"";
"3470";"17830";"3";"";
"3470";"17831";"4";"";
"3470";"17832";"5";"";
"3470";"17833";"6";"";
"3470";"17834";"7";"";
"3470";"19011";"8";"";
"3471";"17718";"1";"";
"3471";"17716";"2";"";
"3471";"17717";"3";"";
"3471";"17860";"4";"1";
"3472";"17721";"1";"";
"3472";"17719";"2";"";
"3472";"17720";"3";"1";
"3473";"17722";"1";"1";
"3473";"17724";"2";"";
"3473";"17723";"3";"";
"3473";"17892";"4";"";
"3473";"17893";"5";"";
"3473";"17894";"6";"";
"3473";"17895";"7";"";
"3474";"17733";"1";"";
"3474";"17734";"2";"";
"3474";"17881";"3";"";
"3474";"17882";"4";"";
"3474";"17883";"5";"";
"3474";"17884";"6";"";
"3474";"17885";"7";"";
"3474";"18782";"8";"1";
"3475";"17738";"1";"";
"3475";"17739";"2";"";
"3475";"17887";"3";"";
"3475";"17888";"4";"1";
"3476";"17749";"1";"1";
"3476";"17750";"2";"";
"3476";"17748";"3";"";
"3476";"17751";"4";"";
"3477";"17757";"1";"";
"3477";"17756";"2";"1";
"3477";"19110";"3";"";
"3477";"19111";"4";"";
"3478";"18758";"1";"1";
"3478";"18759";"2";"";
"3478";"17890";"3";"";
"3478";"17891";"4";"";
"3479";"17760";"1";"";
"3479";"17761";"2";"";
"3479";"18014";"3";"";
"3479";"18015";"4";"";
"3479";"18016";"5";"1";
"3480";"17770";"1";"";
"3480";"17769";"2";"";
"3480";"18012";"3";"";
"3480";"18013";"4";"1";
"3481";"17789";"1";"";
"3481";"17788";"2";"";
"3481";"17852";"3";"";
"3481";"17853";"4";"1";
"3483";"17802";"1";"1";
"3483";"17805";"2";"";
"3483";"17803";"3";"";
"3483";"17804";"4";"";
"3484";"17837";"1";"";
"3484";"17934";"2";"";
"3484";"17935";"3";"1";
"3484";"17936";"4";"";
"3484";"17937";"5";"";
"3484";"17938";"6";"";
"3484";"17939";"7";"";
"3485";"17838";"1";"";
"3485";"17839";"2";"";
"3485";"17962";"3";"";
"3485";"17963";"4";"";
"3485";"17964";"5";"";
"3485";"17965";"6";"";
"3485";"17966";"7";"";
"3485";"17972";"8";"1";
"3486";"17840";"1";"";
"3486";"17842";"2";"";
"3486";"17841";"3";"";
"3486";"17929";"4";"";
"3486";"17930";"5";"1";
"3486";"17931";"6";"";
"3486";"17932";"7";"";
"3486";"17933";"8";"";
"3487";"17866";"1";"";
"3487";"17865";"2";"";
"3487";"17864";"3";"";
"3487";"17912";"4";"1";
"3487";"17913";"5";"";
"3487";"17914";"6";"";
"3487";"17915";"7";"";
"3487";"17917";"8";"";
"3487";"18948";"9";"";
"3488";"17868";"1";"";
"3488";"17867";"2";"";
"3488";"17907";"3";"";
"3488";"17908";"4";"";
"3488";"17909";"5";"";
"3488";"17910";"6";"";
"3488";"17911";"7";"1";
"3488";"18803";"8";"";
"3489";"17870";"1";"1";
"3489";"17869";"2";"";
"3489";"17925";"3";"";
"3489";"17926";"4";"";
"3489";"17927";"5";"";
"3489";"17928";"6";"";
"3490";"17872";"1";"";
"3490";"17871";"2";"";
"3490";"18401";"3";"1";
"3490";"18402";"4";"";
"3490";"18403";"5";"";
"3491";"17874";"1";"";
"3491";"17875";"2";"";
"3491";"17873";"3";"";
"3491";"17898";"4";"";
"3491";"17899";"5";"1";
"3491";"17900";"6";"";
"3491";"17901";"7";"";
"3493";"17880";"1";"1";
"3493";"17879";"2";"";
"3494";"17942";"1";"";
"3494";"17940";"2";"1";
"3494";"17941";"3";"";
"3494";"17987";"4";"";
"3494";"17988";"5";"";
"3494";"17989";"6";"";
"3494";"17990";"7";"";
"3494";"17991";"8";"";
"3495";"17944";"1";"1";
"3495";"17943";"2";"";
"3496";"17945";"1";"";
"3496";"17946";"2";"";
"3496";"17947";"3";"";
"3496";"17981";"4";"1";
"3496";"17982";"5";"";
"3496";"17983";"6";"";
"3496";"17984";"7";"";
"3496";"17985";"8";"";
"3496";"18816";"9";"";
"3497";"17949";"1";"";
"3497";"17948";"2";"";
"3497";"17955";"3";"";
"3497";"17956";"4";"1";
"3497";"17957";"5";"";
"3498";"17951";"1";"1";
"3498";"17950";"2";"";
"3498";"17992";"3";"";
"3498";"17993";"4";"";
"3498";"17994";"5";"";
"3499";"17952";"1";"1";
"3499";"17954";"2";"";
"3499";"17953";"3";"";
"3500";"17958";"1";"1";
"3500";"17959";"2";"";
"3501";"17969";"1";"";
"3501";"17967";"2";"1";
"3501";"17968";"3";"";
"3501";"17971";"4";"";
"3501";"19387";"5";"";
"3501";"19388";"6";"";
"3502";"17973";"1";"1";
"3502";"17974";"2";"";
"3502";"17975";"3";"";
"3503";"17977";"1";"1";
"3503";"17978";"2";"";
"3503";"17980";"3";"";
"3504";"17986";"1";"";
"3504";"18078";"2";"";
"3504";"18079";"3";"";
"3504";"18100";"4";"1";
"3505";"17999";"1";"";
"3505";"17998";"2";"";
"3505";"18026";"3";"";
"3505";"18027";"4";"1";
"3505";"18028";"5";"";
"3506";"18001";"1";"";
"3506";"18000";"2";"";
"3506";"18101";"3";"";
"3506";"18102";"4";"";
"3506";"18103";"5";"1";
"3506";"18805";"6";"";
"3508";"18003";"1";"1";
"3508";"18002";"2";"";
"3508";"18046";"3";"";
"3509";"18004";"1";"";
"3509";"18042";"2";"";
"3509";"18043";"3";"";
"3509";"18044";"4";"";
"3509";"18808";"5";"1";
"3510";"18006";"1";"1";
"3510";"18007";"2";"";
"3510";"18017";"3";"";
"3510";"18018";"4";"";
"3510";"18019";"5";"";
"3510";"18020";"6";"";
"3510";"18021";"7";"";
"3511";"18008";"1";"1";
"3511";"18009";"2";"";
"3511";"18029";"3";"";
"3511";"18030";"4";"";
"3511";"18031";"5";"";
"3512";"18023";"1";"";
"3512";"18022";"2";"1";
"3512";"18059";"3";"";
"3512";"18060";"4";"";
"3512";"18061";"5";"";
"3512";"18062";"6";"";
"3513";"18024";"1";"1";
"3513";"18114";"2";"";
"3513";"18622";"3";"";
"3514";"18032";"1";"1";
"3514";"18033";"2";"";
"3514";"18083";"3";"";
"3514";"18084";"4";"";
"3514";"18085";"5";"";
"3515";"18041";"1";"";
"3515";"18040";"2";"";
"3515";"18067";"3";"";
"3515";"18068";"4";"";
"3515";"18069";"5";"";
"3515";"18070";"6";"";
"3515";"18071";"7";"1";
"3516";"18048";"1";"";
"3516";"18049";"2";"1";
"3517";"18050";"1";"1";
"3517";"18051";"2";"";
"3517";"18080";"3";"";
"3517";"18081";"4";"";
"3517";"18082";"5";"";
"3518";"18086";"1";"";
"3518";"18087";"2";"1";
"3519";"18088";"1";"";
"3519";"18089";"2";"";
"3519";"18119";"3";"";
"3519";"18121";"4";"";
"3519";"18122";"5";"";
"3519";"18123";"6";"1";
"3520";"18098";"1";"";
"3520";"18097";"2";"";
"3520";"18096";"3";"";
"3520";"18130";"4";"1";
"3520";"18131";"5";"";
"3520";"18132";"6";"";
"3520";"18133";"7";"";
"3520";"18134";"8";"";
"3520";"18135";"9";"";
"3520";"18136";"10";"";
"3520";"18804";"11";"";
"3520";"19428";"12";"";
"3521";"18105";"1";"";
"3521";"18124";"2";"";
"3521";"18125";"3";"1";
"3521";"18126";"4";"";
"3521";"18127";"5";"";
"3521";"18128";"6";"";
"3521";"18129";"7";"";
"3521";"18140";"8";"";
"3521";"18141";"9";"";
"3522";"18990";"1";"";
"3522";"18991";"2";"";
"3522";"18992";"3";"";
"3522";"18993";"4";"1";
"3523";"18342";"1";"";
"3523";"18987";"2";"";
"3523";"18988";"3";"";
"3523";"18989";"4";"";
"3523";"19003";"5";"";
"3523";"19004";"6";"1";
"3524";"18139";"1";"";
"3524";"18345";"2";"1";
"3524";"19005";"4";"";
"3524";"19006";"4";"";
"3525";"18142";"1";"1";
"3525";"18143";"2";"";
"3526";"18144";"1";"1";
"3526";"18145";"2";"";
"3526";"18998";"3";"";
"3526";"18999";"4";"";
"3526";"19000";"5";"";
"3527";"18147";"1";"";
"3527";"18146";"2";"";
"3527";"18475";"3";"";
"3527";"18476";"4";"1";
"3528";"18472";"1";"";
"3528";"18473";"2";"";
"3528";"18474";"3";"1";
"3528";"19001";"4";"";
"3528";"19002";"5";"";
"3529";"18150";"1";"";
"3529";"18152";"2";"";
"3529";"18346";"3";"1";
"3529";"18347";"4";"";
"3529";"18348";"5";"";
"3529";"18349";"6";"";
"3530";"18154";"1";"";
"3530";"18153";"2";"";
"3530";"18323";"3";"";
"3530";"18324";"4";"";
"3530";"18325";"5";"1";
"3530";"18326";"6";"";
"3531";"18155";"1";"";
"3531";"18156";"2";"1";
"3531";"18319";"3";"";
"3531";"18320";"4";"";
"3531";"18321";"5";"";
"3531";"18322";"6";"";
"3532";"18157";"1";"";
"3532";"18158";"2";"";
"3532";"18333";"3";"";
"3532";"18334";"4";"1";
"3533";"18160";"1";"";
"3533";"18327";"2";"";
"3533";"18328";"3";"";
"3533";"18329";"4";"";
"3533";"18330";"5";"1";
"3533";"18331";"6";"";
"3533";"18332";"7";"";
"3534";"18161";"1";"";
"3534";"18162";"2";"";
"3534";"18972";"3";"";
"3534";"18973";"4";"1";
"3535";"18296";"1";"";
"3535";"18297";"2";"";
"3535";"18298";"3";"";
"3535";"18299";"4";"";
"3535";"18300";"5";"";
"3535";"18301";"6";"";
"3535";"19023";"7";"";
"3535";"19024";"8";"";
"3535";"19025";"9";"";
"3535";"19026";"10";"1";
"3536";"18165";"1";"";
"3536";"18307";"2";"";
"3536";"18308";"3";"1";
"3537";"18167";"1";"";
"3537";"18168";"2";"";
"3537";"18289";"3";"";
"3537";"18290";"4";"";
"3537";"18291";"5";"";
"3537";"18292";"6";"";
"3537";"19047";"7";"1";
"3537";"19048";"8";"";
"3538";"18170";"1";"";
"3538";"18169";"2";"";
"3538";"18338";"3";"";
"3538";"18339";"4";"";
"3538";"18340";"5";"1";
"3538";"18942";"6";"";
"3538";"18943";"7";"";
"3538";"18944";"8";"";
"3539";"18302";"1";"";
"3539";"18303";"2";"";
"3539";"18304";"3";"";
"3539";"18305";"4";"1";
"3539";"18306";"5";"";
"3540";"18174";"1";"";
"3540";"18173";"2";"";
"3540";"18286";"3";"";
"3540";"18287";"4";"";
"3540";"18288";"5";"";
"3540";"19038";"6";"";
"3540";"19039";"7";"1";
"3541";"18177";"1";"";
"3541";"18176";"2";"";
"3541";"18175";"3";"1";
"3541";"18335";"4";"";
"3541";"18336";"5";"";
"3541";"18337";"6";"";
"3542";"18179";"1";"";
"3542";"18293";"2";"";
"3542";"18294";"3";"";
"3542";"18295";"4";"1";
"3543";"18180";"1";"";
"3543";"18181";"2";"";
"3543";"18318";"3";"";
"3543";"19040";"4";"";
"3543";"19041";"5";"1";
"3544";"18184";"1";"";
"3544";"18182";"2";"";
"3544";"18183";"3";"";
"3544";"19045";"4";"1";
"3545";"18186";"1";"";
"3545";"18185";"2";"";
"3545";"18316";"3";"";
"3545";"19042";"4";"";
"3545";"19043";"5";"1";
"3545";"19044";"6";"";
"3546";"18188";"1";"";
"3546";"18310";"2";"";
"3546";"18311";"3";"";
"3546";"18312";"4";"1";
"3546";"18313";"5";"";
"3546";"18314";"6";"";
"3546";"18315";"7";"";
"3547";"18190";"1";"";
"3547";"18189";"2";"";
"3547";"18464";"3";"";
"3547";"19046";"4";"1";
"3548";"18192";"1";"";
"3548";"18191";"2";"";
"3548";"18426";"3";"";
"3548";"18427";"4";"";
"3548";"18428";"5";"";
"3548";"18429";"6";"";
"3548";"18971";"7";"";
"3548";"19050";"8";"1";
"3549";"18194";"1";"1";
"3549";"18193";"2";"";
"3550";"18196";"1";"";
"3550";"18195";"2";"";
"3550";"18422";"3";"";
"3550";"18423";"4";"1";
"3550";"18424";"5";"";
"3550";"18425";"6";"";
"3551";"18197";"1";"";
"3551";"18198";"2";"";
"3551";"18396";"3";"";
"3551";"18397";"4";"";
"3551";"18398";"5";"";
"3551";"18399";"6";"1";
"3551";"18400";"7";"";
"3552";"18201";"1";"";
"3552";"18199";"2";"";
"3552";"18200";"3";"1";
"3552";"18392";"4";"";
"3552";"18393";"5";"";
"3552";"18394";"6";"";
"3552";"18395";"7";"";
"3553";"18203";"1";"";
"3553";"18202";"2";"";
"3553";"18282";"3";"1";
"3553";"18283";"4";"";
"3554";"18205";"1";"1";
"3554";"18204";"2";"";
"3554";"18387";"3";"";
"3554";"18388";"4";"";
"3554";"18389";"5";"";
"3554";"18390";"6";"";
"3554";"18391";"7";"";
"3555";"18207";"1";"";
"3555";"18206";"2";"";
"3555";"18385";"3";"1";
"3555";"18386";"4";"";
"3556";"18209";"1";"";
"3556";"18208";"2";"";
"3556";"18279";"3";"1";
"3556";"18280";"4";"";
"3556";"18281";"5";"";
"3557";"18210";"1";"";
"3557";"18211";"2";"1";
"3557";"18265";"3";"";
"3557";"18266";"4";"";
"3557";"18267";"5";"";
"3558";"18212";"1";"";
"3558";"18256";"2";"";
"3558";"18257";"3";"1";
"3559";"18215";"1";"";
"3559";"18214";"2";"";
"3559";"18276";"3";"";
"3559";"18277";"4";"";
"3559";"18278";"5";"1";
"3559";"18783";"6";"";
"3560";"18217";"1";"";
"3560";"18216";"2";"";
"3560";"18258";"3";"";
"3560";"18259";"4";"1";
"3560";"18260";"5";"";
"3561";"18219";"1";"1";
"3561";"18218";"2";"";
"3561";"18261";"3";"";
"3561";"18262";"4";"";
"3561";"18264";"5";"";
"3562";"18220";"1";"";
"3562";"18221";"2";"";
"3562";"18242";"3";"";
"3562";"18243";"4";"1";
"3562";"18244";"5";"";
"3563";"18223";"1";"";
"3563";"18222";"2";"";
"3563";"18239";"3";"";
"3563";"18240";"4";"";
"3563";"18241";"5";"1";
"3564";"18226";"1";"";
"3564";"18224";"2";"";
"3564";"18225";"3";"";
"3564";"18273";"4";"";
"3564";"18274";"5";"";
"3564";"18275";"6";"";
"3564";"19037";"7";"1";
"3565";"18228";"1";"";
"3565";"18227";"2";"";
"3565";"18269";"3";"1";
"3565";"18270";"4";"";
"3566";"18933";"1";"";
"3566";"18934";"2";"1";
"3567";"18232";"1";"";
"3567";"18233";"2";"";
"3567";"18248";"3";"1";
"3567";"18249";"4";"";
"3567";"18250";"5";"";
"3567";"18251";"6";"";
"3568";"18236";"1";"1";
"3568";"18235";"2";"";
"3568";"18234";"3";"";
"3568";"18245";"4";"";
"3568";"18246";"5";"";
"3568";"18247";"6";"";
"3569";"18237";"1";"";
"3569";"18238";"2";"";
"3569";"18252";"3";"";
"3569";"18253";"4";"";
"3569";"18254";"5";"1";
"3569";"18255";"6";"";
"3570";"18272";"1";"";
"3570";"18271";"2";"1";
"3570";"18350";"3";"";
"3571";"18507";"1";"";
"3571";"18508";"2";"";
"3571";"18779";"3";"1";
"3572";"18285";"1";"";
"3572";"18593";"2";"";
"3572";"18594";"3";"1";
"3572";"18595";"4";"";
"3573";"18353";"1";"";
"3573";"18352";"2";"";
"3573";"18351";"3";"1";
"3573";"18430";"4";"";
"3573";"18433";"5";"";
"3573";"18434";"6";"";
"3574";"18355";"1";"1";
"3574";"18354";"2";"";
"3574";"18437";"3";"";
"3574";"18438";"4";"";
"3574";"18439";"5";"";
"3574";"18440";"6";"";
"3574";"18441";"7";"";
"3575";"18357";"1";"";
"3575";"18358";"2";"";
"3575";"18416";"3";"";
"3575";"18417";"4";"";
"3575";"18418";"5";"";
"3575";"18419";"6";"1";
"3575";"18420";"7";"";
"3575";"18421";"8";"";
"3575";"18976";"9";"";
"3575";"18977";"10";"";
"3575";"18978";"11";"";
"3576";"18404";"1";"";
"3576";"18405";"2";"";
"3576";"18406";"3";"";
"3576";"18407";"4";"";
"3576";"18408";"5";"1";
"3576";"18409";"6";"";
"3576";"18777";"7";"";
"3577";"18360";"1";"1";
"3577";"18359";"2";"";
"3577";"18361";"3";"";
"3577";"18410";"4";"";
"3577";"18411";"5";"";
"3577";"18412";"6";"";
"3577";"18415";"7";"";
"3577";"18949";"8";"";
"3577";"18950";"9";"";
"3578";"18363";"1";"";
"3578";"18362";"2";"";
"3578";"18442";"3";"1";
"3578";"18443";"4";"";
"3578";"18444";"5";"";
"3579";"18365";"1";"";
"3579";"18445";"2";"";
"3579";"18446";"3";"";
"3579";"18447";"4";"";
"3579";"18448";"5";"1";
"3579";"18449";"6";"";
"3579";"18450";"7";"";
"3579";"19389";"8";"";
"3580";"18367";"1";"";
"3580";"18366";"2";"";
"3580";"18451";"3";"";
"3580";"18453";"4";"";
"3580";"18454";"5";"1";
"3581";"18369";"1";"";
"3581";"18368";"2";"";
"3581";"18465";"3";"";
"3581";"18466";"4";"";
"3581";"18467";"5";"";
"3581";"18468";"6";"";
"3581";"18469";"7";"1";
"3581";"18470";"8";"";
"3581";"18471";"9";"";
"3582";"18370";"1";"1";
"3582";"18371";"2";"";
"3583";"18373";"1";"";
"3583";"18372";"2";"";
"3583";"18564";"3";"";
"3583";"18565";"4";"";
"3583";"18566";"5";"";
"3583";"18567";"6";"1";
"3583";"18568";"7";"";
"3584";"18374";"1";"1";
"3584";"18375";"2";"";
"3584";"18596";"3";"";
"3584";"18597";"4";"";
"3585";"18376";"1";"";
"3585";"18377";"2";"";
"3585";"18551";"3";"";
"3585";"18552";"4";"1";
"3585";"18553";"5";"";
"3585";"18554";"6";"";
"3585";"18555";"7";"";
"3585";"18556";"8";"";
"3586";"18380";"1";"";
"3586";"18586";"2";"";
"3586";"18587";"3";"1";
"3586";"18588";"4";"";
"3586";"18589";"5";"";
"3586";"18590";"6";"";
"3587";"18382";"1";"";
"3587";"18381";"2";"";
"3587";"18576";"3";"";
"3587";"18577";"4";"";
"3587";"18578";"5";"1";
"3587";"18579";"6";"";
"3588";"18384";"1";"";
"3588";"18383";"2";"";
"3588";"18580";"3";"1";
"3588";"18581";"4";"";
"3588";"18582";"5";"";
"3588";"18583";"6";"";
"3589";"18435";"1";"";
"3589";"18436";"2";"";
"3589";"18601";"3";"";
"3589";"18602";"4";"";
"3589";"18603";"5";"1";
"3590";"18455";"1";"";
"3590";"18457";"2";"1";
"3590";"18456";"3";"";
"3590";"18605";"4";"";
"3590";"18606";"5";"";
"3591";"18459";"1";"";
"3591";"18458";"2";"1";
"3591";"18604";"3";"";
"3592";"18461";"1";"1";
"3592";"18460";"2";"";
"3592";"18569";"3";"";
"3592";"18570";"4";"";
"3592";"18571";"5";"";
"3593";"18463";"1";"1";
"3593";"18462";"2";"";
"3593";"18562";"3";"";
"3593";"18563";"4";"";
"3594";"18478";"1";"1";
"3594";"18479";"2";"";
"3594";"18489";"3";"";
"3594";"18490";"4";"";
"3595";"18480";"1";"";
"3595";"18492";"2";"";
"3595";"18493";"3";"1";
"3595";"18494";"4";"";
"3595";"18495";"5";"";
"3595";"18496";"6";"";
"3595";"18497";"7";"";
"3596";"18482";"1";"";
"3596";"18483";"2";"";
"3596";"18498";"3";"1";
"3596";"18499";"4";"";
"3597";"18485";"1";"";
"3597";"18484";"2";"";
"3597";"18500";"3";"";
"3597";"18501";"4";"";
"3597";"18502";"5";"1";
"3597";"18503";"6";"";
"3597";"18504";"7";"";
"3598";"18486";"1";"";
"3598";"18488";"2";"";
"3598";"18487";"3";"";
"3598";"18505";"4";"";
"3598";"18506";"5";"1";
"3599";"18509";"1";"1";
"3599";"18510";"2";"";
"3600";"18512";"1";"";
"3600";"18511";"2";"1";
"3600";"18557";"3";"";
"3600";"18558";"4";"";
"3600";"18559";"5";"";
"3600";"18560";"6";"";
"3600";"18561";"7";"";
"3601";"18514";"1";"";
"3601";"18513";"2";"";
"3601";"18584";"3";"1";
"3601";"18585";"4";"";
"3602";"18515";"1";"";
"3602";"18610";"2";"1";
"3602";"18611";"3";"";
"3602";"18612";"4";"";
"3603";"18519";"1";"";
"3603";"18518";"2";"1";
"3603";"18607";"3";"";
"3603";"18608";"4";"";
"3603";"18609";"5";"";
"3604";"18521";"1";"";
"3604";"18520";"2";"1";
"3604";"18598";"3";"";
"3604";"18599";"4";"";
"3604";"18600";"5";"";
"3606";"18522";"1";"";
"3606";"18523";"2";"";
"3606";"18524";"3";"";
"3606";"18545";"4";"";
"3606";"18546";"5";"";
"3606";"18547";"6";"";
"3606";"18548";"7";"1";
"3606";"18549";"8";"";
"3606";"18550";"9";"";
"3607";"18526";"1";"";
"3607";"18540";"2";"";
"3607";"18541";"3";"";
"3607";"18542";"4";"1";
"3607";"18543";"5";"";
"3607";"18544";"6";"";
"3608";"18529";"1";"";
"3608";"18528";"2";"";
"3608";"18591";"3";"1";
"3608";"18592";"4";"";
"3609";"18530";"1";"";
"3609";"18572";"2";"";
"3609";"18573";"3";"";
"3609";"18574";"4";"1";
"3609";"18575";"5";"";
"3610";"18533";"1";"";
"3610";"18532";"2";"";
"3610";"19019";"3";"";
"3610";"19020";"4";"1";
"3610";"19021";"5";"";
"3610";"19022";"6";"";
"3611";"18534";"1";"";
"3611";"18615";"2";"";
"3611";"18616";"3";"";
"3611";"18617";"4";"";
"3611";"18618";"5";"";
"3611";"18619";"6";"";
"3611";"18620";"7";"";
"3611";"18621";"8";"1";
"3611";"18795";"9";"";
"3612";"18537";"1";"";
"3612";"18536";"2";"";
"3612";"19007";"3";"";
"3612";"19008";"4";"";
"3612";"19009";"5";"1";
"3613";"18994";"1";"";
"3613";"18995";"2";"1";
"3613";"18996";"3";"";
"3613";"18997";"4";"";
"3614";"18614";"1";"";
"3614";"18665";"2";"";
"3614";"18666";"3";"";
"3614";"18667";"4";"1";
"3615";"18623";"1";"1";
"3616";"18624";"1";"1";
"3617";"18625";"1";"1";
"3618";"18626";"1";"1";
"3619";"18628";"1";"1";
"3619";"18627";"2";"";
"3620";"18629";"1";"1";
"3620";"18630";"2";"";
"3621";"18632";"1";"1";
"3621";"18631";"2";"";
"3623";"18635";"1";"";
"3623";"18634";"2";"";
"3623";"18658";"3";"";
"3623";"18659";"4";"";
"3623";"18660";"5";"1";
"3623";"18661";"6";"";
"3623";"18662";"7";"";
"3623";"18819";"8";"";
"3624";"18636";"1";"1";
"3624";"18822";"2";"";
"3625";"18640";"1";"";
"3625";"18639";"2";"";
"3625";"20050";"3";"1";
"3625";"20051";"4";"";
"3625";"20052";"5";"";
"3626";"18641";"1";"1";
"3626";"18643";"2";"";
"3626";"18642";"3";"";
"3627";"18645";"1";"";
"3627";"18646";"2";"";
"3627";"18644";"3";"";
"3627";"18818";"4";"";
"3627";"18870";"5";"1";
"3627";"19035";"6";"";
"3628";"18648";"1";"";
"3628";"18647";"2";"";
"3628";"19115";"3";"1";
"3628";"19116";"4";"";
"3628";"19117";"5";"";
"3629";"18649";"1";"";
"3629";"18650";"2";"";
"3629";"18663";"3";"1";
"3629";"18664";"4";"";
"3630";"18651";"1";"";
"3630";"18652";"2";"";
"3630";"18930";"3";"";
"3630";"19132";"4";"1";
"3631";"18653";"1";"1";
"3631";"18654";"2";"";
"3631";"18655";"3";"";
"3632";"18657";"1";"";
"3632";"18656";"2";"1";
"3633";"18668";"1";"";
"3633";"18669";"2";"";
"3633";"18670";"3";"1";
"3633";"18671";"4";"";
"3633";"18672";"5";"";
"3634";"18673";"1";"1";
"3634";"18674";"2";"";
"3634";"18675";"3";"";
"3634";"18676";"4";"";
"3634";"18677";"5";"";
"3635";"18679";"1";"1";
"3635";"18678";"2";"";
"3636";"18680";"1";"1";
"3637";"18682";"1";"1";
"3637";"18683";"2";"";
"3638";"18686";"1";"1";
"3638";"18685";"2";"";
"3639";"18687";"1";"1";
"3639";"18688";"2";"";
"3640";"18689";"1";"1";
"3640";"18690";"2";"";
"3641";"18691";"1";"1";
"3642";"18692";"1";"";
"3642";"18693";"2";"";
"3642";"18714";"3";"";
"3642";"18715";"4";"";
"3642";"18716";"5";"";
"3642";"18717";"6";"";
"3642";"18718";"7";"1";
"3643";"18694";"1";"";
"3643";"18695";"2";"";
"3643";"18719";"3";"";
"3643";"18720";"4";"";
"3643";"18721";"5";"";
"3643";"18722";"6";"";
"3643";"18723";"7";"1";
"3644";"18696";"1";"";
"3644";"18697";"2";"";
"3644";"18724";"3";"";
"3644";"18725";"4";"1";
"3645";"18698";"1";"";
"3645";"18699";"2";"";
"3645";"18726";"3";"";
"3645";"18727";"4";"1";
"3646";"18700";"1";"";
"3646";"18701";"2";"";
"3646";"18728";"3";"1";
"3646";"18729";"4";"";
"3647";"18703";"1";"";
"3647";"18702";"2";"";
"3647";"18730";"3";"";
"3647";"18731";"4";"1";
"3647";"18732";"5";"";
"3648";"18704";"1";"";
"3648";"18705";"2";"";
"3648";"18733";"3";"1";
"3648";"18734";"4";"";
"3648";"18735";"5";"";
"3648";"18736";"6";"";
"3649";"18706";"1";"1";
"3649";"19336";"2";"";
"3649";"18707";"3";"";
"3649";"18737";"4";"";
"3649";"18738";"5";"";
"3650";"18709";"1";"1";
"3650";"18708";"2";"";
"3651";"19335";"1";"1";
"3651";"18710";"2";"";
"3651";"18711";"3";"";
"3651";"18827";"4";"";
"3651";"18828";"5";"";
"3651";"18829";"6";"";
"3652";"18712";"1";"";
"3652";"18713";"2";"";
"3652";"18830";"3";"1";
"3652";"18831";"4";"";
"3652";"18832";"5";"";
"3652";"18833";"6";"";
"3653";"18742";"1";"";
"3653";"18740";"2";"";
"3653";"18841";"3";"";
"3653";"18842";"4";"1";
"3653";"18843";"5";"";
"3654";"18743";"1";"1";
"3654";"18744";"2";"";
"3655";"18746";"1";"";
"3655";"18745";"2";"";
"3655";"18847";"3";"";
"3655";"18848";"4";"";
"3655";"18849";"5";"1";
"3655";"18850";"6";"";
"3656";"18747";"1";"1";
"3656";"18748";"2";"";
"3657";"18750";"1";"1";
"3657";"18749";"2";"";
"3658";"18751";"1";"1";
"3658";"18752";"2";"";
"3659";"18753";"1";"1";
"3659";"18754";"2";"";
"3660";"18755";"1";"1";
"3660";"18757";"2";"";
"3660";"18756";"3";"";
"3662";"18770";"1";"1";
"3662";"18768";"2";"";
"3662";"18769";"3";"";
"3662";"18771";"4";"";
"3663";"18773";"1";"";
"3663";"18844";"2";"1";
"3663";"18845";"3";"";
"3663";"18846";"4";"";
"3664";"18776";"1";"1";
"3664";"18775";"2";"";
"3664";"18774";"3";"";
"3665";"18824";"1";"1";
"3665";"18931";"2";"";
"3666";"18959";"1";"";
"3666";"18960";"2";"";
"3666";"19092";"3";"1";
"3666";"19093";"4";"";
"3667";"18858";"1";"";
"3667";"18954";"2";"";
"3667";"18955";"3";"";
"3667";"19079";"4";"1";
"3668";"18860";"1";"";
"3668";"18859";"2";"";
"3668";"18958";"3";"";
"3668";"19081";"4";"1";
"3669";"19352";"1";"1";
"3669";"18861";"2";"";
"3669";"18862";"3";"";
"3669";"18957";"4";"";
"3670";"18864";"1";"";
"3670";"18863";"2";"";
"3670";"19080";"3";"1";
"3671";"18865";"1";"1";
"3671";"18866";"2";"";
"3671";"19097";"3";"";
"3672";"18867";"1";"";
"3672";"18961";"2";"";
"3672";"18962";"3";"";
"3672";"18963";"4";"";
"3672";"19094";"5";"1";
"3673";"18868";"1";"1";
"3673";"19095";"2";"";
"3674";"18869";"1";"";
"3674";"18965";"2";"";
"3674";"18966";"3";"";
"3674";"19098";"4";"1";
"3675";"18873";"1";"";
"3675";"19017";"2";"";
"3675";"19018";"3";"";
"3675";"19879";"4";"1";
"3676";"18874";"1";"";
"3676";"18875";"2";"";
"3676";"19087";"3";"1";
"3677";"18876";"1";"";
"3677";"19088";"2";"";
"3677";"19426";"3";"";
"3677";"19427";"4";"1";
"3678";"18878";"1";"1";
"3678";"18877";"2";"";
"3679";"18880";"1";"1";
"3679";"18879";"2";"";
"3680";"18882";"1";"1";
"3680";"18881";"2";"";
"3681";"18885";"1";"1";
"3681";"18884";"2";"";
"3682";"18886";"1";"1";
"3682";"18887";"2";"";
"3682";"18888";"3";"";
"3683";"18890";"1";"1";
"3683";"18889";"2";"";
"3684";"18892";"1";"1";
"3684";"18891";"2";"";
"3686";"18893";"1";"1";
"3687";"18894";"1";"1";
"3687";"18895";"2";"";
"3688";"18896";"1";"1";
"3688";"18897";"2";"";
"3689";"18898";"1";"1";
"3689";"18899";"2";"";
"3690";"18901";"1";"1";
"3690";"18900";"2";"";
"3691";"18902";"1";"1";
"3691";"18903";"2";"";
"3692";"18904";"1";"1";
"3692";"18905";"2";"";
"3693";"18906";"1";"1";
"3694";"18907";"1";"1";
"3694";"18908";"2";"";
"3695";"18909";"1";"1";
"3695";"18910";"2";"";
"3698";"18914";"1";"1";
"3698";"18915";"2";"";
"3699";"18916";"1";"";
"3699";"18917";"2";"1";
"3700";"18919";"1";"1";
"3700";"18918";"2";"";
"3701";"18920";"1";"1";
"3701";"18921";"2";"";
"3702";"18922";"1";"1";
"3702";"18923";"2";"";
"3703";"18924";"1";"1";
"3703";"18925";"2";"";
"3705";"18929";"1";"1";
"3706";"18932";"1";"1";
"3707";"18941";"1";"1";
"3708";"18935";"1";"1";
"3709";"19767";"1";"";
"3709";"19768";"2";"";
"3709";"20273";"3";"";
"3709";"20274";"4";"";
"3709";"20275";"5";"1";
"3710";"18939";"1";"";
"3710";"18938";"2";"";
"3710";"18940";"3";"";
"3710";"18968";"4";"1";
"3711";"18983";"1";"";
"3711";"21185";"2";"1";
"3712";"18984";"1";"1";
"3712";"18985";"2";"";
"3713";"18986";"1";"1";
"3714";"19036";"1";"";
"3714";"19448";"2";"";
"3714";"19449";"3";"1";
"3715";"19051";"1";"";
"3715";"19161";"2";"";
"3715";"19162";"3";"1";
"3715";"19163";"4";"";
"3715";"19164";"5";"";
"3716";"19053";"1";"1";
"3716";"19054";"2";"";
"3716";"19055";"3";"";
"3716";"19109";"4";"";
"3717";"19056";"1";"1";
"3717";"19057";"2";"";
"3717";"19058";"3";"";
"3717";"19380";"4";"";
"3718";"19061";"1";"1";
"3718";"19059";"2";"";
"3719";"19065";"1";"1";
"3719";"19062";"2";"";
"3719";"19063";"3";"";
"3719";"19064";"4";"";
"3720";"19068";"1";"1";
"3720";"19066";"2";"";
"3720";"19067";"3";"";
"3721";"19069";"1";"";
"3721";"19070";"2";"";
"3721";"21148";"3";"";
"3721";"21149";"4";"";
"3721";"21150";"5";"";
"3721";"21151";"6";"";
"3721";"21152";"7";"";
"3721";"21153";"8";"1";
"3722";"19072";"1";"1";
"3722";"19071";"2";"";
"3723";"19073";"1";"";
"3723";"21358";"2";"";
"3723";"21359";"3";"";
"3723";"21360";"4";"1";
"3723";"21361";"5";"";
"3724";"19076";"1";"1";
"3724";"19075";"2";"";
"3725";"19078";"1";"";
"3725";"19077";"2";"";
"3725";"19414";"3";"1";
"3725";"19415";"4";"";
"3726";"19083";"1";"1";
"3726";"19084";"2";"";
"3727";"19107";"1";"";
"3727";"19108";"2";"";
"3727";"21303";"3";"";
"3727";"21304";"4";"1";
"3727";"21305";"5";"";
"3728";"19133";"1";"";
"3728";"19281";"2";"";
"3728";"19134";"3";"";
"3728";"19390";"4";"1";
"3729";"19135";"1";"";
"3729";"19136";"2";"";
"3729";"19137";"3";"";
"3729";"21198";"4";"1";
"3729";"21199";"5";"";
"3730";"19140";"1";"1";
"3730";"19139";"2";"";
"3730";"20355";"3";"";
"3730";"20357";"4";"";
"3731";"19141";"1";"1";
"3731";"19142";"2";"";
"3732";"19144";"1";"";
"3732";"19143";"2";"";
"3732";"21217";"3";"";
"3732";"21218";"4";"";
"3732";"21219";"5";"";
"3732";"21220";"6";"";
"3732";"21221";"7";"1";
"3733";"19147";"1";"";
"3733";"19146";"2";"1";
"3733";"19430";"3";"";
"3733";"19481";"4";"";
"3733";"19785";"5";"";
"3734";"19148";"1";"";
"3734";"19149";"2";"";
"3734";"21083";"3";"1";
"3734";"21084";"4";"";
"3734";"21085";"5";"";
"3735";"19329";"1";"1";
"3735";"19169";"2";"";
"3735";"19168";"3";"";
"3736";"19170";"1";"";
"3736";"19174";"2";"";
"3736";"19171";"3";"";
"3736";"19172";"4";"1";
"3736";"19173";"5";"";
"3737";"19207";"1";"1";
"3738";"19175";"1";"";
"3738";"19394";"2";"1";
"3738";"19395";"3";"";
"3738";"19396";"4";"";
"3739";"19177";"1";"1";
"3739";"19176";"2";"";
"3739";"19178";"3";"";
"3740";"19181";"1";"1";
"3740";"19179";"2";"";
"3740";"19180";"3";"";
"3741";"19183";"1";"";
"3741";"21194";"2";"";
"3741";"21195";"3";"";
"3741";"21196";"4";"1";
"3741";"21197";"5";"";
"3742";"19184";"1";"";
"3742";"19185";"2";"";
"3742";"19417";"3";"1";
"3742";"19418";"4";"";
"3743";"19187";"1";"1";
"3743";"19186";"2";"";
"3744";"19188";"1";"";
"3744";"19189";"2";"1";
"3744";"19384";"3";"";
"3744";"19385";"4";"";
"3745";"19190";"1";"1";
"3745";"19191";"2";"";
"3746";"19193";"1";"";
"3746";"19192";"2";"";
"3746";"19451";"3";"1";
"3747";"19195";"1";"1";
"3747";"19194";"2";"";
"3748";"19197";"1";"1";
"3748";"19196";"2";"";
"3749";"19288";"1";"";
"3749";"19199";"2";"";
"3749";"19198";"3";"";
"3749";"19200";"4";"";
"3749";"19429";"5";"1";
"3750";"19201";"1";"1";
"3750";"19202";"2";"";
"3750";"19745";"3";"";
"3750";"19746";"4";"";
"3750";"19747";"5";"";
"3750";"19748";"6";"";
"3750";"19749";"7";"";
"3751";"19204";"1";"";
"3751";"19203";"2";"";
"3751";"19401";"3";"";
"3751";"19402";"4";"";
"3751";"19403";"5";"1";
"3751";"19742";"6";"";
"3751";"19743";"7";"";
"3751";"19744";"8";"";
"3752";"19205";"1";"1";
"3752";"19206";"2";"";
"3753";"19280";"1";"1";
"3753";"19208";"2";"";
"3753";"19209";"3";"";
"3754";"19211";"1";"";
"3754";"19497";"2";"1";
"3755";"19213";"1";"1";
"3755";"19215";"2";"";
"3755";"19214";"3";"";
"3756";"19216";"1";"1";
"3756";"19217";"2";"";
"3757";"19219";"1";"1";
"3757";"19218";"2";"";
"3758";"19221";"1";"1";
"3758";"19220";"2";"";
"3759";"19224";"1";"1";
"3759";"19223";"2";"";
"3759";"19222";"3";"";
"3760";"19226";"1";"";
"3760";"19225";"2";"1";
"3760";"19793";"3";"";
"3761";"19228";"1";"";
"3761";"19227";"2";"";
"3761";"19799";"3";"";
"3761";"19800";"4";"1";
"3762";"19230";"1";"1";
"3762";"19229";"2";"";
"3763";"19232";"1";"1";
"3763";"19231";"2";"";
"3763";"19233";"3";"";
"3764";"19278";"1";"1";
"3764";"19234";"2";"";
"3764";"19236";"3";"";
"3764";"19235";"4";"";
"3765";"19238";"1";"";
"3765";"19237";"2";"";
"3765";"19239";"3";"";
"3765";"19433";"4";"1";
"3765";"19434";"5";"";
"3766";"19242";"1";"1";
"3766";"19240";"2";"";
"3766";"19241";"3";"";
"3766";"19243";"4";"";
"3767";"19244";"1";"1";
"3767";"19245";"2";"";
"3767";"19246";"3";"";
"3768";"19249";"1";"1";
"3768";"19250";"2";"";
"3768";"19247";"3";"";
"3768";"19248";"4";"";
"3769";"19755";"1";"";
"3769";"20980";"2";"";
"3769";"20981";"3";"";
"3769";"20982";"4";"1";
"3770";"19254";"1";"1";
"3770";"19255";"2";"";
"3771";"19257";"1";"1";
"3771";"19258";"2";"";
"3771";"19256";"3";"";
"3771";"20962";"4";"";
"3771";"20963";"5";"";
"3772";"19261";"1";"";
"3772";"19259";"2";"";
"3772";"19260";"3";"";
"3772";"19490";"4";"1";
"3772";"19491";"5";"";
"3772";"19492";"6";"";
"3773";"19262";"1";"1";
"3774";"19263";"1";"1";
"3775";"19264";"1";"1";
"3776";"19420";"1";"";
"3776";"19421";"2";"";
"3776";"19422";"3";"";
"3776";"19423";"4";"1";
"3776";"19424";"5";"";
"3776";"19425";"6";"";
"3776";"19479";"7";"";
"3777";"19269";"1";"";
"3777";"19270";"2";"";
"3777";"19482";"3";"1";
"3777";"19483";"4";"";
"3778";"19271";"1";"";
"3778";"19316";"2";"1";
"3779";"19273";"1";"";
"3779";"19272";"2";"";
"3779";"19391";"3";"";
"3779";"19392";"4";"";
"3779";"19393";"5";"1";
"3780";"19282";"1";"1";
"3780";"19276";"2";"";
"3780";"19275";"3";"";
"3780";"19277";"4";"";
"3781";"19292";"1";"1";
"3781";"19293";"2";"";
"3781";"19294";"3";"";
"3781";"19730";"4";"";
"3781";"19731";"5";"";
"3781";"19732";"6";"";
"3781";"19733";"7";"";
"3782";"19297";"1";"";
"3782";"19295";"2";"";
"3782";"19311";"3";"";
"3782";"19312";"4";"1";
"3782";"19313";"5";"";
"3782";"19761";"6";"";
"3783";"19298";"1";"1";
"3783";"19299";"2";"";
"3784";"19302";"1";"1";
"3784";"19301";"2";"";
"3784";"19489";"3";"";
"3785";"19303";"1";"1";
"3785";"19304";"2";"";
"3785";"19305";"3";"";
"3785";"21215";"4";"";
"3785";"21216";"5";"";
"3786";"19306";"1";"";
"3786";"19307";"2";"";
"3786";"19309";"3";"";
"3786";"19310";"4";"1";
"3786";"19386";"5";"";
"3787";"19348";"1";"";
"3787";"19349";"2";"";
"3787";"19350";"3";"1";
"3787";"19351";"4";"";
"3787";"19756";"5";"";
"3787";"19757";"6";"";
"3788";"19319";"1";"1";
"3788";"19320";"2";"";
"3789";"19321";"1";"";
"3789";"19346";"2";"1";
"3789";"19347";"3";"";
"3790";"19324";"1";"1";
"3790";"19323";"2";"";
"3791";"19327";"1";"1";
"3791";"19325";"2";"";
"3792";"19331";"1";"1";
"3793";"19341";"1";"1";
"3794";"19342";"1";"1";
"3794";"19343";"2";"";
"3795";"19344";"1";"1";
"3796";"19345";"1";"1";
"3797";"19356";"1";"1";
"3798";"21031";"1";"1";
"3798";"21032";"2";"";
"3798";"21033";"3";"";
"3798";"21034";"4";"";
"3798";"19354";"5";"";
"3799";"19357";"1";"1";
"3799";"19358";"2";"";
"3800";"19361";"1";"1";
"3800";"19359";"2";"";
"3800";"19360";"3";"";
"3800";"19382";"4";"";
"3801";"19363";"1";"";
"3801";"19442";"2";"1";
"3802";"19366";"1";"";
"3802";"19365";"2";"";
"3802";"19364";"3";"";
"3802";"19438";"4";"1";
"3803";"19367";"1";"1";
"3803";"19374";"2";"";
"3803";"19369";"3";"";
"3803";"19368";"4";"";
"3804";"19371";"1";"";
"3804";"19370";"2";"";
"3804";"19441";"3";"1";
"3805";"19372";"1";"";
"3805";"19373";"2";"";
"3805";"19458";"3";"1";
"3806";"19455";"1";"";
"3806";"19456";"2";"";
"3806";"19457";"3";"1";
"3807";"19499";"1";"1";
"3807";"19498";"2";"";
"3808";"19500";"1";"1";
"3808";"19501";"2";"";
"3809";"19503";"1";"";
"3809";"19502";"2";"";
"3809";"21000";"3";"";
"3809";"21001";"4";"1";
"3809";"21002";"5";"";
"3809";"21003";"6";"";
"3810";"19505";"1";"";
"3810";"19504";"2";"1";
"3811";"19508";"1";"1";
"3811";"19509";"2";"";
"3812";"19676";"1";"1";
"3812";"19677";"2";"";
"3812";"19678";"3";"";
"3813";"19512";"1";"";
"3813";"19514";"2";"";
"3813";"19513";"3";"";
"3813";"19716";"4";"1";
"3814";"19516";"1";"1";
"3814";"19517";"2";"";
"3814";"19515";"3";"";
"3814";"19806";"4";"";
"3815";"19519";"1";"1";
"3815";"19520";"2";"";
"3815";"19518";"3";"";
"3816";"19522";"1";"1";
"3816";"19521";"2";"";
"3817";"19525";"1";"1";
"3817";"19524";"2";"";
"3817";"19523";"3";"";
"3818";"19685";"1";"";
"3818";"19686";"2";"";
"3818";"19687";"3";"";
"3818";"19688";"4";"";
"3818";"19734";"5";"";
"3818";"19735";"6";"";
"3818";"19797";"7";"1";
"3819";"19528";"1";"1";
"3819";"19529";"2";"";
"3820";"19530";"1";"";
"3820";"19531";"2";"1";
"3820";"19689";"3";"";
"3820";"19690";"4";"";
"3820";"19691";"5";"";
"3821";"19532";"1";"";
"3821";"19534";"2";"";
"3821";"19533";"3";"";
"3821";"19692";"4";"1";
"3822";"19535";"1";"";
"3822";"19536";"2";"";
"3822";"19537";"3";"";
"3822";"19693";"4";"";
"3822";"19694";"5";"";
"3822";"19695";"6";"";
"3822";"19696";"7";"";
"3822";"19697";"8";"1";
"3823";"19539";"1";"";
"3823";"19538";"2";"";
"3823";"19540";"3";"";
"3823";"19698";"4";"1";
"3823";"19699";"5";"";
"3823";"19700";"6";"";
"3823";"19701";"7";"";
"3823";"19702";"8";"";
"3823";"19752";"9";"";
"3823";"19753";"10";"";
"3823";"19754";"11";"";
"3824";"19542";"1";"1";
"3824";"19541";"2";"";
"3824";"19814";"3";"";
"3824";"19815";"4";"";
"3825";"19545";"1";"";
"3825";"19543";"2";"";
"3825";"19544";"3";"";
"3825";"19758";"4";"";
"3825";"19759";"5";"";
"3825";"19760";"6";"";
"3825";"19811";"7";"1";
"3826";"19546";"1";"";
"3826";"19547";"2";"";
"3826";"19703";"3";"";
"3826";"19704";"4";"1";
"3827";"19549";"1";"";
"3827";"19548";"2";"";
"3827";"19705";"3";"";
"3827";"19706";"4";"1";
"3827";"19707";"5";"";
"3828";"19551";"1";"1";
"3828";"19550";"2";"";
"3828";"19680";"3";"";
"3828";"19681";"4";"";
"3828";"19682";"5";"";
"3828";"19683";"6";"";
"3828";"19684";"7";"";
"3829";"19553";"1";"";
"3829";"19552";"2";"";
"3829";"19554";"3";"";
"3829";"19708";"4";"";
"3829";"19709";"5";"";
"3829";"19710";"6";"1";
"3829";"19711";"7";"";
"3830";"19555";"1";"1";
"3830";"19556";"2";"";
"3831";"19558";"1";"1";
"3831";"19560";"2";"";
"3831";"19557";"3";"";
"3831";"19559";"4";"";
"3832";"19562";"1";"";
"3832";"19561";"2";"";
"3832";"21019";"3";"";
"3832";"21020";"4";"1";
"3832";"21021";"5";"";
"3833";"19564";"1";"1";
"3833";"19566";"2";"";
"3833";"19563";"3";"";
"3833";"19565";"4";"";
"3834";"19567";"1";"1";
"3834";"19568";"2";"";
"3835";"19569";"1";"";
"3835";"19571";"2";"";
"3835";"19570";"3";"";
"3835";"19717";"4";"";
"3835";"19718";"5";"1";
"3835";"19719";"6";"";
"3836";"19574";"1";"1";
"3836";"19572";"2";"";
"3836";"19573";"3";"";
"3836";"19575";"4";"";
"3836";"19812";"5";"";
"3837";"19577";"1";"";
"3837";"19576";"2";"";
"3837";"19674";"3";"";
"3837";"19675";"4";"1";
"3838";"19579";"1";"";
"3838";"19581";"2";"";
"3838";"19582";"3";"";
"3838";"19671";"4";"1";
"3838";"19672";"5";"";
"3838";"19673";"6";"";
"3838";"19809";"7";"";
"3839";"19583";"1";"";
"3839";"19584";"2";"1";
"3839";"19669";"3";"";
"3839";"19670";"4";"";
"3840";"19585";"1";"1";
"3840";"19586";"2";"";
"3841";"19589";"1";"1";
"3841";"19588";"2";"";
"3841";"19587";"3";"";
"3842";"19590";"1";"";
"3842";"19592";"2";"";
"3842";"19667";"3";"";
"3842";"19668";"4";"1";
"3843";"19595";"1";"";
"3843";"19593";"2";"1";
"3843";"19664";"3";"";
"3843";"19665";"4";"";
"3843";"19666";"5";"";
"3844";"19597";"1";"";
"3844";"19596";"2";"";
"3844";"19661";"3";"1";
"3844";"19662";"4";"";
"3844";"19663";"5";"";
"3845";"19599";"1";"";
"3845";"19598";"2";"";
"3845";"19660";"3";"1";
"3846";"19602";"1";"1";
"3846";"19600";"2";"";
"3846";"19601";"3";"";
"3847";"19603";"1";"";
"3847";"19604";"2";"";
"3847";"20126";"3";"";
"3847";"20127";"4";"1";
"3848";"19607";"1";"";
"3848";"19605";"2";"";
"3848";"19606";"3";"";
"3848";"19657";"4";"";
"3848";"19658";"5";"1";
"3848";"19659";"6";"";
"3849";"19608";"1";"1";
"3849";"19609";"2";"";
"3850";"19611";"1";"1";
"3850";"19610";"2";"";
"3851";"19615";"1";"";
"3851";"19614";"2";"";
"3851";"19613";"3";"";
"3851";"21314";"4";"";
"3851";"21315";"5";"";
"3851";"21316";"6";"1";
"3851";"21317";"7";"";
"3851";"21318";"8";"";
"3852";"19616";"1";"1";
"3852";"19617";"2";"";
"3852";"19618";"3";"";
"3853";"19770";"1";"1";
"3853";"19769";"2";"";
"3854";"19624";"1";"";
"3854";"19625";"2";"";
"3854";"19622";"3";"";
"3854";"19623";"4";"";
"3854";"19650";"5";"1";
"3854";"19651";"6";"";
"3854";"19652";"7";"";
"3854";"19786";"8";"";
"3854";"19787";"9";"";
"3854";"19788";"10";"";
"3855";"19626";"1";"1";
"3855";"19627";"2";"";
"3855";"19628";"3";"";
"3855";"19629";"4";"";
"3855";"19644";"5";"";
"3855";"19645";"6";"";
"3855";"19646";"7";"";
"3856";"19630";"1";"1";
"3856";"19632";"2";"";
"3856";"19631";"3";"";
"3857";"19634";"1";"";
"3857";"19633";"2";"";
"3857";"19635";"3";"";
"3857";"19642";"4";"";
"3857";"19643";"5";"1";
"3858";"19636";"1";"";
"3858";"19638";"2";"1";
"3858";"19639";"3";"";
"3858";"19640";"4";"";
"3859";"19647";"1";"1";
"3859";"19649";"2";"";
"3859";"19648";"3";"";
"3860";"19721";"1";"1";
"3860";"19720";"2";"";
"3860";"19722";"3";"";
"3861";"19723";"1";"1";
"3861";"19725";"2";"";
"3861";"19724";"3";"";
"3862";"19726";"1";"1";
"3863";"19763";"1";"1";
"3863";"19762";"2";"";
"3864";"19764";"1";"";
"3864";"19765";"2";"1";
"3864";"19766";"3";"";
"3864";"20978";"4";"";
"3864";"20979";"5";"";
"3865";"19773";"1";"1";
"3865";"19771";"2";"";
"3865";"19772";"3";"";
"3865";"19774";"4";"";
"3866";"19775";"1";"1";
"3867";"19777";"1";"1";
"3867";"19776";"2";"";
"3869";"19779";"1";"1";
"3869";"19778";"2";"";
"3870";"19780";"1";"1";
"3870";"19781";"2";"";
"3871";"19816";"1";"";
"3871";"21206";"2";"";
"3871";"21207";"3";"";
"3871";"21208";"4";"";
"3871";"21209";"5";"";
"3871";"21210";"6";"";
"3871";"21211";"7";"1";
"3872";"21134";"1";"";
"3872";"21135";"2";"1";
"3872";"21136";"3";"";
"3872";"21137";"4";"";
"3873";"19819";"1";"1";
"3873";"19817";"2";"";
"3873";"19818";"3";"";
"3874";"19826";"1";"1";
"3874";"19827";"2";"";
"3875";"19829";"1";"1";
"3875";"19828";"2";"";
"3876";"19831";"1";"1";
"3876";"19830";"2";"";
"3877";"19862";"1";"1";
"3878";"19833";"1";"1";
"3878";"19832";"2";"";
"3878";"19834";"3";"";
"3879";"19835";"1";"1";
"3880";"20794";"1";"1";
"3880";"19864";"2";"";
"3880";"19863";"3";"";
"3881";"19838";"1";"1";
"3881";"19839";"2";"";
"3881";"19837";"3";"";
"3882";"19841";"1";"1";
"3882";"19840";"2";"";
"3883";"19842";"1";"1";
"3883";"19843";"2";"";
"3884";"19844";"1";"1";
"3884";"19845";"2";"";
"3885";"19847";"1";"1";
"3885";"19846";"2";"";
"3886";"19849";"1";"1";
"3886";"19848";"2";"";
"3887";"19850";"1";"1";
"3888";"19851";"1";"1";
"3889";"19852";"1";"1";
"3890";"19854";"1";"";
"3890";"21273";"2";"";
"3890";"21274";"3";"1";
"3890";"21275";"4";"";
"3891";"19856";"1";"1";
"3891";"19855";"2";"";
"3892";"19858";"1";"1";
"3892";"19857";"2";"";
"3893";"19860";"1";"";
"3893";"19859";"2";"";
"3893";"19861";"3";"";
"3893";"21017";"4";"";
"3893";"21018";"5";"";
"3893";"21025";"6";"1";
"3894";"19865";"1";"1";
"3895";"19866";"1";"1";
"3895";"19867";"2";"";
"3896";"19870";"1";"1";
"3896";"19872";"2";"";
"3896";"19871";"3";"";
"3897";"19874";"1";"";
"3897";"20191";"2";"";
"3897";"20193";"3";"";
"3897";"21186";"4";"";
"3897";"21187";"5";"";
"3897";"21188";"6";"";
"3897";"21189";"7";"1";
"3898";"19876";"1";"1";
"3899";"19875";"1";"1";
"3900";"19877";"1";"1";
"3901";"19878";"1";"1";
"3902";"19883";"1";"1";
"3904";"19884";"1";"1";
"3904";"19885";"2";"";
"3905";"19886";"1";"";
"3905";"19887";"2";"1";
"3905";"19888";"3";"";
"3906";"19889";"1";"";
"3906";"19890";"2";"";
"3906";"19891";"3";"1";
"3907";"20048";"1";"";
"3907";"20049";"2";"1";
"3908";"19892";"1";"";
"3908";"21181";"2";"1";
"3909";"19880";"1";"1";
"3910";"19895";"1";"1";
"3911";"19893";"1";"1";
"3911";"19894";"2";"";
"3912";"20315";"1";"1";
"3912";"20316";"2";"";
"3912";"20317";"3";"";
"3913";"20073";"1";"";
"3913";"20074";"2";"";
"3913";"20075";"3";"";
"3913";"20076";"4";"1";
"3915";"20318";"1";"";
"3915";"20319";"2";"1";
"3916";"19897";"1";"";
"3916";"19898";"2";"1";
"3916";"20726";"3";"";
"3917";"19899";"1";"";
"3917";"19900";"2";"";
"3917";"20721";"3";"";
"3917";"20722";"4";"1";
"3918";"19901";"1";"";
"3918";"19902";"2";"";
"3918";"20320";"3";"1";
"3937";"19903";"1";"1";
"3938";"19977";"1";"1";
"3939";"19905";"1";"1";
"3940";"19906";"1";"";
"3940";"19907";"2";"";
"3940";"20321";"3";"1";
"3940";"20322";"4";"";
"3940";"20323";"5";"";
"3940";"20324";"6";"";
"3941";"19909";"1";"";
"3941";"19908";"2";"";
"3941";"20169";"3";"";
"3941";"20170";"4";"1";
"3942";"19911";"1";"";
"3942";"19910";"2";"";
"3942";"19912";"3";"";
"3942";"20166";"4";"1";
"3942";"20167";"5";"";
"3942";"20168";"6";"";
"3943";"19914";"1";"";
"3943";"19913";"2";"";
"3943";"20163";"3";"1";
"3943";"20164";"4";"";
"3944";"19916";"1";"";
"3944";"19915";"2";"";
"3944";"20128";"3";"";
"3944";"20129";"4";"1";
"3945";"19917";"1";"";
"3945";"19918";"2";"";
"3945";"20159";"3";"";
"3945";"20160";"4";"";
"3945";"20161";"5";"";
"3945";"20162";"6";"1";
"3946";"19920";"1";"";
"3946";"19921";"2";"";
"3946";"19919";"3";"";
"3946";"20151";"4";"1";
"3946";"20152";"5";"";
"3947";"19924";"1";"";
"3947";"19922";"2";"";
"3947";"19923";"3";"";
"3947";"20138";"4";"";
"3947";"20139";"5";"1";
"3947";"20140";"6";"";
"3948";"19925";"1";"";
"3948";"19928";"2";"1";
"3948";"19927";"3";"";
"3948";"19926";"4";"";
"3948";"20137";"5";"";
"3949";"19929";"1";"";
"3949";"19931";"2";"";
"3949";"20133";"3";"1";
"3950";"19932";"1";"";
"3950";"19933";"2";"";
"3950";"20331";"3";"1";
"3951";"19935";"1";"";
"3951";"19934";"2";"";
"3951";"20332";"3";"1";
"3951";"20333";"4";"";
"3952";"19938";"1";"";
"3952";"20673";"2";"";
"3952";"20674";"3";"1";
"3952";"20675";"4";"";
"3953";"19940";"1";"1";
"3953";"19939";"2";"";
"3953";"20670";"3";"";
"3954";"19941";"1";"";
"3954";"19942";"2";"";
"3954";"19943";"3";"";
"3954";"20664";"4";"1";
"3954";"20665";"5";"";
"3954";"20666";"6";"";
"3955";"19946";"1";"1";
"3955";"19944";"2";"";
"3955";"19945";"3";"";
"3956";"19948";"1";"";
"3956";"19947";"2";"";
"3956";"20723";"3";"";
"3956";"20724";"4";"1";
"3956";"20725";"5";"";
"3957";"19950";"1";"1";
"3957";"19949";"2";"";
"3958";"19951";"1";"";
"3958";"19952";"2";"";
"3958";"20671";"3";"";
"3958";"20672";"4";"1";
"3959";"19953";"1";"";
"3959";"19954";"2";"1";
"3959";"20667";"3";"";
"3959";"20668";"4";"";
"3959";"20669";"5";"";
"3960";"19956";"1";"";
"3960";"19955";"2";"";
"3960";"20662";"3";"1";
"3960";"20663";"4";"";
"3961";"19959";"1";"";
"3961";"19957";"2";"";
"3961";"19958";"3";"";
"3961";"19960";"4";"";
"3961";"20372";"5";"1";
"3962";"19963";"1";"";
"3962";"20659";"2";"1";
"3962";"20660";"3";"";
"3962";"20661";"4";"";
"3963";"19964";"1";"1";
"3963";"19966";"2";"";
"3963";"19965";"3";"";
"3963";"20658";"4";"";
"3964";"19968";"1";"";
"3964";"19967";"2";"";
"3964";"20373";"3";"1";
"3964";"20374";"4";"";
"3965";"19969";"1";"";
"3965";"19971";"2";"";
"3965";"19970";"3";"";
"3965";"20653";"4";"1";
"3965";"20654";"5";"";
"3965";"20655";"6";"";
"3966";"19973";"1";"1";
"3966";"19972";"2";"";
"3966";"20656";"3";"";
"3966";"20657";"4";"";
"3967";"19976";"1";"";
"3967";"19975";"2";"";
"3967";"20648";"3";"";
"3967";"20649";"4";"1";
"3967";"20650";"5";"";
"3967";"20651";"6";"";
"3967";"20652";"7";"";
"3968";"19978";"1";"";
"3968";"19979";"2";"";
"3968";"20643";"3";"";
"3968";"20644";"4";"1";
"3968";"20645";"5";"";
"3969";"19980";"1";"";
"3969";"19981";"2";"";
"3969";"20619";"3";"1";
"3969";"20620";"4";"";
"3969";"20621";"5";"";
"3970";"19983";"1";"";
"3970";"19982";"2";"";
"3970";"19984";"3";"";
"3970";"20351";"4";"";
"3970";"20352";"5";"";
"3970";"20353";"6";"";
"3970";"20354";"7";"1";
"3971";"19986";"1";"1";
"3971";"19985";"2";"";
"3972";"19987";"1";"1";
"3973";"19989";"1";"1";
"3973";"19988";"2";"";
"3974";"19990";"1";"";
"3974";"19991";"2";"1";
"3975";"19993";"1";"1";
"3975";"19992";"2";"";
"3976";"19994";"1";"";
"3976";"20375";"2";"1";
"3976";"20376";"3";"";
"3977";"19995";"1";"";
"3977";"19997";"2";"1";
"3977";"19996";"3";"";
"3977";"20564";"4";"";
"3978";"19998";"1";"";
"3978";"19999";"2";"";
"3978";"20367";"3";"";
"3978";"20368";"4";"1";
"3978";"20369";"5";"";
"3978";"20370";"6";"";
"3978";"20371";"7";"";
"3979";"20000";"1";"1";
"3979";"20001";"2";"";
"3979";"20206";"3";"";
"3980";"20002";"1";"";
"3980";"20003";"2";"";
"3980";"20202";"3";"1";
"3980";"20203";"4";"";
"3980";"20204";"5";"";
"3980";"20205";"6";"";
"3981";"20005";"1";"1";
"3981";"20006";"2";"";
"3981";"20004";"3";"";
"3981";"20213";"4";"";
"3981";"20214";"5";"";
"3981";"20215";"6";"";
"3982";"20007";"1";"";
"3982";"20009";"2";"";
"3982";"20008";"3";"";
"3982";"20207";"4";"1";
"3982";"20208";"5";"";
"3982";"20209";"6";"";
"3983";"20012";"1";"";
"3983";"20010";"2";"";
"3983";"20011";"3";"";
"3983";"20201";"4";"1";
"3984";"20014";"1";"";
"3984";"20013";"2";"";
"3984";"20199";"3";"1";
"3984";"20200";"4";"";
"3985";"20015";"1";"1";
"3985";"20016";"2";"";
"3986";"20849";"1";"1";
"3986";"20850";"2";"";
"3986";"20851";"3";"";
"3987";"20021";"1";"";
"3987";"20022";"2";"";
"3987";"20020";"3";"";
"3987";"20197";"4";"1";
"3987";"20198";"5";"";
"3988";"20024";"1";"";
"3988";"20023";"2";"";
"3988";"20187";"3";"";
"3988";"20188";"4";"1";
"3989";"20027";"1";"1";
"3989";"20026";"2";"";
"3989";"20025";"3";"";
"3989";"20185";"4";"";
"3989";"20186";"5";"";
"3990";"20029";"1";"";
"3990";"20030";"2";"1";
"3990";"20028";"3";"";
"3990";"20180";"4";"";
"3990";"20181";"5";"";
"3991";"20032";"1";"";
"3991";"20031";"2";"1";
"3991";"20177";"3";"";
"3991";"20178";"4";"";
"3991";"20179";"5";"";
"3992";"20033";"1";"1";
"3992";"20034";"2";"";
"3992";"20035";"3";"";
"3992";"20176";"4";"";
"3993";"20039";"1";"";
"3993";"20038";"2";"1";
"3993";"20037";"3";"";
"3993";"20036";"4";"";
"3994";"20040";"1";"1";
"3994";"20041";"2";"";
"3994";"20174";"3";"";
"3994";"20175";"4";"";
"3995";"20043";"1";"";
"3995";"20042";"2";"";
"3995";"20044";"3";"1";
"3996";"20055";"1";"";
"3996";"20053";"2";"1";
"3996";"20054";"3";"";
"3996";"20646";"4";"";
"3996";"20647";"5";"";
"3997";"20057";"1";"";
"3997";"20056";"2";"";
"3997";"20640";"3";"";
"3997";"20641";"4";"1";
"3997";"20642";"5";"";
"3998";"20060";"1";"";
"3998";"20615";"2";"";
"3998";"20616";"3";"";
"3998";"20617";"4";"1";
"3998";"20618";"5";"";
"3999";"20062";"1";"";
"3999";"20063";"2";"";
"3999";"20061";"3";"";
"3999";"20565";"4";"1";
"3999";"20566";"5";"";
"4000";"20064";"1";"";
"4000";"20065";"2";"";
"4000";"20066";"3";"";
"4000";"20211";"4";"1";
"4000";"20212";"5";"";
"4001";"20068";"1";"";
"4001";"20070";"2";"1";
"4001";"20067";"3";"";
"4001";"20069";"4";"";
"4001";"20210";"5";"";
"4002";"20071";"1";"";
"4002";"20072";"2";"1";
"4002";"20562";"3";"";
"4002";"20563";"4";"";
"4003";"20077";"1";"1";
"4003";"20079";"2";"";
"4003";"20364";"3";"";
"4003";"20365";"4";"";
"4003";"20366";"5";"";
"4004";"20084";"1";"";
"4004";"20085";"2";"1";
"4004";"20358";"3";"";
"4004";"20359";"4";"";
"4004";"20361";"5";"";
"4004";"20362";"6";"";
"4004";"20363";"7";"";
"4005";"20094";"1";"";
"4005";"20096";"2";"";
"4005";"20095";"3";"1";
"4005";"20350";"4";"";
"4006";"20099";"1";"";
"4006";"20098";"2";"";
"4006";"20097";"3";"";
"4006";"20337";"4";"1";
"4006";"20338";"5";"";
"4006";"20339";"6";"";
"4006";"20340";"7";"";
"4006";"20341";"8";"";
"4007";"20100";"1";"1";
"4007";"20101";"2";"";
"4007";"20288";"3";"";
"4007";"20289";"4";"";
"4007";"20290";"5";"";
"4008";"20102";"1";"";
"4008";"20105";"2";"";
"4008";"20103";"3";"";
"4008";"20104";"4";"";
"4008";"20267";"5";"";
"4008";"20268";"6";"1";
"4009";"20109";"1";"";
"4009";"20107";"2";"";
"4009";"20108";"3";"";
"4009";"20254";"4";"1";
"4009";"20255";"5";"";
"4010";"20112";"1";"";
"4010";"20110";"2";"";
"4010";"20111";"3";"";
"4010";"20250";"4";"";
"4010";"20251";"5";"";
"4010";"20252";"6";"1";
"4011";"20113";"1";"";
"4011";"20114";"2";"";
"4011";"20247";"3";"";
"4011";"20248";"4";"";
"4011";"20249";"5";"1";
"4012";"20118";"1";"";
"4012";"20115";"2";"";
"4012";"20116";"3";"";
"4012";"20117";"4";"";
"4012";"20246";"5";"1";
"4013";"20125";"1";"";
"4013";"20124";"2";"";
"4013";"20243";"3";"1";
"4013";"20244";"4";"";
"4013";"20245";"5";"";
"4014";"20131";"1";"";
"4014";"20130";"2";"";
"4014";"20132";"3";"";
"4014";"20238";"4";"";
"4014";"20239";"5";"1";
"4015";"20136";"1";"1";
"4015";"20135";"2";"";
"4015";"20235";"3";"";
"4015";"20236";"4";"";
"4015";"20237";"5";"";
"4016";"20141";"1";"";
"4016";"20142";"2";"";
"4016";"20234";"3";"1";
"4017";"20217";"1";"1";
"4017";"20218";"2";"";
"4017";"20219";"3";"";
"4017";"20220";"4";"";
"4018";"20144";"1";"";
"4018";"20143";"2";"";
"4018";"20172";"3";"";
"4018";"20173";"4";"1";
"4019";"20145";"1";"";
"4019";"20146";"2";"1";
"4019";"20147";"3";"";
"4019";"20216";"4";"";
"4020";"20148";"1";"1";
"4020";"20149";"2";"";
"4020";"20230";"3";"";
"4021";"20153";"1";"";
"4021";"20155";"2";"";
"4021";"20154";"3";"";
"4021";"20227";"4";"1";
"4022";"20156";"1";"";
"4022";"20165";"2";"";
"4022";"20221";"3";"";
"4022";"20222";"4";"";
"4022";"20223";"5";"1";
"4023";"20829";"1";"";
"4023";"20184";"2";"";
"4023";"20283";"3";"";
"4023";"20284";"4";"";
"4023";"20856";"5";"1";
"4024";"20183";"1";"";
"4024";"20276";"2";"1";
"4024";"20277";"3";"";
"4025";"20182";"1";"";
"4025";"20269";"2";"1";
"4026";"20826";"1";"1";
"4026";"20192";"2";"";
"4026";"20270";"3";"";
"4026";"20271";"4";"";
"4027";"20194";"1";"";
"4027";"20264";"2";"";
"4027";"20265";"3";"";
"4027";"20266";"4";"1";
"4028";"20830";"1";"";
"4028";"20257";"2";"";
"4028";"20195";"3";"";
"4028";"20258";"4";"";
"4028";"20854";"5";"1";
"4029";"20196";"1";"";
"4029";"20253";"2";"1";
"4030";"20224";"1";"";
"4030";"20285";"2";"";
"4030";"20286";"3";"1";
"4030";"20287";"4";"";
"4031";"20225";"1";"";
"4031";"20327";"2";"";
"4031";"20328";"3";"1";
"4031";"20329";"4";"";
"4031";"20330";"5";"";
"4032";"20226";"1";"";
"4032";"20312";"2";"";
"4032";"20313";"3";"";
"4032";"20314";"4";"1";
"4033";"20232";"1";"";
"4033";"20231";"2";"";
"4033";"20233";"3";"";
"4033";"20309";"4";"";
"4033";"20310";"5";"1";
"4033";"20311";"6";"";
"4034";"20240";"1";"";
"4034";"20242";"2";"";
"4034";"20241";"3";"";
"4034";"20280";"4";"";
"4034";"20281";"5";"";
"4034";"20282";"6";"1";
"4035";"20262";"1";"1";
"4035";"20263";"2";"";
"4036";"20291";"1";"";
"4036";"20292";"2";"";
"4036";"20301";"3";"";
"4036";"20302";"4";"";
"4036";"20303";"5";"1";
"4037";"20293";"1";"1";
"4037";"20294";"2";"";
"4037";"20334";"3";"";
"4037";"20335";"4";"";
"4037";"20336";"5";"";
"4038";"20832";"1";"1";
"4039";"20298";"1";"";
"4039";"20299";"2";"1";
"4039";"20297";"3";"";
"4040";"20342";"1";"1";
"4040";"20343";"2";"";
"4041";"20344";"1";"1";
"4041";"20345";"2";"";
"4041";"20346";"3";"";
"4042";"20347";"1";"1";
"4042";"20349";"2";"";
"4042";"20348";"3";"";
"4043";"20378";"1";"1";
"4043";"20377";"2";"";
"4043";"20379";"3";"";
"4044";"20381";"1";"1";
"4044";"20380";"2";"";
"4045";"20382";"1";"1";
"4045";"20383";"2";"";
"4046";"20386";"1";"1";
"4046";"20385";"2";"";
"4046";"20384";"3";"";
"4047";"20388";"1";"";
"4047";"20387";"2";"";
"4047";"21227";"3";"";
"4047";"21228";"4";"";
"4047";"21229";"5";"";
"4047";"21230";"6";"";
"4047";"21231";"7";"";
"4047";"21232";"8";"1";
"4048";"20390";"1";"";
"4048";"20391";"2";"";
"4048";"20389";"3";"";
"4048";"20392";"4";"";
"4048";"21077";"5";"1";
"4049";"20393";"1";"1";
"4049";"20394";"2";"";
"4049";"20395";"3";"";
"4049";"20396";"4";"";
"4050";"20397";"1";"1";
"4050";"20398";"2";"";
"4051";"20399";"1";"1";
"4051";"20400";"2";"";
"4051";"20401";"3";"";
"4052";"20403";"1";"1";
"4052";"20402";"2";"";
"4053";"20406";"1";"1";
"4053";"20405";"2";"";
"4053";"20404";"3";"";
"4054";"20407";"1";"1";
"4054";"20408";"2";"";
"4055";"20410";"1";"1";
"4055";"20409";"2";"";
"4056";"20413";"1";"1";
"4056";"20412";"2";"";
"4056";"20411";"3";"";
"4056";"20414";"4";"";
"4057";"20416";"1";"1";
"4057";"20415";"2";"";
"4058";"20417";"1";"1";
"4058";"20418";"2";"";
"4058";"20419";"3";"";
"4058";"20420";"4";"";
"4059";"20422";"1";"1";
"4059";"20423";"2";"";
"4059";"20421";"3";"";
"4060";"20425";"1";"1";
"4060";"20424";"2";"";
"4061";"20426";"1";"1";
"4061";"20427";"2";"";
"4061";"20428";"3";"";
"4062";"20429";"1";"1";
"4062";"20430";"2";"";
"4063";"20431";"1";"1";
"4063";"20432";"2";"";
"4064";"20433";"1";"1";
"4065";"20434";"1";"";
"4065";"20435";"2";"1";
"4065";"20436";"3";"";
"4065";"21141";"4";"";
"4065";"21142";"5";"";
"4066";"20438";"1";"1";
"4066";"20439";"2";"";
"4066";"20437";"3";"";
"4067";"20440";"1";"1";
"4067";"20442";"2";"";
"4067";"20441";"3";"";
"4068";"20443";"1";"1";
"4068";"20444";"2";"";
"4069";"20445";"1";"1";
"4069";"20446";"2";"";
"4070";"20447";"1";"1";
"4070";"20448";"2";"";
"4071";"20450";"1";"1";
"4071";"20449";"2";"";
"4072";"20451";"1";"1";
"4072";"20452";"2";"";
"4073";"20454";"1";"1";
"4073";"20453";"2";"";
"4073";"20455";"3";"";
"4074";"20456";"1";"1";
"4074";"20457";"2";"";
"4075";"20458";"1";"1";
"4075";"20459";"2";"";
"4075";"20460";"3";"";
"4076";"20463";"1";"1";
"4076";"20462";"2";"";
"4076";"20461";"3";"";
"4077";"20465";"1";"1";
"4077";"20464";"2";"";
"4077";"20466";"3";"";
"4078";"20468";"1";"1";
"4078";"20467";"2";"";
"4079";"20469";"1";"1";
"4079";"20470";"2";"";
"4080";"20471";"1";"1";
"4080";"20472";"2";"";
"4081";"20474";"1";"1";
"4081";"20473";"2";"";
"4082";"20476";"1";"1";
"4082";"20475";"2";"";
"4082";"20762";"3";"";
"4083";"20478";"1";"1";
"4083";"20477";"2";"";
"4083";"20479";"3";"";
"4083";"20758";"4";"";
"4083";"20759";"5";"";
"4083";"20761";"6";"";
"4084";"20481";"1";"";
"4084";"20480";"2";"";
"4084";"20755";"3";"";
"4084";"20756";"4";"";
"4084";"20757";"5";"1";
"4085";"20483";"1";"";
"4085";"20482";"2";"";
"4085";"20750";"3";"";
"4085";"20751";"4";"";
"4085";"20753";"5";"1";
"4085";"20754";"6";"";
"4086";"20486";"1";"1";
"4086";"20484";"2";"";
"4086";"20485";"3";"";
"4086";"20743";"4";"";
"4086";"20744";"5";"";
"4086";"20745";"6";"";
"4087";"20487";"1";"";
"4087";"20488";"2";"";
"4087";"20746";"3";"";
"4087";"20747";"4";"1";
"4087";"20748";"5";"";
"4087";"20749";"6";"";
"4088";"20489";"1";"";
"4088";"20490";"2";"";
"4088";"20740";"3";"1";
"4088";"20741";"4";"";
"4088";"20742";"5";"";
"4089";"20492";"1";"";
"4089";"20491";"2";"";
"4089";"20735";"3";"1";
"4089";"20736";"4";"";
"4089";"20737";"5";"";
"4089";"20738";"6";"";
"4090";"20494";"1";"";
"4090";"20493";"2";"";
"4090";"20730";"3";"1";
"4090";"20731";"4";"";
"4090";"20732";"5";"";
"4090";"20733";"6";"";
"4090";"20734";"7";"";
"4091";"20495";"1";"";
"4091";"20496";"2";"";
"4091";"20678";"3";"";
"4091";"20679";"4";"";
"4091";"20680";"5";"";
"4091";"20681";"6";"1";
"4092";"20497";"1";"";
"4092";"20498";"2";"";
"4092";"20499";"3";"";
"4092";"20500";"4";"";
"4092";"20682";"5";"1";
"4092";"20683";"6";"";
"4093";"20503";"1";"";
"4093";"20501";"2";"";
"4093";"20502";"3";"";
"4093";"20686";"4";"";
"4093";"20687";"5";"";
"4093";"20688";"6";"1";
"4093";"20689";"7";"";
"4093";"20690";"8";"";
"4094";"20505";"1";"";
"4094";"20506";"2";"";
"4094";"20504";"3";"";
"4094";"20684";"4";"1";
"4094";"20685";"5";"";
"4095";"20509";"1";"";
"4095";"20507";"2";"";
"4095";"20508";"3";"";
"4095";"20691";"4";"";
"4095";"20692";"5";"";
"4095";"20693";"6";"1";
"4096";"20512";"1";"";
"4096";"20510";"2";"";
"4096";"20694";"3";"";
"4096";"20695";"4";"";
"4096";"20696";"5";"1";
"4097";"20514";"1";"1";
"4097";"20513";"2";"";
"4097";"20515";"3";"";
"4097";"20516";"4";"";
"4097";"20706";"5";"";
"4097";"20707";"6";"";
"4098";"20519";"1";"";
"4098";"20520";"2";"";
"4098";"20517";"3";"";
"4098";"20518";"4";"";
"4098";"20708";"5";"";
"4098";"20709";"6";"1";
"4098";"20710";"7";"";
"4098";"20711";"8";"";
"4098";"20712";"9";"";
"4099";"20522";"1";"1";
"4099";"20521";"2";"";
"4099";"20591";"3";"";
"4099";"20592";"4";"";
"4099";"20593";"5";"";
"4099";"20595";"6";"";
"4099";"20596";"7";"";
"4099";"20597";"8";"";
"4100";"20524";"1";"";
"4100";"20523";"2";"";
"4100";"20598";"3";"";
"4100";"20599";"4";"1";
"4100";"20600";"5";"";
"4101";"20525";"1";"";
"4101";"20601";"2";"";
"4101";"20602";"3";"1";
"4102";"20603";"1";"";
"4102";"20604";"2";"1";
"4102";"20605";"3";"";
"4102";"20606";"4";"";
"4103";"20530";"1";"";
"4103";"20529";"2";"";
"4103";"20607";"3";"";
"4103";"20608";"4";"";
"4103";"20609";"5";"1";
"4104";"20534";"1";"1";
"4104";"20532";"2";"";
"4104";"20533";"3";"";
"4104";"20610";"4";"";
"4104";"20611";"5";"";
"4105";"20536";"1";"";
"4105";"20537";"2";"";
"4105";"20535";"3";"";
"4105";"20612";"4";"1";
"4105";"20613";"5";"";
"4105";"20614";"6";"";
"4106";"20539";"1";"";
"4106";"20538";"2";"";
"4106";"20713";"3";"";
"4106";"20714";"4";"1";
"4106";"20715";"5";"";
"4107";"20636";"1";"";
"4107";"20637";"2";"";
"4107";"20638";"3";"";
"4107";"20639";"4";"1";
"4108";"20541";"1";"";
"4108";"20540";"2";"";
"4108";"20716";"3";"";
"4108";"20717";"4";"1";
"4109";"20543";"1";"";
"4109";"20542";"2";"1";
"4109";"20718";"3";"";
"4110";"20544";"1";"";
"4110";"20545";"2";"";
"4110";"20546";"3";"1";
"4110";"20622";"4";"";
"4111";"20548";"1";"";
"4111";"20549";"2";"";
"4111";"20550";"3";"";
"4111";"20623";"4";"";
"4111";"20624";"5";"1";
"4111";"20625";"6";"";
"4111";"20626";"7";"";
"4111";"20627";"8";"";
"4113";"20552";"1";"";
"4113";"20583";"2";"";
"4113";"20584";"3";"1";
"4113";"20585";"4";"";
"4113";"20586";"5";"";
"4114";"20555";"1";"1";
"4114";"20554";"2";"";
"4114";"20580";"3";"";
"4115";"20557";"1";"";
"4115";"20556";"2";"";
"4115";"20587";"3";"";
"4115";"20588";"4";"";
"4115";"20589";"5";"";
"4115";"20590";"6";"1";
"4116";"20559";"1";"";
"4116";"20561";"2";"";
"4116";"20560";"3";"";
"4116";"20576";"4";"";
"4116";"20577";"5";"1";
"4117";"20567";"1";"1";
"4117";"20568";"2";"";
"4118";"20569";"1";"1";
"4118";"20570";"2";"";
"4119";"20571";"1";"1";
"4119";"20572";"2";"";
"4120";"20575";"1";"1";
"4120";"20574";"2";"";
"4120";"20628";"3";"";
"4120";"20629";"4";"";
"4120";"20630";"5";"";
"4121";"20578";"1";"";
"4121";"20634";"2";"";
"4121";"20635";"3";"1";
"4122";"20582";"1";"";
"4122";"20581";"2";"";
"4122";"20631";"3";"1";
"4122";"20632";"4";"";
"4122";"20633";"5";"";
"4123";"20697";"1";"1";
"4124";"20698";"1";"";
"4124";"20699";"2";"";
"4124";"20700";"3";"";
"4124";"20704";"4";"";
"4124";"20705";"5";"1";
"4127";"20770";"1";"1";
"4127";"20769";"2";"";
"4128";"20771";"1";"1";
"4128";"20772";"2";"";
"4129";"20773";"1";"1";
"4129";"20774";"2";"";
"4129";"20775";"3";"";
"4130";"20776";"1";"1";
"4130";"20777";"2";"";
"4131";"20779";"1";"1";
"4131";"20778";"2";"";
"4132";"20780";"1";"1";
"4132";"20781";"2";"";
"4133";"20782";"1";"1";
"4133";"20783";"2";"";
"4134";"20785";"1";"1";
"4134";"20784";"2";"";
"4135";"20787";"1";"";
"4135";"20786";"2";"1";
"4136";"20788";"1";"1";
"4136";"20789";"2";"";
"4137";"20791";"1";"1";
"4137";"20790";"2";"";
"4138";"20792";"1";"1";
"4138";"20793";"2";"";
"4139";"20795";"1";"1";
"4139";"20796";"2";"";
"4140";"20797";"1";"1";
"4140";"20798";"2";"";
"4141";"20799";"1";"1";
"4142";"20800";"1";"1";
"4143";"20801";"1";"1";
"4143";"20802";"2";"";
"4144";"20803";"1";"1";
"4145";"20846";"1";"";
"4145";"20847";"2";"1";
"4145";"20848";"3";"";
"4146";"20806";"1";"1";
"4146";"20807";"2";"";
"4147";"20808";"1";"1";
"4147";"20809";"2";"";
"4148";"20810";"1";"1";
"4149";"20811";"1";"1";
"4149";"20812";"2";"";
"4150";"20813";"1";"1";
"4150";"20814";"2";"";
"4151";"20828";"1";"";
"4151";"20815";"2";"";
"4151";"20855";"3";"1";
"4152";"20827";"1";"";
"4152";"20816";"2";"";
"4152";"20852";"3";"1";
"4153";"20858";"1";"1";
"4154";"20859";"1";"1";
"4155";"20817";"1";"1";
"4155";"20819";"2";"";
"4155";"20818";"3";"";
"4155";"20820";"4";"";
"4155";"20821";"5";"";
"4155";"20822";"6";"";
"4155";"20823";"7";"";
"4156";"20825";"1";"";
"4156";"20857";"2";"1";
"4157";"20824";"1";"";
"4157";"20853";"2";"1";
"4158";"20836";"1";"1";
"4159";"20837";"1";"1";
"4159";"20838";"2";"";
"4159";"20839";"3";"";
"4159";"21179";"4";"";
"4160";"20840";"1";"1";
"4160";"20842";"2";"";
"4160";"20841";"3";"";
"4161";"20843";"1";"";
"4161";"21176";"2";"";
"4161";"21177";"3";"1";
"4161";"21178";"4";"";
"4162";"20845";"1";"1";
"4163";"20861";"1";"1";
"4164";"20862";"1";"1";
"4164";"20863";"2";"";
"4165";"20864";"1";"1";
"4165";"20865";"2";"";
"4166";"20868";"1";"1";
"4166";"20867";"2";"";
"4166";"20866";"3";"";
"4167";"20959";"1";"1";
"4169";"20960";"1";"1";
"4170";"20870";"1";"1";
"4170";"20869";"2";"";
"4171";"20872";"1";"";
"4171";"21071";"2";"";
"4171";"21072";"3";"";
"4171";"21073";"4";"1";
"4172";"20873";"1";"";
"4172";"20874";"2";"";
"4172";"21050";"3";"1";
"4172";"21051";"4";"";
"4173";"20875";"1";"1";
"4173";"21047";"2";"";
"4173";"21048";"3";"";
"4174";"20877";"1";"1";
"4174";"20876";"2";"";
"4174";"21044";"3";"";
"4174";"21045";"4";"";
"4175";"20879";"1";"";
"4175";"20878";"2";"";
"4175";"21036";"3";"1";
"4175";"21037";"4";"";
"4176";"20881";"1";"";
"4176";"21200";"2";"";
"4176";"21201";"3";"";
"4176";"21202";"4";"1";
"4177";"20882";"1";"";
"4177";"20883";"2";"";
"4177";"21039";"3";"";
"4177";"21040";"4";"1";
"4177";"21041";"5";"";
"4179";"20884";"1";"";
"4179";"20885";"2";"";
"4179";"20900";"3";"";
"4179";"20901";"4";"";
"4179";"20902";"5";"1";
"4180";"20886";"1";"1";
"4180";"20887";"2";"";
"4180";"20903";"3";"";
"4180";"20904";"4";"";
"4180";"20905";"5";"";
"4181";"20889";"1";"";
"4181";"20888";"2";"1";
"4181";"21030";"3";"";
"4182";"20891";"1";"";
"4182";"20890";"2";"";
"4182";"21058";"3";"";
"4182";"21059";"4";"1";
"4182";"21060";"5";"";
"4183";"20892";"1";"1";
"4183";"20893";"2";"";
"4183";"21042";"3";"";
"4183";"21043";"4";"";
"4184";"20894";"1";"1";
"4184";"20895";"2";"";
"4185";"20897";"1";"";
"4185";"20896";"2";"";
"4185";"21022";"3";"";
"4185";"21023";"4";"1";
"4186";"20899";"1";"";
"4186";"20898";"2";"";
"4186";"21015";"3";"";
"4186";"21016";"4";"1";
"4187";"20907";"1";"";
"4187";"20906";"2";"";
"4187";"21012";"3";"1";
"4187";"21013";"4";"";
"4187";"21014";"5";"";
"4188";"20909";"1";"1";
"4188";"20908";"2";"";
"4188";"21007";"3";"";
"4188";"21008";"4";"";
"4188";"21009";"5";"";
"4189";"21078";"1";"1";
"4189";"21079";"2";"";
"4190";"21225";"1";"1";
"4191";"20910";"1";"1";
"4191";"21010";"2";"";
"4192";"20911";"1";"";
"4192";"20913";"2";"1";
"4192";"20912";"3";"";
"4192";"21226";"4";"";
"4193";"20918";"1";"1";
"4193";"20917";"2";"";
"4194";"20914";"1";"1";
"4194";"20915";"2";"";
"4194";"20916";"3";"";
"4195";"20920";"1";"";
"4195";"20919";"2";"";
"4195";"21074";"3";"";
"4195";"21075";"4";"1";
"4195";"21076";"5";"";
"4196";"20922";"1";"1";
"4197";"20921";"1";"";
"4197";"21080";"2";"";
"4197";"21081";"3";"1";
"4198";"20924";"1";"";
"4198";"20923";"2";"";
"4198";"21082";"3";"1";
"4199";"20926";"1";"1";
"4199";"20925";"2";"";
"4199";"21004";"3";"";
"4199";"21005";"4";"";
"4199";"21006";"5";"";
"4200";"20927";"1";"1";
"4201";"20928";"1";"1";
"4202";"20961";"1";"1";
"4203";"20930";"1";"1";
"4204";"20931";"1";"1";
"4205";"20952";"1";"";
"4205";"20983";"2";"1";
"4206";"20932";"1";"1";
"4206";"20933";"2";"";
"4206";"20977";"3";"";
"4207";"20934";"1";"";
"4207";"20935";"2";"1";
"4208";"20936";"1";"";
"4208";"20975";"2";"";
"4208";"20976";"3";"1";
"4209";"20972";"1";"1";
"4209";"20973";"2";"";
"4209";"20974";"3";"";
"4209";"21243";"4";"";
"4209";"21244";"5";"";
"4210";"20938";"1";"";
"4210";"20969";"2";"";
"4210";"20970";"3";"";
"4210";"20971";"4";"1";
"4211";"20941";"1";"";
"4211";"20940";"2";"";
"4211";"21024";"3";"1";
"4212";"20942";"1";"";
"4212";"20943";"2";"";
"4212";"20999";"3";"1";
"4213";"20945";"1";"";
"4213";"20944";"2";"";
"4213";"20968";"3";"1";
"4214";"20946";"1";"";
"4214";"20967";"2";"1";
"4215";"20947";"1";"1";
"4215";"20948";"2";"";
"4216";"20949";"1";"1";
"4216";"20966";"2";"";
"4217";"20957";"1";"1";
"4217";"20958";"2";"";
"4218";"20950";"1";"1";
"4218";"20951";"2";"";
"4218";"20964";"3";"";
"4218";"20965";"4";"";
"4219";"20956";"1";"1";
"4220";"20985";"1";"";
"4220";"20986";"2";"1";
"4220";"20987";"3";"";
"4221";"20988";"1";"1";
"4221";"20989";"2";"";
"4221";"20990";"3";"";
"4221";"20991";"4";"";
"4222";"20997";"1";"1";
"4222";"20998";"2";"";
"4223";"20992";"1";"1";
"4223";"20993";"2";"";
"4223";"20994";"3";"";
"4223";"20995";"4";"";
"4223";"20996";"5";"";
"4224";"21026";"1";"";
"4224";"21138";"2";"1";
"4224";"21139";"3";"";
"4224";"21140";"4";"";
"4225";"21027";"1";"";
"4225";"21125";"2";"1";
"4225";"21126";"3";"";
"4225";"21127";"4";"";
"4225";"21128";"5";"";
"4225";"21129";"6";"";
"4226";"21028";"1";"";
"4226";"21130";"2";"1";
"4226";"21131";"3";"";
"4226";"21132";"4";"";
"4226";"21133";"5";"";
"4227";"21029";"1";"1";
"4227";"21119";"2";"";
"4227";"21120";"3";"";
"4227";"21121";"4";"";
"4227";"21122";"5";"";
"4227";"21123";"6";"";
"4227";"21124";"7";"";
"4228";"21035";"1";"";
"4228";"21161";"2";"1";
"4228";"21162";"3";"";
"4228";"21163";"4";"";
"4228";"21164";"5";"";
"4229";"21038";"1";"";
"4229";"21144";"2";"";
"4229";"21145";"3";"1";
"4230";"21046";"1";"";
"4230";"21089";"2";"1";
"4231";"21061";"1";"";
"4231";"21062";"2";"";
"4231";"21146";"3";"1";
"4231";"21147";"4";"";
"4232";"21064";"1";"1";
"4232";"21063";"2";"";
"4233";"21065";"1";"1";
"4233";"21066";"2";"";
"4234";"21067";"1";"";
"4234";"21068";"2";"";
"4234";"21233";"3";"";
"4234";"21234";"4";"";
"4234";"21235";"5";"";
"4234";"21236";"6";"";
"4234";"21237";"7";"1";
"4235";"21070";"1";"";
"4235";"21238";"2";"";
"4235";"21239";"3";"";
"4235";"21240";"4";"1";
"4235";"21241";"5";"";
"4235";"21242";"6";"";
"4236";"21086";"1";"1";
"4237";"21087";"1";"1";
"4238";"21088";"1";"1";
"4239";"21090";"1";"1";
"4240";"21094";"1";"";
"4240";"21093";"2";"";
"4240";"21091";"3";"";
"4240";"21092";"4";"";
"4240";"21170";"5";"";
"4240";"21171";"6";"";
"4240";"21172";"7";"";
"4240";"21173";"8";"1";
"4241";"21096";"1";"1";
"4241";"21095";"2";"";
"4241";"21154";"3";"";
"4241";"21155";"4";"";
"4241";"21156";"5";"";
"4241";"21157";"6";"";
"4241";"21158";"7";"";
"4242";"21097";"1";"1";
"4242";"21098";"2";"";
"4243";"21099";"1";"1";
"4243";"21100";"2";"";
"4243";"21101";"3";"";
"4244";"21102";"1";"";
"4244";"21103";"2";"";
"4244";"21114";"3";"1";
"4244";"21115";"4";"";
"4244";"21116";"5";"";
"4244";"21117";"6";"";
"4244";"21118";"7";"";
"4245";"21111";"1";"";
"4245";"21112";"2";"";
"4245";"21113";"3";"1";
"4246";"21182";"1";"";
"4246";"21183";"2";"";
"4246";"21184";"3";"1";
"4247";"21107";"1";"";
"4247";"21108";"2";"";
"4247";"21109";"3";"1";
"4247";"21110";"4";"";
"4248";"21222";"1";"1";
"4248";"21223";"2";"";
"4248";"21224";"3";"";
"4249";"21245";"1";"";
"4249";"21246";"2";"";
"4249";"21309";"3";"";
"4249";"21310";"4";"";
"4249";"21311";"5";"";
"4249";"21312";"6";"";
"4249";"21313";"7";"1";
"4250";"21247";"1";"";
"4250";"21308";"2";"1";
"4251";"21249";"1";"1";
"4251";"21248";"2";"";
"4252";"21251";"1";"";
"4252";"21250";"2";"1";
"4252";"21306";"3";"";
"4252";"21307";"4";"";
"4253";"21252";"1";"1";
"4253";"21253";"2";"";
"4254";"21254";"1";"";
"4254";"21255";"2";"1";
"4254";"21302";"3";"";
"4255";"21256";"1";"";
"4255";"21257";"2";"1";
"4255";"21296";"3";"";
"4255";"21298";"4";"";
"4255";"21299";"5";"";
"4255";"21300";"6";"";
"4255";"21301";"7";"";
"4256";"21258";"1";"";
"4256";"21259";"2";"";
"4256";"21289";"3";"";
"4256";"21290";"4";"";
"4256";"21291";"5";"";
"4256";"21292";"6";"";
"4256";"21293";"7";"1";
"4257";"21261";"1";"1";
"4257";"21260";"2";"";
"4258";"21262";"1";"1";
"4258";"21263";"2";"";
"4259";"21265";"1";"1";
"4259";"21266";"2";"";
"4259";"21264";"3";"";
"4260";"21268";"1";"";
"4260";"21267";"2";"";
"4260";"21287";"3";"1";
"4260";"21288";"4";"";
"4261";"21270";"1";"";
"4261";"21279";"2";"";
"4261";"21280";"3";"";
"4261";"21281";"4";"1";
"4261";"21282";"5";"";
"4262";"21271";"1";"";
"4262";"21272";"2";"";
"4262";"21283";"3";"";
"4262";"21284";"4";"";
"4262";"21285";"5";"";
"4262";"21286";"6";"1";
"4263";"21295";"1";"1";
"4263";"21294";"2";"";
"4264";"21324";"1";"1";
"4264";"21323";"2";"";
"4265";"21335";"1";"";
"4265";"21336";"2";"";
"4265";"21350";"3";"1";
"4265";"21351";"4";"";
"4265";"21352";"5";"";
"4266";"21337";"1";"1";
"4266";"21348";"2";"";
"4266";"21349";"3";"";
"4267";"21338";"1";"1";
"4267";"21339";"2";"";
"4268";"21341";"1";"";
"4268";"21340";"2";"";
"4268";"21342";"3";"1";
"4268";"21343";"4";"";
"4268";"21344";"5";"";