id_product;id_feature;id_feature_value;
"1";"1";"18861";
"1";"49";"146";
"1";"54";"177";
"1";"77";"2430";
"1";"80";"2444";
"1";"81";"2429";
"1";"85";"2466";
"1";"99";"63278";
"1";"100";"63279";
"1";"101";"18517";
"1";"102";"18522";
"3";"1";"183";
"3";"8";"25";
"3";"9";"29";
"3";"11";"32";
"3";"48";"76";
"3";"49";"172";
"3";"54";"177";
"3";"66";"2417";
"3";"67";"2418";
"3";"69";"2420";
"3";"85";"2466";
"3";"89";"2471";
"3";"91";"2473";
"3";"95";"2476";
"3";"98";"2479";
"3";"99";"59182";
"3";"100";"59183";
"3";"101";"18517";
"3";"102";"18521";
"5";"99";"59214";
"5";"100";"59215";
"7";"1";"12487";
"7";"8";"25";
"7";"9";"27";
"7";"10";"30";
"7";"11";"32";
"7";"13";"40";
"7";"18";"50";
"7";"21";"56";
"7";"36";"92";
"7";"39";"79";
"7";"45";"98";
"7";"48";"76";
"7";"49";"13280";
"7";"54";"177";
"7";"60";"2411";
"7";"62";"2413";
"7";"64";"2415";
"7";"66";"2417";
"7";"74";"2427";
"7";"85";"2466";
"7";"86";"2468";
"7";"101";"18518";
"8";"8";"26";
"8";"9";"28";
"8";"10";"30";
"8";"18";"50";
"8";"21";"56";
"8";"32";"87";
"8";"36";"92";
"8";"46";"99";
"8";"48";"75";
"8";"60";"2411";
"8";"85";"2466";
"8";"86";"2468";
"8";"99";"53944";
"8";"100";"53945";
"9";"66";"2417";
"9";"82";"2465";
"9";"83";"2464";
"9";"86";"2468";
"9";"88";"2469";
"9";"90";"2470";
"9";"91";"2473";
"9";"99";"57013";
"9";"100";"57014";
"10";"8";"25";
"10";"9";"27";
"10";"10";"30";
"10";"13";"40";
"10";"14";"42";
"10";"16";"46";
"10";"17";"48";
"10";"21";"56";
"10";"32";"87";
"10";"36";"92";
"10";"39";"79";
"10";"41";"94";
"10";"47";"77";
"10";"48";"75";
"10";"66";"2417";
"10";"73";"2428";
"10";"75";"2425";
"10";"82";"2465";
"10";"83";"2464";
"10";"88";"2469";
"10";"90";"2470";
"10";"95";"2476";
"10";"99";"15828";
"10";"100";"15829";
"11";"1";"18861";
"11";"8";"25";
"11";"9";"27";
"11";"10";"30";
"11";"13";"40";
"11";"14";"42";
"11";"17";"48";
"11";"19";"52";
"11";"21";"56";
"11";"32";"87";
"11";"36";"92";
"11";"39";"79";
"11";"41";"94";
"11";"47";"77";
"11";"48";"74";
"11";"49";"23699";
"11";"54";"177";
"11";"66";"2417";
"11";"67";"2418";
"11";"69";"2420";
"11";"73";"2428";
"11";"75";"2425";
"11";"76";"2424";
"11";"82";"2465";
"11";"83";"2464";
"11";"85";"2466";
"11";"88";"2469";
"11";"89";"2471";
"11";"90";"2470";
"11";"95";"2476";
"11";"99";"32677";
"11";"100";"32678";
"11";"101";"22390";
"13";"8";"25";
"13";"9";"27";
"13";"10";"30";
"13";"13";"40";
"13";"14";"42";
"13";"16";"46";
"13";"21";"56";
"13";"32";"87";
"13";"36";"92";
"13";"39";"79";
"13";"47";"77";
"13";"48";"75";
"13";"66";"2417";
"13";"73";"2428";
"13";"75";"2425";
"13";"76";"2424";
"13";"82";"2465";
"13";"83";"2464";
"13";"88";"2469";
"13";"89";"2471";
"13";"90";"2470";
"13";"99";"51412";
"13";"100";"51413";
"14";"8";"25";
"14";"9";"27";
"14";"10";"30";
"14";"11";"32";
"14";"13";"40";
"14";"14";"42";
"14";"16";"46";
"14";"17";"48";
"14";"21";"56";
"14";"32";"87";
"14";"39";"79";
"14";"41";"94";
"14";"47";"77";
"14";"48";"75";
"14";"66";"2417";
"14";"73";"2428";
"14";"75";"2425";
"14";"76";"2424";
"14";"82";"2465";
"14";"83";"2464";
"14";"85";"2466";
"14";"88";"2469";
"14";"89";"2471";
"14";"90";"2470";
"14";"99";"26124";
"14";"100";"26125";
"15";"1";"13121";
"15";"49";"117";
"15";"54";"177";
"15";"66";"2417";
"15";"73";"2428";
"15";"75";"2425";
"15";"76";"2424";
"15";"82";"2465";
"15";"83";"2464";
"15";"88";"2469";
"15";"89";"2471";
"15";"90";"2470";
"15";"99";"55778";
"15";"100";"55779";
"15";"101";"18518";
"15";"102";"18522";
"16";"1";"134";
"16";"8";"25";
"16";"11";"32";
"16";"13";"40";
"16";"32";"87";
"16";"41";"94";
"16";"54";"176";
"16";"66";"2417";
"16";"73";"2428";
"16";"75";"2425";
"16";"76";"2424";
"16";"82";"2465";
"16";"83";"2464";
"16";"85";"2466";
"16";"88";"2469";
"16";"89";"2471";
"16";"90";"2470";
"16";"99";"57045";
"16";"100";"57046";
"18";"8";"25";
"18";"9";"27";
"18";"10";"30";
"18";"13";"40";
"18";"14";"42";
"18";"17";"48";
"18";"19";"52";
"18";"21";"56";
"18";"36";"92";
"18";"39";"79";
"18";"47";"77";
"18";"48";"74";
"18";"66";"2417";
"18";"67";"2418";
"18";"73";"2428";
"18";"75";"2425";
"18";"76";"2424";
"18";"82";"2465";
"18";"83";"2464";
"18";"86";"2468";
"18";"88";"2469";
"18";"89";"2471";
"18";"90";"2470";
"18";"95";"2476";
"18";"99";"47043";
"18";"100";"47044";
"19";"1";"134";
"19";"8";"25";
"19";"9";"27";
"19";"10";"30";
"19";"11";"32";
"19";"13";"40";
"19";"14";"42";
"19";"16";"46";
"19";"17";"48";
"19";"19";"52";
"19";"21";"56";
"19";"32";"87";
"19";"36";"92";
"19";"39";"79";
"19";"41";"94";
"19";"46";"99";
"19";"47";"77";
"19";"48";"75";
"19";"49";"133";
"19";"54";"177";
"19";"59";"2410";
"19";"66";"2417";
"19";"73";"2428";
"19";"75";"2425";
"19";"76";"2424";
"19";"82";"2465";
"19";"83";"2464";
"19";"85";"2466";
"19";"86";"2468";
"19";"88";"2469";
"19";"89";"2471";
"19";"90";"2470";
"19";"99";"38153";
"19";"100";"38154";
"21";"8";"25";
"21";"9";"27";
"21";"10";"30";
"21";"13";"40";
"21";"14";"42";
"21";"16";"46";
"21";"17";"48";
"21";"21";"56";
"21";"32";"87";
"21";"36";"92";
"21";"39";"79";
"21";"41";"94";
"21";"47";"77";
"21";"48";"75";
"21";"66";"2417";
"21";"73";"2428";
"21";"75";"2425";
"21";"76";"2424";
"21";"82";"2465";
"21";"83";"2464";
"21";"88";"2469";
"21";"89";"2471";
"21";"90";"2470";
"21";"99";"39558";
"21";"100";"39559";
"23";"8";"26";
"23";"9";"28";
"23";"10";"30";
"23";"13";"40";
"23";"14";"42";
"23";"16";"46";
"23";"17";"48";
"23";"21";"56";
"23";"32";"87";
"23";"41";"94";
"23";"45";"98";
"23";"48";"75";
"23";"66";"2417";
"23";"82";"2465";
"23";"83";"2464";
"23";"88";"2469";
"23";"90";"2470";
"23";"92";"2472";
"23";"95";"2476";
"23";"99";"43536";
"23";"100";"43537";
"25";"1";"135";
"25";"8";"25";
"25";"9";"27";
"25";"10";"30";
"25";"11";"32";
"25";"13";"40";
"25";"16";"46";
"25";"17";"48";
"25";"19";"52";
"25";"21";"56";
"25";"32";"87";
"25";"36";"92";
"25";"45";"98";
"25";"48";"74";
"25";"49";"139";
"25";"54";"177";
"25";"72";"2422";
"25";"73";"2428";
"25";"75";"2425";
"25";"76";"2424";
"25";"85";"2466";
"25";"86";"2468";
"25";"87";"2467";
"25";"90";"2470";
"25";"91";"2473";
"25";"101";"18519";
"26";"1";"130";
"26";"8";"25";
"26";"9";"28";
"26";"10";"30";
"26";"11";"32";
"26";"13";"40";
"26";"14";"42";
"26";"16";"46";
"26";"17";"48";
"26";"18";"50";
"26";"21";"56";
"26";"39";"79";
"26";"47";"77";
"26";"48";"75";
"26";"49";"124";
"26";"59";"2410";
"26";"66";"2417";
"26";"75";"2425";
"26";"80";"2448";
"26";"81";"2429";
"26";"83";"2464";
"26";"85";"2466";
"26";"89";"2471";
"26";"98";"2479";
"26";"99";"65985";
"26";"100";"65986";
"27";"1";"123";
"27";"8";"25";
"27";"9";"28";
"27";"10";"30";
"27";"13";"40";
"27";"14";"42";
"27";"16";"46";
"27";"17";"48";
"27";"21";"56";
"27";"39";"79";
"27";"45";"98";
"27";"47";"77";
"27";"48";"76";
"27";"49";"139";
"27";"54";"177";
"27";"59";"2410";
"27";"66";"2417";
"27";"73";"2428";
"27";"75";"2425";
"27";"80";"2436";
"27";"81";"2429";
"27";"82";"2465";
"27";"85";"2466";
"27";"86";"2468";
"27";"87";"2467";
"27";"93";"2475";
"27";"96";"2478";
"27";"97";"2477";
"27";"99";"64993";
"27";"100";"64994";
"28";"9";"27";
"28";"10";"30";
"28";"13";"40";
"28";"14";"42";
"28";"16";"46";
"28";"17";"48";
"28";"21";"56";
"28";"39";"79";
"28";"47";"77";
"28";"48";"75";
"28";"66";"2417";
"28";"75";"2425";
"28";"82";"2465";
"28";"83";"2464";
"28";"86";"2468";
"28";"93";"2475";
"28";"96";"2478";
"28";"97";"2477";
"28";"99";"17388";
"28";"100";"17389";
"30";"1";"123";
"30";"8";"25";
"30";"9";"27";
"30";"10";"30";
"30";"11";"32";
"30";"13";"40";
"30";"17";"48";
"30";"18";"50";
"30";"21";"56";
"30";"32";"87";
"30";"36";"92";
"30";"39";"79";
"30";"47";"77";
"30";"48";"76";
"30";"49";"124";
"30";"54";"177";
"30";"59";"2410";
"30";"68";"2419";
"30";"80";"2450";
"30";"81";"2429";
"30";"82";"2465";
"30";"85";"2466";
"30";"88";"2469";
"30";"90";"2470";
"30";"95";"2476";
"30";"98";"2479";
"30";"99";"51554";
"30";"100";"51555";
"31";"8";"25";
"31";"9";"27";
"31";"10";"30";
"31";"17";"48";
"31";"19";"52";
"31";"21";"56";
"31";"23";"60";
"31";"36";"92";
"31";"39";"79";
"31";"47";"77";
"31";"48";"74";
"31";"66";"2417";
"31";"67";"2418";
"31";"69";"2420";
"31";"83";"2464";
"31";"86";"2468";
"31";"90";"2470";
"31";"95";"2476";
"31";"99";"19907";
"31";"100";"19908";
"33";"8";"25";
"33";"66";"2417";
"33";"68";"2419";
"33";"69";"2420";
"33";"83";"2464";
"33";"86";"2468";
"33";"87";"2467";
"33";"90";"2470";
"33";"91";"2473";
"33";"95";"2476";
"33";"99";"19897";
"33";"100";"19898";
"35";"8";"26";
"35";"9";"27";
"35";"10";"30";
"35";"11";"33";
"35";"13";"40";
"35";"16";"46";
"35";"17";"48";
"35";"18";"50";
"35";"21";"56";
"35";"47";"77";
"35";"48";"75";
"35";"66";"2417";
"35";"77";"2430";
"35";"80";"2436";
"35";"81";"2429";
"35";"85";"2466";
"35";"99";"27201";
"35";"100";"27202";
"37";"1";"123";
"37";"8";"25";
"37";"9";"18669";
"37";"10";"30";
"37";"11";"32";
"37";"13";"40";
"37";"16";"46";
"37";"17";"48";
"37";"18";"50";
"37";"21";"56";
"37";"39";"79";
"37";"47";"77";
"37";"48";"76";
"37";"49";"139";
"37";"54";"177";
"37";"66";"2417";
"37";"73";"2428";
"37";"75";"2425";
"37";"80";"2448";
"37";"85";"2466";
"37";"90";"2470";
"37";"99";"56881";
"37";"100";"56882";
"37";"101";"18518";
"39";"1";"134";
"39";"8";"25";
"39";"10";"30";
"39";"11";"33";
"39";"13";"40";
"39";"16";"46";
"39";"18";"50";
"39";"21";"56";
"39";"39";"79";
"39";"48";"75";
"39";"54";"176";
"39";"77";"2430";
"39";"80";"2446";
"39";"81";"2429";
"39";"86";"2468";
"39";"95";"2476";
"39";"96";"2478";
"39";"99";"61630";
"39";"100";"61631";
"39";"123";"44500";
"41";"8";"26";
"41";"9";"27";
"41";"10";"30";
"41";"13";"40";
"41";"17";"48";
"41";"19";"52";
"41";"36";"92";
"41";"67";"2418";
"41";"69";"2420";
"41";"76";"2424";
"41";"77";"2430";
"41";"78";"2432";
"41";"80";"2443";
"41";"81";"2429";
"41";"85";"2466";
"41";"88";"2469";
"41";"91";"2473";
"41";"95";"2476";
"41";"99";"59172";
"41";"100";"59173";
"45";"8";"26";
"45";"9";"27";
"45";"10";"30";
"45";"32";"87";
"45";"46";"99";
"45";"48";"75";
"45";"57";"2408";
"45";"66";"2417";
"45";"69";"2420";
"45";"78";"2432";
"45";"80";"2444";
"45";"81";"2429";
"45";"83";"2464";
"45";"86";"2468";
"45";"87";"2467";
"45";"90";"2470";
"45";"98";"2479";
"45";"99";"57031";
"45";"100";"57032";
"46";"66";"2417";
"46";"67";"2418";
"46";"69";"2420";
"46";"73";"2428";
"46";"76";"2424";
"46";"78";"2432";
"46";"80";"2436";
"46";"81";"2429";
"46";"83";"2464";
"46";"86";"2468";
"46";"87";"2467";
"46";"90";"2470";
"46";"91";"2473";
"46";"95";"2476";
"46";"99";"58946";
"46";"100";"58947";
"48";"1";"123";
"48";"9";"18669";
"48";"10";"30";
"48";"11";"32";
"48";"13";"40";
"48";"16";"46";
"48";"21";"56";
"48";"32";"87";
"48";"39";"79";
"48";"47";"77";
"48";"48";"76";
"48";"49";"139";
"48";"54";"176";
"48";"66";"2417";
"48";"73";"2428";
"48";"75";"2425";
"48";"80";"2446";
"48";"83";"2464";
"48";"86";"2468";
"48";"88";"2469";
"48";"99";"65591";
"48";"100";"65592";
"48";"101";"18518";
"48";"102";"18615";
"48";"103";"18524";
"49";"66";"2417";
"49";"73";"2428";
"49";"75";"2425";
"49";"83";"2464";
"49";"86";"2468";
"49";"88";"2469";
"49";"99";"58940";
"49";"100";"58941";
"50";"1";"137";
"50";"8";"25";
"50";"9";"27";
"50";"11";"32";
"50";"13";"40";
"50";"14";"42";
"50";"16";"46";
"50";"21";"56";
"50";"32";"87";
"50";"39";"79";
"50";"48";"76";
"50";"49";"139";
"50";"54";"176";
"50";"66";"2417";
"50";"73";"2428";
"50";"75";"2425";
"50";"83";"2464";
"50";"86";"2468";
"50";"88";"2469";
"50";"99";"44698";
"50";"100";"44699";
"52";"1";"116";
"52";"9";"27";
"52";"10";"30";
"52";"13";"40";
"52";"14";"42";
"52";"16";"46";
"52";"17";"48";
"52";"21";"56";
"52";"36";"92";
"52";"39";"79";
"52";"47";"77";
"52";"48";"75";
"52";"49";"117";
"52";"66";"2417";
"52";"67";"2418";
"52";"69";"2420";
"52";"75";"2425";
"52";"76";"2424";
"52";"80";"2441";
"52";"81";"2429";
"52";"84";"2463";
"52";"85";"2466";
"52";"88";"2469";
"52";"89";"2471";
"52";"95";"2476";
"52";"99";"55676";
"52";"100";"55677";
"53";"1";"116";
"53";"9";"27";
"53";"10";"30";
"53";"13";"40";
"53";"14";"42";
"53";"16";"46";
"53";"17";"48";
"53";"36";"92";
"53";"47";"77";
"53";"48";"75";
"53";"49";"117";
"53";"66";"2417";
"53";"67";"2418";
"53";"69";"2420";
"53";"75";"2425";
"53";"76";"2424";
"53";"80";"2441";
"53";"81";"2429";
"53";"84";"2463";
"53";"85";"2466";
"53";"88";"2469";
"53";"89";"2471";
"53";"95";"2476";
"53";"99";"6124";
"53";"100";"6125";
"54";"1";"116";
"54";"9";"27";
"54";"10";"30";
"54";"13";"40";
"54";"14";"42";
"54";"16";"46";
"54";"17";"48";
"54";"21";"56";
"54";"36";"92";
"54";"39";"79";
"54";"47";"77";
"54";"48";"75";
"54";"49";"117";
"54";"66";"2417";
"54";"67";"2418";
"54";"69";"2420";
"54";"75";"2425";
"54";"76";"2424";
"54";"80";"2441";
"54";"81";"2429";
"54";"84";"2463";
"54";"85";"2466";
"54";"88";"2469";
"54";"89";"2471";
"54";"95";"2476";
"54";"99";"51340";
"54";"100";"51341";
"56";"1";"138";
"56";"8";"25";
"56";"9";"27";
"56";"10";"30";
"56";"21";"56";
"56";"39";"79";
"56";"46";"99";
"56";"47";"77";
"56";"48";"75";
"56";"49";"143";
"56";"60";"2411";
"56";"62";"2413";
"56";"77";"2430";
"56";"80";"2433";
"56";"81";"2429";
"56";"85";"2466";
"56";"90";"2470";
"56";"95";"2476";
"56";"98";"2479";
"56";"99";"65607";
"56";"100";"65608";
"57";"1";"123";
"57";"8";"25";
"57";"9";"27";
"57";"10";"30";
"57";"13";"40";
"57";"16";"46";
"57";"21";"56";
"57";"39";"79";
"57";"41";"94";
"57";"47";"77";
"57";"48";"75";
"57";"49";"124";
"57";"66";"2417";
"57";"75";"2425";
"57";"83";"2464";
"57";"86";"2468";
"57";"87";"2467";
"57";"90";"2470";
"57";"91";"2473";
"57";"99";"57025";
"57";"100";"57026";
"58";"1";"125";
"58";"8";"25";
"58";"9";"27";
"58";"10";"30";
"58";"11";"33";
"58";"13";"40";
"58";"14";"42";
"58";"16";"46";
"58";"17";"48";
"58";"18";"50";
"58";"19";"52";
"58";"32";"87";
"58";"34";"90";
"58";"39";"79";
"58";"47";"77";
"58";"48";"76";
"58";"49";"117";
"58";"60";"2411";
"58";"85";"2466";
"58";"95";"2476";
"58";"96";"2478";
"58";"99";"60865";
"58";"100";"60866";
"59";"1";"125";
"59";"8";"25";
"59";"9";"27";
"59";"10";"30";
"59";"13";"40";
"59";"18";"50";
"59";"19";"52";
"59";"32";"87";
"59";"34";"90";
"59";"39";"79";
"59";"45";"98";
"59";"46";"99";
"59";"47";"77";
"59";"48";"75";
"59";"49";"124";
"59";"54";"176";
"59";"60";"2411";
"59";"85";"2466";
"59";"99";"33970";
"60";"1";"127";
"60";"9";"27";
"60";"10";"30";
"60";"13";"40";
"60";"16";"46";
"60";"21";"56";
"60";"39";"79";
"60";"47";"77";
"60";"48";"75";
"60";"49";"128";
"60";"66";"2417";
"60";"69";"2420";
"60";"73";"2428";
"60";"75";"2425";
"60";"77";"2430";
"60";"80";"2437";
"60";"81";"2429";
"60";"82";"2465";
"60";"85";"2466";
"60";"89";"2471";
"60";"95";"2476";
"60";"99";"21963";
"60";"100";"21964";
"61";"1";"130";
"61";"9";"27";
"61";"10";"30";
"61";"17";"48";
"61";"47";"77";
"61";"48";"75";
"61";"66";"2417";
"61";"67";"2418";
"61";"69";"2420";
"61";"73";"2428";
"61";"75";"2425";
"61";"76";"2424";
"61";"77";"2430";
"61";"80";"2443";
"61";"81";"2429";
"61";"82";"2465";
"61";"84";"2463";
"61";"85";"2466";
"61";"86";"2468";
"61";"95";"2476";
"61";"98";"2479";
"61";"99";"25451";
"61";"100";"25452";
"62";"1";"116";
"62";"8";"25";
"62";"9";"27";
"62";"13";"40";
"62";"14";"42";
"62";"17";"48";
"62";"21";"56";
"62";"46";"99";
"62";"47";"77";
"62";"48";"75";
"62";"49";"13125";
"62";"54";"176";
"62";"59";"2410";
"62";"66";"2417";
"62";"67";"2418";
"62";"69";"2420";
"62";"73";"2428";
"62";"75";"2425";
"62";"76";"2424";
"62";"77";"2430";
"62";"80";"2446";
"62";"81";"2429";
"62";"82";"2465";
"62";"85";"2466";
"62";"86";"2468";
"62";"95";"2476";
"62";"98";"2479";
"62";"99";"45512";
"62";"100";"45513";
"62";"101";"18518";
"62";"102";"18532";
"62";"103";"18527";
"63";"1";"187";
"63";"8";"25";
"63";"9";"27";
"63";"10";"30";
"63";"11";"32";
"63";"13";"40";
"63";"14";"42";
"63";"19";"52";
"63";"21";"56";
"63";"23";"60";
"63";"32";"87";
"63";"36";"92";
"63";"39";"79";
"63";"47";"77";
"63";"48";"74";
"63";"49";"6206";
"63";"54";"176";
"63";"59";"2410";
"63";"66";"2417";
"63";"67";"2418";
"63";"69";"2420";
"63";"73";"2428";
"63";"75";"2425";
"63";"76";"2424";
"63";"77";"2430";
"63";"80";"2450";
"63";"81";"2429";
"63";"82";"2465";
"63";"85";"2466";
"63";"86";"2468";
"63";"95";"2476";
"63";"98";"2479";
"63";"99";"38204";
"63";"100";"38205";
"64";"1";"15";
"64";"8";"25";
"64";"9";"27";
"64";"10";"30";
"64";"13";"40";
"64";"14";"42";
"64";"17";"48";
"64";"21";"56";
"64";"23";"60";
"64";"32";"87";
"64";"39";"79";
"64";"48";"75";
"64";"54";"176";
"64";"59";"2410";
"64";"66";"2417";
"64";"67";"2418";
"64";"69";"2420";
"64";"73";"2428";
"64";"75";"2425";
"64";"76";"2424";
"64";"77";"2430";
"64";"80";"2443";
"64";"81";"2429";
"64";"82";"2465";
"64";"84";"2463";
"64";"85";"2466";
"64";"86";"2468";
"64";"95";"2476";
"64";"98";"2479";
"64";"99";"45991";
"64";"100";"45992";
"65";"1";"127";
"65";"8";"25";
"65";"9";"27";
"65";"10";"30";
"65";"13";"40";
"65";"14";"42";
"65";"17";"48";
"65";"19";"52";
"65";"21";"56";
"65";"23";"60";
"65";"32";"87";
"65";"36";"92";
"65";"39";"79";
"65";"47";"77";
"65";"48";"75";
"65";"49";"133";
"65";"66";"2417";
"65";"67";"2418";
"65";"69";"2420";
"65";"73";"2428";
"65";"75";"2425";
"65";"76";"2424";
"65";"77";"2430";
"65";"80";"2450";
"65";"81";"2429";
"65";"82";"2465";
"65";"85";"2466";
"65";"95";"2476";
"65";"98";"2479";
"65";"99";"35889";
"65";"100";"35890";
"66";"1";"134";
"66";"8";"25";
"66";"9";"27";
"66";"10";"30";
"66";"13";"40";
"66";"14";"42";
"66";"16";"46";
"66";"17";"48";
"66";"23";"60";
"66";"32";"87";
"66";"39";"79";
"66";"47";"77";
"66";"48";"75";
"66";"66";"2417";
"66";"69";"2420";
"66";"73";"2428";
"66";"75";"2425";
"66";"77";"2430";
"66";"80";"2450";
"66";"81";"2429";
"66";"82";"2465";
"66";"85";"2466";
"66";"95";"2476";
"66";"98";"2479";
"66";"99";"60013";
"66";"100";"60014";
"67";"1";"134";
"67";"9";"27";
"67";"10";"30";
"67";"47";"77";
"67";"48";"76";
"67";"49";"117";
"67";"99";"65819";
"67";"100";"65820";
"69";"1";"134";
"69";"8";"25";
"69";"9";"27";
"69";"10";"30";
"69";"13";"40";
"69";"14";"42";
"69";"16";"46";
"69";"17";"48";
"69";"32";"87";
"69";"34";"90";
"69";"39";"79";
"69";"47";"77";
"69";"48";"76";
"69";"54";"177";
"69";"66";"2417";
"69";"75";"2425";
"69";"80";"2450";
"69";"81";"2429";
"69";"85";"2466";
"69";"86";"2468";
"69";"90";"2470";
"69";"95";"2476";
"69";"99";"65921";
"69";"100";"65922";
"70";"1";"134";
"70";"8";"26";
"70";"9";"27";
"70";"10";"30";
"70";"13";"40";
"70";"14";"42";
"70";"17";"48";
"70";"18";"50";
"70";"32";"87";
"70";"46";"99";
"70";"47";"77";
"70";"48";"74";
"70";"66";"2417";
"70";"75";"2425";
"70";"80";"2450";
"70";"81";"2429";
"70";"85";"2466";
"70";"86";"2468";
"70";"90";"2470";
"70";"99";"59411";
"70";"100";"59412";
"72";"1";"134";
"72";"9";"27";
"72";"10";"30";
"72";"13";"40";
"72";"14";"42";
"72";"32";"87";
"72";"47";"77";
"72";"49";"124";
"72";"54";"176";
"72";"66";"2417";
"72";"75";"2425";
"72";"80";"2436";
"72";"81";"2429";
"72";"85";"2466";
"72";"86";"2468";
"72";"90";"2470";
"72";"99";"57043";
"72";"100";"57044";
"73";"1";"4279";
"73";"9";"27";
"73";"10";"30";
"73";"11";"32";
"73";"13";"40";
"73";"18";"50";
"73";"23";"60";
"73";"39";"79";
"73";"48";"76";
"73";"54";"176";
"73";"59";"2410";
"73";"60";"2411";
"73";"66";"2417";
"73";"74";"2427";
"73";"75";"2425";
"73";"80";"2436";
"73";"81";"2429";
"73";"85";"2466";
"73";"88";"2469";
"73";"99";"38417";
"73";"100";"38418";
"74";"1";"138";
"74";"8";"26";
"74";"9";"27";
"74";"10";"30";
"74";"48";"75";
"74";"49";"124";
"74";"60";"2411";
"74";"99";"25001";
"74";"100";"25002";
"75";"9";"27";
"75";"19";"52";
"75";"32";"87";
"75";"66";"2417";
"75";"68";"2419";
"75";"86";"2468";
"75";"91";"2473";
"75";"95";"2476";
"75";"98";"2479";
"75";"99";"53958";
"75";"100";"53959";
"76";"1";"127";
"76";"8";"26";
"76";"9";"28";
"76";"10";"30";
"76";"13";"40";
"76";"14";"42";
"76";"19";"52";
"76";"21";"56";
"76";"23";"60";
"76";"32";"87";
"76";"39";"79";
"76";"47";"77";
"76";"48";"75";
"76";"49";"117";
"76";"66";"2417";
"76";"68";"2419";
"76";"69";"2420";
"76";"86";"2468";
"76";"91";"2473";
"76";"95";"2476";
"76";"96";"2478";
"76";"98";"2479";
"76";"99";"67205";
"76";"100";"67206";
"77";"1";"145";
"77";"8";"26";
"77";"9";"28";
"77";"10";"30";
"77";"13";"40";
"77";"14";"42";
"77";"19";"52";
"77";"21";"56";
"77";"23";"60";
"77";"32";"87";
"77";"39";"79";
"77";"48";"75";
"77";"49";"133";
"77";"66";"2417";
"77";"68";"2419";
"77";"69";"2420";
"77";"86";"2468";
"77";"91";"2473";
"77";"95";"2476";
"77";"96";"2478";
"77";"98";"2479";
"77";"99";"64869";
"77";"100";"64870";
"78";"1";"125";
"78";"9";"27";
"78";"10";"30";
"78";"13";"40";
"78";"14";"42";
"78";"17";"48";
"78";"19";"52";
"78";"32";"87";
"78";"39";"79";
"78";"48";"75";
"78";"54";"177";
"78";"59";"2410";
"78";"66";"2417";
"78";"69";"2420";
"78";"85";"2466";
"78";"86";"2468";
"78";"91";"2473";
"78";"96";"2478";
"78";"98";"2479";
"78";"99";"64927";
"78";"100";"64928";
"80";"1";"141";
"80";"8";"26";
"80";"9";"27";
"80";"10";"30";
"80";"47";"77";
"80";"48";"76";
"80";"57";"2408";
"80";"66";"2417";
"80";"80";"2444";
"80";"81";"2429";
"80";"85";"2466";
"80";"99";"67507";
"80";"100";"67508";
"81";"1";"135";
"81";"9";"27";
"81";"10";"30";
"81";"32";"87";
"81";"46";"99";
"81";"47";"77";
"81";"48";"76";
"81";"49";"143";
"81";"57";"2408";
"81";"69";"2420";
"81";"83";"2464";
"81";"84";"2463";
"81";"86";"2468";
"81";"87";"2467";
"81";"91";"2473";
"81";"95";"2476";
"81";"96";"2478";
"81";"99";"55822";
"81";"100";"55823";
"83";"1";"142";
"83";"8";"26";
"83";"9";"27";
"83";"10";"31";
"83";"32";"87";
"83";"36";"92";
"83";"45";"98";
"83";"48";"76";
"83";"54";"178";
"83";"57";"2408";
"83";"66";"2417";
"83";"69";"2420";
"83";"74";"2427";
"83";"75";"2425";
"83";"83";"2464";
"83";"84";"2463";
"83";"86";"2468";
"83";"87";"2467";
"83";"91";"2473";
"83";"95";"2476";
"83";"96";"2478";
"83";"99";"67135";
"83";"100";"67136";
"85";"1";"4279";
"85";"10";"30";
"85";"32";"87";
"85";"48";"75";
"85";"54";"178";
"85";"57";"2408";
"85";"66";"2417";
"85";"78";"2432";
"85";"80";"2436";
"85";"81";"2429";
"85";"83";"2464";
"85";"86";"2468";
"85";"87";"2467";
"85";"90";"2470";
"85";"99";"55436";
"85";"100";"55437";
"86";"1";"141";
"86";"9";"27";
"86";"10";"30";
"86";"14";"42";
"86";"16";"46";
"86";"32";"87";
"86";"36";"92";
"86";"46";"99";
"86";"47";"77";
"86";"48";"75";
"86";"57";"2408";
"86";"66";"2417";
"86";"69";"2420";
"86";"86";"2468";
"86";"92";"2472";
"86";"95";"2476";
"86";"96";"2478";
"86";"98";"2479";
"86";"99";"67503";
"86";"100";"67504";
"87";"1";"138";
"87";"8";"26";
"87";"9";"27";
"87";"10";"30";
"87";"11";"33";
"87";"13";"40";
"87";"14";"42";
"87";"16";"46";
"87";"17";"48";
"87";"18";"50";
"87";"32";"88";
"87";"36";"92";
"87";"47";"77";
"87";"48";"75";
"87";"49";"124";
"87";"58";"2409";
"87";"60";"2411";
"87";"68";"2419";
"87";"72";"2422";
"87";"75";"2425";
"87";"85";"2466";
"87";"91";"2473";
"87";"93";"2475";
"87";"99";"59857";
"87";"100";"59858";
"88";"1";"138";
"88";"8";"26";
"88";"9";"27";
"88";"10";"30";
"88";"11";"33";
"88";"13";"40";
"88";"14";"42";
"88";"16";"46";
"88";"17";"48";
"88";"32";"88";
"88";"36";"92";
"88";"47";"77";
"88";"48";"76";
"88";"49";"124";
"88";"54";"178";
"88";"58";"2409";
"88";"60";"2411";
"88";"72";"2422";
"88";"75";"2425";
"88";"85";"2466";
"88";"91";"2473";
"88";"99";"59951";
"88";"100";"59952";
"88";"101";"18518";
"88";"102";"18522";
"89";"1";"184";
"89";"8";"25";
"89";"9";"27";
"89";"10";"30";
"89";"11";"33";
"89";"13";"40";
"89";"14";"42";
"89";"18";"50";
"89";"32";"88";
"89";"39";"79";
"89";"47";"77";
"89";"48";"74";
"89";"49";"139";
"89";"54";"177";
"89";"58";"2409";
"89";"60";"2411";
"89";"75";"2425";
"89";"85";"2466";
"89";"91";"2473";
"89";"99";"60491";
"89";"100";"60492";
"90";"1";"135";
"90";"8";"25";
"90";"9";"27";
"90";"10";"30";
"90";"13";"40";
"90";"14";"42";
"90";"16";"46";
"90";"18";"50";
"90";"19";"52";
"90";"32";"88";
"90";"36";"92";
"90";"39";"79";
"90";"47";"77";
"90";"48";"74";
"90";"49";"124";
"90";"54";"177";
"90";"58";"2409";
"90";"60";"2411";
"90";"72";"2422";
"90";"85";"2466";
"90";"91";"2473";
"90";"99";"20965";
"90";"100";"20966";
"93";"1";"141";
"93";"8";"25";
"93";"9";"27";
"93";"10";"31";
"93";"13";"40";
"93";"14";"42";
"93";"16";"46";
"93";"18";"50";
"93";"32";"88";
"93";"36";"92";
"93";"46";"99";
"93";"47";"77";
"93";"48";"75";
"93";"49";"143";
"93";"54";"177";
"93";"58";"2409";
"93";"60";"2411";
"93";"71";"2423";
"93";"85";"2466";
"93";"87";"2467";
"93";"91";"2473";
"93";"98";"2479";
"93";"99";"65777";
"93";"100";"65778";
"93";"101";"18518";
"93";"122";"19584";
"95";"1";"135";
"95";"8";"25";
"95";"9";"18669";
"95";"10";"30";
"95";"13";"40";
"95";"17";"48";
"95";"18";"50";
"95";"19";"52";
"95";"32";"88";
"95";"36";"92";
"95";"39";"79";
"95";"48";"75";
"95";"49";"124";
"95";"54";"178";
"95";"58";"2409";
"95";"60";"2411";
"95";"72";"2422";
"95";"85";"2466";
"95";"86";"2468";
"95";"91";"2473";
"95";"98";"2479";
"95";"99";"64991";
"95";"100";"64992";
"95";"101";"18518";
"95";"102";"18615";
"95";"103";"18524";
"96";"1";"137";
"96";"8";"25";
"96";"9";"29";
"96";"10";"30";
"96";"13";"40";
"96";"14";"42";
"96";"16";"46";
"96";"18";"50";
"96";"32";"88";
"96";"36";"92";
"96";"39";"79";
"96";"47";"77";
"96";"48";"75";
"96";"54";"178";
"96";"58";"2409";
"96";"72";"2422";
"96";"75";"2425";
"96";"85";"2466";
"96";"86";"2468";
"96";"91";"2473";
"96";"98";"2479";
"96";"99";"21420";
"96";"100";"21421";
"97";"1";"123";
"97";"8";"25";
"97";"9";"18669";
"97";"10";"30";
"97";"13";"40";
"97";"16";"46";
"97";"18";"50";
"97";"32";"88";
"97";"36";"92";
"97";"48";"75";
"97";"49";"124";
"97";"54";"176";
"97";"58";"2409";
"97";"66";"2417";
"97";"68";"2419";
"97";"83";"2464";
"97";"85";"2466";
"97";"86";"2468";
"97";"88";"2469";
"97";"89";"2471";
"97";"91";"2473";
"97";"95";"2476";
"97";"98";"2479";
"97";"99";"65639";
"97";"100";"65640";
"97";"101";"18518";
"97";"102";"18521";
"97";"103";"18527";
"98";"1";"135";
"98";"8";"25";
"98";"9";"27";
"98";"10";"30";
"98";"13";"40";
"98";"16";"46";
"98";"32";"88";
"98";"48";"74";
"98";"49";"124";
"98";"54";"176";
"98";"58";"2409";
"98";"66";"2417";
"98";"71";"2423";
"98";"75";"2425";
"98";"83";"2464";
"98";"85";"2466";
"98";"86";"2468";
"98";"88";"2469";
"98";"89";"2471";
"98";"91";"2473";
"98";"98";"2479";
"98";"99";"60533";
"98";"100";"60534";
"99";"1";"4279";
"99";"8";"25";
"99";"9";"18669";
"99";"10";"30";
"99";"21";"56";
"99";"32";"87";
"99";"39";"79";
"99";"47";"77";
"99";"48";"74";
"99";"49";"146";
"99";"54";"178";
"99";"58";"2409";
"99";"60";"2411";
"99";"66";"2417";
"99";"67";"2418";
"99";"75";"2425";
"99";"83";"2464";
"99";"85";"2466";
"99";"88";"2469";
"99";"89";"2471";
"99";"91";"2473";
"99";"99";"57479";
"99";"100";"57480";
"99";"101";"18518";
"99";"102";"18521";
"99";"103";"18524";
"100";"1";"144";
"100";"9";"27";
"100";"10";"30";
"100";"16";"46";
"100";"23";"60";
"100";"32";"88";
"100";"49";"124";
"100";"58";"2409";
"100";"66";"2417";
"100";"68";"2419";
"100";"69";"2420";
"100";"83";"2464";
"100";"85";"2466";
"100";"88";"2469";
"100";"89";"2471";
"100";"91";"2473";
"100";"99";"66027";
"100";"100";"66028";
"101";"1";"130";
"101";"8";"25";
"101";"9";"27";
"101";"10";"30";
"101";"13";"40";
"101";"14";"42";
"101";"18";"50";
"101";"19";"52";
"101";"32";"88";
"101";"36";"92";
"101";"39";"79";
"101";"45";"98";
"101";"47";"77";
"101";"48";"74";
"101";"49";"124";
"101";"58";"2409";
"101";"66";"2417";
"101";"68";"2419";
"101";"69";"2420";
"101";"83";"2464";
"101";"85";"2466";
"101";"86";"2468";
"101";"88";"2469";
"101";"89";"2471";
"101";"91";"2473";
"101";"95";"2476";
"101";"98";"2479";
"101";"99";"50264";
"101";"100";"50265";
"102";"1";"168";
"102";"9";"18669";
"102";"10";"30";
"102";"13";"40";
"102";"16";"46";
"102";"48";"74";
"102";"49";"117";
"102";"54";"178";
"102";"58";"2409";
"102";"66";"2417";
"102";"67";"2418";
"102";"69";"2420";
"102";"83";"2464";
"102";"85";"2466";
"102";"88";"2469";
"102";"89";"2471";
"102";"91";"2473";
"102";"95";"2476";
"102";"98";"2479";
"102";"99";"67191";
"102";"100";"67192";
"102";"101";"18517";
"102";"102";"18615";
"102";"103";"18524";
"103";"1";"138";
"103";"8";"25";
"103";"9";"27";
"103";"10";"30";
"103";"13";"40";
"103";"14";"42";
"103";"16";"46";
"103";"17";"48";
"103";"32";"88";
"103";"36";"92";
"103";"39";"79";
"103";"45";"98";
"103";"47";"77";
"103";"48";"75";
"103";"49";"115";
"103";"58";"2409";
"103";"60";"2411";
"103";"66";"2417";
"103";"68";"2419";
"103";"72";"2422";
"103";"74";"2427";
"103";"75";"2425";
"103";"83";"2464";
"103";"85";"2466";
"103";"88";"2469";
"103";"89";"2471";
"103";"91";"2473";
"103";"99";"36776";
"103";"100";"36777";
"104";"1";"4279";
"104";"8";"25";
"104";"9";"27";
"104";"10";"30";
"104";"11";"32";
"104";"13";"40";
"104";"14";"42";
"104";"17";"48";
"104";"18";"50";
"104";"32";"88";
"104";"36";"92";
"104";"39";"79";
"104";"45";"98";
"104";"47";"77";
"104";"48";"75";
"104";"49";"18509";
"104";"54";"177";
"104";"58";"2409";
"104";"60";"2411";
"104";"66";"2417";
"104";"68";"2419";
"104";"72";"2422";
"104";"74";"2427";
"104";"75";"2425";
"104";"83";"2464";
"104";"85";"2466";
"104";"86";"2468";
"104";"88";"2469";
"104";"89";"2471";
"104";"91";"2473";
"104";"99";"65713";
"104";"100";"65714";
"104";"101";"18518";
"104";"122";"19584";
"105";"1";"187";
"105";"8";"25";
"105";"9";"28";
"105";"10";"30";
"105";"13";"40";
"105";"14";"42";
"105";"17";"48";
"105";"19";"52";
"105";"32";"88";
"105";"36";"92";
"105";"45";"98";
"105";"47";"77";
"105";"48";"74";
"105";"58";"2409";
"105";"66";"2417";
"105";"68";"2419";
"105";"83";"2464";
"105";"85";"2466";
"105";"88";"2469";
"105";"89";"2471";
"105";"91";"2473";
"105";"95";"2476";
"105";"99";"63570";
"105";"100";"63571";
"106";"1";"132";
"106";"8";"25";
"106";"9";"27";
"106";"10";"30";
"106";"11";"32";
"106";"13";"40";
"106";"16";"46";
"106";"17";"48";
"106";"32";"88";
"106";"39";"79";
"106";"47";"77";
"106";"48";"75";
"106";"49";"139";
"106";"54";"177";
"106";"58";"2409";
"106";"59";"2410";
"106";"66";"2417";
"106";"68";"2419";
"106";"83";"2464";
"106";"85";"2466";
"106";"88";"2469";
"106";"89";"2471";
"106";"91";"2473";
"106";"99";"67543";
"106";"100";"67544";
"106";"101";"22390";
"107";"1";"18533";
"107";"48";"75";
"107";"54";"176";
"107";"58";"2409";
"107";"60";"2411";
"107";"68";"2419";
"107";"76";"2424";
"107";"85";"2466";
"107";"86";"2468";
"107";"91";"2473";
"107";"96";"2478";
"107";"99";"35108";
"107";"100";"35109";
"108";"1";"185";
"108";"8";"25";
"108";"9";"27";
"108";"10";"30";
"108";"13";"40";
"108";"16";"46";
"108";"18";"50";
"108";"21";"56";
"108";"39";"79";
"108";"47";"77";
"108";"48";"75";
"108";"49";"115";
"108";"54";"177";
"108";"58";"2409";
"108";"60";"2411";
"108";"66";"2417";
"108";"73";"2428";
"108";"74";"2427";
"108";"75";"2425";
"108";"85";"2466";
"108";"86";"2468";
"108";"91";"2473";
"108";"96";"2478";
"108";"99";"58041";
"108";"100";"58042";
"109";"1";"134";
"109";"8";"25";
"109";"9";"28";
"109";"10";"30";
"109";"13";"40";
"109";"17";"48";
"109";"18";"50";
"109";"19";"52";
"109";"32";"88";
"109";"36";"92";
"109";"39";"79";
"109";"47";"77";
"109";"48";"75";
"109";"49";"117";
"109";"54";"177";
"109";"58";"2409";
"109";"73";"2428";
"109";"75";"2425";
"109";"85";"2466";
"109";"86";"2468";
"109";"91";"2473";
"109";"95";"2476";
"109";"96";"2478";
"109";"99";"59841";
"109";"100";"59842";
"109";"101";"18518";
"110";"1";"125";
"110";"8";"25";
"110";"9";"27";
"110";"10";"30";
"110";"13";"40";
"110";"14";"42";
"110";"16";"46";
"110";"18";"50";
"110";"21";"56";
"110";"32";"88";
"110";"36";"92";
"110";"39";"79";
"110";"45";"98";
"110";"47";"77";
"110";"48";"74";
"110";"49";"117";
"110";"54";"177";
"110";"58";"2409";
"110";"60";"2411";
"110";"68";"2419";
"110";"73";"2428";
"110";"75";"2425";
"110";"76";"2424";
"110";"82";"2465";
"110";"85";"2466";
"110";"86";"2468";
"110";"91";"2473";
"110";"95";"2476";
"110";"99";"61077";
"110";"100";"61078";
"111";"1";"184";
"111";"8";"25";
"111";"9";"18669";
"111";"10";"30";
"111";"13";"40";
"111";"16";"46";
"111";"17";"48";
"111";"18";"50";
"111";"19";"52";
"111";"32";"88";
"111";"48";"75";
"111";"49";"117";
"111";"54";"177";
"111";"85";"2466";
"111";"91";"2473";
"111";"101";"18518";
"111";"102";"18522";
"111";"103";"22186";
"112";"1";"121";
"112";"8";"25";
"112";"9";"28";
"112";"10";"30";
"112";"13";"40";
"112";"16";"46";
"112";"17";"48";
"112";"18";"50";
"112";"32";"88";
"112";"36";"92";
"112";"45";"98";
"112";"46";"99";
"112";"47";"77";
"112";"48";"76";
"112";"58";"2409";
"112";"60";"2411";
"112";"74";"2427";
"112";"75";"2425";
"112";"85";"2466";
"112";"86";"2468";
"112";"91";"2473";
"112";"96";"2478";
"112";"99";"59883";
"112";"100";"59884";
"113";"1";"142";
"113";"8";"25";
"113";"9";"18614";
"113";"10";"30";
"113";"11";"33";
"113";"13";"40";
"113";"16";"46";
"113";"17";"48";
"113";"18";"50";
"113";"19";"52";
"113";"32";"88";
"113";"36";"92";
"113";"39";"79";
"113";"47";"77";
"113";"48";"76";
"113";"49";"6081";
"113";"54";"177";
"113";"58";"2409";
"113";"59";"2410";
"113";"60";"2411";
"113";"66";"2417";
"113";"72";"2422";
"113";"73";"2428";
"113";"75";"2425";
"113";"85";"2466";
"113";"86";"2468";
"113";"89";"2471";
"113";"91";"2473";
"113";"96";"2478";
"113";"99";"57655";
"113";"100";"57656";
"113";"101";"18518";
"113";"102";"18615";
"113";"103";"22186";
"114";"1";"123";
"114";"8";"25";
"114";"9";"27";
"114";"10";"30";
"114";"11";"32";
"114";"32";"88";
"114";"36";"92";
"114";"48";"74";
"114";"49";"124";
"114";"54";"177";
"114";"58";"2409";
"114";"85";"2466";
"114";"91";"2473";
"114";"96";"2478";
"114";"99";"20274";
"114";"100";"20275";
"115";"1";"132";
"115";"8";"25";
"115";"9";"27";
"115";"10";"30";
"115";"19";"52";
"115";"36";"92";
"115";"39";"79";
"115";"45";"98";
"115";"49";"133";
"115";"54";"176";
"115";"58";"2409";
"115";"60";"2411";
"115";"67";"2418";
"115";"76";"2424";
"115";"85";"2466";
"115";"86";"2468";
"115";"91";"2473";
"115";"95";"2476";
"115";"96";"2478";
"115";"99";"60701";
"115";"100";"60702";
"116";"1";"134";
"116";"9";"18669";
"116";"10";"30";
"116";"13";"40";
"116";"14";"42";
"116";"16";"46";
"116";"17";"48";
"116";"18";"50";
"116";"19";"52";
"116";"47";"77";
"116";"48";"74";
"116";"49";"117";
"116";"54";"177";
"116";"58";"2409";
"116";"85";"2466";
"116";"91";"2473";
"116";"99";"60847";
"116";"100";"60848";
"116";"101";"18518";
"125";"99";"4562";
"125";"100";"21539";
"137";"100";"22400";
"335";"8";"25";
"335";"9";"27";
"335";"10";"30";
"335";"13";"40";
"335";"14";"42";
"335";"16";"46";
"335";"17";"48";
"335";"18";"50";
"335";"21";"56";
"335";"32";"87";
"335";"36";"92";
"335";"39";"79";
"335";"41";"94";
"335";"47";"77";
"335";"48";"75";
"335";"66";"2417";
"335";"73";"2428";
"335";"75";"2425";
"335";"76";"2424";
"335";"82";"2465";
"335";"83";"2464";
"335";"88";"2469";
"335";"89";"2471";
"335";"90";"2470";
"335";"99";"50122";
"335";"100";"50123";
"336";"1";"125";
"336";"8";"25";
"336";"9";"29";
"336";"10";"30";
"336";"13";"40";
"336";"16";"46";
"336";"17";"48";
"336";"21";"56";
"336";"39";"79";
"336";"41";"94";
"336";"47";"77";
"336";"48";"75";
"336";"49";"117";
"336";"54";"178";
"336";"66";"2417";
"336";"75";"2425";
"336";"80";"2448";
"336";"82";"2465";
"336";"83";"2464";
"336";"88";"2469";
"336";"90";"2470";
"336";"98";"2479";
"336";"99";"54915";
"336";"100";"54916";
"336";"101";"18518";
"336";"102";"18532";
"336";"103";"18527";
"339";"8";"26";
"339";"9";"28";
"339";"10";"30";
"339";"32";"87";
"339";"47";"77";
"339";"48";"76";
"339";"57";"2408";
"339";"66";"2417";
"339";"69";"2420";
"339";"82";"2465";
"339";"83";"2464";
"339";"86";"2468";
"339";"87";"2467";
"339";"88";"2469";
"339";"95";"2476";
"339";"99";"66697";
"339";"100";"66698";
"340";"1";"136";
"340";"8";"26";
"340";"10";"31";
"340";"11";"33";
"340";"13";"40";
"340";"17";"48";
"340";"18";"50";
"340";"32";"87";
"340";"39";"80";
"340";"46";"99";
"340";"48";"75";
"340";"54";"178";
"340";"91";"2473";
"340";"95";"2476";
"340";"99";"67173";
"340";"100";"67174";
"340";"101";"18518";
"340";"102";"18522";
"341";"1";"18533";
"341";"49";"117";
"341";"75";"2425";
"341";"77";"2430";
"341";"78";"2432";
"341";"80";"2433";
"341";"81";"2429";
"341";"85";"2466";
"341";"86";"2468";
"341";"87";"2467";
"341";"90";"2470";
"341";"91";"2473";
"341";"95";"2476";
"341";"98";"2479";
"341";"99";"59437";
"341";"100";"59438";
"351";"99";"28102";
"351";"100";"42745";
"353";"99";"28104";
"353";"100";"42747";
"365";"99";"28103";
"365";"100";"42746";
"366";"99";"42453";
"366";"100";"42454";
"367";"99";"25115";
"367";"100";"25116";
"386";"99";"4750";
"386";"100";"21541";
"387";"99";"4751";
"387";"100";"21540";
"389";"99";"4753";
"390";"99";"4754";
"391";"99";"4755";
"392";"99";"4756";
"393";"99";"4757";
"394";"99";"4758";
"395";"99";"4759";
"396";"99";"4760";
"397";"99";"4761";
"398";"99";"4762";
"399";"99";"4763";
"400";"99";"4764";
"401";"99";"4765";
"439";"100";"21652";
"441";"99";"4804";
"441";"100";"21555";
"442";"1";"145";
"442";"8";"25";
"442";"9";"28";
"442";"10";"30";
"442";"39";"79";
"442";"56";"2407";
"442";"99";"30113";
"442";"100";"30114";
"443";"8";"25";
"443";"9";"27";
"443";"10";"30";
"443";"13";"40";
"443";"14";"42";
"443";"16";"46";
"443";"17";"48";
"443";"21";"56";
"443";"32";"87";
"443";"39";"79";
"443";"41";"94";
"443";"47";"77";
"443";"48";"75";
"443";"66";"2417";
"443";"73";"2428";
"443";"75";"2425";
"443";"76";"2424";
"443";"82";"2465";
"443";"83";"2464";
"443";"85";"2466";
"443";"88";"2469";
"443";"89";"2471";
"443";"90";"2470";
"443";"99";"55414";
"443";"100";"55415";
"446";"8";"25";
"446";"9";"27";
"446";"10";"30";
"446";"17";"48";
"446";"19";"52";
"446";"21";"56";
"446";"23";"60";
"446";"36";"92";
"446";"39";"79";
"446";"47";"77";
"446";"48";"74";
"446";"66";"2417";
"446";"69";"2420";
"446";"83";"2464";
"446";"86";"2468";
"446";"90";"2470";
"446";"91";"2473";
"446";"99";"35335";
"446";"100";"35336";
"449";"1";"138";
"449";"8";"25";
"449";"9";"27";
"449";"10";"30";
"449";"11";"33";
"449";"13";"40";
"449";"14";"42";
"449";"16";"46";
"449";"18";"50";
"449";"32";"88";
"449";"36";"92";
"449";"39";"79";
"449";"47";"77";
"449";"48";"75";
"449";"49";"139";
"449";"54";"177";
"449";"58";"2409";
"449";"60";"2411";
"449";"72";"2422";
"449";"75";"2425";
"449";"85";"2466";
"449";"91";"2473";
"449";"99";"57573";
"449";"100";"57574";
"450";"1";"135";
"450";"8";"25";
"450";"9";"27";
"450";"10";"30";
"450";"13";"40";
"450";"14";"42";
"450";"16";"46";
"450";"18";"50";
"450";"19";"52";
"450";"32";"88";
"450";"36";"92";
"450";"39";"79";
"450";"47";"77";
"450";"48";"74";
"450";"49";"124";
"450";"54";"177";
"450";"58";"2409";
"450";"60";"2411";
"450";"85";"2466";
"450";"91";"2473";
"450";"99";"65709";
"450";"100";"65710";
"452";"1";"134";
"452";"8";"25";
"452";"9";"18669";
"452";"10";"30";
"452";"13";"40";
"452";"19";"52";
"452";"21";"56";
"452";"23";"60";
"452";"32";"87";
"452";"39";"79";
"452";"45";"98";
"452";"47";"78";
"452";"48";"75";
"452";"49";"13125";
"452";"54";"177";
"452";"66";"2417";
"452";"80";"2445";
"452";"86";"2468";
"452";"98";"2479";
"452";"99";"49044";
"452";"100";"49045";
"452";"101";"18518";
"452";"102";"18532";
"454";"1";"135";
"454";"9";"27";
"454";"10";"30";
"454";"32";"87";
"454";"46";"99";
"454";"47";"77";
"454";"48";"76";
"454";"49";"143";
"454";"57";"2408";
"454";"69";"2420";
"454";"83";"2464";
"454";"84";"2463";
"454";"86";"2468";
"454";"87";"2467";
"454";"91";"2473";
"454";"95";"2476";
"454";"96";"2478";
"454";"99";"59573";
"454";"100";"59574";
"455";"1";"4279";
"455";"9";"18669";
"455";"10";"30";
"455";"32";"87";
"455";"46";"99";
"455";"47";"77";
"455";"48";"74";
"455";"49";"139";
"455";"54";"177";
"455";"57";"2408";
"455";"66";"2417";
"455";"69";"2420";
"455";"86";"2468";
"455";"87";"2467";
"455";"91";"2473";
"455";"95";"2476";
"455";"96";"2478";
"455";"99";"66305";
"455";"100";"66306";
"455";"101";"18518";
"455";"102";"18615";
"455";"103";"18526";
"458";"56";"2407";
"458";"77";"2430";
"458";"80";"2439";
"458";"81";"2429";
"458";"85";"2466";
"458";"99";"37488";
"458";"100";"37489";
"459";"1";"116";
"459";"9";"27";
"459";"10";"30";
"459";"13";"40";
"459";"14";"42";
"459";"17";"48";
"459";"19";"52";
"459";"21";"56";
"459";"39";"79";
"459";"46";"99";
"459";"47";"77";
"459";"48";"75";
"459";"49";"117";
"459";"66";"2417";
"459";"67";"2418";
"459";"69";"2420";
"459";"75";"2425";
"459";"76";"2424";
"459";"80";"2441";
"459";"81";"2429";
"459";"84";"2463";
"459";"85";"2466";
"459";"88";"2469";
"459";"89";"2471";
"459";"95";"2476";
"459";"99";"14394";
"459";"100";"14395";
"460";"1";"123";
"460";"8";"25";
"460";"9";"27";
"460";"10";"30";
"460";"11";"32";
"460";"13";"40";
"460";"16";"46";
"460";"21";"56";
"460";"39";"79";
"460";"41";"94";
"460";"47";"77";
"460";"48";"75";
"460";"49";"124";
"460";"54";"178";
"460";"66";"2417";
"460";"75";"2425";
"460";"83";"2464";
"460";"86";"2468";
"460";"87";"2467";
"460";"90";"2470";
"460";"91";"2473";
"460";"99";"67181";
"460";"100";"67182";
"461";"1";"141";
"461";"54";"177";
"461";"56";"2407";
"461";"66";"2417";
"461";"67";"2418";
"461";"69";"2420";
"461";"80";"2443";
"461";"85";"2466";
"461";"86";"2468";
"461";"99";"41849";
"461";"100";"41850";
"461";"101";"18518";
"461";"102";"18522";
"462";"99";"33488";
"462";"100";"33489";
"465";"60";"2411";
"465";"85";"2466";
"465";"99";"42497";
"465";"100";"42498";
"466";"99";"42501";
"466";"100";"42502";
"467";"1";"15";
"467";"49";"13125";
"467";"54";"177";
"467";"66";"2417";
"467";"78";"2432";
"467";"80";"2444";
"467";"81";"2429";
"467";"99";"64204";
"467";"100";"64205";
"467";"101";"18518";
"467";"102";"18522";
"468";"1";"33132";
"468";"9";"27";
"468";"49";"18507";
"468";"54";"178";
"468";"56";"2407";
"468";"67";"2418";
"468";"85";"2466";
"468";"99";"45454";
"468";"100";"45455";
"468";"101";"18518";
"468";"102";"22451";
"469";"56";"2407";
"469";"86";"2468";
"469";"87";"2467";
"469";"99";"30008";
"469";"100";"30009";
"470";"1";"181";
"470";"54";"177";
"470";"56";"2407";
"470";"66";"2417";
"470";"67";"2418";
"470";"70";"2421";
"470";"80";"2436";
"470";"86";"2468";
"470";"87";"2467";
"470";"95";"2476";
"470";"99";"45977";
"470";"100";"45978";
"470";"101";"22388";
"470";"102";"18522";
"471";"1";"168";
"471";"9";"18669";
"471";"48";"76";
"471";"54";"177";
"471";"56";"2407";
"471";"67";"2418";
"471";"70";"2421";
"471";"80";"2436";
"471";"86";"2468";
"471";"87";"2467";
"471";"95";"2476";
"471";"99";"45981";
"471";"100";"45982";
"472";"1";"187";
"472";"49";"6206";
"472";"54";"176";
"472";"56";"2407";
"472";"80";"2443";
"472";"99";"63276";
"472";"100";"63277";
"472";"101";"18518";
"472";"102";"18522";
"473";"1";"33132";
"473";"9";"29";
"473";"54";"178";
"473";"56";"2407";
"473";"67";"2418";
"473";"77";"2430";
"473";"78";"2432";
"473";"80";"2438";
"473";"81";"2429";
"473";"86";"2468";
"473";"91";"2473";
"473";"99";"42317";
"473";"100";"42318";
"473";"101";"18518";
"473";"102";"18522";
"474";"1";"32597";
"474";"9";"29";
"474";"56";"2407";
"474";"80";"2450";
"474";"99";"42321";
"474";"100";"42322";
"474";"101";"18518";
"474";"102";"18522";
"475";"56";"2407";
"475";"99";"59204";
"475";"100";"59205";
"479";"1";"18861";
"479";"49";"18507";
"479";"54";"177";
"479";"56";"2407";
"479";"80";"2436";
"479";"99";"36497";
"479";"100";"36498";
"479";"101";"18518";
"480";"56";"2407";
"480";"85";"2466";
"480";"99";"29955";
"480";"100";"29956";
"481";"56";"2407";
"481";"85";"2466";
"481";"99";"29914";
"481";"100";"29915";
"482";"56";"2407";
"482";"99";"29920";
"482";"100";"29921";
"483";"56";"2407";
"483";"99";"30026";
"483";"100";"30027";
"484";"56";"2407";
"484";"67";"2418";
"484";"77";"2430";
"484";"80";"2454";
"484";"81";"2429";
"484";"85";"2466";
"484";"99";"59206";
"484";"100";"59207";
"486";"56";"2407";
"486";"99";"59208";
"486";"100";"59209";
"487";"56";"2407";
"487";"69";"2420";
"487";"77";"2430";
"487";"80";"2436";
"487";"81";"2429";
"487";"86";"2468";
"487";"87";"2467";
"487";"98";"2479";
"487";"99";"59210";
"487";"100";"59211";
"489";"1";"33132";
"489";"54";"177";
"489";"56";"2407";
"489";"80";"2448";
"489";"99";"44334";
"489";"100";"44335";
"489";"101";"18518";
"489";"102";"18522";
"490";"56";"2407";
"490";"99";"37057";
"490";"100";"37058";
"491";"1";"171";
"491";"49";"6206";
"491";"54";"178";
"491";"56";"2407";
"491";"80";"2439";
"491";"99";"50006";
"491";"100";"50007";
"491";"101";"18518";
"491";"102";"18522";
"492";"1";"33132";
"492";"54";"177";
"492";"56";"2407";
"492";"80";"2448";
"492";"99";"41869";
"492";"100";"41870";
"492";"101";"18518";
"492";"102";"18522";
"495";"56";"2407";
"495";"80";"2450";
"495";"81";"2429";
"495";"85";"2466";
"495";"95";"2476";
"495";"99";"30105";
"495";"100";"30106";
"496";"56";"2407";
"496";"67";"2418";
"496";"80";"2450";
"496";"81";"2429";
"496";"85";"2466";
"496";"95";"2476";
"496";"99";"30073";
"496";"100";"30074";
"497";"56";"2407";
"497";"80";"2450";
"497";"81";"2429";
"497";"85";"2466";
"497";"95";"2476";
"497";"99";"30048";
"497";"100";"30049";
"498";"56";"2407";
"498";"80";"2450";
"498";"81";"2429";
"498";"85";"2466";
"498";"95";"2476";
"498";"99";"30052";
"498";"100";"30053";
"499";"56";"2407";
"499";"77";"2430";
"499";"80";"2445";
"499";"81";"2429";
"499";"99";"59212";
"499";"100";"59213";
"501";"56";"2407";
"501";"99";"30197";
"501";"100";"30198";
"502";"56";"2407";
"502";"99";"30133";
"502";"100";"30134";
"503";"1";"33132";
"503";"9";"29";
"503";"56";"2407";
"503";"80";"2442";
"503";"99";"40844";
"503";"100";"40845";
"503";"101";"18517";
"503";"102";"18522";
"504";"56";"2407";
"504";"99";"29878";
"504";"100";"29879";
"505";"1";"2494";
"505";"49";"18506";
"505";"54";"176";
"505";"56";"2407";
"505";"67";"2418";
"505";"80";"2436";
"505";"81";"2429";
"505";"85";"2466";
"505";"99";"49799";
"505";"100";"49800";
"505";"101";"18518";
"505";"102";"18522";
"507";"1";"174";
"507";"49";"18506";
"507";"54";"176";
"507";"56";"2407";
"507";"67";"2418";
"507";"80";"2436";
"507";"81";"2429";
"507";"85";"2466";
"507";"99";"49801";
"507";"100";"49802";
"507";"101";"18518";
"507";"102";"18522";
"509";"56";"2407";
"509";"99";"29918";
"509";"100";"29919";
"510";"56";"2407";
"510";"99";"30195";
"510";"100";"30196";
"511";"80";"2443";
"511";"81";"2429";
"511";"85";"2466";
"511";"95";"2476";
"511";"99";"46164";
"511";"100";"46165";
"513";"1";"2494";
"513";"49";"6206";
"513";"56";"2407";
"513";"67";"2418";
"513";"80";"2436";
"513";"81";"2429";
"513";"85";"2466";
"513";"99";"54849";
"513";"100";"54850";
"513";"101";"18518";
"513";"102";"18522";
"514";"56";"2407";
"514";"99";"42143";
"514";"100";"42144";
"517";"1";"2494";
"517";"49";"18507";
"517";"54";"178";
"517";"80";"2450";
"517";"99";"41883";
"517";"100";"41884";
"517";"101";"18517";
"517";"102";"22451";
"518";"1";"181";
"518";"49";"6206";
"518";"54";"178";
"518";"80";"2436";
"518";"99";"63274";
"518";"100";"63275";
"518";"101";"18517";
"518";"102";"18522";
"519";"8";"25";
"519";"13";"40";
"519";"17";"48";
"519";"19";"52";
"519";"32";"87";
"519";"59";"2410";
"519";"67";"2418";
"519";"69";"2420";
"519";"77";"2430";
"519";"86";"2468";
"519";"87";"2467";
"519";"95";"2476";
"519";"96";"2478";
"519";"98";"2479";
"519";"99";"59897";
"519";"100";"59898";
"520";"77";"2430";
"520";"80";"2439";
"520";"81";"2429";
"520";"85";"2466";
"520";"90";"2470";
"520";"91";"2473";
"520";"95";"2476";
"520";"99";"36471";
"520";"100";"36472";
"523";"1";"130";
"523";"9";"29";
"523";"48";"76";
"523";"49";"18508";
"523";"54";"177";
"523";"56";"2407";
"523";"80";"2456";
"523";"99";"46871";
"523";"100";"46872";
"523";"101";"18518";
"523";"102";"18522";
"524";"99";"36553";
"524";"100";"36554";
"525";"1";"168";
"525";"9";"18669";
"525";"48";"74";
"525";"49";"172";
"525";"54";"177";
"525";"56";"2407";
"525";"70";"2421";
"525";"80";"2448";
"525";"86";"2468";
"525";"87";"2467";
"525";"91";"2473";
"525";"98";"2479";
"525";"99";"39860";
"525";"100";"39861";
"525";"101";"18519";
"526";"1";"33132";
"526";"9";"29";
"526";"54";"177";
"526";"56";"2407";
"526";"80";"2439";
"526";"85";"2466";
"526";"99";"42439";
"526";"100";"42440";
"526";"101";"18518";
"526";"102";"18522";
"528";"1";"171";
"528";"49";"146";
"528";"54";"176";
"528";"56";"2407";
"528";"77";"2430";
"528";"80";"2439";
"528";"81";"2429";
"528";"85";"2466";
"528";"99";"49807";
"528";"100";"49808";
"528";"101";"18518";
"528";"102";"18522";
"529";"1";"168";
"529";"19";"52";
"529";"39";"79";
"529";"48";"75";
"529";"49";"146";
"529";"56";"2407";
"529";"77";"2430";
"529";"80";"2439";
"529";"81";"2429";
"529";"85";"2466";
"529";"99";"30117";
"529";"100";"30118";
"530";"1";"171";
"530";"49";"146";
"530";"54";"176";
"530";"56";"2407";
"530";"77";"2430";
"530";"80";"2439";
"530";"81";"2429";
"530";"85";"2466";
"530";"99";"49803";
"530";"100";"49804";
"530";"101";"18518";
"530";"102";"18522";
"531";"1";"168";
"531";"9";"29";
"531";"54";"176";
"531";"56";"2407";
"531";"77";"2430";
"531";"80";"2438";
"531";"81";"2429";
"531";"85";"2466";
"531";"99";"43902";
"531";"100";"43903";
"531";"101";"18518";
"531";"102";"18522";
"534";"99";"57547";
"534";"100";"57548";
"535";"56";"2407";
"535";"99";"29957";
"535";"100";"29958";
"536";"56";"2407";
"536";"99";"29997";
"536";"100";"29998";
"537";"56";"2407";
"537";"99";"30111";
"537";"100";"30112";
"538";"1";"10303";
"538";"56";"2407";
"538";"80";"2436";
"538";"99";"44606";
"538";"100";"44607";
"538";"101";"18518";
"538";"102";"18522";
"539";"1";"2001";
"539";"8";"25";
"539";"48";"76";
"539";"49";"6206";
"539";"54";"176";
"539";"56";"2407";
"539";"67";"2418";
"539";"69";"2420";
"539";"80";"2448";
"539";"86";"2468";
"539";"91";"2473";
"539";"99";"44546";
"539";"100";"44547";
"539";"101";"18518";
"539";"102";"18615";
"540";"1";"33132";
"540";"9";"29";
"540";"49";"24690";
"540";"54";"177";
"540";"56";"2407";
"540";"80";"2439";
"540";"99";"41532";
"540";"100";"41533";
"540";"101";"18518";
"541";"1";"2001";
"541";"8";"25";
"541";"48";"75";
"541";"54";"178";
"541";"56";"2407";
"541";"67";"2418";
"541";"69";"2420";
"541";"80";"2439";
"541";"91";"2473";
"541";"99";"41362";
"541";"100";"41363";
"541";"101";"22388";
"542";"1";"32597";
"542";"9";"29";
"542";"48";"74";
"542";"54";"177";
"542";"56";"2407";
"542";"80";"2436";
"542";"99";"41074";
"542";"100";"41075";
"542";"101";"18518";
"542";"102";"18522";
"543";"56";"2407";
"543";"99";"30115";
"543";"100";"30116";
"544";"56";"2407";
"544";"99";"29906";
"544";"100";"29907";
"545";"56";"2407";
"545";"99";"37085";
"545";"100";"37086";
"546";"56";"2407";
"546";"99";"30046";
"546";"100";"30047";
"548";"56";"2407";
"548";"85";"2466";
"548";"91";"2473";
"548";"99";"29902";
"548";"100";"29903";
"552";"56";"2407";
"552";"85";"2466";
"552";"91";"2473";
"552";"99";"29979";
"552";"100";"29980";
"555";"56";"2407";
"555";"85";"2466";
"555";"91";"2473";
"555";"99";"30097";
"555";"100";"30098";
"556";"1";"10394";
"556";"48";"75";
"556";"54";"176";
"556";"56";"2407";
"556";"67";"2418";
"556";"69";"2420";
"556";"76";"2424";
"556";"80";"2434";
"556";"85";"2466";
"556";"91";"2473";
"556";"99";"33453";
"556";"100";"33454";
"559";"1";"171";
"559";"8";"25";
"559";"9";"27";
"559";"10";"30";
"559";"11";"32";
"559";"17";"48";
"559";"19";"52";
"559";"32";"87";
"559";"39";"79";
"559";"48";"75";
"559";"49";"172";
"559";"54";"176";
"559";"56";"2407";
"559";"67";"2418";
"559";"85";"2466";
"559";"88";"2469";
"559";"89";"2471";
"559";"91";"2473";
"559";"99";"49469";
"559";"100";"49470";
"560";"56";"2407";
"560";"67";"2418";
"560";"85";"2466";
"560";"88";"2469";
"560";"89";"2471";
"560";"91";"2473";
"560";"99";"30012";
"560";"100";"30013";
"561";"1";"33132";
"561";"9";"29";
"561";"54";"177";
"561";"56";"2407";
"561";"85";"2466";
"561";"88";"2469";
"561";"91";"2473";
"561";"99";"49797";
"561";"100";"49798";
"561";"101";"18518";
"561";"102";"18522";
"562";"1";"33132";
"562";"9";"29";
"562";"54";"176";
"562";"56";"2407";
"562";"85";"2466";
"562";"88";"2469";
"562";"91";"2473";
"562";"99";"63272";
"562";"100";"63273";
"562";"101";"18517";
"562";"102";"22451";
"563";"1";"33132";
"563";"9";"29";
"563";"54";"177";
"563";"56";"2407";
"563";"85";"2466";
"563";"88";"2469";
"563";"91";"2473";
"563";"99";"46809";
"563";"100";"46810";
"563";"101";"18517";
"563";"102";"22451";
"564";"1";"171";
"564";"9";"29";
"564";"54";"176";
"564";"56";"2407";
"564";"85";"2466";
"564";"88";"2469";
"564";"91";"2473";
"564";"99";"41106";
"564";"100";"41107";
"564";"101";"18517";
"564";"102";"18522";
"565";"1";"33132";
"565";"9";"29";
"565";"54";"177";
"565";"56";"2407";
"565";"85";"2466";
"565";"88";"2469";
"565";"91";"2473";
"565";"99";"44314";
"565";"100";"44315";
"565";"101";"18517";
"565";"102";"22451";
"566";"1";"33132";
"566";"9";"29";
"566";"54";"177";
"566";"56";"2407";
"566";"85";"2466";
"566";"88";"2469";
"566";"91";"2473";
"566";"99";"44382";
"566";"100";"44383";
"566";"101";"18517";
"566";"102";"22451";
"567";"1";"32597";
"567";"54";"177";
"567";"56";"2407";
"567";"69";"2420";
"567";"80";"2446";
"567";"85";"2466";
"567";"89";"2471";
"567";"99";"46823";
"567";"100";"46824";
"567";"101";"18518";
"567";"102";"18522";
"568";"56";"2407";
"568";"69";"2420";
"568";"85";"2466";
"568";"89";"2471";
"568";"99";"46825";
"568";"100";"46826";
"569";"56";"2407";
"569";"69";"2420";
"569";"85";"2466";
"569";"89";"2471";
"569";"99";"46827";
"569";"100";"46828";
"570";"1";"33132";
"570";"54";"177";
"570";"56";"2407";
"570";"69";"2420";
"570";"80";"2446";
"570";"85";"2466";
"570";"89";"2471";
"570";"99";"58057";
"570";"100";"58058";
"570";"101";"18518";
"570";"102";"18522";
"572";"8";"25";
"572";"9";"27";
"572";"10";"30";
"572";"11";"32";
"572";"39";"79";
"572";"47";"77";
"572";"48";"75";
"572";"54";"176";
"572";"56";"2407";
"572";"67";"2418";
"572";"69";"2420";
"572";"85";"2466";
"572";"89";"2471";
"572";"99";"46831";
"572";"100";"46832";
"573";"56";"2407";
"573";"99";"40814";
"573";"100";"40815";
"574";"56";"2407";
"574";"67";"2418";
"574";"77";"2430";
"574";"80";"2434";
"574";"81";"2429";
"574";"85";"2466";
"574";"99";"36473";
"574";"100";"36474";
"575";"57";"2408";
"575";"66";"2417";
"575";"67";"2418";
"575";"69";"2420";
"575";"76";"2424";
"575";"86";"2468";
"575";"91";"2473";
"575";"95";"2476";
"575";"99";"54004";
"575";"100";"54005";
"577";"56";"2407";
"577";"66";"2417";
"577";"67";"2418";
"577";"69";"2420";
"577";"85";"2466";
"577";"88";"2469";
"577";"89";"2471";
"577";"91";"2473";
"577";"99";"29973";
"577";"100";"29974";
"578";"1";"130";
"578";"8";"25";
"578";"18";"50";
"578";"19";"52";
"578";"48";"74";
"578";"49";"117";
"578";"54";"176";
"578";"58";"2409";
"578";"60";"2411";
"578";"67";"2418";
"578";"73";"2428";
"578";"74";"2427";
"578";"83";"2464";
"578";"85";"2466";
"578";"86";"2468";
"578";"91";"2473";
"578";"95";"2476";
"578";"99";"57762";
"578";"100";"57763";
"579";"1";"135";
"579";"8";"25";
"579";"9";"27";
"579";"10";"30";
"579";"13";"40";
"579";"17";"48";
"579";"18";"50";
"579";"19";"52";
"579";"32";"88";
"579";"36";"92";
"579";"45";"98";
"579";"47";"77";
"579";"48";"75";
"579";"49";"124";
"579";"54";"177";
"579";"58";"2409";
"579";"60";"2411";
"579";"67";"2418";
"579";"73";"2428";
"579";"83";"2464";
"579";"86";"2468";
"579";"89";"2471";
"579";"91";"2473";
"579";"95";"2476";
"579";"99";"65887";
"579";"100";"65888";
"579";"101";"18517";
"580";"58";"2409";
"580";"60";"2411";
"580";"68";"2419";
"580";"73";"2428";
"580";"74";"2427";
"580";"83";"2464";
"580";"85";"2466";
"580";"86";"2468";
"580";"91";"2473";
"580";"95";"2476";
"580";"99";"64696";
"580";"100";"64697";
"581";"58";"2409";
"581";"60";"2411";
"581";"73";"2428";
"581";"74";"2427";
"581";"83";"2464";
"581";"85";"2466";
"581";"86";"2468";
"581";"91";"2473";
"581";"99";"59901";
"581";"100";"59902";
"582";"1";"134";
"582";"8";"25";
"582";"9";"18669";
"582";"10";"30";
"582";"11";"33";
"582";"13";"40";
"582";"14";"42";
"582";"17";"48";
"582";"18";"50";
"582";"19";"52";
"582";"32";"88";
"582";"36";"92";
"582";"46";"99";
"582";"47";"78";
"582";"48";"74";
"582";"49";"133";
"582";"54";"177";
"582";"58";"2409";
"582";"60";"2411";
"582";"67";"2418";
"582";"73";"2428";
"582";"83";"2464";
"582";"86";"2468";
"582";"89";"2471";
"582";"91";"2473";
"582";"95";"2476";
"582";"99";"65507";
"582";"100";"65508";
"582";"101";"18518";
"583";"1";"132";
"583";"8";"25";
"583";"9";"27";
"583";"10";"30";
"583";"19";"52";
"583";"32";"88";
"583";"36";"92";
"583";"39";"79";
"583";"47";"77";
"583";"48";"74";
"583";"49";"133";
"583";"54";"176";
"583";"58";"2409";
"583";"60";"2411";
"583";"74";"2427";
"583";"83";"2464";
"583";"86";"2468";
"583";"89";"2471";
"583";"91";"2473";
"583";"99";"63472";
"583";"100";"63473";
"584";"1";"134";
"584";"8";"25";
"584";"9";"28";
"584";"10";"31";
"584";"13";"40";
"584";"14";"42";
"584";"17";"48";
"584";"18";"50";
"584";"19";"52";
"584";"32";"88";
"584";"36";"92";
"584";"39";"79";
"584";"45";"98";
"584";"47";"77";
"584";"48";"74";
"584";"49";"117";
"584";"58";"2409";
"584";"85";"2466";
"584";"91";"2473";
"584";"95";"2476";
"584";"96";"2478";
"584";"99";"59819";
"584";"100";"59820";
"585";"1";"13122";
"585";"9";"27";
"585";"10";"30";
"585";"13";"40";
"585";"14";"42";
"585";"32";"87";
"585";"47";"77";
"585";"49";"117";
"585";"66";"2417";
"585";"75";"2425";
"585";"80";"2450";
"585";"81";"2429";
"585";"85";"2466";
"585";"86";"2468";
"585";"90";"2470";
"585";"99";"35112";
"585";"100";"35113";
"586";"8";"25";
"586";"9";"28";
"586";"10";"30";
"586";"13";"40";
"586";"16";"46";
"586";"48";"74";
"586";"49";"115";
"586";"58";"2409";
"586";"60";"2411";
"586";"85";"2466";
"586";"91";"2473";
"586";"96";"2478";
"586";"99";"32168";
"586";"100";"32169";
"587";"1";"134";
"587";"9";"27";
"587";"10";"30";
"587";"13";"40";
"587";"14";"42";
"587";"32";"87";
"587";"47";"77";
"587";"49";"124";
"587";"66";"2417";
"587";"75";"2425";
"587";"80";"2450";
"587";"81";"2429";
"587";"85";"2466";
"587";"86";"2468";
"587";"90";"2470";
"587";"99";"55786";
"587";"100";"55787";
"589";"1";"33132";
"589";"54";"177";
"589";"56";"2407";
"589";"80";"2448";
"589";"99";"41871";
"589";"100";"41872";
"589";"101";"18518";
"589";"102";"18522";
"594";"99";"59218";
"594";"100";"59219";
"596";"1";"33132";
"596";"49";"18506";
"596";"54";"177";
"596";"56";"2407";
"596";"80";"2462";
"596";"99";"41861";
"596";"100";"41862";
"596";"101";"18517";
"596";"102";"22451";
"597";"56";"2407";
"597";"99";"29925";
"597";"100";"29926";
"598";"56";"2407";
"598";"99";"30022";
"598";"100";"30023";
"599";"56";"2407";
"599";"76";"2424";
"599";"84";"2463";
"599";"85";"2466";
"599";"91";"2473";
"599";"95";"2476";
"599";"99";"30063";
"599";"100";"30064";
"600";"1";"33132";
"600";"9";"29";
"600";"54";"177";
"600";"56";"2407";
"600";"69";"2420";
"600";"80";"2446";
"600";"85";"2466";
"600";"91";"2473";
"600";"99";"44312";
"600";"100";"44313";
"600";"101";"18517";
"600";"102";"22451";
"601";"1";"171";
"601";"8";"25";
"601";"9";"27";
"601";"10";"30";
"601";"11";"32";
"601";"13";"40";
"601";"17";"48";
"601";"19";"52";
"601";"32";"87";
"601";"39";"79";
"601";"45";"98";
"601";"47";"77";
"601";"48";"76";
"601";"49";"128";
"601";"54";"176";
"601";"56";"2407";
"601";"67";"2418";
"601";"85";"2466";
"601";"91";"2473";
"601";"99";"65181";
"601";"100";"65182";
"602";"1";"13122";
"602";"8";"25";
"602";"9";"18669";
"602";"10";"30";
"602";"13";"40";
"602";"14";"42";
"602";"17";"48";
"602";"21";"56";
"602";"32";"87";
"602";"39";"79";
"602";"41";"94";
"602";"47";"77";
"602";"48";"75";
"602";"49";"13125";
"602";"54";"177";
"602";"66";"2417";
"602";"73";"2428";
"602";"75";"2425";
"602";"76";"2424";
"602";"80";"2448";
"602";"82";"2465";
"602";"83";"2464";
"602";"88";"2469";
"602";"89";"2471";
"602";"90";"2470";
"602";"99";"22244";
"602";"100";"22245";
"602";"101";"18518";
"602";"102";"18532";
"602";"103";"18526";
"603";"8";"25";
"603";"9";"27";
"603";"10";"30";
"603";"13";"40";
"603";"14";"42";
"603";"17";"48";
"603";"19";"52";
"603";"32";"87";
"603";"36";"92";
"603";"39";"79";
"603";"41";"94";
"603";"47";"77";
"603";"48";"74";
"603";"66";"2417";
"603";"67";"2418";
"603";"73";"2428";
"603";"75";"2425";
"603";"76";"2424";
"603";"82";"2465";
"603";"83";"2464";
"603";"85";"2466";
"603";"88";"2469";
"603";"89";"2471";
"603";"90";"2470";
"603";"95";"2476";
"603";"99";"33327";
"603";"100";"33328";
"604";"1";"187";
"604";"8";"25";
"604";"9";"27";
"604";"10";"30";
"604";"13";"40";
"604";"14";"42";
"604";"17";"48";
"604";"19";"52";
"604";"21";"56";
"604";"32";"87";
"604";"36";"92";
"604";"39";"79";
"604";"41";"94";
"604";"47";"77";
"604";"48";"74";
"604";"49";"18507";
"604";"54";"176";
"604";"66";"2417";
"604";"67";"2418";
"604";"73";"2428";
"604";"75";"2425";
"604";"76";"2424";
"604";"80";"2433";
"604";"82";"2465";
"604";"83";"2464";
"604";"85";"2466";
"604";"88";"2469";
"604";"89";"2471";
"604";"90";"2470";
"604";"95";"2476";
"604";"99";"68091";
"604";"100";"68092";
"604";"101";"18517";
"604";"102";"18522";
"605";"8";"26";
"605";"9";"28";
"605";"10";"30";
"605";"13";"40";
"605";"16";"46";
"605";"21";"56";
"605";"32";"87";
"605";"36";"92";
"605";"41";"94";
"605";"45";"98";
"605";"47";"77";
"605";"48";"75";
"605";"66";"2417";
"605";"82";"2465";
"605";"83";"2464";
"605";"86";"2468";
"605";"88";"2469";
"605";"90";"2470";
"605";"91";"2473";
"605";"95";"2476";
"605";"99";"42469";
"605";"100";"42470";
"606";"8";"26";
"606";"9";"28";
"606";"10";"30";
"606";"13";"40";
"606";"16";"46";
"606";"21";"56";
"606";"32";"87";
"606";"36";"92";
"606";"41";"94";
"606";"45";"98";
"606";"47";"77";
"606";"48";"75";
"606";"66";"2417";
"606";"73";"2428";
"606";"75";"2425";
"606";"76";"2424";
"606";"82";"2465";
"606";"83";"2464";
"606";"88";"2469";
"606";"89";"2471";
"606";"90";"2470";
"606";"99";"54676";
"606";"100";"54677";
"607";"8";"26";
"607";"9";"28";
"607";"10";"30";
"607";"13";"40";
"607";"16";"46";
"607";"21";"56";
"607";"32";"87";
"607";"36";"92";
"607";"41";"94";
"607";"45";"98";
"607";"47";"77";
"607";"48";"75";
"607";"66";"2417";
"607";"73";"2428";
"607";"75";"2425";
"607";"76";"2424";
"607";"82";"2465";
"607";"83";"2464";
"607";"88";"2469";
"607";"89";"2471";
"607";"90";"2470";
"607";"99";"63514";
"607";"100";"63515";
"608";"13";"40";
"608";"14";"42";
"608";"21";"56";
"608";"32";"87";
"608";"36";"92";
"608";"47";"77";
"608";"48";"75";
"608";"66";"2417";
"608";"73";"2428";
"608";"75";"2425";
"608";"76";"2424";
"608";"82";"2465";
"608";"83";"2464";
"608";"88";"2469";
"608";"89";"2471";
"608";"90";"2470";
"608";"99";"15712";
"608";"100";"15713";
"610";"1";"134";
"610";"8";"25";
"610";"9";"27";
"610";"10";"30";
"610";"11";"32";
"610";"13";"40";
"610";"23";"60";
"610";"32";"88";
"610";"39";"79";
"610";"49";"124";
"610";"54";"176";
"610";"58";"2409";
"610";"60";"2411";
"610";"66";"2417";
"610";"68";"2419";
"610";"69";"2420";
"610";"71";"2423";
"610";"75";"2425";
"610";"83";"2464";
"610";"85";"2466";
"610";"88";"2469";
"610";"89";"2471";
"610";"90";"2470";
"610";"91";"2473";
"610";"95";"2476";
"610";"99";"60243";
"610";"100";"60244";
"612";"1";"145";
"612";"9";"27";
"612";"10";"31";
"612";"47";"77";
"612";"99";"34064";
"612";"100";"34065";
"613";"1";"165";
"613";"9";"27";
"613";"32";"87";
"613";"39";"79";
"613";"47";"77";
"613";"48";"76";
"613";"57";"2408";
"613";"66";"2417";
"613";"69";"2420";
"613";"82";"2465";
"613";"83";"2464";
"613";"86";"2468";
"613";"87";"2467";
"613";"88";"2469";
"613";"95";"2476";
"613";"99";"25225";
"613";"100";"25226";
"614";"1";"145";
"614";"8";"25";
"614";"9";"27";
"614";"10";"30";
"614";"13";"40";
"614";"39";"79";
"614";"48";"75";
"614";"49";"133";
"614";"54";"178";
"614";"99";"65791";
"614";"100";"65792";
"615";"1";"134";
"615";"9";"28";
"615";"10";"30";
"615";"13";"40";
"615";"14";"42";
"615";"39";"80";
"615";"47";"77";
"615";"48";"75";
"615";"80";"2439";
"615";"81";"2429";
"615";"85";"2466";
"615";"88";"2469";
"615";"89";"2471";
"615";"93";"2475";
"615";"99";"2635";
"615";"100";"3446";
"616";"1";"125";
"616";"13";"40";
"616";"19";"52";
"616";"32";"87";
"616";"36";"92";
"616";"39";"79";
"616";"45";"98";
"616";"47";"77";
"616";"48";"75";
"616";"58";"2409";
"616";"60";"2411";
"616";"85";"2466";
"616";"86";"2468";
"616";"91";"2473";
"616";"96";"2478";
"616";"99";"3089";
"616";"100";"3900";
"617";"1";"132";
"617";"8";"25";
"617";"9";"27";
"617";"10";"30";
"617";"13";"40";
"617";"17";"48";
"617";"19";"52";
"617";"32";"87";
"617";"36";"92";
"617";"39";"79";
"617";"45";"98";
"617";"47";"77";
"617";"48";"74";
"617";"49";"133";
"617";"58";"2409";
"617";"76";"2424";
"617";"85";"2466";
"617";"91";"2473";
"617";"95";"2476";
"617";"96";"2478";
"617";"99";"60695";
"617";"100";"60696";
"618";"1";"127";
"618";"8";"25";
"618";"9";"27";
"618";"10";"30";
"618";"11";"32";
"618";"13";"40";
"618";"14";"42";
"618";"17";"48";
"618";"19";"52";
"618";"21";"56";
"618";"32";"87";
"618";"36";"92";
"618";"39";"79";
"618";"47";"77";
"618";"48";"74";
"618";"49";"13125";
"618";"54";"177";
"618";"59";"2410";
"618";"63";"2414";
"618";"65";"2416";
"618";"66";"2417";
"618";"67";"2418";
"618";"69";"2420";
"618";"73";"2428";
"618";"75";"2425";
"618";"76";"2424";
"618";"82";"2465";
"618";"83";"2464";
"618";"85";"2466";
"618";"86";"2468";
"618";"88";"2469";
"618";"89";"2471";
"618";"90";"2470";
"618";"99";"39561";
"618";"100";"39562";
"619";"1";"134";
"619";"8";"25";
"619";"9";"27";
"619";"10";"30";
"619";"13";"40";
"619";"14";"42";
"619";"17";"48";
"619";"19";"52";
"619";"23";"60";
"619";"32";"87";
"619";"34";"90";
"619";"36";"92";
"619";"41";"94";
"619";"47";"77";
"619";"48";"74";
"619";"49";"117";
"619";"66";"2417";
"619";"73";"2428";
"619";"75";"2425";
"619";"76";"2424";
"619";"82";"2465";
"619";"83";"2464";
"619";"88";"2469";
"619";"89";"2471";
"619";"90";"2470";
"619";"99";"17911";
"619";"100";"17912";
"620";"1";"145";
"620";"9";"27";
"620";"10";"30";
"620";"13";"40";
"620";"14";"42";
"620";"23";"60";
"620";"47";"77";
"620";"48";"75";
"620";"49";"133";
"620";"69";"2420";
"620";"80";"2439";
"620";"81";"2429";
"620";"85";"2466";
"620";"88";"2469";
"620";"89";"2471";
"620";"93";"2475";
"620";"99";"10221";
"620";"100";"10222";
"622";"8";"26";
"622";"9";"28";
"622";"10";"30";
"622";"13";"40";
"622";"16";"46";
"622";"17";"48";
"622";"18";"50";
"622";"21";"56";
"622";"36";"92";
"622";"39";"79";
"622";"47";"77";
"622";"48";"75";
"622";"77";"2430";
"622";"80";"2449";
"622";"81";"2429";
"622";"85";"2466";
"622";"99";"49188";
"622";"100";"49189";
"623";"99";"4371";
"623";"100";"4372";
"629";"1";"123";
"629";"8";"25";
"629";"9";"27";
"629";"10";"30";
"629";"11";"32";
"629";"13";"40";
"629";"14";"42";
"629";"16";"46";
"629";"18";"50";
"629";"19";"52";
"629";"21";"56";
"629";"32";"87";
"629";"39";"79";
"629";"41";"94";
"629";"47";"77";
"629";"48";"75";
"629";"49";"139";
"629";"54";"177";
"629";"66";"2417";
"629";"75";"2425";
"629";"83";"2464";
"629";"86";"2468";
"629";"87";"2467";
"629";"90";"2470";
"629";"91";"2473";
"629";"99";"67179";
"629";"100";"67180";
"630";"57";"2408";
"630";"78";"2432";
"630";"81";"2429";
"630";"85";"2466";
"630";"89";"2471";
"630";"98";"2479";
"630";"99";"36870";
"630";"100";"36871";
"631";"1";"125";
"631";"8";"25";
"631";"9";"27";
"631";"10";"30";
"631";"13";"40";
"631";"19";"52";
"631";"23";"60";
"631";"32";"88";
"631";"39";"79";
"631";"47";"77";
"631";"48";"76";
"631";"49";"169";
"631";"58";"2409";
"631";"66";"2417";
"631";"69";"2420";
"631";"83";"2464";
"631";"85";"2466";
"631";"86";"2468";
"631";"88";"2469";
"631";"89";"2471";
"631";"91";"2473";
"631";"99";"54792";
"631";"100";"54793";
"632";"1";"135";
"632";"8";"25";
"632";"9";"27";
"632";"10";"30";
"632";"11";"32";
"632";"13";"40";
"632";"23";"60";
"632";"39";"79";
"632";"41";"94";
"632";"48";"75";
"632";"54";"176";
"632";"59";"2410";
"632";"78";"2432";
"632";"80";"2436";
"632";"83";"2464";
"632";"85";"2466";
"632";"99";"49304";
"632";"100";"49305";
"635";"1";"187";
"635";"49";"23698";
"635";"54";"178";
"635";"66";"2417";
"635";"67";"2418";
"635";"69";"2420";
"635";"73";"2428";
"635";"76";"2424";
"635";"78";"2432";
"635";"80";"2436";
"635";"81";"2429";
"635";"83";"2464";
"635";"86";"2468";
"635";"87";"2467";
"635";"90";"2470";
"635";"91";"2473";
"635";"95";"2476";
"635";"99";"55422";
"635";"100";"55423";
"635";"101";"18518";
"635";"102";"18522";
"639";"1";"35859";
"639";"8";"25";
"639";"9";"27";
"639";"10";"30";
"639";"11";"32";
"639";"13";"40";
"639";"16";"46";
"639";"21";"56";
"639";"32";"87";
"639";"39";"79";
"639";"47";"77";
"639";"48";"76";
"639";"49";"117";
"639";"54";"177";
"639";"66";"2417";
"639";"73";"2428";
"639";"75";"2425";
"639";"82";"2465";
"639";"83";"2464";
"639";"86";"2468";
"639";"88";"2469";
"639";"92";"2472";
"639";"99";"48878";
"639";"100";"48879";
"639";"122";"19585";
"640";"8";"26";
"640";"9";"27";
"640";"10";"30";
"640";"13";"40";
"640";"14";"42";
"640";"16";"46";
"640";"21";"56";
"640";"32";"87";
"640";"47";"77";
"640";"48";"76";
"640";"73";"2428";
"640";"75";"2425";
"640";"86";"2468";
"640";"88";"2469";
"640";"92";"2472";
"640";"99";"51570";
"640";"100";"51571";
"641";"8";"26";
"641";"9";"27";
"641";"10";"30";
"641";"13";"40";
"641";"14";"42";
"641";"16";"46";
"641";"21";"56";
"641";"32";"87";
"641";"47";"77";
"641";"48";"76";
"641";"73";"2428";
"641";"75";"2425";
"641";"86";"2468";
"641";"88";"2469";
"641";"92";"2472";
"641";"99";"39379";
"641";"100";"39380";
"642";"1";"134";
"642";"8";"25";
"642";"9";"27";
"642";"10";"30";
"642";"13";"40";
"642";"14";"42";
"642";"17";"48";
"642";"19";"52";
"642";"32";"87";
"642";"36";"92";
"642";"39";"79";
"642";"47";"77";
"642";"48";"75";
"642";"54";"176";
"642";"66";"2417";
"642";"73";"2428";
"642";"75";"2425";
"642";"76";"2424";
"642";"82";"2465";
"642";"83";"2464";
"642";"88";"2469";
"642";"89";"2471";
"642";"90";"2470";
"642";"99";"44810";
"642";"100";"44811";
"643";"1";"141";
"643";"8";"26";
"643";"9";"18614";
"643";"10";"30";
"643";"48";"76";
"643";"54";"179";
"643";"57";"2408";
"643";"69";"2420";
"643";"80";"2458";
"643";"86";"2468";
"643";"87";"2467";
"643";"91";"2473";
"643";"95";"2476";
"643";"99";"60107";
"643";"100";"60108";
"643";"101";"18519";
"643";"102";"18522";
"644";"1";"123";
"644";"8";"25";
"644";"9";"27";
"644";"10";"30";
"644";"48";"76";
"644";"49";"139";
"644";"57";"2408";
"644";"69";"2420";
"644";"86";"2468";
"644";"87";"2467";
"644";"91";"2473";
"644";"95";"2476";
"644";"99";"2649";
"644";"100";"3460";
"645";"1";"4279";
"645";"9";"18669";
"645";"10";"30";
"645";"32";"87";
"645";"47";"77";
"645";"48";"76";
"645";"49";"124";
"645";"54";"178";
"645";"57";"2408";
"645";"69";"2420";
"645";"83";"2464";
"645";"84";"2463";
"645";"86";"2468";
"645";"87";"2467";
"645";"91";"2473";
"645";"95";"2476";
"645";"96";"2478";
"645";"99";"26258";
"645";"100";"26259";
"645";"101";"18518";
"645";"102";"18521";
"645";"103";"18525";
"646";"1";"184";
"646";"9";"18669";
"646";"10";"30";
"646";"32";"87";
"646";"47";"77";
"646";"48";"76";
"646";"49";"4318";
"646";"54";"177";
"646";"57";"2408";
"646";"66";"2417";
"646";"69";"2420";
"646";"80";"2458";
"646";"83";"2464";
"646";"84";"2463";
"646";"86";"2468";
"646";"87";"2467";
"646";"91";"2473";
"646";"95";"2476";
"646";"96";"2478";
"646";"99";"66703";
"646";"100";"66704";
"646";"101";"18519";
"646";"102";"18532";
"646";"103";"18527";
"647";"1";"184";
"647";"9";"18669";
"647";"10";"30";
"647";"32";"87";
"647";"47";"77";
"647";"48";"76";
"647";"49";"124";
"647";"54";"178";
"647";"57";"2408";
"647";"69";"2420";
"647";"80";"2458";
"647";"83";"2464";
"647";"84";"2463";
"647";"86";"2468";
"647";"87";"2467";
"647";"91";"2473";
"647";"95";"2476";
"647";"96";"2478";
"647";"99";"59843";
"647";"100";"59844";
"647";"101";"18519";
"647";"102";"18532";
"647";"103";"18525";
"648";"1";"121";
"648";"9";"27";
"648";"10";"30";
"648";"32";"87";
"648";"47";"77";
"648";"48";"74";
"648";"49";"146";
"648";"57";"2408";
"648";"66";"2417";
"648";"69";"2420";
"648";"83";"2464";
"648";"84";"2463";
"648";"86";"2468";
"648";"87";"2467";
"648";"91";"2473";
"648";"95";"2476";
"648";"96";"2478";
"648";"99";"49988";
"648";"100";"49989";
"649";"1";"121";
"649";"8";"26";
"649";"9";"27";
"649";"10";"30";
"649";"32";"87";
"649";"46";"99";
"649";"47";"77";
"649";"48";"75";
"649";"49";"124";
"649";"57";"2408";
"649";"66";"2417";
"649";"69";"2420";
"649";"78";"2432";
"649";"80";"2444";
"649";"81";"2429";
"649";"83";"2464";
"649";"86";"2468";
"649";"87";"2467";
"649";"90";"2470";
"649";"92";"2472";
"649";"98";"2479";
"649";"99";"55264";
"649";"100";"55265";
"650";"1";"134";
"650";"14";"42";
"650";"16";"46";
"650";"48";"76";
"650";"49";"117";
"650";"54";"178";
"650";"66";"2417";
"650";"67";"2418";
"650";"69";"2420";
"650";"78";"2432";
"650";"80";"2436";
"650";"81";"2429";
"650";"83";"2464";
"650";"86";"2468";
"650";"87";"2467";
"650";"90";"2470";
"650";"91";"2473";
"650";"95";"2476";
"650";"99";"24503";
"650";"100";"24504";
"651";"1";"123";
"651";"8";"25";
"651";"9";"27";
"651";"10";"30";
"651";"13";"40";
"651";"32";"87";
"651";"39";"79";
"651";"47";"77";
"651";"48";"76";
"651";"49";"139";
"651";"99";"67107";
"651";"100";"67108";
"652";"1";"134";
"652";"8";"25";
"652";"9";"27";
"652";"10";"30";
"652";"13";"40";
"652";"14";"42";
"652";"16";"46";
"652";"17";"48";
"652";"21";"56";
"652";"32";"87";
"652";"34";"90";
"652";"36";"92";
"652";"39";"79";
"652";"41";"94";
"652";"47";"77";
"652";"48";"75";
"652";"49";"128";
"652";"66";"2417";
"652";"73";"2428";
"652";"75";"2425";
"652";"76";"2424";
"652";"82";"2465";
"652";"83";"2464";
"652";"88";"2469";
"652";"89";"2471";
"652";"90";"2470";
"652";"99";"43534";
"652";"100";"43535";
"653";"1";"125";
"653";"8";"25";
"653";"9";"27";
"653";"10";"30";
"653";"13";"40";
"653";"14";"42";
"653";"16";"46";
"653";"17";"48";
"653";"21";"56";
"653";"32";"87";
"653";"34";"90";
"653";"36";"92";
"653";"39";"79";
"653";"47";"77";
"653";"48";"75";
"653";"49";"124";
"653";"66";"2417";
"653";"82";"2465";
"653";"83";"2464";
"653";"85";"2466";
"653";"88";"2469";
"653";"90";"2470";
"653";"99";"16526";
"653";"100";"16527";
"655";"1";"187";
"655";"8";"25";
"655";"9";"27";
"655";"10";"30";
"655";"13";"40";
"655";"14";"42";
"655";"17";"48";
"655";"19";"52";
"655";"21";"56";
"655";"32";"87";
"655";"36";"92";
"655";"39";"79";
"655";"41";"94";
"655";"46";"99";
"655";"47";"77";
"655";"48";"74";
"655";"66";"2417";
"655";"67";"2418";
"655";"73";"2428";
"655";"75";"2425";
"655";"76";"2424";
"655";"82";"2465";
"655";"83";"2464";
"655";"85";"2466";
"655";"88";"2469";
"655";"89";"2471";
"655";"90";"2470";
"655";"99";"37049";
"655";"100";"37050";
"656";"1";"134";
"656";"8";"25";
"656";"9";"27";
"656";"10";"31";
"656";"13";"40";
"656";"14";"42";
"656";"17";"48";
"656";"19";"52";
"656";"21";"56";
"656";"32";"87";
"656";"36";"92";
"656";"39";"79";
"656";"47";"77";
"656";"48";"74";
"656";"49";"146";
"656";"66";"2417";
"656";"73";"2428";
"656";"75";"2425";
"656";"76";"2424";
"656";"82";"2465";
"656";"83";"2464";
"656";"88";"2469";
"656";"89";"2471";
"656";"90";"2470";
"656";"99";"63518";
"656";"100";"63519";
"658";"1";"134";
"658";"8";"25";
"658";"9";"27";
"658";"10";"30";
"658";"13";"40";
"658";"14";"42";
"658";"16";"46";
"658";"17";"48";
"658";"18";"50";
"658";"19";"52";
"658";"32";"88";
"658";"36";"92";
"658";"39";"79";
"658";"47";"77";
"658";"48";"75";
"658";"54";"177";
"658";"58";"2409";
"658";"60";"2411";
"658";"85";"2466";
"658";"91";"2473";
"658";"99";"38207";
"658";"100";"38208";
"659";"1";"134";
"659";"9";"27";
"659";"10";"30";
"659";"13";"40";
"659";"17";"48";
"659";"36";"92";
"659";"39";"79";
"659";"47";"77";
"659";"48";"74";
"659";"58";"2409";
"659";"67";"2418";
"659";"85";"2466";
"659";"86";"2468";
"659";"91";"2473";
"659";"98";"2479";
"659";"99";"64672";
"659";"100";"64673";
"660";"1";"134";
"660";"8";"26";
"660";"9";"18669";
"660";"10";"30";
"660";"11";"33";
"660";"13";"40";
"660";"14";"42";
"660";"17";"48";
"660";"32";"88";
"660";"36";"92";
"660";"45";"98";
"660";"46";"99";
"660";"47";"77";
"660";"48";"74";
"660";"49";"146";
"660";"54";"178";
"660";"58";"2409";
"660";"67";"2418";
"660";"85";"2466";
"660";"86";"2468";
"660";"91";"2473";
"660";"98";"2479";
"660";"99";"65973";
"660";"100";"65974";
"660";"101";"18518";
"660";"102";"18615";
"660";"103";"18524";
"661";"1";"125";
"661";"8";"25";
"661";"9";"18669";
"661";"13";"40";
"661";"17";"48";
"661";"18";"50";
"661";"19";"52";
"661";"32";"88";
"661";"36";"92";
"661";"39";"79";
"661";"46";"99";
"661";"47";"77";
"661";"48";"74";
"661";"49";"124";
"661";"54";"177";
"661";"58";"2409";
"661";"67";"2418";
"661";"69";"2420";
"661";"85";"2466";
"661";"86";"2468";
"661";"91";"2473";
"661";"98";"2479";
"661";"99";"57911";
"661";"100";"57912";
"661";"101";"18518";
"661";"102";"18615";
"661";"103";"18525";
"662";"1";"144";
"662";"8";"25";
"662";"9";"27";
"662";"10";"30";
"662";"11";"32";
"662";"13";"40";
"662";"17";"48";
"662";"19";"52";
"662";"32";"88";
"662";"34";"90";
"662";"36";"92";
"662";"39";"79";
"662";"47";"77";
"662";"48";"74";
"662";"49";"117";
"662";"54";"176";
"662";"58";"2409";
"662";"60";"2411";
"662";"67";"2418";
"662";"69";"2420";
"662";"85";"2466";
"662";"91";"2473";
"662";"98";"2479";
"662";"99";"63560";
"662";"100";"63561";
"665";"1";"135";
"665";"8";"25";
"665";"9";"27";
"665";"10";"30";
"665";"11";"32";
"665";"13";"40";
"665";"14";"42";
"665";"17";"48";
"665";"19";"52";
"665";"32";"88";
"665";"39";"79";
"665";"45";"98";
"665";"48";"74";
"665";"49";"124";
"665";"54";"177";
"665";"58";"2409";
"665";"60";"2411";
"665";"85";"2466";
"665";"91";"2473";
"665";"98";"2479";
"665";"99";"50104";
"665";"100";"50105";
"668";"1";"165";
"668";"8";"25";
"668";"9";"28";
"668";"10";"30";
"668";"14";"42";
"668";"21";"56";
"668";"32";"87";
"668";"39";"79";
"668";"46";"99";
"668";"47";"77";
"668";"48";"76";
"668";"58";"2409";
"668";"60";"2411";
"668";"63";"2414";
"668";"64";"2415";
"668";"82";"2465";
"668";"86";"2468";
"668";"89";"2471";
"668";"98";"2479";
"668";"99";"58009";
"668";"100";"58010";
"672";"1";"134";
"672";"9";"18614";
"672";"48";"76";
"672";"49";"13125";
"672";"54";"178";
"672";"75";"2425";
"672";"77";"2430";
"672";"80";"2446";
"672";"81";"2429";
"672";"84";"2463";
"672";"86";"2468";
"672";"89";"2471";
"672";"95";"2476";
"672";"96";"2478";
"672";"99";"66323";
"672";"100";"66324";
"672";"101";"22386";
"672";"102";"18522";
"672";"103";"22393";
"672";"123";"44502";
"673";"1";"18533";
"673";"8";"25";
"673";"9";"18669";
"673";"10";"30";
"673";"13";"40";
"673";"14";"42";
"673";"17";"48";
"673";"18";"50";
"673";"19";"52";
"673";"34";"90";
"673";"39";"79";
"673";"46";"99";
"673";"48";"75";
"673";"49";"124";
"673";"54";"176";
"673";"59";"2410";
"673";"66";"2417";
"673";"73";"2428";
"673";"75";"2425";
"673";"77";"2430";
"673";"80";"2441";
"673";"81";"2429";
"673";"84";"2463";
"673";"85";"2466";
"673";"86";"2468";
"673";"96";"2478";
"673";"98";"2479";
"673";"99";"58769";
"673";"100";"58770";
"673";"101";"18518";
"673";"102";"18532";
"673";"103";"18524";
"673";"123";"44503";
"675";"1";"187";
"675";"8";"25";
"675";"9";"18669";
"675";"10";"30";
"675";"13";"40";
"675";"16";"46";
"675";"32";"88";
"675";"48";"74";
"675";"49";"13125";
"675";"54";"177";
"675";"58";"2409";
"675";"66";"2417";
"675";"68";"2419";
"675";"69";"2420";
"675";"83";"2464";
"675";"85";"2466";
"675";"86";"2468";
"675";"88";"2469";
"675";"89";"2471";
"675";"91";"2473";
"675";"98";"2479";
"675";"99";"58445";
"675";"100";"58446";
"675";"101";"18518";
"676";"1";"125";
"676";"8";"25";
"676";"9";"27";
"676";"10";"30";
"676";"13";"40";
"676";"14";"42";
"676";"16";"46";
"676";"32";"87";
"676";"39";"79";
"676";"41";"94";
"676";"47";"77";
"676";"48";"75";
"676";"49";"117";
"676";"66";"2417";
"676";"82";"2465";
"676";"83";"2464";
"676";"88";"2469";
"676";"90";"2470";
"676";"92";"2472";
"676";"95";"2476";
"676";"99";"18958";
"676";"100";"18959";
"679";"1";"145";
"679";"8";"25";
"679";"9";"27";
"679";"10";"30";
"679";"13";"40";
"679";"14";"42";
"679";"17";"48";
"679";"23";"60";
"679";"32";"88";
"679";"39";"79";
"679";"47";"77";
"679";"48";"75";
"679";"49";"117";
"679";"58";"2409";
"679";"66";"2417";
"679";"68";"2419";
"679";"69";"2420";
"679";"83";"2464";
"679";"85";"2466";
"679";"88";"2469";
"679";"89";"2471";
"679";"91";"2473";
"679";"99";"9775";
"679";"100";"9776";
"680";"1";"187";
"680";"8";"25";
"680";"9";"27";
"680";"10";"30";
"680";"13";"40";
"680";"14";"42";
"680";"16";"46";
"680";"48";"74";
"680";"49";"117";
"680";"58";"2409";
"680";"66";"2417";
"680";"68";"2419";
"680";"69";"2420";
"680";"83";"2464";
"680";"85";"2466";
"680";"88";"2469";
"680";"89";"2471";
"680";"91";"2473";
"680";"95";"2476";
"680";"99";"58429";
"680";"100";"58430";
"681";"1";"145";
"681";"8";"25";
"681";"9";"27";
"681";"10";"30";
"681";"13";"40";
"681";"14";"42";
"681";"16";"46";
"681";"19";"52";
"681";"23";"60";
"681";"32";"88";
"681";"36";"92";
"681";"39";"79";
"681";"45";"98";
"681";"47";"77";
"681";"48";"75";
"681";"49";"139";
"681";"58";"2409";
"681";"66";"2417";
"681";"68";"2419";
"681";"69";"2420";
"681";"83";"2464";
"681";"85";"2466";
"681";"88";"2469";
"681";"89";"2471";
"681";"91";"2473";
"681";"95";"2476";
"681";"99";"61045";
"681";"100";"61046";
"682";"1";"183";
"682";"8";"25";
"682";"9";"27";
"682";"10";"30";
"682";"13";"40";
"682";"14";"42";
"682";"23";"60";
"682";"32";"88";
"682";"34";"90";
"682";"36";"92";
"682";"39";"79";
"682";"45";"98";
"682";"47";"77";
"682";"48";"75";
"682";"49";"124";
"682";"54";"176";
"682";"58";"2409";
"682";"66";"2417";
"682";"68";"2419";
"682";"69";"2420";
"682";"83";"2464";
"682";"85";"2466";
"682";"88";"2469";
"682";"89";"2471";
"682";"91";"2473";
"682";"95";"2476";
"682";"99";"32704";
"682";"100";"32705";
"683";"1";"123";
"683";"9";"27";
"683";"10";"30";
"683";"13";"40";
"683";"17";"48";
"683";"18";"50";
"683";"21";"56";
"683";"34";"90";
"683";"39";"79";
"683";"47";"77";
"683";"48";"75";
"683";"49";"124";
"683";"54";"178";
"683";"80";"2440";
"683";"81";"2429";
"683";"85";"2466";
"683";"98";"2479";
"683";"99";"25089";
"683";"100";"25090";
"683";"101";"22390";
"686";"1";"130";
"686";"9";"27";
"686";"10";"30";
"686";"13";"40";
"686";"23";"60";
"686";"45";"98";
"686";"48";"74";
"686";"58";"2409";
"686";"69";"2420";
"686";"86";"2468";
"686";"87";"2467";
"686";"91";"2473";
"686";"95";"2476";
"686";"99";"11323";
"686";"100";"11324";
"688";"1";"134";
"688";"8";"26";
"688";"99";"59222";
"688";"100";"59223";
"689";"1";"165";
"689";"8";"25";
"689";"9";"27";
"689";"32";"87";
"689";"34";"90";
"689";"36";"92";
"689";"45";"98";
"689";"48";"76";
"689";"49";"122";
"689";"60";"2411";
"689";"85";"2466";
"689";"86";"2468";
"689";"93";"2475";
"689";"96";"2478";
"689";"99";"65781";
"689";"100";"65782";
"690";"1";"123";
"690";"8";"25";
"690";"9";"27";
"690";"32";"87";
"690";"34";"90";
"690";"36";"92";
"690";"45";"98";
"690";"48";"76";
"690";"60";"2411";
"690";"85";"2466";
"690";"93";"2475";
"690";"99";"65073";
"690";"100";"65074";
"691";"1";"125";
"691";"8";"25";
"691";"9";"27";
"691";"10";"30";
"691";"39";"79";
"691";"45";"98";
"691";"47";"77";
"691";"48";"74";
"691";"54";"176";
"691";"58";"2409";
"691";"60";"2411";
"691";"85";"2466";
"691";"91";"2473";
"691";"96";"2478";
"691";"99";"12169";
"691";"100";"12170";
"692";"1";"145";
"692";"8";"25";
"692";"9";"27";
"692";"10";"30";
"692";"13";"40";
"692";"19";"52";
"692";"32";"88";
"692";"34";"90";
"692";"36";"92";
"692";"39";"79";
"692";"45";"98";
"692";"46";"99";
"692";"47";"77";
"692";"48";"74";
"692";"49";"133";
"692";"54";"176";
"692";"58";"2409";
"692";"60";"2411";
"692";"67";"2418";
"692";"85";"2466";
"692";"91";"2473";
"692";"96";"2478";
"692";"99";"63484";
"692";"100";"63485";
"693";"1";"130";
"693";"8";"25";
"693";"9";"27";
"693";"10";"30";
"693";"13";"40";
"693";"32";"87";
"693";"36";"92";
"693";"39";"79";
"693";"45";"98";
"693";"47";"77";
"693";"48";"74";
"693";"49";"23699";
"693";"54";"177";
"693";"58";"2409";
"693";"60";"2411";
"693";"67";"2418";
"693";"76";"2424";
"693";"85";"2466";
"693";"86";"2468";
"693";"91";"2473";
"693";"95";"2476";
"693";"96";"2478";
"693";"99";"50064";
"693";"100";"50065";
"693";"101";"18518";
"693";"102";"18522";
"694";"1";"123";
"694";"8";"25";
"694";"9";"27";
"694";"10";"30";
"694";"13";"40";
"694";"14";"42";
"694";"16";"46";
"694";"18";"50";
"694";"32";"88";
"694";"36";"92";
"694";"39";"79";
"694";"45";"98";
"694";"47";"77";
"694";"48";"75";
"694";"58";"2409";
"694";"60";"2411";
"694";"73";"2428";
"694";"74";"2427";
"694";"75";"2425";
"694";"85";"2466";
"694";"91";"2473";
"694";"96";"2478";
"694";"99";"56877";
"694";"100";"56878";
"697";"1";"134";
"697";"8";"26";
"697";"9";"27";
"697";"10";"30";
"697";"13";"40";
"697";"14";"42";
"697";"17";"48";
"697";"23";"60";
"697";"32";"87";
"697";"46";"99";
"697";"48";"75";
"697";"99";"2682";
"697";"100";"3493";
"699";"1";"168";
"699";"8";"25";
"699";"9";"27";
"699";"10";"30";
"699";"11";"32";
"699";"13";"40";
"699";"14";"42";
"699";"17";"48";
"699";"19";"52";
"699";"23";"60";
"699";"32";"87";
"699";"39";"79";
"699";"45";"98";
"699";"46";"99";
"699";"48";"75";
"699";"49";"172";
"699";"56";"2407";
"699";"99";"42493";
"699";"100";"42494";
"704";"1";"132";
"704";"8";"25";
"704";"9";"18614";
"704";"10";"30";
"704";"11";"33";
"704";"13";"40";
"704";"14";"42";
"704";"17";"48";
"704";"19";"52";
"704";"32";"87";
"704";"39";"79";
"704";"48";"76";
"704";"49";"18508";
"704";"54";"179";
"704";"67";"2418";
"704";"85";"2466";
"704";"99";"46787";
"704";"100";"46788";
"704";"101";"18518";
"704";"102";"18615";
"705";"32";"87";
"705";"48";"74";
"705";"57";"2408";
"705";"85";"2466";
"705";"99";"56267";
"705";"100";"56268";
"706";"1";"123";
"706";"8";"25";
"706";"9";"18669";
"706";"10";"30";
"706";"19";"52";
"706";"21";"56";
"706";"32";"87";
"706";"39";"79";
"706";"47";"77";
"706";"48";"74";
"706";"49";"146";
"706";"54";"177";
"706";"58";"2409";
"706";"60";"2411";
"706";"66";"2417";
"706";"68";"2419";
"706";"83";"2464";
"706";"85";"2466";
"706";"86";"2468";
"706";"88";"2469";
"706";"89";"2471";
"706";"91";"2473";
"706";"99";"65837";
"706";"100";"65838";
"706";"101";"18518";
"706";"103";"18524";
"707";"1";"123";
"707";"8";"25";
"707";"9";"27";
"707";"10";"30";
"707";"13";"40";
"707";"14";"42";
"707";"16";"46";
"707";"17";"48";
"707";"18";"50";
"707";"32";"88";
"707";"36";"92";
"707";"39";"79";
"707";"47";"77";
"707";"48";"76";
"707";"49";"117";
"707";"58";"2409";
"707";"60";"2411";
"707";"72";"2422";
"707";"75";"2425";
"707";"85";"2466";
"707";"91";"2473";
"707";"99";"57267";
"707";"100";"57268";
"708";"1";"165";
"708";"8";"25";
"708";"9";"27";
"708";"10";"30";
"708";"13";"40";
"708";"14";"42";
"708";"16";"46";
"708";"17";"48";
"708";"18";"50";
"708";"32";"88";
"708";"36";"92";
"708";"39";"79";
"708";"47";"77";
"708";"48";"76";
"708";"49";"170";
"708";"58";"2409";
"708";"60";"2411";
"708";"75";"2425";
"708";"85";"2466";
"708";"91";"2473";
"708";"99";"29223";
"708";"100";"29224";
"709";"1";"138";
"709";"8";"25";
"709";"9";"27";
"709";"10";"30";
"709";"13";"40";
"709";"14";"42";
"709";"16";"46";
"709";"17";"48";
"709";"18";"50";
"709";"32";"88";
"709";"36";"92";
"709";"39";"79";
"709";"47";"77";
"709";"48";"76";
"709";"49";"117";
"709";"58";"2409";
"709";"60";"2411";
"709";"75";"2425";
"709";"85";"2466";
"709";"91";"2473";
"709";"99";"66303";
"709";"100";"66304";
"710";"1";"123";
"710";"8";"25";
"710";"9";"27";
"710";"10";"30";
"710";"13";"40";
"710";"14";"42";
"710";"16";"46";
"710";"17";"48";
"710";"18";"50";
"710";"32";"88";
"710";"36";"92";
"710";"39";"79";
"710";"47";"77";
"710";"48";"74";
"710";"49";"117";
"710";"58";"2409";
"710";"85";"2466";
"710";"91";"2473";
"710";"99";"59805";
"710";"100";"59806";
"711";"1";"123";
"711";"8";"25";
"711";"9";"28";
"711";"10";"30";
"711";"13";"40";
"711";"16";"46";
"711";"17";"48";
"711";"18";"50";
"711";"32";"88";
"711";"36";"92";
"711";"45";"98";
"711";"47";"77";
"711";"48";"76";
"711";"58";"2409";
"711";"74";"2427";
"711";"75";"2425";
"711";"85";"2466";
"711";"91";"2473";
"711";"96";"2478";
"711";"99";"48302";
"711";"100";"48303";
"712";"1";"132";
"712";"8";"25";
"712";"9";"28";
"712";"10";"30";
"712";"13";"40";
"712";"17";"48";
"712";"18";"50";
"712";"19";"52";
"712";"23";"60";
"712";"32";"88";
"712";"36";"92";
"712";"45";"98";
"712";"47";"77";
"712";"48";"74";
"712";"58";"2409";
"712";"67";"2418";
"712";"76";"2424";
"712";"85";"2466";
"712";"86";"2468";
"712";"91";"2473";
"712";"95";"2476";
"712";"96";"2478";
"712";"99";"68135";
"712";"100";"68136";
"713";"1";"18533";
"713";"8";"25";
"713";"9";"18669";
"713";"10";"30";
"713";"13";"40";
"713";"18";"50";
"713";"19";"52";
"713";"32";"88";
"713";"36";"92";
"713";"45";"98";
"713";"47";"77";
"713";"48";"75";
"713";"49";"13125";
"713";"54";"177";
"713";"58";"2409";
"713";"85";"2466";
"713";"91";"2473";
"713";"96";"2478";
"713";"99";"67615";
"713";"100";"67616";
"713";"101";"18518";
"713";"102";"18615";
"713";"103";"18527";
"714";"1";"138";
"714";"8";"25";
"714";"9";"18614";
"714";"10";"30";
"714";"13";"40";
"714";"17";"48";
"714";"18";"50";
"714";"19";"52";
"714";"23";"60";
"714";"32";"88";
"714";"36";"92";
"714";"45";"98";
"714";"47";"77";
"714";"48";"76";
"714";"49";"139";
"714";"54";"177";
"714";"58";"2409";
"714";"73";"2428";
"714";"75";"2425";
"714";"85";"2466";
"714";"86";"2468";
"714";"91";"2473";
"714";"96";"2478";
"714";"99";"42596";
"714";"100";"42597";
"714";"101";"18518";
"714";"102";"18615";
"714";"103";"18524";
"715";"1";"123";
"715";"8";"25";
"715";"9";"28";
"715";"10";"30";
"715";"13";"40";
"715";"17";"48";
"715";"18";"50";
"715";"19";"52";
"715";"23";"60";
"715";"32";"88";
"715";"36";"92";
"715";"45";"98";
"715";"47";"77";
"715";"48";"74";
"715";"49";"117";
"715";"58";"2409";
"715";"60";"2411";
"715";"73";"2428";
"715";"75";"2425";
"715";"85";"2466";
"715";"86";"2468";
"715";"91";"2473";
"715";"95";"2476";
"715";"96";"2478";
"715";"99";"59961";
"715";"100";"59962";
"716";"1";"145";
"716";"8";"25";
"716";"9";"28";
"716";"10";"30";
"716";"13";"40";
"716";"17";"48";
"716";"18";"50";
"716";"19";"52";
"716";"23";"60";
"716";"32";"88";
"716";"36";"92";
"716";"39";"79";
"716";"47";"77";
"716";"48";"74";
"716";"58";"2409";
"716";"60";"2411";
"716";"67";"2418";
"716";"76";"2424";
"716";"85";"2466";
"716";"86";"2468";
"716";"91";"2473";
"716";"95";"2476";
"716";"96";"2478";
"716";"99";"68133";
"716";"100";"68134";
"717";"1";"4279";
"717";"8";"25";
"717";"9";"18614";
"717";"10";"30";
"717";"11";"33";
"717";"13";"40";
"717";"16";"46";
"717";"18";"50";
"717";"21";"56";
"717";"23";"60";
"717";"39";"79";
"717";"47";"77";
"717";"48";"76";
"717";"49";"124";
"717";"54";"177";
"717";"58";"2409";
"717";"60";"2411";
"717";"66";"2417";
"717";"68";"2419";
"717";"72";"2422";
"717";"73";"2428";
"717";"74";"2427";
"717";"75";"2425";
"717";"85";"2466";
"717";"86";"2468";
"717";"87";"2467";
"717";"91";"2473";
"717";"96";"2478";
"717";"99";"59993";
"717";"100";"59994";
"717";"101";"18518";
"717";"102";"18615";
"717";"103";"18524";
"719";"100";"54546";
"720";"1";"123";
"720";"8";"25";
"720";"9";"27";
"720";"10";"30";
"720";"13";"40";
"720";"36";"92";
"720";"46";"99";
"720";"48";"75";
"720";"49";"139";
"720";"60";"2411";
"720";"78";"2432";
"720";"80";"2440";
"720";"81";"2429";
"720";"85";"2466";
"720";"90";"2470";
"720";"99";"54495";
"720";"100";"54496";
"722";"1";"135";
"722";"8";"25";
"722";"9";"27";
"722";"10";"30";
"722";"18";"50";
"722";"21";"56";
"722";"34";"90";
"722";"36";"92";
"722";"39";"79";
"722";"46";"99";
"722";"47";"77";
"722";"48";"75";
"722";"49";"143";
"722";"54";"177";
"722";"60";"2411";
"722";"78";"2432";
"722";"80";"2433";
"722";"81";"2429";
"722";"85";"2466";
"722";"90";"2470";
"722";"98";"2479";
"722";"99";"60731";
"722";"100";"60732";
"723";"1";"141";
"723";"8";"25";
"723";"9";"18669";
"723";"10";"30";
"723";"13";"40";
"723";"16";"46";
"723";"17";"48";
"723";"21";"56";
"723";"23";"60";
"723";"32";"88";
"723";"36";"92";
"723";"39";"79";
"723";"47";"77";
"723";"48";"76";
"723";"49";"124";
"723";"54";"177";
"723";"58";"2409";
"723";"60";"2411";
"723";"74";"2427";
"723";"75";"2425";
"723";"86";"2468";
"723";"91";"2473";
"723";"99";"60621";
"723";"100";"60622";
"723";"101";"18518";
"723";"103";"18527";
"728";"1";"130";
"728";"8";"26";
"728";"9";"28";
"728";"10";"31";
"728";"19";"52";
"728";"23";"60";
"728";"32";"88";
"728";"36";"92";
"728";"45";"98";
"728";"46";"99";
"728";"48";"74";
"728";"58";"2409";
"728";"60";"2411";
"728";"67";"2418";
"728";"83";"2464";
"728";"85";"2466";
"728";"91";"2473";
"728";"99";"44316";
"728";"100";"44317";
"729";"1";"145";
"729";"8";"25";
"729";"9";"27";
"729";"10";"30";
"729";"17";"48";
"729";"19";"52";
"729";"23";"60";
"729";"32";"88";
"729";"36";"92";
"729";"39";"79";
"729";"48";"74";
"729";"49";"133";
"729";"58";"2409";
"729";"60";"2411";
"729";"67";"2418";
"729";"73";"2428";
"729";"83";"2464";
"729";"86";"2468";
"729";"89";"2471";
"729";"91";"2473";
"729";"95";"2476";
"729";"99";"65677";
"729";"100";"65678";
"731";"58";"2409";
"731";"60";"2411";
"731";"83";"2464";
"731";"85";"2466";
"731";"88";"2469";
"731";"89";"2471";
"731";"91";"2473";
"731";"96";"2478";
"731";"99";"42479";
"731";"100";"42480";
"732";"8";"25";
"732";"9";"27";
"732";"10";"30";
"732";"19";"52";
"732";"23";"60";
"732";"32";"88";
"732";"36";"92";
"732";"39";"79";
"732";"58";"2409";
"732";"60";"2411";
"732";"74";"2427";
"732";"83";"2464";
"732";"86";"2468";
"732";"91";"2473";
"732";"99";"48860";
"732";"100";"48861";
"737";"1";"125";
"737";"9";"18669";
"737";"48";"74";
"737";"49";"139";
"737";"54";"176";
"737";"85";"2466";
"737";"101";"18517";
"737";"102";"18532";
"737";"103";"18527";
"738";"1";"130";
"738";"8";"25";
"738";"9";"27";
"738";"10";"30";
"738";"13";"40";
"738";"18";"50";
"738";"32";"87";
"738";"39";"79";
"738";"47";"77";
"738";"48";"74";
"738";"49";"124";
"738";"58";"2409";
"738";"60";"2411";
"738";"83";"2464";
"738";"85";"2466";
"738";"89";"2471";
"738";"91";"2473";
"738";"99";"28231";
"738";"100";"28232";
"739";"1";"125";
"739";"8";"25";
"739";"9";"27";
"739";"10";"30";
"739";"48";"74";
"739";"49";"117";
"739";"58";"2409";
"739";"85";"2466";
"739";"86";"2468";
"739";"91";"2473";
"739";"96";"2478";
"739";"98";"2479";
"739";"99";"2719";
"739";"100";"3530";
"741";"9";"27";
"741";"10";"30";
"741";"18";"50";
"741";"32";"88";
"741";"58";"2409";
"741";"60";"2411";
"741";"85";"2466";
"741";"86";"2468";
"741";"91";"2473";
"741";"99";"6289";
"741";"100";"6290";
"742";"8";"25";
"742";"9";"28";
"742";"10";"31";
"742";"18";"50";
"742";"32";"88";
"742";"36";"92";
"742";"39";"79";
"742";"45";"98";
"742";"47";"77";
"742";"48";"74";
"742";"58";"2409";
"742";"60";"2411";
"742";"67";"2418";
"742";"85";"2466";
"742";"86";"2468";
"742";"89";"2471";
"742";"91";"2473";
"742";"98";"2479";
"742";"99";"2755";
"742";"100";"3566";
"743";"8";"25";
"743";"9";"28";
"743";"10";"31";
"743";"18";"50";
"743";"32";"88";
"743";"36";"92";
"743";"39";"79";
"743";"45";"98";
"743";"47";"77";
"743";"48";"74";
"743";"58";"2409";
"743";"60";"2411";
"743";"67";"2418";
"743";"91";"2473";
"743";"99";"2695";
"743";"100";"3506";
"746";"1";"145";
"746";"23";"60";
"746";"80";"2436";
"746";"81";"2429";
"746";"85";"2466";
"746";"86";"2468";
"746";"89";"2471";
"746";"91";"2473";
"746";"99";"59409";
"746";"100";"59410";
"748";"1";"130";
"748";"8";"25";
"748";"9";"27";
"748";"10";"30";
"748";"11";"32";
"748";"13";"40";
"748";"17";"48";
"748";"19";"52";
"748";"21";"56";
"748";"32";"87";
"748";"36";"92";
"748";"39";"79";
"748";"45";"98";
"748";"47";"77";
"748";"48";"74";
"748";"72";"2422";
"748";"73";"2428";
"748";"75";"2425";
"748";"76";"2424";
"748";"86";"2468";
"748";"87";"2467";
"748";"90";"2470";
"748";"91";"2473";
"748";"95";"2476";
"748";"99";"23724";
"748";"100";"23725";
"749";"1";"125";
"749";"8";"25";
"749";"9";"27";
"749";"10";"30";
"749";"11";"32";
"749";"13";"40";
"749";"17";"48";
"749";"19";"52";
"749";"21";"56";
"749";"32";"87";
"749";"36";"92";
"749";"39";"79";
"749";"45";"98";
"749";"47";"77";
"749";"48";"74";
"749";"72";"2422";
"749";"73";"2428";
"749";"75";"2425";
"749";"76";"2424";
"749";"86";"2468";
"749";"87";"2467";
"749";"90";"2470";
"749";"91";"2473";
"749";"95";"2476";
"749";"99";"23932";
"749";"100";"23933";
"751";"1";"140";
"751";"9";"27";
"751";"10";"30";
"751";"86";"2468";
"751";"90";"2470";
"751";"99";"2702";
"751";"100";"3513";
"752";"1";"127";
"752";"8";"25";
"752";"9";"27";
"752";"10";"30";
"752";"13";"40";
"752";"14";"42";
"752";"17";"48";
"752";"19";"52";
"752";"23";"60";
"752";"32";"87";
"752";"39";"79";
"752";"47";"77";
"752";"48";"74";
"752";"49";"117";
"752";"54";"178";
"752";"66";"2417";
"752";"68";"2419";
"752";"69";"2420";
"752";"83";"2464";
"752";"86";"2468";
"752";"95";"2476";
"752";"99";"38348";
"752";"100";"38349";
"752";"101";"18518";
"753";"8";"26";
"753";"9";"28";
"753";"10";"30";
"753";"17";"48";
"753";"19";"52";
"753";"21";"56";
"753";"23";"60";
"753";"32";"87";
"753";"36";"92";
"753";"39";"79";
"753";"45";"98";
"753";"47";"77";
"753";"48";"74";
"753";"66";"2417";
"753";"68";"2419";
"753";"69";"2420";
"753";"86";"2468";
"753";"91";"2473";
"753";"96";"2478";
"753";"98";"2479";
"753";"99";"54132";
"753";"100";"54133";
"756";"1";"183";
"756";"8";"25";
"756";"9";"27";
"756";"10";"30";
"756";"13";"40";
"756";"39";"79";
"756";"45";"98";
"756";"48";"74";
"756";"49";"128";
"756";"54";"177";
"756";"58";"2409";
"756";"60";"2411";
"756";"67";"2418";
"756";"86";"2468";
"756";"89";"2471";
"756";"91";"2473";
"756";"98";"2479";
"756";"99";"2709";
"756";"100";"3520";
"757";"8";"25";
"757";"9";"27";
"757";"10";"30";
"757";"45";"98";
"757";"58";"2409";
"757";"60";"2411";
"757";"67";"2418";
"757";"86";"2468";
"757";"89";"2471";
"757";"91";"2473";
"757";"98";"2479";
"757";"99";"2710";
"757";"100";"3521";
"758";"8";"25";
"758";"9";"27";
"758";"10";"30";
"758";"45";"98";
"758";"48";"74";
"758";"58";"2409";
"758";"60";"2411";
"758";"67";"2418";
"758";"86";"2468";
"758";"89";"2471";
"758";"91";"2473";
"758";"98";"2479";
"758";"99";"2711";
"758";"100";"3522";
"759";"1";"183";
"759";"8";"25";
"759";"9";"27";
"759";"10";"30";
"759";"17";"48";
"759";"19";"52";
"759";"32";"88";
"759";"45";"98";
"759";"48";"74";
"759";"54";"177";
"759";"58";"2409";
"759";"60";"2411";
"759";"67";"2418";
"759";"86";"2468";
"759";"89";"2471";
"759";"91";"2473";
"759";"98";"2479";
"759";"99";"2712";
"759";"100";"3523";
"762";"1";"134";
"762";"8";"25";
"762";"9";"27";
"762";"10";"30";
"762";"18";"50";
"762";"32";"88";
"762";"36";"92";
"762";"45";"98";
"762";"48";"74";
"762";"54";"177";
"762";"58";"2409";
"762";"60";"2411";
"762";"68";"2419";
"762";"85";"2466";
"762";"91";"2473";
"762";"99";"59891";
"762";"100";"59892";
"763";"8";"25";
"763";"9";"27";
"763";"10";"30";
"763";"45";"98";
"763";"54";"178";
"763";"58";"2409";
"763";"60";"2411";
"763";"83";"2464";
"763";"86";"2468";
"763";"91";"2473";
"763";"99";"65553";
"763";"100";"65554";
"766";"1";"123";
"766";"8";"25";
"766";"9";"27";
"766";"10";"30";
"766";"54";"176";
"766";"58";"2409";
"766";"60";"2411";
"766";"68";"2419";
"766";"73";"2428";
"766";"74";"2427";
"766";"83";"2464";
"766";"85";"2466";
"766";"86";"2468";
"766";"91";"2473";
"766";"98";"2479";
"766";"99";"57575";
"766";"100";"57576";
"768";"58";"2409";
"768";"60";"2411";
"768";"67";"2418";
"768";"74";"2427";
"768";"83";"2464";
"768";"86";"2468";
"768";"89";"2471";
"768";"91";"2473";
"768";"95";"2476";
"768";"98";"2479";
"768";"99";"3054";
"768";"100";"3865";
"770";"1";"123";
"770";"8";"25";
"770";"9";"27";
"770";"10";"30";
"770";"32";"88";
"770";"54";"176";
"770";"58";"2409";
"770";"60";"2411";
"770";"62";"2413";
"770";"83";"2464";
"770";"85";"2466";
"770";"88";"2469";
"770";"91";"2473";
"770";"99";"49074";
"770";"100";"49075";
"771";"8";"25";
"771";"9";"27";
"771";"10";"30";
"771";"58";"2409";
"771";"60";"2411";
"771";"62";"2413";
"771";"74";"2427";
"771";"83";"2464";
"771";"85";"2466";
"771";"88";"2469";
"771";"91";"2473";
"771";"99";"60471";
"771";"100";"60472";
"772";"8";"25";
"772";"9";"27";
"772";"10";"30";
"772";"58";"2409";
"772";"60";"2411";
"772";"67";"2418";
"772";"83";"2464";
"772";"85";"2466";
"772";"88";"2469";
"772";"91";"2473";
"772";"95";"2476";
"772";"98";"2479";
"772";"99";"4888";
"772";"100";"4889";
"773";"1";"121";
"773";"8";"25";
"773";"9";"27";
"773";"10";"30";
"773";"18";"50";
"773";"48";"74";
"773";"54";"176";
"773";"58";"2409";
"773";"60";"2411";
"773";"62";"2413";
"773";"74";"2427";
"773";"83";"2464";
"773";"85";"2466";
"773";"88";"2469";
"773";"91";"2473";
"773";"99";"60473";
"773";"100";"60474";
"774";"1";"121";
"774";"8";"25";
"774";"9";"27";
"774";"10";"30";
"774";"18";"50";
"774";"32";"88";
"774";"49";"4318";
"774";"54";"176";
"774";"58";"2409";
"774";"60";"2411";
"774";"62";"2413";
"774";"66";"2417";
"774";"68";"2419";
"774";"74";"2427";
"774";"83";"2464";
"774";"85";"2466";
"774";"88";"2469";
"774";"91";"2473";
"774";"99";"40331";
"774";"100";"40332";
"774";"101";"18518";
"774";"122";"19586";
"775";"1";"127";
"775";"8";"25";
"775";"9";"27";
"775";"10";"30";
"775";"13";"40";
"775";"19";"52";
"775";"32";"88";
"775";"36";"92";
"775";"39";"79";
"775";"48";"74";
"775";"54";"176";
"775";"58";"2409";
"775";"60";"2411";
"775";"66";"2417";
"775";"68";"2419";
"775";"71";"2423";
"775";"75";"2425";
"775";"83";"2464";
"775";"85";"2466";
"775";"88";"2469";
"775";"89";"2471";
"775";"90";"2470";
"775";"91";"2473";
"775";"95";"2476";
"775";"99";"67613";
"775";"100";"67614";
"776";"1";"130";
"776";"8";"25";
"776";"9";"27";
"776";"10";"30";
"776";"11";"32";
"776";"13";"40";
"776";"19";"52";
"776";"32";"88";
"776";"36";"92";
"776";"48";"74";
"776";"49";"117";
"776";"54";"176";
"776";"58";"2409";
"776";"60";"2411";
"776";"66";"2417";
"776";"68";"2419";
"776";"71";"2423";
"776";"75";"2425";
"776";"83";"2464";
"776";"85";"2466";
"776";"88";"2469";
"776";"89";"2471";
"776";"90";"2470";
"776";"91";"2473";
"776";"95";"2476";
"776";"99";"57301";
"776";"100";"57302";
"777";"1";"134";
"777";"8";"25";
"777";"9";"27";
"777";"10";"30";
"777";"11";"32";
"777";"48";"74";
"777";"49";"124";
"777";"54";"176";
"777";"58";"2409";
"777";"60";"2411";
"777";"66";"2417";
"777";"68";"2419";
"777";"69";"2420";
"777";"71";"2423";
"777";"75";"2425";
"777";"83";"2464";
"777";"85";"2466";
"777";"88";"2469";
"777";"89";"2471";
"777";"90";"2470";
"777";"91";"2473";
"777";"95";"2476";
"777";"98";"2479";
"777";"99";"59723";
"777";"100";"59724";
"778";"1";"130";
"778";"8";"25";
"778";"9";"27";
"778";"10";"30";
"778";"39";"79";
"778";"48";"74";
"778";"54";"176";
"778";"58";"2409";
"778";"60";"2411";
"778";"66";"2417";
"778";"68";"2419";
"778";"71";"2423";
"778";"75";"2425";
"778";"83";"2464";
"778";"85";"2466";
"778";"88";"2469";
"778";"89";"2471";
"778";"90";"2470";
"778";"91";"2473";
"778";"95";"2476";
"778";"99";"59909";
"778";"100";"59910";
"779";"1";"127";
"779";"8";"25";
"779";"9";"27";
"779";"10";"30";
"779";"39";"79";
"779";"48";"74";
"779";"54";"176";
"779";"58";"2409";
"779";"60";"2411";
"779";"66";"2417";
"779";"68";"2419";
"779";"71";"2423";
"779";"75";"2425";
"779";"83";"2464";
"779";"85";"2466";
"779";"88";"2469";
"779";"89";"2471";
"779";"90";"2470";
"779";"91";"2473";
"779";"95";"2476";
"779";"98";"2479";
"779";"99";"56814";
"779";"100";"56815";
"780";"1";"134";
"780";"8";"25";
"780";"9";"27";
"780";"10";"30";
"780";"11";"32";
"780";"13";"40";
"780";"18";"50";
"780";"19";"52";
"780";"32";"88";
"780";"39";"79";
"780";"45";"98";
"780";"48";"74";
"780";"49";"117";
"780";"54";"176";
"780";"58";"2409";
"780";"60";"2411";
"780";"66";"2417";
"780";"68";"2419";
"780";"71";"2423";
"780";"75";"2425";
"780";"83";"2464";
"780";"85";"2466";
"780";"88";"2469";
"780";"89";"2471";
"780";"90";"2470";
"780";"91";"2473";
"780";"95";"2476";
"780";"99";"65069";
"780";"100";"65070";
"782";"1";"145";
"782";"8";"25";
"782";"9";"27";
"782";"10";"30";
"782";"11";"32";
"782";"13";"40";
"782";"18";"50";
"782";"19";"52";
"782";"23";"60";
"782";"32";"88";
"782";"36";"92";
"782";"48";"74";
"782";"49";"124";
"782";"54";"176";
"782";"58";"2409";
"782";"60";"2411";
"782";"83";"2464";
"782";"85";"2466";
"782";"88";"2469";
"782";"89";"2471";
"782";"91";"2473";
"782";"96";"2478";
"782";"99";"60667";
"782";"100";"60668";
"786";"1";"123";
"786";"8";"25";
"786";"9";"27";
"786";"10";"30";
"786";"13";"40";
"786";"14";"42";
"786";"16";"46";
"786";"18";"50";
"786";"32";"88";
"786";"36";"92";
"786";"46";"99";
"786";"48";"75";
"786";"49";"124";
"786";"54";"176";
"786";"58";"2409";
"786";"66";"2417";
"786";"68";"2419";
"786";"83";"2464";
"786";"85";"2466";
"786";"86";"2468";
"786";"88";"2469";
"786";"89";"2471";
"786";"91";"2473";
"786";"95";"2476";
"786";"98";"2479";
"786";"99";"65825";
"786";"100";"65826";
"787";"1";"185";
"787";"8";"25";
"787";"9";"27";
"787";"10";"30";
"787";"48";"75";
"787";"58";"2409";
"787";"85";"2466";
"787";"91";"2473";
"788";"1";"125";
"788";"8";"25";
"788";"9";"27";
"788";"10";"30";
"788";"13";"40";
"788";"14";"42";
"788";"18";"50";
"788";"21";"56";
"788";"32";"87";
"788";"39";"79";
"788";"47";"77";
"788";"48";"75";
"788";"66";"2417";
"788";"73";"2428";
"788";"75";"2425";
"788";"76";"2424";
"788";"82";"2465";
"788";"83";"2464";
"788";"88";"2469";
"788";"89";"2471";
"788";"90";"2470";
"788";"99";"40926";
"788";"100";"40927";
"789";"1";"125";
"789";"8";"25";
"789";"9";"28";
"789";"10";"30";
"789";"13";"40";
"789";"17";"48";
"789";"18";"50";
"789";"32";"88";
"789";"36";"92";
"789";"39";"79";
"789";"47";"77";
"789";"48";"74";
"789";"49";"124";
"789";"54";"176";
"789";"58";"2409";
"789";"60";"2411";
"789";"68";"2419";
"789";"73";"2428";
"789";"74";"2427";
"789";"83";"2464";
"789";"85";"2466";
"789";"86";"2468";
"789";"91";"2473";
"789";"95";"2476";
"789";"99";"64692";
"789";"100";"64693";
"789";"101";"18517";
"789";"102";"18522";
"790";"1";"125";
"790";"8";"25";
"790";"9";"27";
"790";"10";"30";
"790";"13";"40";
"790";"17";"48";
"790";"18";"50";
"790";"19";"52";
"790";"32";"88";
"790";"36";"92";
"790";"39";"79";
"790";"45";"98";
"790";"46";"99";
"790";"47";"77";
"790";"48";"74";
"790";"49";"117";
"790";"54";"176";
"790";"58";"2409";
"790";"60";"2411";
"790";"67";"2418";
"790";"73";"2428";
"790";"83";"2464";
"790";"86";"2468";
"790";"89";"2471";
"790";"91";"2473";
"790";"95";"2476";
"790";"99";"56640";
"790";"100";"56641";
"791";"1";"137";
"791";"8";"25";
"791";"9";"27";
"791";"10";"30";
"791";"13";"40";
"791";"14";"42";
"791";"18";"50";
"791";"21";"56";
"791";"32";"88";
"791";"45";"98";
"791";"47";"77";
"791";"48";"75";
"791";"49";"13125";
"791";"54";"178";
"791";"58";"2409";
"791";"60";"2411";
"791";"62";"2413";
"791";"63";"2414";
"791";"64";"2415";
"791";"65";"2416";
"791";"66";"2417";
"791";"67";"2418";
"791";"75";"2425";
"791";"85";"2466";
"791";"86";"2468";
"791";"91";"2473";
"791";"99";"65707";
"791";"100";"65708";
"792";"58";"2409";
"792";"60";"2411";
"792";"85";"2466";
"792";"91";"2473";
"792";"99";"11521";
"792";"100";"11522";
"796";"1";"145";
"796";"9";"27";
"796";"10";"30";
"796";"17";"48";
"796";"19";"52";
"796";"32";"88";
"796";"39";"79";
"796";"48";"74";
"796";"54";"178";
"796";"58";"2409";
"796";"67";"2418";
"796";"85";"2466";
"796";"86";"2468";
"796";"91";"2473";
"796";"98";"2479";
"796";"99";"11535";
"796";"100";"11536";
"797";"1";"125";
"797";"32";"88";
"797";"36";"92";
"797";"48";"74";
"797";"54";"178";
"797";"58";"2409";
"797";"67";"2418";
"797";"85";"2466";
"797";"86";"2468";
"797";"91";"2473";
"797";"98";"2479";
"797";"99";"48444";
"797";"100";"48445";
"800";"1";"130";
"800";"8";"25";
"800";"9";"27";
"800";"10";"30";
"800";"13";"40";
"800";"14";"42";
"800";"32";"88";
"800";"48";"74";
"800";"49";"117";
"800";"54";"176";
"800";"58";"2409";
"800";"60";"2411";
"800";"67";"2418";
"800";"85";"2466";
"800";"86";"2468";
"800";"91";"2473";
"800";"98";"2479";
"800";"99";"60115";
"800";"100";"60116";
"804";"1";"125";
"804";"9";"18669";
"804";"48";"75";
"804";"49";"139";
"804";"54";"177";
"804";"58";"2409";
"804";"66";"2417";
"804";"69";"2420";
"804";"71";"2423";
"804";"83";"2464";
"804";"85";"2466";
"804";"86";"2468";
"804";"88";"2469";
"804";"89";"2471";
"804";"91";"2473";
"804";"98";"2479";
"804";"99";"15327";
"804";"100";"15328";
"804";"101";"18518";
"804";"102";"18532";
"804";"103";"18527";
"805";"1";"4279";
"805";"9";"18669";
"805";"48";"76";
"805";"49";"124";
"805";"54";"177";
"805";"58";"2409";
"805";"66";"2417";
"805";"74";"2427";
"805";"75";"2425";
"805";"83";"2464";
"805";"85";"2466";
"805";"86";"2468";
"805";"88";"2469";
"805";"89";"2471";
"805";"91";"2473";
"805";"98";"2479";
"805";"99";"60329";
"805";"100";"60330";
"805";"101";"18518";
"805";"102";"18615";
"805";"103";"18524";
"806";"1";"4279";
"806";"9";"18669";
"806";"48";"76";
"806";"49";"117";
"806";"54";"177";
"806";"58";"2409";
"806";"60";"2411";
"806";"66";"2417";
"806";"74";"2427";
"806";"75";"2425";
"806";"83";"2464";
"806";"85";"2466";
"806";"88";"2469";
"806";"89";"2471";
"806";"91";"2473";
"806";"99";"56919";
"806";"100";"56920";
"806";"101";"18517";
"806";"102";"18521";
"806";"103";"18524";
"807";"1";"123";
"807";"8";"25";
"807";"9";"27";
"807";"10";"30";
"807";"13";"40";
"807";"18";"50";
"807";"36";"92";
"807";"39";"79";
"807";"49";"128";
"807";"54";"176";
"807";"58";"2409";
"807";"60";"2411";
"807";"66";"2417";
"807";"67";"2418";
"807";"83";"2464";
"807";"85";"2466";
"807";"88";"2469";
"807";"89";"2471";
"807";"91";"2473";
"807";"99";"58737";
"807";"100";"58738";
"812";"1";"168";
"812";"48";"75";
"812";"49";"23699";
"812";"54";"178";
"812";"58";"2409";
"812";"66";"2417";
"812";"68";"2419";
"812";"69";"2420";
"812";"83";"2464";
"812";"85";"2466";
"812";"88";"2469";
"812";"89";"2471";
"812";"91";"2473";
"812";"99";"65999";
"812";"100";"66000";
"812";"102";"18522";
"813";"58";"2409";
"813";"66";"2417";
"813";"68";"2419";
"813";"69";"2420";
"813";"83";"2464";
"813";"85";"2466";
"813";"88";"2469";
"813";"89";"2471";
"813";"91";"2473";
"813";"99";"47314";
"813";"100";"47315";
"814";"1";"187";
"814";"9";"18669";
"814";"48";"74";
"814";"49";"124";
"814";"54";"178";
"814";"58";"2409";
"814";"66";"2417";
"814";"68";"2419";
"814";"69";"2420";
"814";"83";"2464";
"814";"85";"2466";
"814";"88";"2469";
"814";"89";"2471";
"814";"91";"2473";
"814";"99";"65683";
"814";"100";"65684";
"814";"101";"18518";
"814";"102";"18532";
"814";"103";"18527";
"815";"58";"2409";
"815";"66";"2417";
"815";"68";"2419";
"815";"69";"2420";
"815";"83";"2464";
"815";"85";"2466";
"815";"88";"2469";
"815";"89";"2471";
"815";"91";"2473";
"815";"95";"2476";
"815";"99";"66001";
"815";"100";"66002";
"816";"1";"49146";
"816";"48";"75";
"816";"49";"139";
"816";"54";"176";
"816";"58";"2409";
"816";"66";"2417";
"816";"68";"2419";
"816";"69";"2420";
"816";"83";"2464";
"816";"85";"2466";
"816";"88";"2469";
"816";"89";"2471";
"816";"91";"2473";
"816";"95";"2476";
"816";"99";"66005";
"816";"100";"66006";
"816";"101";"18518";
"816";"102";"18522";
"817";"1";"168";
"817";"9";"18669";
"817";"48";"74";
"817";"49";"117";
"817";"54";"177";
"817";"58";"2409";
"817";"66";"2417";
"817";"68";"2419";
"817";"69";"2420";
"817";"83";"2464";
"817";"85";"2466";
"817";"88";"2469";
"817";"89";"2471";
"817";"91";"2473";
"817";"95";"2476";
"817";"99";"58435";
"817";"100";"58436";
"817";"101";"18517";
"817";"102";"18532";
"817";"103";"18527";
"818";"1";"168";
"818";"9";"18669";
"818";"48";"76";
"818";"49";"124";
"818";"54";"177";
"818";"58";"2409";
"818";"66";"2417";
"818";"68";"2419";
"818";"69";"2420";
"818";"83";"2464";
"818";"85";"2466";
"818";"88";"2469";
"818";"89";"2471";
"818";"91";"2473";
"818";"95";"2476";
"818";"99";"18482";
"818";"100";"18483";
"818";"101";"18518";
"818";"103";"18524";
"820";"58";"2409";
"820";"66";"2417";
"820";"68";"2419";
"820";"69";"2420";
"820";"83";"2464";
"820";"85";"2466";
"820";"88";"2469";
"820";"89";"2471";
"820";"91";"2473";
"820";"99";"44304";
"820";"100";"44305";
"821";"1";"23076";
"821";"8";"25";
"821";"9";"29";
"821";"11";"32";
"821";"48";"75";
"821";"49";"124";
"821";"54";"177";
"821";"58";"2409";
"821";"66";"2417";
"821";"68";"2419";
"821";"69";"2420";
"821";"83";"2464";
"821";"85";"2466";
"821";"88";"2469";
"821";"89";"2471";
"821";"91";"2473";
"821";"99";"60919";
"821";"100";"60920";
"821";"101";"18518";
"821";"102";"18521";
"821";"122";"19602";
"822";"1";"24723";
"822";"54";"177";
"822";"58";"2409";
"822";"66";"2417";
"822";"83";"2464";
"822";"85";"2466";
"822";"88";"2469";
"822";"89";"2471";
"822";"91";"2473";
"822";"99";"50154";
"822";"100";"50155";
"822";"101";"18518";
"822";"102";"22451";
"824";"1";"145";
"824";"8";"25";
"824";"9";"27";
"824";"10";"30";
"824";"11";"32";
"824";"13";"40";
"824";"32";"88";
"824";"39";"79";
"824";"49";"124";
"824";"54";"177";
"824";"58";"2409";
"824";"66";"2417";
"824";"69";"2420";
"824";"83";"2464";
"824";"85";"2466";
"824";"88";"2469";
"824";"89";"2471";
"824";"91";"2473";
"824";"99";"59379";
"824";"100";"59380";
"826";"1";"125";
"826";"9";"18669";
"826";"48";"76";
"826";"49";"139";
"826";"54";"177";
"826";"58";"2409";
"826";"66";"2417";
"826";"68";"2419";
"826";"69";"2420";
"826";"71";"2423";
"826";"83";"2464";
"826";"85";"2466";
"826";"86";"2468";
"826";"88";"2469";
"826";"89";"2471";
"826";"91";"2473";
"826";"95";"2476";
"826";"98";"2479";
"826";"99";"66547";
"826";"100";"66548";
"826";"101";"18518";
"826";"103";"18524";
"827";"58";"2409";
"827";"66";"2417";
"827";"68";"2419";
"827";"69";"2420";
"827";"71";"2423";
"827";"83";"2464";
"827";"85";"2466";
"827";"86";"2468";
"827";"88";"2469";
"827";"89";"2471";
"827";"91";"2473";
"827";"98";"2479";
"827";"99";"17456";
"827";"100";"17457";
"828";"58";"2409";
"828";"66";"2417";
"828";"68";"2419";
"828";"69";"2420";
"828";"83";"2464";
"828";"85";"2466";
"828";"86";"2468";
"828";"88";"2469";
"828";"89";"2471";
"828";"91";"2473";
"828";"95";"2476";
"828";"98";"2479";
"828";"99";"64728";
"828";"100";"64729";
"829";"8";"25";
"829";"9";"27";
"829";"10";"30";
"829";"16";"46";
"829";"17";"48";
"829";"18";"50";
"829";"19";"52";
"829";"32";"88";
"829";"36";"92";
"829";"45";"98";
"829";"48";"74";
"829";"58";"2409";
"829";"85";"2466";
"829";"91";"2473";
"829";"96";"2478";
"829";"99";"14275";
"829";"100";"14276";
"830";"58";"2409";
"830";"73";"2428";
"830";"74";"2427";
"830";"75";"2425";
"830";"85";"2466";
"830";"91";"2473";
"830";"96";"2478";
"830";"99";"57796";
"830";"100";"57797";
"832";"1";"132";
"832";"9";"18669";
"832";"48";"74";
"832";"49";"133";
"832";"54";"177";
"832";"58";"2409";
"832";"60";"2411";
"832";"67";"2418";
"832";"76";"2424";
"832";"85";"2466";
"832";"91";"2473";
"832";"95";"2476";
"832";"96";"2478";
"832";"99";"64660";
"832";"100";"64661";
"832";"101";"18518";
"832";"102";"18615";
"832";"103";"18527";
"833";"1";"140";
"833";"9";"18669";
"833";"48";"74";
"833";"49";"117";
"833";"54";"177";
"833";"58";"2409";
"833";"60";"2411";
"833";"85";"2466";
"833";"86";"2468";
"833";"91";"2473";
"833";"99";"60827";
"833";"100";"60828";
"833";"101";"18518";
"834";"1";"123";
"834";"9";"18669";
"834";"48";"74";
"834";"49";"133";
"834";"54";"177";
"834";"58";"2409";
"834";"60";"2411";
"834";"85";"2466";
"834";"91";"2473";
"834";"95";"2476";
"834";"96";"2478";
"834";"99";"60547";
"834";"100";"60548";
"834";"101";"18518";
"834";"102";"18615";
"834";"103";"18524";
"835";"58";"2409";
"835";"60";"2411";
"835";"85";"2466";
"835";"86";"2468";
"835";"91";"2473";
"835";"96";"2478";
"835";"99";"19939";
"835";"100";"19940";
"837";"1";"134";
"837";"8";"25";
"837";"9";"27";
"837";"10";"30";
"837";"18";"50";
"837";"19";"52";
"837";"36";"92";
"837";"39";"79";
"837";"45";"98";
"837";"48";"74";
"837";"49";"128";
"837";"54";"178";
"837";"58";"2409";
"837";"60";"2411";
"837";"67";"2418";
"837";"85";"2466";
"837";"86";"2468";
"837";"91";"2473";
"837";"99";"65893";
"837";"100";"65894";
"837";"101";"18518";
"838";"58";"2409";
"838";"60";"2411";
"838";"86";"2468";
"838";"91";"2473";
"838";"99";"59831";
"838";"100";"59832";
"839";"1";"123";
"839";"8";"25";
"839";"9";"27";
"839";"10";"30";
"839";"13";"40";
"839";"18";"50";
"839";"32";"88";
"839";"34";"90";
"839";"39";"79";
"839";"45";"98";
"839";"48";"74";
"839";"49";"117";
"839";"54";"177";
"839";"58";"2409";
"839";"60";"2411";
"839";"74";"2427";
"839";"75";"2425";
"839";"86";"2468";
"839";"91";"2473";
"839";"99";"65755";
"839";"100";"65756";
"840";"1";"121";
"840";"8";"25";
"840";"10";"30";
"840";"13";"40";
"840";"18";"50";
"840";"32";"88";
"840";"48";"76";
"840";"54";"177";
"840";"58";"2409";
"840";"60";"2411";
"840";"74";"2427";
"840";"86";"2468";
"840";"91";"2473";
"840";"99";"60957";
"840";"100";"60958";
"840";"101";"18518";
"840";"102";"18522";
"841";"1";"135";
"841";"8";"25";
"841";"9";"27";
"841";"10";"30";
"841";"11";"32";
"841";"13";"40";
"841";"17";"48";
"841";"19";"52";
"841";"21";"56";
"841";"32";"87";
"841";"36";"92";
"841";"39";"79";
"841";"45";"98";
"841";"47";"77";
"841";"48";"74";
"841";"72";"2422";
"841";"73";"2428";
"841";"75";"2425";
"841";"76";"2424";
"841";"85";"2466";
"841";"86";"2468";
"841";"87";"2467";
"841";"90";"2470";
"841";"91";"2473";
"841";"95";"2476";
"841";"99";"37037";
"841";"100";"37038";
"841";"101";"18519";
"845";"1";"181";
"845";"49";"124";
"845";"54";"177";
"845";"58";"2409";
"845";"66";"2417";
"845";"69";"2420";
"845";"83";"2464";
"845";"85";"2466";
"845";"88";"2469";
"845";"89";"2471";
"845";"91";"2473";
"845";"99";"64620";
"845";"100";"64621";
"845";"101";"18518";
"845";"102";"18522";
"846";"1";"123";
"846";"8";"25";
"846";"9";"27";
"846";"10";"30";
"846";"11";"32";
"846";"14";"42";
"846";"17";"48";
"846";"18";"50";
"846";"32";"88";
"846";"39";"79";
"846";"45";"98";
"846";"46";"99";
"846";"47";"77";
"846";"48";"75";
"846";"49";"117";
"846";"54";"177";
"846";"58";"2409";
"846";"66";"2417";
"846";"83";"2464";
"846";"85";"2466";
"846";"86";"2468";
"846";"88";"2469";
"846";"89";"2471";
"846";"91";"2473";
"846";"95";"2476";
"846";"98";"2479";
"846";"99";"50272";
"846";"100";"50273";
"846";"101";"18518";
"846";"102";"18522";
"848";"57";"2408";
"848";"99";"5058";
"848";"100";"5059";
"857";"99";"12780";
"857";"100";"12781";
"859";"1";"145";
"859";"8";"25";
"859";"9";"28";
"859";"10";"30";
"859";"13";"40";
"859";"17";"48";
"859";"18";"50";
"859";"19";"52";
"859";"32";"88";
"859";"45";"98";
"859";"46";"99";
"859";"48";"74";
"859";"49";"146";
"859";"58";"2409";
"859";"60";"2411";
"859";"67";"2418";
"859";"86";"2468";
"859";"89";"2471";
"859";"91";"2473";
"859";"98";"2479";
"859";"99";"63430";
"859";"100";"63431";
"860";"1";"138";
"860";"49";"170";
"860";"78";"2432";
"860";"80";"2439";
"860";"81";"2429";
"860";"85";"2466";
"860";"89";"2471";
"860";"98";"2479";
"860";"99";"67987";
"860";"100";"67988";
"861";"1";"137";
"861";"8";"25";
"861";"9";"28";
"861";"10";"30";
"861";"11";"33";
"861";"13";"40";
"861";"18";"50";
"861";"47";"77";
"861";"48";"75";
"861";"49";"124";
"861";"54";"177";
"861";"78";"2432";
"861";"80";"2439";
"861";"81";"2429";
"861";"85";"2466";
"861";"89";"2471";
"861";"98";"2479";
"861";"99";"67955";
"861";"100";"67956";
"862";"1";"13121";
"862";"8";"25";
"862";"9";"18669";
"862";"10";"30";
"862";"13";"40";
"862";"17";"48";
"862";"18";"50";
"862";"19";"52";
"862";"21";"56";
"862";"23";"60";
"862";"32";"88";
"862";"36";"92";
"862";"39";"79";
"862";"45";"98";
"862";"47";"77";
"862";"48";"74";
"862";"49";"117";
"862";"54";"177";
"862";"58";"2409";
"862";"60";"2411";
"862";"85";"2466";
"862";"86";"2468";
"862";"91";"2473";
"862";"95";"2476";
"862";"96";"2478";
"862";"99";"56849";
"862";"100";"56850";
"862";"101";"18518";
"862";"102";"18615";
"863";"1";"132";
"863";"8";"25";
"863";"9";"18669";
"863";"10";"30";
"863";"17";"48";
"863";"19";"52";
"863";"32";"88";
"863";"39";"79";
"863";"48";"74";
"863";"49";"18508";
"863";"54";"178";
"863";"58";"2409";
"863";"60";"2411";
"863";"85";"2466";
"863";"91";"2473";
"863";"96";"2478";
"863";"99";"65235";
"863";"100";"65236";
"863";"101";"18517";
"863";"102";"18615";
"863";"103";"18524";
"865";"8";"25";
"865";"9";"27";
"865";"10";"30";
"865";"13";"40";
"865";"14";"42";
"865";"18";"50";
"865";"21";"56";
"865";"36";"92";
"865";"39";"79";
"865";"45";"98";
"865";"46";"99";
"865";"58";"2409";
"865";"60";"2411";
"865";"73";"2428";
"865";"74";"2427";
"865";"82";"2465";
"865";"83";"2464";
"865";"85";"2466";
"865";"89";"2471";
"865";"90";"2470";
"865";"99";"28223";
"865";"100";"28224";
"867";"9";"28";
"867";"10";"30";
"867";"14";"42";
"867";"18";"50";
"867";"32";"87";
"867";"36";"92";
"867";"39";"79";
"867";"48";"74";
"867";"60";"2411";
"867";"82";"2465";
"867";"86";"2468";
"867";"89";"2471";
"867";"95";"2476";
"867";"98";"2479";
"867";"99";"42565";
"867";"100";"42566";
"874";"1";"138";
"874";"8";"25";
"874";"9";"27";
"874";"10";"30";
"874";"32";"88";
"874";"34";"90";
"874";"36";"92";
"874";"39";"79";
"874";"58";"2409";
"874";"60";"2411";
"874";"62";"2413";
"874";"73";"2428";
"874";"74";"2427";
"874";"82";"2465";
"874";"83";"2464";
"874";"85";"2466";
"874";"89";"2471";
"874";"98";"2479";
"874";"99";"2738";
"874";"100";"3549";
"876";"1";"125";
"876";"8";"25";
"876";"9";"28";
"876";"10";"31";
"876";"11";"33";
"876";"14";"42";
"876";"32";"87";
"876";"48";"75";
"876";"54";"177";
"876";"80";"2448";
"876";"81";"2429";
"876";"86";"2468";
"876";"87";"2467";
"876";"91";"2473";
"876";"98";"2479";
"876";"99";"51450";
"876";"100";"51451";
"878";"1";"6080";
"878";"9";"27";
"878";"10";"30";
"878";"14";"42";
"878";"18";"50";
"878";"19";"52";
"878";"32";"87";
"878";"36";"92";
"878";"39";"79";
"878";"48";"74";
"878";"49";"4318";
"878";"54";"178";
"878";"60";"2411";
"878";"68";"2419";
"878";"80";"2433";
"878";"82";"2465";
"878";"86";"2468";
"878";"89";"2471";
"878";"95";"2476";
"878";"98";"2479";
"878";"99";"65141";
"878";"100";"65142";
"878";"101";"22388";
"879";"9";"28";
"879";"10";"31";
"879";"11";"33";
"879";"13";"40";
"879";"18";"50";
"879";"36";"92";
"879";"46";"99";
"879";"78";"2432";
"879";"80";"2439";
"879";"81";"2429";
"879";"85";"2466";
"879";"89";"2471";
"879";"98";"2479";
"879";"99";"65187";
"879";"100";"65188";
"880";"8";"26";
"880";"10";"31";
"880";"11";"33";
"880";"13";"40";
"880";"18";"50";
"880";"36";"92";
"880";"39";"80";
"880";"46";"99";
"880";"48";"74";
"880";"78";"2432";
"880";"80";"2439";
"880";"81";"2429";
"880";"85";"2466";
"880";"89";"2471";
"880";"98";"2479";
"880";"99";"46081";
"880";"100";"46082";
"881";"8";"26";
"881";"9";"28";
"881";"10";"31";
"881";"11";"33";
"881";"18";"50";
"881";"36";"92";
"881";"46";"99";
"881";"78";"2432";
"881";"80";"2439";
"881";"81";"2429";
"881";"85";"2466";
"881";"89";"2471";
"881";"98";"2479";
"881";"99";"2742";
"881";"100";"3553";
"884";"1";"134";
"884";"8";"25";
"884";"9";"27";
"884";"10";"30";
"884";"13";"40";
"884";"14";"42";
"884";"39";"79";
"884";"48";"75";
"884";"49";"133";
"884";"66";"2417";
"884";"82";"2465";
"884";"83";"2464";
"884";"88";"2469";
"884";"90";"2470";
"884";"99";"2743";
"884";"100";"3554";
"889";"1";"134";
"889";"8";"25";
"889";"9";"27";
"889";"10";"30";
"889";"17";"48";
"889";"19";"52";
"889";"32";"88";
"889";"39";"79";
"889";"49";"146";
"889";"58";"2409";
"889";"60";"2411";
"889";"86";"2468";
"889";"91";"2473";
"889";"99";"26116";
"889";"100";"26117";
"890";"1";"145";
"890";"8";"25";
"890";"9";"28";
"890";"10";"30";
"890";"39";"79";
"890";"56";"2407";
"890";"99";"29884";
"890";"100";"29885";
"891";"56";"2407";
"891";"67";"2418";
"891";"80";"2436";
"891";"81";"2429";
"891";"85";"2466";
"891";"99";"29864";
"891";"100";"29865";
"893";"1";"123";
"893";"8";"25";
"893";"9";"28";
"893";"10";"30";
"893";"14";"42";
"893";"18";"50";
"893";"32";"87";
"893";"36";"92";
"893";"39";"79";
"893";"48";"74";
"893";"49";"139";
"893";"60";"2411";
"893";"82";"2465";
"893";"86";"2468";
"893";"89";"2471";
"893";"95";"2476";
"893";"98";"2479";
"893";"99";"61572";
"893";"100";"61573";
"894";"58";"2409";
"894";"60";"2411";
"894";"86";"2468";
"894";"91";"2473";
"894";"99";"39908";
"894";"100";"39909";
"895";"58";"2409";
"895";"60";"2411";
"895";"67";"2418";
"895";"86";"2468";
"895";"91";"2473";
"895";"99";"47537";
"895";"100";"47538";
"896";"1";"134";
"896";"8";"25";
"896";"9";"28";
"896";"10";"30";
"896";"14";"42";
"896";"18";"50";
"896";"32";"87";
"896";"36";"92";
"896";"39";"79";
"896";"49";"117";
"896";"60";"2411";
"896";"82";"2465";
"896";"86";"2468";
"896";"89";"2471";
"896";"95";"2476";
"896";"98";"2479";
"896";"99";"42559";
"896";"100";"42560";
"899";"1";"123";
"899";"8";"25";
"899";"9";"28";
"899";"10";"30";
"899";"14";"42";
"899";"18";"50";
"899";"32";"87";
"899";"36";"92";
"899";"39";"79";
"899";"48";"74";
"899";"49";"139";
"899";"60";"2411";
"899";"67";"2418";
"899";"82";"2465";
"899";"86";"2468";
"899";"89";"2471";
"899";"95";"2476";
"899";"98";"2479";
"899";"99";"42567";
"899";"100";"42568";
"900";"1";"123";
"900";"8";"25";
"900";"9";"28";
"900";"10";"30";
"900";"14";"42";
"900";"18";"50";
"900";"32";"87";
"900";"36";"92";
"900";"39";"79";
"900";"48";"74";
"900";"49";"139";
"900";"60";"2411";
"900";"67";"2418";
"900";"82";"2465";
"900";"86";"2468";
"900";"89";"2471";
"900";"95";"2476";
"900";"98";"2479";
"900";"99";"43568";
"900";"100";"43569";
"901";"9";"28";
"901";"10";"30";
"901";"14";"42";
"901";"18";"50";
"901";"32";"87";
"901";"36";"92";
"901";"39";"79";
"901";"48";"74";
"901";"60";"2411";
"901";"82";"2465";
"901";"86";"2468";
"901";"98";"2479";
"901";"99";"44554";
"901";"100";"44555";
"902";"1";"140";
"902";"9";"27";
"902";"10";"30";
"902";"54";"176";
"902";"86";"2468";
"902";"90";"2470";
"902";"93";"2475";
"902";"98";"2479";
"902";"99";"44328";
"902";"100";"44329";
"907";"1";"165";
"907";"8";"25";
"907";"54";"176";
"907";"60";"2411";
"907";"85";"2466";
"907";"99";"55703";
"907";"100";"55704";
"908";"1";"165";
"908";"8";"25";
"908";"54";"176";
"908";"60";"2411";
"908";"99";"3088";
"908";"100";"3899";
"909";"99";"59224";
"909";"100";"59225";
"911";"1";"181";
"911";"8";"25";
"911";"9";"27";
"911";"10";"30";
"911";"14";"42";
"911";"32";"87";
"911";"54";"179";
"911";"56";"2407";
"911";"99";"29870";
"911";"100";"29871";
"912";"1";"134";
"912";"8";"26";
"912";"9";"27";
"912";"10";"30";
"912";"13";"40";
"912";"17";"48";
"912";"54";"178";
"912";"61";"2412";
"912";"69";"2420";
"912";"77";"2430";
"912";"78";"2432";
"912";"80";"2433";
"912";"81";"2429";
"912";"82";"2465";
"912";"86";"2468";
"912";"87";"2467";
"912";"89";"2471";
"912";"92";"2472";
"912";"95";"2476";
"912";"98";"2479";
"912";"99";"2759";
"912";"100";"3570";
"914";"1";"134";
"914";"8";"26";
"914";"9";"27";
"914";"10";"30";
"914";"13";"40";
"914";"17";"48";
"914";"54";"178";
"914";"61";"2412";
"914";"86";"2468";
"914";"87";"2467";
"914";"89";"2471";
"914";"92";"2472";
"914";"95";"2476";
"914";"98";"2479";
"914";"99";"2760";
"914";"100";"3571";
"916";"8";"25";
"916";"9";"27";
"916";"10";"30";
"916";"32";"87";
"916";"36";"92";
"916";"39";"79";
"916";"46";"99";
"916";"47";"77";
"916";"54";"176";
"916";"58";"2409";
"916";"60";"2411";
"916";"63";"2414";
"916";"86";"2468";
"916";"89";"2471";
"916";"95";"2476";
"916";"98";"2479";
"916";"99";"41056";
"916";"100";"41057";
"917";"1";"138";
"917";"8";"25";
"917";"9";"27";
"917";"10";"30";
"917";"18";"50";
"917";"32";"88";
"917";"34";"90";
"917";"36";"92";
"917";"39";"79";
"917";"45";"98";
"917";"46";"99";
"917";"49";"139";
"917";"54";"176";
"917";"58";"2409";
"917";"60";"2411";
"917";"62";"2413";
"917";"73";"2428";
"917";"74";"2427";
"917";"82";"2465";
"917";"83";"2464";
"917";"85";"2466";
"917";"89";"2471";
"917";"93";"2475";
"917";"98";"2479";
"917";"99";"58724";
"917";"100";"58725";
"920";"8";"25";
"920";"9";"27";
"920";"10";"30";
"920";"13";"40";
"920";"17";"48";
"920";"32";"87";
"920";"39";"79";
"920";"56";"2407";
"920";"77";"2430";
"920";"80";"2436";
"920";"81";"2429";
"920";"86";"2468";
"920";"87";"2467";
"920";"99";"59226";
"920";"100";"59227";
"922";"8";"25";
"922";"9";"28";
"922";"10";"30";
"922";"32";"87";
"922";"39";"79";
"922";"54";"177";
"922";"56";"2407";
"922";"99";"30016";
"922";"100";"30017";
"925";"1";"168";
"925";"8";"25";
"925";"9";"27";
"925";"10";"30";
"925";"13";"40";
"925";"17";"48";
"925";"19";"52";
"925";"32";"87";
"925";"36";"92";
"925";"39";"79";
"925";"48";"75";
"925";"49";"146";
"925";"54";"177";
"925";"56";"2407";
"925";"67";"2418";
"925";"85";"2466";
"925";"95";"2476";
"925";"99";"66867";
"925";"100";"66868";
"926";"1";"130";
"926";"8";"25";
"926";"9";"27";
"926";"10";"30";
"926";"13";"40";
"926";"17";"48";
"926";"19";"52";
"926";"32";"87";
"926";"39";"79";
"926";"48";"76";
"926";"49";"117";
"926";"54";"176";
"926";"99";"59230";
"926";"100";"59231";
"927";"1";"168";
"927";"13";"40";
"927";"14";"42";
"927";"17";"48";
"927";"19";"52";
"927";"39";"79";
"927";"48";"76";
"927";"56";"2407";
"927";"99";"29993";
"927";"100";"29994";
"928";"1";"130";
"928";"8";"25";
"928";"9";"27";
"928";"10";"30";
"928";"13";"40";
"928";"17";"48";
"928";"19";"52";
"928";"32";"87";
"928";"39";"79";
"928";"48";"76";
"928";"49";"117";
"928";"54";"176";
"928";"99";"66879";
"928";"100";"66880";
"929";"1";"141";
"929";"9";"18669";
"929";"48";"75";
"929";"49";"143";
"929";"54";"178";
"929";"58";"2409";
"929";"60";"2411";
"929";"74";"2427";
"929";"75";"2425";
"929";"86";"2468";
"929";"91";"2473";
"929";"99";"5616";
"929";"100";"5617";
"929";"101";"18518";
"940";"1";"123";
"940";"8";"25";
"940";"9";"27";
"940";"10";"30";
"940";"13";"40";
"940";"16";"46";
"940";"18";"50";
"940";"21";"56";
"940";"36";"92";
"940";"45";"98";
"940";"49";"139";
"940";"54";"176";
"940";"66";"2417";
"940";"80";"2433";
"940";"81";"2429";
"940";"86";"2468";
"940";"87";"2467";
"940";"99";"63298";
"940";"100";"63299";
"941";"1";"123";
"941";"8";"25";
"941";"9";"27";
"941";"10";"30";
"941";"11";"33";
"941";"13";"40";
"941";"18";"50";
"941";"19";"52";
"941";"21";"56";
"941";"36";"92";
"941";"39";"79";
"941";"48";"74";
"941";"49";"117";
"941";"54";"178";
"941";"99";"62746";
"941";"100";"62747";
"942";"1";"181";
"942";"8";"25";
"942";"9";"27";
"942";"10";"30";
"942";"19";"52";
"942";"39";"79";
"942";"48";"76";
"942";"49";"133";
"942";"54";"176";
"942";"56";"2407";
"942";"80";"2450";
"942";"81";"2429";
"942";"85";"2466";
"942";"95";"2476";
"942";"99";"29874";
"942";"100";"29875";
"944";"1";"181";
"944";"8";"25";
"944";"9";"27";
"944";"10";"30";
"944";"11";"33";
"944";"13";"40";
"944";"17";"48";
"944";"19";"52";
"944";"39";"79";
"944";"49";"146";
"944";"54";"176";
"944";"66";"2417";
"944";"67";"2418";
"944";"69";"2420";
"944";"80";"2446";
"944";"81";"2429";
"944";"86";"2468";
"944";"95";"2476";
"944";"96";"2478";
"944";"98";"2479";
"944";"99";"59298";
"944";"100";"59299";
"946";"1";"145";
"946";"8";"25";
"946";"9";"27";
"946";"10";"30";
"946";"13";"40";
"946";"17";"48";
"946";"19";"52";
"946";"32";"87";
"946";"39";"79";
"946";"49";"146";
"946";"54";"179";
"946";"99";"46889";
"946";"100";"46890";
"947";"1";"125";
"947";"8";"25";
"947";"9";"27";
"947";"10";"30";
"947";"11";"33";
"947";"13";"40";
"947";"14";"42";
"947";"16";"46";
"947";"17";"48";
"947";"18";"50";
"947";"19";"52";
"947";"32";"87";
"947";"34";"90";
"947";"39";"79";
"947";"47";"77";
"947";"48";"76";
"947";"49";"117";
"947";"60";"2411";
"947";"85";"2466";
"947";"96";"2478";
"947";"99";"65704";
"948";"1";"125";
"948";"8";"25";
"948";"9";"28";
"948";"10";"31";
"948";"11";"33";
"948";"14";"42";
"948";"32";"87";
"948";"48";"75";
"948";"54";"177";
"948";"80";"2448";
"948";"81";"2429";
"948";"86";"2468";
"948";"87";"2467";
"948";"89";"2471";
"948";"91";"2473";
"948";"98";"2479";
"948";"99";"61706";
"948";"100";"61707";
"951";"1";"132";
"951";"8";"25";
"951";"9";"27";
"951";"10";"30";
"951";"11";"33";
"951";"14";"42";
"951";"17";"48";
"951";"18";"50";
"951";"32";"88";
"951";"34";"90";
"951";"36";"92";
"951";"39";"79";
"951";"45";"98";
"951";"46";"99";
"951";"47";"77";
"951";"48";"74";
"951";"54";"177";
"951";"58";"2409";
"951";"67";"2418";
"951";"85";"2466";
"951";"86";"2468";
"951";"91";"2473";
"951";"98";"2479";
"951";"99";"65877";
"951";"100";"65878";
"952";"1";"123";
"952";"8";"25";
"952";"9";"27";
"952";"10";"30";
"952";"13";"40";
"952";"14";"42";
"952";"17";"48";
"952";"18";"50";
"952";"32";"88";
"952";"34";"90";
"952";"36";"92";
"952";"39";"79";
"952";"45";"98";
"952";"46";"99";
"952";"47";"77";
"952";"48";"75";
"952";"54";"177";
"952";"58";"2409";
"952";"67";"2418";
"952";"85";"2466";
"952";"86";"2468";
"952";"91";"2473";
"952";"98";"2479";
"952";"99";"53871";
"952";"100";"53872";
"953";"1";"125";
"953";"8";"25";
"953";"9";"27";
"953";"10";"30";
"953";"11";"32";
"953";"17";"48";
"953";"19";"52";
"953";"32";"88";
"953";"39";"79";
"953";"49";"117";
"953";"54";"176";
"953";"58";"2409";
"953";"60";"2411";
"953";"62";"2413";
"953";"68";"2419";
"953";"85";"2466";
"953";"88";"2469";
"953";"90";"2470";
"953";"91";"2473";
"953";"99";"3041";
"953";"100";"3852";
"954";"1";"130";
"954";"8";"25";
"954";"9";"27";
"954";"10";"30";
"954";"11";"32";
"954";"17";"48";
"954";"19";"52";
"954";"32";"88";
"954";"39";"79";
"954";"54";"176";
"954";"58";"2409";
"954";"60";"2411";
"954";"85";"2466";
"954";"88";"2469";
"954";"90";"2470";
"954";"91";"2473";
"954";"99";"59893";
"954";"100";"59894";
"955";"1";"130";
"955";"8";"25";
"955";"9";"27";
"955";"10";"30";
"955";"11";"32";
"955";"17";"48";
"955";"19";"52";
"955";"32";"88";
"955";"39";"79";
"955";"54";"176";
"955";"58";"2409";
"955";"60";"2411";
"955";"68";"2419";
"955";"85";"2466";
"955";"88";"2469";
"955";"90";"2470";
"955";"91";"2473";
"955";"99";"3079";
"955";"100";"3890";
"956";"1";"134";
"956";"8";"25";
"956";"9";"27";
"956";"10";"30";
"956";"11";"32";
"956";"18";"50";
"956";"32";"88";
"956";"39";"79";
"956";"54";"176";
"956";"58";"2409";
"956";"60";"2411";
"956";"85";"2466";
"956";"88";"2469";
"956";"90";"2470";
"956";"91";"2473";
"956";"99";"2780";
"956";"100";"3591";
"957";"1";"123";
"957";"8";"25";
"957";"9";"27";
"957";"10";"30";
"957";"11";"32";
"957";"13";"40";
"957";"18";"50";
"957";"32";"88";
"957";"36";"92";
"957";"39";"79";
"957";"47";"77";
"957";"48";"75";
"957";"54";"177";
"957";"58";"2409";
"957";"60";"2411";
"957";"62";"2413";
"957";"71";"2423";
"957";"74";"2427";
"957";"83";"2464";
"957";"85";"2466";
"957";"91";"2473";
"958";"1";"123";
"958";"8";"25";
"958";"9";"27";
"958";"10";"30";
"958";"39";"79";
"958";"48";"75";
"958";"49";"124";
"958";"54";"177";
"958";"58";"2409";
"958";"60";"2411";
"958";"82";"2465";
"958";"85";"2466";
"958";"89";"2471";
"958";"96";"2478";
"958";"97";"2477";
"958";"99";"63506";
"958";"100";"63507";
"961";"1";"145";
"961";"8";"25";
"961";"9";"27";
"961";"10";"30";
"961";"13";"40";
"961";"17";"48";
"961";"39";"79";
"961";"54";"177";
"961";"56";"2407";
"961";"80";"2436";
"961";"81";"2429";
"961";"86";"2468";
"961";"99";"59244";
"961";"100";"59245";
"962";"1";"134";
"962";"8";"25";
"962";"9";"27";
"962";"10";"30";
"962";"11";"32";
"962";"13";"40";
"962";"23";"60";
"962";"32";"88";
"962";"39";"79";
"962";"49";"124";
"962";"54";"176";
"962";"58";"2409";
"962";"60";"2411";
"962";"66";"2417";
"962";"68";"2419";
"962";"69";"2420";
"962";"71";"2423";
"962";"75";"2425";
"962";"83";"2464";
"962";"85";"2466";
"962";"88";"2469";
"962";"89";"2471";
"962";"90";"2470";
"962";"91";"2473";
"962";"95";"2476";
"962";"99";"37041";
"962";"100";"37042";
"963";"1";"186";
"963";"8";"25";
"963";"9";"18669";
"963";"10";"30";
"963";"11";"33";
"963";"13";"40";
"963";"18";"50";
"963";"32";"88";
"963";"39";"79";
"963";"47";"77";
"963";"48";"76";
"963";"49";"139";
"963";"54";"178";
"963";"58";"2409";
"963";"60";"2411";
"963";"75";"2425";
"963";"85";"2466";
"963";"91";"2473";
"963";"99";"39335";
"963";"100";"39336";
"963";"101";"18518";
"963";"102";"18522";
"963";"103";"22186";
"964";"1";"13121";
"964";"8";"25";
"964";"9";"18669";
"964";"10";"30";
"964";"13";"40";
"964";"19";"52";
"964";"36";"92";
"964";"45";"98";
"964";"48";"74";
"964";"49";"133";
"964";"54";"177";
"964";"58";"2409";
"964";"60";"2411";
"964";"66";"2417";
"964";"67";"2418";
"964";"76";"2424";
"964";"85";"2466";
"964";"86";"2468";
"964";"91";"2473";
"964";"95";"2476";
"964";"96";"2478";
"964";"98";"2479";
"964";"99";"60237";
"964";"100";"60238";
"964";"101";"18518";
"964";"102";"18615";
"966";"1";"185";
"966";"8";"25";
"966";"9";"27";
"966";"13";"40";
"966";"18";"50";
"966";"48";"75";
"966";"49";"139";
"966";"54";"178";
"966";"58";"2409";
"966";"60";"2411";
"966";"91";"2473";
"966";"99";"55818";
"966";"100";"55819";
"967";"1";"4279";
"967";"8";"25";
"967";"9";"27";
"967";"10";"30";
"967";"11";"33";
"967";"13";"40";
"967";"18";"50";
"967";"21";"56";
"967";"34";"90";
"967";"39";"79";
"967";"45";"98";
"967";"48";"75";
"967";"49";"117";
"967";"54";"177";
"967";"58";"2409";
"967";"60";"2411";
"967";"66";"2417";
"967";"75";"2425";
"967";"85";"2466";
"967";"86";"2468";
"967";"87";"2467";
"967";"91";"2473";
"967";"99";"58045";
"967";"100";"58046";
"968";"1";"123";
"968";"8";"25";
"968";"9";"28";
"968";"10";"30";
"968";"13";"40";
"968";"16";"46";
"968";"17";"48";
"968";"18";"50";
"968";"19";"52";
"968";"32";"88";
"968";"36";"92";
"968";"45";"98";
"968";"47";"77";
"968";"48";"74";
"968";"49";"124";
"968";"58";"2409";
"968";"60";"2411";
"968";"72";"2422";
"968";"73";"2428";
"968";"74";"2427";
"968";"75";"2425";
"968";"85";"2466";
"968";"86";"2468";
"968";"91";"2473";
"968";"95";"2476";
"968";"96";"2478";
"968";"99";"60985";
"968";"100";"60986";
"969";"1";"123";
"969";"8";"25";
"969";"9";"27";
"969";"10";"30";
"969";"11";"33";
"969";"18";"50";
"969";"32";"88";
"969";"39";"79";
"969";"48";"74";
"969";"49";"117";
"969";"54";"176";
"969";"58";"2409";
"969";"60";"2411";
"969";"74";"2427";
"969";"75";"2425";
"969";"85";"2466";
"969";"91";"2473";
"969";"96";"2478";
"969";"99";"59833";
"969";"100";"59834";
"970";"1";"184";
"970";"8";"25";
"970";"9";"27";
"970";"10";"30";
"970";"11";"32";
"970";"16";"46";
"970";"39";"79";
"970";"47";"77";
"970";"48";"76";
"970";"49";"117";
"970";"54";"176";
"970";"58";"2409";
"970";"60";"2411";
"970";"73";"2428";
"970";"74";"2427";
"970";"75";"2425";
"970";"85";"2466";
"970";"91";"2473";
"970";"96";"2478";
"970";"99";"58671";
"970";"100";"58672";
"971";"1";"186";
"971";"8";"25";
"971";"9";"27";
"971";"13";"40";
"971";"14";"42";
"971";"16";"46";
"971";"18";"50";
"971";"19";"52";
"971";"21";"56";
"971";"32";"88";
"971";"39";"79";
"971";"45";"98";
"971";"46";"99";
"971";"47";"77";
"971";"48";"75";
"971";"49";"117";
"971";"54";"178";
"971";"58";"2409";
"971";"60";"2411";
"971";"66";"2417";
"971";"75";"2425";
"971";"85";"2466";
"971";"86";"2468";
"971";"91";"2473";
"971";"99";"15261";
"971";"100";"15262";
"972";"8";"26";
"972";"9";"28";
"972";"10";"30";
"972";"11";"33";
"972";"13";"40";
"972";"14";"42";
"972";"17";"48";
"972";"32";"88";
"972";"36";"92";
"972";"45";"98";
"972";"46";"99";
"972";"47";"77";
"972";"48";"74";
"972";"49";"146";
"972";"58";"2409";
"972";"67";"2418";
"972";"85";"2466";
"972";"86";"2468";
"972";"91";"2473";
"972";"98";"2479";
"972";"99";"25141";
"972";"100";"25142";
"973";"54";"179";
"974";"1";"123";
"974";"8";"25";
"974";"9";"27";
"974";"10";"30";
"974";"13";"40";
"974";"14";"42";
"974";"16";"46";
"974";"18";"50";
"974";"32";"88";
"974";"39";"79";
"974";"47";"77";
"974";"48";"75";
"974";"49";"124";
"974";"54";"177";
"974";"58";"2409";
"974";"60";"2411";
"974";"73";"2428";
"974";"75";"2425";
"974";"85";"2466";
"974";"99";"60005";
"974";"100";"60006";
"975";"1";"130";
"975";"8";"25";
"975";"10";"30";
"975";"13";"40";
"975";"14";"42";
"975";"19";"52";
"975";"21";"56";
"975";"23";"60";
"975";"32";"87";
"975";"39";"79";
"975";"48";"74";
"975";"49";"133";
"975";"54";"177";
"975";"66";"2417";
"975";"86";"2468";
"975";"95";"2476";
"975";"98";"2479";
"975";"99";"12237";
"975";"100";"12238";
"976";"1";"125";
"976";"8";"25";
"976";"9";"18614";
"976";"13";"40";
"976";"14";"42";
"976";"48";"75";
"976";"49";"124";
"976";"54";"177";
"976";"77";"2430";
"976";"80";"2441";
"976";"81";"2429";
"976";"84";"2463";
"976";"86";"2468";
"976";"96";"2478";
"976";"98";"2479";
"976";"99";"65885";
"976";"100";"65886";
"976";"101";"18518";
"976";"102";"18615";
"976";"103";"18524";
"976";"123";"44503";
"977";"75";"2425";
"977";"77";"2430";
"977";"80";"2446";
"977";"81";"2429";
"977";"84";"2463";
"977";"86";"2468";
"977";"89";"2471";
"977";"95";"2476";
"977";"96";"2478";
"977";"99";"12473";
"977";"100";"12474";
"977";"123";"44502";
"979";"1";"134";
"979";"8";"25";
"979";"9";"27";
"979";"10";"30";
"979";"13";"40";
"979";"32";"88";
"979";"39";"79";
"979";"48";"76";
"979";"54";"177";
"979";"58";"2409";
"979";"66";"2417";
"979";"83";"2464";
"979";"85";"2466";
"979";"86";"2468";
"979";"88";"2469";
"979";"89";"2471";
"979";"91";"2473";
"979";"98";"2479";
"979";"99";"65993";
"979";"100";"65994";
"980";"1";"130";
"980";"8";"25";
"980";"9";"27";
"980";"10";"30";
"980";"13";"40";
"980";"19";"52";
"980";"32";"87";
"980";"36";"92";
"980";"48";"74";
"980";"49";"133";
"980";"54";"178";
"980";"57";"2408";
"980";"69";"2420";
"980";"83";"2464";
"980";"84";"2463";
"980";"86";"2468";
"980";"87";"2467";
"980";"91";"2473";
"980";"95";"2476";
"980";"96";"2478";
"980";"99";"59178";
"980";"100";"59179";
"981";"1";"183";
"981";"8";"25";
"981";"9";"27";
"981";"10";"30";
"981";"13";"40";
"981";"23";"60";
"981";"32";"88";
"981";"39";"79";
"981";"46";"99";
"981";"47";"77";
"981";"48";"75";
"981";"49";"117";
"981";"54";"176";
"981";"58";"2409";
"981";"66";"2417";
"981";"68";"2419";
"981";"69";"2420";
"981";"83";"2464";
"981";"85";"2466";
"981";"88";"2469";
"981";"89";"2471";
"981";"91";"2473";
"981";"95";"2476";
"981";"99";"2790";
"981";"100";"3601";
"982";"1";"140";
"982";"8";"25";
"982";"9";"27";
"982";"10";"30";
"982";"13";"40";
"982";"18";"50";
"982";"19";"52";
"982";"32";"88";
"982";"36";"92";
"982";"39";"79";
"982";"45";"98";
"982";"46";"99";
"982";"47";"77";
"982";"48";"74";
"982";"49";"117";
"982";"54";"177";
"982";"58";"2409";
"982";"60";"2411";
"982";"74";"2427";
"982";"75";"2425";
"982";"85";"2466";
"982";"89";"2471";
"982";"91";"2473";
"982";"95";"2476";
"982";"96";"2478";
"982";"99";"66347";
"982";"100";"66348";
"982";"101";"18517";
"982";"102";"18532";
"982";"103";"18524";
"984";"1";"132";
"984";"8";"25";
"984";"9";"27";
"984";"10";"30";
"984";"11";"32";
"984";"13";"40";
"984";"14";"42";
"984";"17";"48";
"984";"32";"87";
"984";"39";"79";
"984";"45";"98";
"984";"47";"77";
"984";"48";"75";
"984";"49";"128";
"984";"54";"176";
"984";"99";"59196";
"984";"100";"59197";
"985";"1";"135";
"985";"8";"25";
"985";"9";"27";
"985";"10";"30";
"985";"18";"50";
"985";"39";"79";
"985";"48";"75";
"985";"54";"177";
"985";"58";"2409";
"985";"60";"2411";
"985";"85";"2466";
"985";"91";"2473";
"985";"99";"61079";
"985";"100";"61080";
"987";"1";"165";
"987";"8";"25";
"987";"54";"176";
"987";"60";"2411";
"987";"99";"2795";
"987";"100";"3606";
"988";"1";"123";
"988";"8";"25";
"988";"9";"27";
"988";"10";"30";
"988";"13";"40";
"988";"39";"79";
"988";"48";"74";
"988";"49";"117";
"988";"54";"176";
"988";"58";"2409";
"988";"66";"2417";
"988";"72";"2422";
"988";"73";"2428";
"988";"75";"2425";
"988";"83";"2464";
"988";"86";"2468";
"988";"87";"2467";
"988";"90";"2470";
"988";"91";"2473";
"988";"95";"2476";
"988";"99";"61111";
"988";"100";"61112";
"989";"1";"171";
"989";"8";"25";
"989";"9";"28";
"989";"10";"30";
"989";"11";"33";
"989";"18";"50";
"989";"21";"56";
"989";"32";"88";
"989";"39";"79";
"989";"48";"76";
"989";"54";"176";
"989";"58";"2409";
"989";"60";"2411";
"989";"62";"2413";
"989";"64";"2415";
"989";"74";"2427";
"989";"86";"2468";
"989";"96";"2478";
"989";"97";"2477";
"989";"98";"2479";
"989";"99";"45176";
"989";"100";"45177";
"990";"1";"123";
"990";"18";"50";
"990";"48";"74";
"990";"49";"143";
"990";"54";"177";
"990";"58";"2409";
"990";"85";"2466";
"990";"91";"2473";
"990";"99";"9685";
"990";"100";"9686";
"991";"1";"138";
"991";"8";"25";
"991";"9";"18614";
"991";"10";"30";
"991";"13";"40";
"991";"18";"50";
"991";"19";"52";
"991";"48";"75";
"991";"49";"4318";
"991";"54";"179";
"991";"60";"2411";
"991";"66";"2417";
"991";"80";"2445";
"991";"86";"2468";
"991";"87";"2467";
"991";"89";"2471";
"991";"91";"2473";
"991";"99";"50168";
"991";"100";"50169";
"991";"101";"18519";
"991";"102";"18615";
"991";"103";"18524";
"992";"1";"142";
"992";"8";"25";
"992";"9";"27";
"992";"10";"30";
"992";"18";"50";
"992";"21";"56";
"992";"32";"87";
"992";"39";"79";
"992";"48";"76";
"992";"49";"6027";
"992";"54";"176";
"992";"60";"2411";
"992";"62";"2413";
"992";"64";"2415";
"992";"66";"2417";
"992";"77";"2430";
"992";"78";"2432";
"992";"80";"2433";
"992";"81";"2429";
"992";"83";"2464";
"992";"85";"2466";
"992";"86";"2468";
"992";"99";"58701";
"992";"100";"58702";
"992";"101";"18518";
"993";"1";"142";
"993";"8";"25";
"993";"9";"27";
"993";"10";"30";
"993";"18";"50";
"993";"21";"56";
"993";"32";"88";
"993";"39";"79";
"993";"47";"77";
"993";"48";"76";
"993";"54";"177";
"993";"58";"2409";
"993";"60";"2411";
"993";"62";"2413";
"993";"73";"2428";
"993";"74";"2427";
"993";"82";"2465";
"993";"83";"2464";
"993";"85";"2466";
"993";"89";"2471";
"993";"90";"2470";
"993";"99";"60805";
"993";"100";"60806";
"994";"1";"125";
"994";"8";"25";
"994";"9";"27";
"994";"10";"30";
"994";"13";"40";
"994";"39";"79";
"994";"48";"75";
"994";"54";"176";
"994";"99";"65493";
"994";"100";"65494";
"995";"8";"25";
"995";"9";"28";
"995";"10";"30";
"995";"18";"50";
"995";"21";"56";
"995";"32";"88";
"995";"39";"79";
"995";"48";"74";
"995";"54";"176";
"995";"58";"2409";
"995";"60";"2411";
"995";"82";"2465";
"995";"83";"2464";
"995";"85";"2466";
"995";"89";"2471";
"995";"99";"2799";
"995";"100";"3610";
"996";"1";"125";
"996";"8";"25";
"996";"9";"27";
"996";"10";"30";
"996";"11";"32";
"996";"19";"52";
"996";"23";"60";
"996";"36";"92";
"996";"39";"79";
"996";"48";"76";
"996";"49";"124";
"996";"54";"176";
"996";"60";"2411";
"996";"80";"2436";
"996";"81";"2429";
"996";"85";"2466";
"996";"88";"2469";
"996";"90";"2470";
"996";"99";"20280";
"996";"100";"20281";
"998";"1";"125";
"998";"8";"25";
"998";"9";"27";
"998";"10";"30";
"998";"13";"40";
"998";"19";"52";
"998";"32";"88";
"998";"39";"79";
"998";"46";"99";
"998";"48";"74";
"998";"49";"146";
"998";"54";"177";
"998";"58";"2409";
"998";"60";"2411";
"998";"85";"2466";
"998";"91";"2473";
"998";"99";"66247";
"998";"100";"66248";
"999";"1";"140";
"999";"8";"25";
"999";"9";"27";
"999";"10";"30";
"999";"18";"50";
"999";"21";"56";
"999";"32";"87";
"999";"39";"79";
"999";"48";"74";
"999";"49";"143";
"999";"54";"177";
"999";"77";"2430";
"999";"78";"2432";
"999";"80";"2433";
"999";"81";"2429";
"999";"99";"46445";
"999";"100";"46446";
"1000";"1";"132";
"1000";"8";"25";
"1000";"9";"27";
"1000";"10";"30";
"1000";"11";"32";
"1000";"21";"56";
"1000";"23";"60";
"1000";"39";"79";
"1000";"48";"75";
"1000";"49";"143";
"1000";"54";"177";
"1000";"58";"2409";
"1000";"68";"2419";
"1000";"69";"2420";
"1000";"72";"2422";
"1000";"73";"2428";
"1000";"83";"2464";
"1000";"86";"2468";
"1000";"87";"2467";
"1000";"90";"2470";
"1000";"91";"2473";
"1000";"95";"2476";
"1000";"99";"66187";
"1000";"100";"66188";
"1001";"1";"130";
"1001";"8";"25";
"1001";"9";"27";
"1001";"10";"30";
"1001";"19";"52";
"1001";"32";"88";
"1001";"36";"92";
"1001";"39";"79";
"1001";"46";"99";
"1001";"48";"74";
"1001";"49";"133";
"1001";"54";"177";
"1001";"58";"2409";
"1001";"67";"2418";
"1001";"85";"2466";
"1001";"86";"2468";
"1001";"91";"2473";
"1001";"98";"2479";
"1001";"99";"63444";
"1001";"100";"63445";
"1002";"1";"187";
"1002";"8";"25";
"1002";"9";"27";
"1002";"10";"30";
"1002";"11";"32";
"1002";"13";"40";
"1002";"32";"88";
"1002";"39";"79";
"1002";"47";"77";
"1002";"48";"74";
"1002";"49";"139";
"1002";"54";"176";
"1002";"58";"2409";
"1002";"66";"2417";
"1002";"68";"2419";
"1002";"69";"2420";
"1002";"83";"2464";
"1002";"85";"2466";
"1002";"88";"2469";
"1002";"89";"2471";
"1002";"91";"2473";
"1002";"95";"2476";
"1002";"99";"38914";
"1002";"100";"38915";
"1003";"1";"127";
"1003";"8";"25";
"1003";"9";"27";
"1003";"10";"30";
"1003";"11";"32";
"1003";"13";"40";
"1003";"21";"56";
"1003";"32";"88";
"1003";"39";"79";
"1003";"47";"77";
"1003";"48";"75";
"1003";"49";"117";
"1003";"54";"176";
"1003";"58";"2409";
"1003";"66";"2417";
"1003";"68";"2419";
"1003";"69";"2420";
"1003";"83";"2464";
"1003";"85";"2466";
"1003";"86";"2468";
"1003";"88";"2469";
"1003";"89";"2471";
"1003";"91";"2473";
"1003";"95";"2476";
"1003";"98";"2479";
"1003";"99";"26092";
"1003";"100";"26093";
"1004";"1";"132";
"1004";"8";"25";
"1004";"9";"27";
"1004";"10";"30";
"1004";"13";"40";
"1004";"14";"42";
"1004";"17";"48";
"1004";"32";"88";
"1004";"34";"90";
"1004";"39";"79";
"1004";"48";"75";
"1004";"49";"124";
"1004";"54";"176";
"1004";"58";"2409";
"1004";"66";"2417";
"1004";"68";"2419";
"1004";"69";"2420";
"1004";"83";"2464";
"1004";"85";"2466";
"1004";"86";"2468";
"1004";"88";"2469";
"1004";"89";"2471";
"1004";"91";"2473";
"1004";"95";"2476";
"1004";"98";"2479";
"1004";"99";"64730";
"1004";"100";"64731";
"1005";"1";"127";
"1005";"8";"25";
"1005";"9";"27";
"1005";"10";"30";
"1005";"13";"40";
"1005";"17";"48";
"1005";"32";"88";
"1005";"36";"92";
"1005";"39";"79";
"1005";"47";"77";
"1005";"48";"75";
"1005";"49";"117";
"1005";"54";"176";
"1005";"58";"2409";
"1005";"66";"2417";
"1005";"68";"2419";
"1005";"69";"2420";
"1005";"83";"2464";
"1005";"85";"2466";
"1005";"86";"2468";
"1005";"88";"2469";
"1005";"89";"2471";
"1005";"91";"2473";
"1005";"95";"2476";
"1005";"98";"2479";
"1005";"99";"38285";
"1005";"100";"38286";
"1007";"1";"123";
"1007";"8";"25";
"1007";"9";"27";
"1007";"10";"30";
"1007";"13";"40";
"1007";"17";"48";
"1007";"18";"50";
"1007";"34";"90";
"1007";"36";"92";
"1007";"39";"79";
"1007";"46";"99";
"1007";"47";"77";
"1007";"48";"76";
"1007";"49";"117";
"1007";"54";"176";
"1007";"58";"2409";
"1007";"85";"2466";
"1007";"91";"2473";
"1007";"98";"2479";
"1007";"99";"48128";
"1007";"100";"48129";
"1008";"1";"123";
"1008";"8";"25";
"1008";"9";"27";
"1008";"10";"30";
"1008";"13";"40";
"1008";"14";"42";
"1008";"32";"88";
"1008";"36";"92";
"1008";"49";"117";
"1008";"54";"178";
"1008";"58";"2409";
"1008";"60";"2411";
"1008";"72";"2422";
"1008";"85";"2466";
"1008";"91";"2473";
"1008";"99";"2804";
"1008";"100";"3615";
"1009";"1";"130";
"1009";"8";"25";
"1009";"9";"27";
"1009";"10";"30";
"1009";"13";"40";
"1009";"14";"42";
"1009";"17";"48";
"1009";"19";"52";
"1009";"32";"87";
"1009";"39";"79";
"1009";"46";"99";
"1009";"48";"74";
"1009";"49";"146";
"1009";"54";"176";
"1009";"58";"2409";
"1009";"67";"2418";
"1009";"85";"2466";
"1009";"86";"2468";
"1009";"91";"2473";
"1009";"98";"2479";
"1009";"99";"3097";
"1009";"100";"3908";
"1010";"1";"145";
"1010";"8";"25";
"1010";"17";"48";
"1010";"19";"52";
"1010";"32";"88";
"1010";"36";"92";
"1010";"39";"79";
"1010";"46";"99";
"1010";"54";"178";
"1010";"58";"2409";
"1010";"67";"2418";
"1010";"85";"2466";
"1010";"91";"2473";
"1010";"98";"2479";
"1010";"99";"16524";
"1010";"100";"16525";
"1011";"1";"127";
"1011";"8";"25";
"1011";"13";"40";
"1011";"17";"48";
"1011";"19";"52";
"1011";"39";"79";
"1011";"48";"74";
"1011";"54";"178";
"1011";"58";"2409";
"1011";"67";"2418";
"1011";"85";"2466";
"1011";"86";"2468";
"1011";"91";"2473";
"1011";"98";"2479";
"1011";"99";"65969";
"1011";"100";"65970";
"1012";"1";"130";
"1012";"8";"26";
"1012";"9";"28";
"1012";"10";"31";
"1012";"11";"33";
"1012";"13";"40";
"1012";"17";"48";
"1012";"19";"52";
"1012";"48";"75";
"1012";"49";"133";
"1012";"54";"178";
"1012";"75";"2425";
"1012";"77";"2430";
"1012";"80";"2446";
"1012";"81";"2429";
"1012";"84";"2463";
"1012";"86";"2468";
"1012";"89";"2471";
"1012";"95";"2476";
"1012";"96";"2478";
"1012";"99";"45200";
"1012";"100";"45201";
"1012";"123";"44502";
"1013";"1";"13122";
"1013";"8";"26";
"1013";"9";"28";
"1013";"10";"31";
"1013";"13";"40";
"1013";"14";"42";
"1013";"17";"48";
"1013";"19";"52";
"1013";"21";"56";
"1013";"48";"75";
"1013";"49";"13125";
"1013";"54";"178";
"1013";"59";"2410";
"1013";"75";"2425";
"1013";"77";"2430";
"1013";"80";"2446";
"1013";"81";"2429";
"1013";"84";"2463";
"1013";"85";"2466";
"1013";"86";"2468";
"1013";"89";"2471";
"1013";"95";"2476";
"1013";"96";"2478";
"1013";"99";"55782";
"1013";"100";"55783";
"1013";"123";"44502";
"1014";"1";"134";
"1014";"8";"26";
"1014";"9";"28";
"1014";"10";"31";
"1014";"11";"33";
"1014";"13";"40";
"1014";"17";"48";
"1014";"48";"75";
"1014";"49";"117";
"1014";"54";"178";
"1014";"75";"2425";
"1014";"77";"2430";
"1014";"80";"2446";
"1014";"81";"2429";
"1014";"84";"2463";
"1014";"86";"2468";
"1014";"89";"2471";
"1014";"95";"2476";
"1014";"96";"2478";
"1014";"99";"37434";
"1014";"100";"37435";
"1014";"123";"44502";
"1015";"1";"134";
"1015";"8";"26";
"1015";"9";"28";
"1015";"10";"31";
"1015";"11";"33";
"1015";"13";"40";
"1015";"17";"48";
"1015";"39";"80";
"1015";"48";"75";
"1015";"49";"117";
"1015";"54";"178";
"1015";"75";"2425";
"1015";"77";"2430";
"1015";"80";"2446";
"1015";"81";"2429";
"1015";"84";"2463";
"1015";"86";"2468";
"1015";"89";"2471";
"1015";"95";"2476";
"1015";"96";"2478";
"1015";"99";"35825";
"1015";"100";"35826";
"1015";"123";"44502";
"1016";"1";"130";
"1016";"8";"25";
"1016";"9";"27";
"1016";"10";"30";
"1016";"11";"33";
"1016";"13";"40";
"1016";"17";"48";
"1016";"19";"52";
"1016";"32";"87";
"1016";"39";"79";
"1016";"48";"75";
"1016";"54";"177";
"1016";"77";"2430";
"1016";"80";"2446";
"1016";"81";"2429";
"1016";"85";"2466";
"1016";"99";"37373";
"1016";"100";"37374";
"1017";"1";"132";
"1017";"8";"25";
"1017";"9";"27";
"1017";"10";"30";
"1017";"11";"33";
"1017";"13";"40";
"1017";"17";"48";
"1017";"19";"52";
"1017";"32";"87";
"1017";"39";"79";
"1017";"48";"75";
"1017";"54";"176";
"1017";"77";"2430";
"1017";"80";"2443";
"1017";"81";"2429";
"1017";"84";"2463";
"1017";"85";"2466";
"1017";"99";"59200";
"1017";"100";"59201";
"1018";"1";"137";
"1018";"8";"25";
"1018";"9";"27";
"1018";"10";"30";
"1018";"11";"32";
"1018";"13";"40";
"1018";"18";"50";
"1018";"32";"88";
"1018";"36";"92";
"1018";"39";"79";
"1018";"45";"98";
"1018";"47";"77";
"1018";"48";"75";
"1018";"49";"124";
"1018";"54";"176";
"1018";"58";"2409";
"1018";"66";"2417";
"1018";"68";"2419";
"1018";"71";"2423";
"1018";"74";"2427";
"1018";"75";"2425";
"1018";"83";"2464";
"1018";"85";"2466";
"1018";"88";"2469";
"1018";"89";"2471";
"1018";"91";"2473";
"1018";"99";"46069";
"1018";"100";"46070";
"1018";"101";"22390";
"1019";"1";"134";
"1019";"8";"25";
"1019";"9";"27";
"1019";"10";"30";
"1019";"13";"40";
"1019";"32";"88";
"1019";"39";"79";
"1019";"48";"74";
"1019";"49";"124";
"1019";"54";"176";
"1019";"58";"2409";
"1019";"66";"2417";
"1019";"69";"2420";
"1019";"83";"2464";
"1019";"85";"2466";
"1019";"86";"2468";
"1019";"88";"2469";
"1019";"89";"2471";
"1019";"91";"2473";
"1019";"98";"2479";
"1019";"99";"13947";
"1019";"100";"13948";
"1020";"1";"13121";
"1020";"8";"26";
"1020";"9";"18614";
"1020";"10";"30";
"1020";"11";"33";
"1020";"13";"40";
"1020";"14";"42";
"1020";"17";"48";
"1020";"18";"50";
"1020";"19";"52";
"1020";"32";"87";
"1020";"39";"79";
"1020";"48";"75";
"1020";"49";"133";
"1020";"54";"177";
"1020";"75";"2425";
"1020";"77";"2430";
"1020";"80";"2443";
"1020";"81";"2429";
"1020";"84";"2463";
"1020";"86";"2468";
"1020";"89";"2471";
"1020";"95";"2476";
"1020";"96";"2478";
"1020";"99";"56335";
"1020";"100";"56336";
"1020";"102";"18615";
"1020";"103";"18524";
"1020";"123";"44502";
"1021";"1";"130";
"1021";"8";"26";
"1021";"9";"27";
"1021";"10";"30";
"1021";"11";"33";
"1021";"13";"40";
"1021";"14";"42";
"1021";"17";"48";
"1021";"18";"50";
"1021";"19";"52";
"1021";"32";"87";
"1021";"39";"79";
"1021";"48";"75";
"1021";"54";"178";
"1021";"75";"2425";
"1021";"77";"2430";
"1021";"80";"2446";
"1021";"81";"2429";
"1021";"84";"2463";
"1021";"86";"2468";
"1021";"89";"2471";
"1021";"95";"2476";
"1021";"96";"2478";
"1021";"99";"37317";
"1021";"100";"37318";
"1021";"123";"44502";
"1022";"1";"125";
"1022";"8";"25";
"1022";"9";"18614";
"1022";"10";"30";
"1022";"13";"40";
"1022";"14";"42";
"1022";"17";"48";
"1022";"18";"50";
"1022";"19";"52";
"1022";"34";"90";
"1022";"39";"79";
"1022";"46";"99";
"1022";"48";"75";
"1022";"49";"124";
"1022";"54";"177";
"1022";"77";"2430";
"1022";"80";"2441";
"1022";"81";"2429";
"1022";"84";"2463";
"1022";"86";"2468";
"1022";"96";"2478";
"1022";"98";"2479";
"1022";"99";"56897";
"1022";"100";"56898";
"1022";"101";"18518";
"1022";"102";"18615";
"1022";"103";"18524";
"1022";"123";"44503";
"1023";"75";"2425";
"1023";"77";"2430";
"1023";"80";"2446";
"1023";"81";"2429";
"1023";"84";"2463";
"1023";"86";"2468";
"1023";"89";"2471";
"1023";"95";"2476";
"1023";"96";"2478";
"1023";"99";"54935";
"1023";"100";"54936";
"1023";"123";"44502";
"1024";"8";"25";
"1024";"9";"27";
"1024";"48";"74";
"1024";"54";"176";
"1024";"85";"2466";
"1024";"91";"2473";
"1025";"1";"123";
"1025";"8";"25";
"1025";"9";"27";
"1025";"10";"30";
"1025";"18";"50";
"1025";"36";"92";
"1025";"46";"99";
"1025";"47";"77";
"1025";"48";"75";
"1025";"49";"139";
"1025";"54";"176";
"1025";"58";"2409";
"1025";"66";"2417";
"1025";"83";"2464";
"1025";"85";"2466";
"1025";"88";"2469";
"1025";"89";"2471";
"1025";"91";"2473";
"1025";"98";"2479";
"1025";"99";"60571";
"1025";"100";"60572";
"1026";"1";"135";
"1026";"8";"25";
"1026";"9";"28";
"1026";"10";"31";
"1026";"18";"50";
"1026";"39";"79";
"1026";"48";"75";
"1026";"49";"143";
"1026";"54";"177";
"1026";"66";"2417";
"1026";"78";"2432";
"1026";"80";"2439";
"1026";"81";"2429";
"1026";"85";"2466";
"1026";"89";"2471";
"1026";"98";"2479";
"1026";"99";"2815";
"1026";"100";"3626";
"1027";"1";"132";
"1027";"8";"25";
"1027";"9";"27";
"1027";"10";"30";
"1027";"13";"40";
"1027";"17";"48";
"1027";"19";"52";
"1027";"39";"79";
"1027";"48";"74";
"1027";"49";"133";
"1027";"54";"178";
"1027";"61";"2412";
"1027";"82";"2465";
"1027";"86";"2468";
"1027";"87";"2467";
"1027";"89";"2471";
"1027";"92";"2472";
"1027";"95";"2476";
"1027";"98";"2479";
"1027";"99";"11841";
"1027";"100";"11842";
"1028";"1";"132";
"1028";"8";"25";
"1028";"9";"27";
"1028";"10";"30";
"1028";"13";"40";
"1028";"17";"48";
"1028";"19";"52";
"1028";"39";"79";
"1028";"48";"74";
"1028";"49";"133";
"1028";"54";"178";
"1028";"61";"2412";
"1028";"69";"2420";
"1028";"82";"2465";
"1028";"86";"2468";
"1028";"87";"2467";
"1028";"89";"2471";
"1028";"92";"2472";
"1028";"95";"2476";
"1028";"98";"2479";
"1028";"99";"24129";
"1028";"100";"24130";
"1029";"1";"132";
"1029";"8";"25";
"1029";"9";"27";
"1029";"10";"30";
"1029";"13";"40";
"1029";"17";"48";
"1029";"19";"52";
"1029";"39";"79";
"1029";"48";"74";
"1029";"49";"133";
"1029";"54";"178";
"1029";"61";"2412";
"1029";"82";"2465";
"1029";"86";"2468";
"1029";"87";"2467";
"1029";"89";"2471";
"1029";"92";"2472";
"1029";"95";"2476";
"1029";"98";"2479";
"1029";"99";"54991";
"1029";"100";"54992";
"1030";"1";"145";
"1030";"8";"25";
"1030";"9";"27";
"1030";"10";"30";
"1030";"13";"40";
"1030";"17";"48";
"1030";"19";"52";
"1030";"39";"79";
"1030";"48";"74";
"1030";"49";"133";
"1030";"54";"177";
"1030";"61";"2412";
"1030";"80";"2436";
"1030";"82";"2465";
"1030";"86";"2468";
"1030";"87";"2467";
"1030";"89";"2471";
"1030";"92";"2472";
"1030";"95";"2476";
"1030";"98";"2479";
"1030";"99";"63288";
"1030";"100";"63289";
"1031";"1";"132";
"1031";"8";"25";
"1031";"9";"27";
"1031";"10";"30";
"1031";"13";"40";
"1031";"17";"48";
"1031";"19";"52";
"1031";"39";"79";
"1031";"48";"74";
"1031";"49";"117";
"1031";"54";"177";
"1031";"61";"2412";
"1031";"82";"2465";
"1031";"86";"2468";
"1031";"87";"2467";
"1031";"89";"2471";
"1031";"92";"2472";
"1031";"95";"2476";
"1031";"98";"2479";
"1031";"99";"23261";
"1031";"100";"23262";
"1032";"1";"187";
"1032";"8";"25";
"1032";"9";"27";
"1032";"10";"30";
"1032";"13";"40";
"1032";"17";"48";
"1032";"19";"52";
"1032";"39";"79";
"1032";"48";"74";
"1032";"49";"133";
"1032";"54";"177";
"1032";"61";"2412";
"1032";"82";"2465";
"1032";"86";"2468";
"1032";"87";"2467";
"1032";"89";"2471";
"1032";"92";"2472";
"1032";"95";"2476";
"1032";"98";"2479";
"1032";"99";"55005";
"1032";"100";"55006";
"1034";"1";"132";
"1034";"8";"25";
"1034";"9";"28";
"1034";"10";"31";
"1034";"11";"33";
"1034";"18";"50";
"1034";"19";"52";
"1034";"36";"92";
"1034";"46";"99";
"1034";"48";"74";
"1034";"49";"117";
"1034";"54";"176";
"1034";"58";"2409";
"1034";"60";"2411";
"1034";"67";"2418";
"1034";"73";"2428";
"1034";"74";"2427";
"1034";"86";"2468";
"1034";"87";"2467";
"1034";"89";"2471";
"1034";"91";"2473";
"1034";"95";"2476";
"1034";"99";"22449";
"1034";"100";"22450";
"1035";"17";"48";
"1035";"19";"52";
"1035";"48";"75";
"1035";"49";"175";
"1035";"56";"2407";
"1035";"99";"37073";
"1035";"100";"37074";
"1036";"1";"123";
"1036";"8";"25";
"1036";"9";"27";
"1036";"10";"30";
"1036";"11";"32";
"1036";"14";"42";
"1036";"18";"50";
"1036";"32";"87";
"1036";"39";"79";
"1036";"48";"75";
"1036";"49";"139";
"1036";"54";"176";
"1036";"85";"2466";
"1037";"8";"25";
"1037";"9";"27";
"1037";"10";"30";
"1037";"14";"42";
"1037";"18";"50";
"1037";"36";"92";
"1037";"39";"79";
"1037";"54";"176";
"1037";"66";"2417";
"1037";"75";"2425";
"1037";"77";"2430";
"1037";"78";"2432";
"1037";"80";"2433";
"1037";"81";"2429";
"1037";"86";"2468";
"1037";"88";"2469";
"1037";"90";"2470";
"1037";"99";"10989";
"1037";"100";"10990";
"1040";"1";"132";
"1040";"8";"25";
"1040";"9";"27";
"1040";"10";"30";
"1040";"13";"40";
"1040";"17";"48";
"1040";"19";"52";
"1040";"39";"79";
"1040";"48";"74";
"1040";"49";"133";
"1040";"54";"177";
"1040";"61";"2412";
"1040";"82";"2465";
"1040";"86";"2468";
"1040";"87";"2467";
"1040";"89";"2471";
"1040";"92";"2472";
"1040";"95";"2476";
"1040";"98";"2479";
"1040";"99";"47025";
"1040";"100";"47026";
"1041";"99";"4819";
"1041";"100";"21557";
"1042";"99";"4820";
"1042";"100";"21610";
"1043";"99";"4821";
"1043";"100";"21560";
"1044";"99";"4822";
"1044";"100";"21559";
"1045";"1";"134";
"1045";"9";"27";
"1045";"10";"30";
"1045";"13";"40";
"1045";"17";"48";
"1045";"19";"52";
"1045";"39";"79";
"1045";"48";"74";
"1045";"54";"178";
"1045";"61";"2412";
"1045";"77";"2430";
"1045";"80";"2436";
"1045";"81";"2429";
"1045";"86";"2468";
"1045";"87";"2467";
"1045";"89";"2471";
"1045";"91";"2473";
"1045";"98";"2479";
"1045";"99";"63372";
"1045";"100";"63373";
"1046";"1";"134";
"1046";"8";"25";
"1046";"9";"27";
"1046";"10";"30";
"1046";"19";"52";
"1046";"48";"75";
"1046";"49";"133";
"1046";"54";"176";
"1046";"59";"2410";
"1046";"77";"2430";
"1046";"80";"2443";
"1046";"81";"2429";
"1046";"84";"2463";
"1046";"86";"2468";
"1046";"96";"2478";
"1046";"98";"2479";
"1046";"99";"65593";
"1046";"100";"65594";
"1046";"101";"18518";
"1046";"103";"22393";
"1046";"123";"44503";
"1047";"1";"134";
"1047";"9";"27";
"1047";"10";"30";
"1047";"13";"40";
"1047";"17";"48";
"1047";"19";"52";
"1047";"39";"79";
"1047";"48";"75";
"1047";"54";"176";
"1047";"61";"2412";
"1047";"77";"2430";
"1047";"80";"2436";
"1047";"81";"2429";
"1047";"86";"2468";
"1047";"87";"2467";
"1047";"89";"2471";
"1047";"91";"2473";
"1047";"98";"2479";
"1047";"99";"2830";
"1047";"100";"3641";
"1048";"1";"134";
"1048";"9";"27";
"1048";"10";"30";
"1048";"13";"40";
"1048";"17";"48";
"1048";"19";"52";
"1048";"39";"79";
"1048";"48";"75";
"1048";"54";"178";
"1048";"61";"2412";
"1048";"77";"2430";
"1048";"80";"2436";
"1048";"81";"2429";
"1048";"86";"2468";
"1048";"87";"2467";
"1048";"89";"2471";
"1048";"91";"2473";
"1048";"98";"2479";
"1048";"99";"2831";
"1048";"100";"3642";
"1049";"1";"123";
"1049";"8";"25";
"1049";"13";"40";
"1049";"18";"50";
"1049";"39";"79";
"1049";"48";"74";
"1049";"49";"117";
"1049";"54";"177";
"1049";"78";"2432";
"1049";"80";"2439";
"1049";"81";"2429";
"1049";"85";"2466";
"1049";"89";"2471";
"1049";"98";"2479";
"1049";"99";"67985";
"1049";"100";"67986";
"1052";"100";"21566";
"1053";"100";"21633";
"1054";"1";"135";
"1054";"8";"25";
"1054";"18";"50";
"1054";"39";"79";
"1054";"48";"75";
"1054";"49";"139";
"1054";"54";"177";
"1054";"66";"2417";
"1054";"78";"2432";
"1054";"80";"2439";
"1054";"81";"2429";
"1054";"85";"2466";
"1054";"89";"2471";
"1054";"98";"2479";
"1054";"99";"2833";
"1054";"100";"3644";
"1058";"1";"184";
"1058";"8";"25";
"1058";"9";"27";
"1058";"10";"30";
"1058";"13";"40";
"1058";"18";"50";
"1058";"47";"77";
"1058";"48";"75";
"1058";"49";"124";
"1058";"54";"177";
"1058";"78";"2432";
"1058";"80";"2439";
"1058";"81";"2429";
"1058";"85";"2466";
"1058";"89";"2471";
"1058";"98";"2479";
"1058";"99";"63574";
"1058";"100";"63575";
"1060";"1";"145";
"1060";"8";"25";
"1060";"9";"27";
"1060";"10";"30";
"1060";"18";"50";
"1060";"19";"52";
"1060";"36";"92";
"1060";"39";"79";
"1060";"46";"99";
"1060";"48";"74";
"1060";"49";"146";
"1060";"54";"177";
"1060";"58";"2409";
"1060";"60";"2411";
"1060";"67";"2418";
"1060";"73";"2428";
"1060";"83";"2464";
"1060";"86";"2468";
"1060";"89";"2471";
"1060";"91";"2473";
"1060";"95";"2476";
"1060";"99";"64700";
"1060";"100";"64701";
"1061";"1";"145";
"1061";"8";"25";
"1061";"9";"27";
"1061";"10";"30";
"1061";"18";"50";
"1061";"19";"52";
"1061";"36";"92";
"1061";"39";"79";
"1061";"46";"99";
"1061";"48";"74";
"1061";"49";"146";
"1061";"54";"177";
"1061";"58";"2409";
"1061";"60";"2411";
"1061";"67";"2418";
"1061";"73";"2428";
"1061";"83";"2464";
"1061";"86";"2468";
"1061";"89";"2471";
"1061";"91";"2473";
"1061";"95";"2476";
"1061";"99";"54141";
"1061";"100";"54142";
"1063";"1";"123";
"1063";"8";"25";
"1063";"9";"27";
"1063";"10";"30";
"1063";"13";"40";
"1063";"14";"42";
"1063";"18";"50";
"1063";"19";"52";
"1063";"32";"87";
"1063";"36";"92";
"1063";"46";"99";
"1063";"48";"74";
"1063";"49";"124";
"1063";"54";"176";
"1063";"86";"2468";
"1063";"90";"2470";
"1063";"99";"54973";
"1063";"100";"54974";
"1064";"1";"184";
"1064";"8";"25";
"1064";"9";"27";
"1064";"10";"30";
"1064";"13";"40";
"1064";"18";"50";
"1064";"21";"56";
"1064";"32";"87";
"1064";"34";"90";
"1064";"36";"92";
"1064";"39";"79";
"1064";"48";"75";
"1064";"54";"176";
"1064";"60";"2411";
"1064";"85";"2466";
"1064";"86";"2468";
"1064";"93";"2475";
"1064";"96";"2478";
"1064";"99";"34489";
"1065";"56";"2407";
"1065";"99";"21933";
"1065";"100";"21934";
"1067";"1";"134";
"1067";"8";"25";
"1067";"9";"27";
"1067";"10";"30";
"1067";"11";"32";
"1067";"13";"40";
"1067";"23";"60";
"1067";"32";"88";
"1067";"39";"79";
"1067";"48";"75";
"1067";"49";"139";
"1067";"54";"176";
"1067";"58";"2409";
"1067";"66";"2417";
"1067";"69";"2420";
"1067";"83";"2464";
"1067";"85";"2466";
"1067";"86";"2468";
"1067";"88";"2469";
"1067";"89";"2471";
"1067";"91";"2473";
"1067";"98";"2479";
"1067";"99";"58439";
"1067";"100";"58440";
"1068";"66";"2417";
"1068";"75";"2425";
"1068";"77";"2430";
"1068";"80";"2436";
"1068";"81";"2429";
"1068";"86";"2468";
"1068";"96";"2478";
"1068";"97";"2477";
"1068";"99";"65147";
"1068";"100";"65148";
"1069";"8";"25";
"1069";"9";"27";
"1069";"10";"30";
"1069";"18";"50";
"1069";"19";"52";
"1069";"32";"88";
"1069";"48";"74";
"1069";"49";"117";
"1069";"54";"177";
"1069";"58";"2409";
"1069";"67";"2418";
"1069";"85";"2466";
"1069";"86";"2468";
"1069";"91";"2473";
"1069";"98";"2479";
"1069";"99";"66893";
"1069";"100";"66894";
"1071";"1";"187";
"1071";"10";"30";
"1071";"23";"60";
"1071";"36";"92";
"1071";"39";"79";
"1071";"46";"99";
"1071";"48";"74";
"1071";"49";"117";
"1071";"54";"176";
"1071";"58";"2409";
"1071";"66";"2417";
"1071";"68";"2419";
"1071";"69";"2420";
"1071";"83";"2464";
"1071";"85";"2466";
"1071";"88";"2469";
"1071";"89";"2471";
"1071";"91";"2473";
"1071";"95";"2476";
"1071";"99";"24926";
"1071";"100";"24927";
"1072";"1";"134";
"1072";"8";"25";
"1072";"9";"27";
"1072";"10";"30";
"1072";"13";"40";
"1072";"18";"50";
"1072";"21";"56";
"1072";"39";"79";
"1072";"48";"75";
"1072";"49";"124";
"1072";"54";"177";
"1072";"59";"2410";
"1072";"73";"2428";
"1072";"75";"2425";
"1072";"77";"2430";
"1072";"80";"2446";
"1072";"81";"2429";
"1072";"85";"2466";
"1072";"86";"2468";
"1072";"95";"2476";
"1072";"96";"2478";
"1072";"99";"58469";
"1072";"100";"58470";
"1072";"123";"44500";
"1073";"1";"123";
"1073";"8";"25";
"1073";"9";"27";
"1073";"10";"30";
"1073";"13";"40";
"1073";"39";"79";
"1073";"46";"99";
"1073";"48";"76";
"1073";"49";"124";
"1073";"54";"177";
"1073";"66";"2417";
"1073";"75";"2425";
"1073";"80";"2450";
"1073";"81";"2429";
"1073";"85";"2466";
"1073";"86";"2468";
"1073";"90";"2470";
"1073";"99";"39235";
"1073";"100";"39236";
"1077";"1";"130";
"1077";"8";"25";
"1077";"10";"30";
"1077";"13";"40";
"1077";"18";"50";
"1077";"19";"52";
"1077";"32";"88";
"1077";"36";"92";
"1077";"45";"98";
"1077";"46";"99";
"1077";"48";"74";
"1077";"49";"133";
"1077";"54";"176";
"1077";"58";"2409";
"1077";"60";"2411";
"1077";"67";"2418";
"1077";"86";"2468";
"1077";"89";"2471";
"1077";"91";"2473";
"1077";"95";"2476";
"1077";"98";"2479";
"1077";"99";"42549";
"1077";"100";"42550";
"1078";"1";"187";
"1078";"8";"25";
"1078";"9";"29";
"1078";"10";"30";
"1078";"13";"40";
"1078";"19";"52";
"1078";"32";"88";
"1078";"34";"90";
"1078";"36";"92";
"1078";"39";"79";
"1078";"48";"74";
"1078";"49";"117";
"1078";"54";"176";
"1078";"58";"2409";
"1078";"66";"2417";
"1078";"68";"2419";
"1078";"83";"2464";
"1078";"85";"2466";
"1078";"88";"2469";
"1078";"89";"2471";
"1078";"91";"2473";
"1078";"95";"2476";
"1078";"99";"66019";
"1078";"100";"66020";
"1079";"8";"25";
"1079";"9";"27";
"1079";"10";"30";
"1079";"11";"32";
"1079";"18";"50";
"1079";"32";"88";
"1079";"36";"92";
"1079";"39";"79";
"1079";"46";"99";
"1079";"48";"76";
"1079";"54";"176";
"1079";"58";"2409";
"1079";"60";"2411";
"1079";"83";"2464";
"1079";"85";"2466";
"1079";"89";"2471";
"1079";"91";"2473";
"1079";"99";"2847";
"1079";"100";"3658";
"1080";"8";"25";
"1080";"18";"50";
"1080";"32";"88";
"1080";"36";"92";
"1080";"45";"98";
"1080";"48";"75";
"1080";"49";"117";
"1080";"54";"176";
"1080";"58";"2409";
"1080";"60";"2411";
"1080";"66";"2417";
"1080";"68";"2419";
"1080";"71";"2423";
"1080";"75";"2425";
"1080";"83";"2464";
"1080";"85";"2466";
"1080";"88";"2469";
"1080";"89";"2471";
"1080";"90";"2470";
"1080";"91";"2473";
"1080";"95";"2476";
"1080";"99";"60307";
"1080";"100";"60308";
"1082";"58";"2409";
"1082";"60";"2411";
"1082";"71";"2423";
"1082";"83";"2464";
"1082";"85";"2466";
"1082";"88";"2469";
"1082";"89";"2471";
"1082";"90";"2470";
"1082";"91";"2473";
"1082";"95";"2476";
"1082";"99";"60483";
"1082";"100";"60484";
"1083";"1";"123";
"1083";"8";"25";
"1083";"9";"27";
"1083";"10";"30";
"1083";"18";"50";
"1083";"32";"88";
"1083";"36";"92";
"1083";"46";"99";
"1083";"48";"75";
"1083";"54";"176";
"1083";"58";"2409";
"1083";"60";"2411";
"1083";"83";"2464";
"1083";"85";"2466";
"1083";"89";"2471";
"1083";"91";"2473";
"1083";"99";"62466";
"1083";"100";"62467";
"1084";"1";"184";
"1084";"8";"25";
"1084";"18";"50";
"1084";"36";"92";
"1084";"46";"99";
"1084";"48";"76";
"1084";"54";"178";
"1084";"58";"2409";
"1084";"60";"2411";
"1084";"73";"2428";
"1084";"75";"2425";
"1084";"85";"2466";
"1084";"91";"2473";
"1084";"99";"64813";
"1084";"100";"64814";
"1085";"1";"142";
"1085";"11";"32";
"1085";"18";"50";
"1085";"21";"56";
"1085";"48";"76";
"1085";"58";"2409";
"1085";"60";"2411";
"1085";"91";"2473";
"1085";"99";"63504";
"1085";"100";"63505";
"1086";"1";"123";
"1086";"8";"25";
"1086";"10";"30";
"1086";"13";"40";
"1086";"18";"50";
"1086";"32";"88";
"1086";"36";"92";
"1086";"39";"79";
"1086";"48";"76";
"1086";"49";"117";
"1086";"54";"176";
"1086";"58";"2409";
"1086";"85";"2466";
"1086";"91";"2473";
"1086";"96";"2478";
"1086";"99";"57681";
"1086";"100";"57682";
"1087";"1";"140";
"1087";"9";"18669";
"1087";"18";"50";
"1087";"32";"88";
"1087";"48";"74";
"1087";"49";"117";
"1087";"54";"176";
"1087";"58";"2409";
"1087";"60";"2411";
"1087";"66";"2417";
"1087";"68";"2419";
"1087";"74";"2427";
"1087";"75";"2425";
"1087";"83";"2464";
"1087";"85";"2466";
"1087";"88";"2469";
"1087";"89";"2471";
"1087";"91";"2473";
"1087";"99";"66029";
"1087";"100";"66030";
"1087";"101";"18518";
"1088";"1";"140";
"1088";"8";"25";
"1088";"9";"27";
"1088";"10";"30";
"1088";"18";"50";
"1088";"32";"88";
"1088";"36";"92";
"1088";"39";"79";
"1088";"54";"176";
"1088";"58";"2409";
"1088";"60";"2411";
"1088";"73";"2428";
"1088";"74";"2427";
"1088";"75";"2425";
"1088";"85";"2466";
"1088";"91";"2473";
"1088";"96";"2478";
"1088";"99";"64755";
"1088";"100";"64756";
"1089";"1";"136";
"1089";"49";"146";
"1089";"54";"177";
"1089";"58";"2409";
"1089";"85";"2466";
"1089";"91";"2473";
"1089";"96";"2478";
"1089";"99";"60923";
"1089";"100";"60924";
"1089";"101";"18518";
"1089";"102";"18522";
"1090";"1";"134";
"1090";"18";"50";
"1090";"32";"88";
"1090";"36";"92";
"1090";"48";"74";
"1090";"54";"178";
"1090";"58";"2409";
"1090";"85";"2466";
"1090";"91";"2473";
"1090";"99";"57265";
"1090";"100";"57266";
"1091";"58";"2409";
"1091";"60";"2411";
"1091";"85";"2466";
"1091";"91";"2473";
"1091";"99";"60333";
"1091";"100";"60334";
"1092";"1";"125";
"1092";"8";"25";
"1092";"9";"27";
"1092";"10";"30";
"1092";"13";"40";
"1092";"14";"42";
"1092";"18";"50";
"1092";"19";"52";
"1092";"32";"88";
"1092";"36";"92";
"1092";"39";"79";
"1092";"45";"98";
"1092";"46";"99";
"1092";"48";"75";
"1092";"49";"146";
"1092";"54";"176";
"1092";"58";"2409";
"1092";"60";"2411";
"1092";"85";"2466";
"1092";"91";"2473";
"1092";"96";"2478";
"1092";"99";"65700";
"1092";"100";"65701";
"1093";"1";"10303";
"1093";"8";"25";
"1093";"9";"18669";
"1093";"18";"50";
"1093";"39";"79";
"1093";"48";"76";
"1093";"49";"6081";
"1093";"54";"177";
"1093";"58";"2409";
"1093";"60";"2411";
"1093";"74";"2427";
"1093";"86";"2468";
"1093";"87";"2467";
"1093";"91";"2473";
"1093";"99";"57683";
"1093";"100";"57684";
"1093";"101";"18518";
"1093";"102";"18532";
"1093";"103";"18527";
"1093";"122";"19586";
"1095";"1";"134";
"1095";"8";"25";
"1095";"32";"88";
"1095";"49";"23698";
"1095";"54";"177";
"1095";"58";"2409";
"1095";"66";"2417";
"1095";"83";"2464";
"1095";"85";"2466";
"1095";"86";"2468";
"1095";"88";"2469";
"1095";"89";"2471";
"1095";"91";"2473";
"1095";"98";"2479";
"1095";"99";"50268";
"1095";"100";"50269";
"1095";"101";"18518";
"1095";"102";"18522";
"1096";"1";"11155";
"1096";"9";"18669";
"1096";"47";"77";
"1096";"48";"75";
"1096";"49";"6027";
"1096";"54";"177";
"1096";"60";"2411";
"1096";"80";"2446";
"1096";"85";"2466";
"1096";"99";"33814";
"1096";"100";"33815";
"1096";"101";"18518";
"1098";"1";"187";
"1098";"14";"42";
"1098";"17";"48";
"1098";"19";"52";
"1098";"46";"99";
"1098";"54";"177";
"1098";"56";"2407";
"1098";"99";"59192";
"1098";"100";"59193";
"1099";"1";"123";
"1099";"8";"25";
"1099";"9";"27";
"1099";"10";"30";
"1099";"13";"40";
"1099";"14";"42";
"1099";"18";"50";
"1099";"32";"87";
"1099";"39";"79";
"1099";"48";"74";
"1099";"54";"177";
"1099";"66";"2417";
"1099";"86";"2468";
"1099";"87";"2467";
"1099";"96";"2478";
"1099";"97";"2477";
"1099";"99";"18280";
"1099";"100";"18281";
"1100";"1";"123";
"1100";"8";"25";
"1100";"9";"27";
"1100";"10";"30";
"1100";"13";"40";
"1100";"14";"42";
"1100";"18";"50";
"1100";"32";"87";
"1100";"39";"79";
"1100";"48";"74";
"1100";"54";"177";
"1100";"66";"2417";
"1100";"86";"2468";
"1100";"87";"2467";
"1100";"96";"2478";
"1100";"97";"2477";
"1100";"99";"63390";
"1100";"100";"63391";
"1101";"1";"181";
"1101";"9";"27";
"1101";"10";"30";
"1101";"13";"40";
"1101";"14";"42";
"1101";"17";"48";
"1101";"19";"52";
"1101";"39";"79";
"1101";"47";"77";
"1101";"48";"76";
"1101";"56";"2407";
"1101";"99";"2868";
"1101";"100";"3679";
"1102";"1";"181";
"1102";"9";"27";
"1102";"10";"30";
"1102";"13";"40";
"1102";"14";"42";
"1102";"17";"48";
"1102";"19";"52";
"1102";"39";"79";
"1102";"47";"77";
"1102";"48";"76";
"1102";"56";"2407";
"1102";"99";"2869";
"1102";"100";"3680";
"1103";"1";"174";
"1103";"8";"25";
"1103";"11";"32";
"1103";"39";"79";
"1103";"54";"176";
"1103";"56";"2407";
"1103";"85";"2466";
"1103";"88";"2469";
"1103";"91";"2473";
"1103";"99";"30061";
"1103";"100";"30062";
"1104";"1";"183";
"1104";"17";"48";
"1104";"19";"52";
"1104";"39";"79";
"1104";"54";"178";
"1104";"56";"2407";
"1104";"99";"30038";
"1104";"100";"30039";
"1105";"1";"125";
"1105";"54";"179";
"1105";"99";"60413";
"1105";"100";"60414";
"1106";"58";"2409";
"1106";"72";"2422";
"1106";"85";"2466";
"1106";"91";"2473";
"1106";"98";"2479";
"1106";"99";"60777";
"1106";"100";"60778";
"1107";"1";"137";
"1107";"8";"25";
"1107";"9";"27";
"1107";"10";"30";
"1107";"13";"40";
"1107";"14";"42";
"1107";"21";"56";
"1107";"32";"87";
"1107";"39";"79";
"1107";"48";"76";
"1107";"49";"124";
"1107";"54";"176";
"1107";"66";"2417";
"1107";"73";"2428";
"1107";"75";"2425";
"1107";"83";"2464";
"1107";"86";"2468";
"1107";"88";"2469";
"1107";"99";"36313";
"1107";"100";"36314";
"1108";"1";"136";
"1108";"8";"25";
"1108";"9";"27";
"1108";"10";"30";
"1108";"13";"40";
"1108";"14";"42";
"1108";"21";"56";
"1108";"32";"87";
"1108";"39";"79";
"1108";"48";"76";
"1108";"49";"124";
"1108";"54";"176";
"1108";"66";"2417";
"1108";"73";"2428";
"1108";"75";"2425";
"1108";"83";"2464";
"1108";"86";"2468";
"1108";"88";"2469";
"1108";"99";"58938";
"1108";"100";"58939";
"1109";"1";"137";
"1109";"8";"25";
"1109";"9";"27";
"1109";"10";"30";
"1109";"13";"40";
"1109";"14";"42";
"1109";"21";"56";
"1109";"32";"87";
"1109";"39";"79";
"1109";"48";"76";
"1109";"49";"124";
"1109";"54";"176";
"1109";"66";"2417";
"1109";"73";"2428";
"1109";"75";"2425";
"1109";"83";"2464";
"1109";"86";"2468";
"1109";"88";"2469";
"1109";"99";"56351";
"1109";"100";"56352";
"1110";"1";"125";
"1110";"8";"25";
"1110";"10";"30";
"1110";"18";"50";
"1110";"19";"52";
"1110";"36";"92";
"1110";"39";"79";
"1110";"45";"98";
"1110";"46";"99";
"1110";"47";"77";
"1110";"48";"74";
"1110";"54";"177";
"1110";"58";"2409";
"1110";"59";"2410";
"1110";"60";"2411";
"1110";"65";"2416";
"1110";"66";"2417";
"1110";"67";"2418";
"1110";"68";"2419";
"1110";"73";"2428";
"1110";"85";"2466";
"1110";"86";"2468";
"1110";"91";"2473";
"1110";"95";"2476";
"1110";"96";"2478";
"1110";"98";"2479";
"1110";"99";"61049";
"1110";"100";"61050";
"1111";"1";"187";
"1111";"8";"25";
"1111";"13";"40";
"1111";"19";"52";
"1111";"32";"87";
"1111";"54";"177";
"1111";"56";"2407";
"1111";"85";"2466";
"1111";"99";"59306";
"1111";"100";"59307";
"1112";"8";"25";
"1112";"48";"76";
"1112";"54";"179";
"1112";"99";"59194";
"1112";"100";"59195";
"1113";"1";"145";
"1113";"10";"30";
"1113";"11";"32";
"1113";"13";"40";
"1113";"54";"177";
"1113";"99";"68001";
"1113";"100";"68002";
"1114";"1";"130";
"1114";"8";"25";
"1114";"9";"27";
"1114";"10";"30";
"1114";"11";"32";
"1114";"13";"40";
"1114";"14";"42";
"1114";"17";"48";
"1114";"18";"50";
"1114";"19";"52";
"1114";"39";"79";
"1114";"46";"99";
"1114";"48";"76";
"1114";"49";"128";
"1114";"54";"177";
"1114";"99";"21929";
"1114";"100";"21930";
"1115";"1";"165";
"1115";"8";"25";
"1115";"9";"27";
"1115";"11";"32";
"1115";"13";"40";
"1115";"18";"50";
"1115";"36";"92";
"1115";"39";"79";
"1115";"46";"99";
"1115";"48";"76";
"1115";"49";"124";
"1115";"54";"179";
"1115";"58";"2409";
"1115";"60";"2411";
"1115";"91";"2473";
"1115";"99";"65975";
"1115";"100";"65976";
"1117";"1";"127";
"1117";"8";"25";
"1117";"10";"30";
"1117";"13";"40";
"1117";"17";"48";
"1117";"19";"52";
"1117";"48";"75";
"1117";"54";"176";
"1117";"85";"2466";
"1117";"99";"59184";
"1117";"100";"59185";
"1118";"1";"127";
"1118";"8";"25";
"1118";"10";"30";
"1118";"13";"40";
"1118";"17";"48";
"1118";"19";"52";
"1118";"48";"75";
"1118";"54";"176";
"1118";"85";"2466";
"1118";"99";"59198";
"1118";"100";"59199";
"1119";"1";"130";
"1119";"8";"25";
"1119";"13";"40";
"1119";"14";"42";
"1119";"32";"87";
"1119";"54";"177";
"1119";"66";"2417";
"1119";"75";"2425";
"1119";"80";"2451";
"1119";"81";"2429";
"1119";"85";"2466";
"1119";"90";"2470";
"1119";"95";"2476";
"1119";"99";"39005";
"1119";"100";"39006";
"1120";"1";"145";
"1120";"8";"25";
"1120";"10";"30";
"1120";"13";"40";
"1120";"23";"60";
"1120";"39";"79";
"1120";"45";"98";
"1120";"47";"77";
"1120";"48";"76";
"1120";"49";"139";
"1120";"54";"177";
"1120";"66";"2417";
"1120";"69";"2420";
"1120";"75";"2425";
"1120";"83";"2464";
"1120";"86";"2468";
"1120";"87";"2467";
"1120";"88";"2469";
"1120";"99";"56339";
"1120";"100";"56340";
"1121";"1";"123";
"1121";"8";"25";
"1121";"9";"27";
"1121";"11";"32";
"1121";"13";"40";
"1121";"16";"46";
"1121";"18";"50";
"1121";"39";"79";
"1121";"45";"98";
"1121";"47";"77";
"1121";"48";"76";
"1121";"49";"139";
"1121";"54";"177";
"1121";"66";"2417";
"1121";"75";"2425";
"1121";"83";"2464";
"1121";"86";"2468";
"1121";"87";"2467";
"1121";"90";"2470";
"1121";"91";"2473";
"1121";"99";"49216";
"1121";"100";"49217";
"1122";"1";"123";
"1122";"8";"25";
"1122";"9";"27";
"1122";"11";"32";
"1122";"13";"40";
"1122";"16";"46";
"1122";"18";"50";
"1122";"39";"79";
"1122";"45";"98";
"1122";"47";"77";
"1122";"48";"76";
"1122";"49";"124";
"1122";"54";"177";
"1122";"66";"2417";
"1122";"75";"2425";
"1122";"83";"2464";
"1122";"86";"2468";
"1122";"87";"2467";
"1122";"90";"2470";
"1122";"91";"2473";
"1122";"99";"47130";
"1122";"100";"47131";
"1123";"1";"123";
"1123";"8";"25";
"1123";"9";"27";
"1123";"11";"32";
"1123";"13";"40";
"1123";"16";"46";
"1123";"18";"50";
"1123";"39";"79";
"1123";"45";"98";
"1123";"47";"77";
"1123";"48";"76";
"1123";"49";"124";
"1123";"54";"177";
"1123";"66";"2417";
"1123";"75";"2425";
"1123";"83";"2464";
"1123";"86";"2468";
"1123";"87";"2467";
"1123";"90";"2470";
"1123";"91";"2473";
"1123";"99";"20233";
"1123";"100";"20234";
"1124";"99";"59186";
"1124";"100";"59187";
"1125";"1";"132";
"1125";"8";"25";
"1125";"10";"30";
"1125";"17";"48";
"1125";"19";"52";
"1125";"36";"92";
"1125";"39";"79";
"1125";"48";"74";
"1125";"54";"176";
"1125";"58";"2409";
"1125";"67";"2418";
"1125";"69";"2420";
"1125";"85";"2466";
"1125";"86";"2468";
"1125";"91";"2473";
"1125";"98";"2479";
"1125";"99";"20718";
"1125";"100";"20719";
"1126";"1";"127";
"1126";"8";"25";
"1126";"9";"27";
"1126";"10";"30";
"1126";"13";"40";
"1126";"14";"42";
"1126";"17";"48";
"1126";"19";"52";
"1126";"32";"87";
"1126";"34";"90";
"1126";"39";"79";
"1126";"46";"99";
"1126";"47";"77";
"1126";"48";"76";
"1126";"54";"176";
"1126";"66";"2417";
"1126";"75";"2425";
"1126";"80";"2450";
"1126";"81";"2429";
"1126";"85";"2466";
"1126";"86";"2468";
"1126";"90";"2470";
"1126";"95";"2476";
"1126";"99";"66325";
"1126";"100";"66326";
"1127";"1";"125";
"1127";"8";"25";
"1127";"9";"18614";
"1127";"10";"31";
"1127";"11";"33";
"1127";"13";"40";
"1127";"14";"42";
"1127";"17";"48";
"1127";"18";"50";
"1127";"19";"52";
"1127";"32";"87";
"1127";"34";"90";
"1127";"39";"79";
"1127";"47";"77";
"1127";"48";"75";
"1127";"49";"124";
"1127";"54";"176";
"1127";"77";"2430";
"1127";"78";"2432";
"1127";"80";"2441";
"1127";"81";"2429";
"1127";"84";"2463";
"1127";"86";"2468";
"1127";"96";"2478";
"1127";"98";"2479";
"1127";"99";"47617";
"1127";"100";"47618";
"1127";"101";"18518";
"1127";"102";"18532";
"1127";"103";"18524";
"1127";"123";"44503";
"1128";"1";"125";
"1128";"48";"75";
"1128";"49";"115";
"1128";"54";"177";
"1128";"99";"44234";
"1128";"100";"44235";
"1129";"1";"134";
"1129";"48";"76";
"1129";"49";"115";
"1129";"54";"177";
"1129";"99";"44390";
"1129";"100";"44391";
"1130";"1";"125";
"1130";"48";"76";
"1130";"49";"124";
"1130";"54";"177";
"1130";"99";"2894";
"1130";"100";"3705";
"1131";"1";"134";
"1131";"46";"99";
"1131";"48";"76";
"1131";"49";"115";
"1131";"54";"177";
"1131";"99";"36439";
"1131";"100";"36440";
"1132";"1";"130";
"1132";"46";"99";
"1132";"48";"75";
"1132";"49";"133";
"1132";"54";"177";
"1132";"99";"40912";
"1132";"100";"40913";
"1133";"1";"125";
"1133";"46";"99";
"1133";"48";"75";
"1133";"49";"124";
"1133";"54";"177";
"1133";"99";"44566";
"1133";"100";"44567";
"1134";"1";"125";
"1134";"46";"99";
"1134";"48";"75";
"1134";"49";"124";
"1134";"54";"177";
"1134";"99";"44568";
"1134";"100";"44569";
"1135";"1";"125";
"1135";"46";"99";
"1135";"48";"75";
"1135";"49";"124";
"1135";"54";"177";
"1135";"99";"2900";
"1135";"100";"3711";
"1136";"1";"134";
"1136";"46";"99";
"1136";"48";"75";
"1136";"49";"117";
"1136";"54";"177";
"1136";"99";"44418";
"1136";"100";"44419";
"1137";"1";"125";
"1137";"46";"99";
"1137";"48";"75";
"1137";"49";"124";
"1137";"54";"177";
"1137";"99";"44288";
"1137";"100";"44289";
"1138";"1";"130";
"1138";"46";"99";
"1138";"48";"75";
"1138";"49";"133";
"1138";"54";"177";
"1138";"99";"61818";
"1138";"100";"61819";
"1139";"1";"134";
"1139";"46";"99";
"1139";"48";"75";
"1139";"49";"117";
"1139";"54";"177";
"1139";"99";"40940";
"1139";"100";"40941";
"1140";"1";"125";
"1140";"46";"99";
"1140";"48";"75";
"1140";"49";"117";
"1140";"54";"177";
"1140";"99";"2905";
"1140";"100";"3716";
"1141";"1";"125";
"1141";"46";"99";
"1141";"48";"75";
"1141";"49";"117";
"1141";"54";"177";
"1141";"99";"36229";
"1141";"100";"36230";
"1142";"1";"134";
"1142";"46";"99";
"1142";"48";"75";
"1142";"49";"117";
"1142";"54";"177";
"1142";"99";"61820";
"1142";"100";"61821";
"1143";"1";"134";
"1143";"46";"99";
"1143";"48";"75";
"1143";"49";"117";
"1143";"54";"177";
"1143";"99";"36353";
"1143";"100";"36354";
"1144";"1";"134";
"1144";"46";"99";
"1144";"48";"75";
"1144";"49";"117";
"1144";"54";"177";
"1144";"99";"36357";
"1144";"100";"36358";
"1145";"1";"125";
"1145";"46";"99";
"1145";"48";"75";
"1145";"49";"124";
"1145";"54";"177";
"1145";"99";"2911";
"1145";"100";"3722";
"1146";"1";"125";
"1146";"46";"99";
"1146";"48";"75";
"1146";"49";"124";
"1146";"54";"177";
"1146";"99";"14580";
"1146";"100";"14581";
"1147";"8";"25";
"1147";"54";"176";
"1147";"56";"2407";
"1147";"99";"36539";
"1147";"100";"36540";
"1148";"1";"171";
"1148";"8";"25";
"1148";"17";"48";
"1148";"54";"177";
"1148";"56";"2407";
"1148";"80";"2436";
"1148";"99";"44602";
"1148";"100";"44603";
"1148";"101";"18518";
"1148";"102";"18522";
"1149";"8";"25";
"1149";"10";"30";
"1149";"13";"40";
"1149";"17";"48";
"1149";"19";"52";
"1149";"23";"60";
"1149";"39";"79";
"1149";"47";"77";
"1149";"48";"75";
"1149";"54";"176";
"1149";"89";"2471";
"1149";"99";"44308";
"1149";"100";"44309";
"1150";"19";"52";
"1150";"56";"2407";
"1150";"67";"2418";
"1150";"80";"2451";
"1150";"81";"2429";
"1150";"85";"2466";
"1150";"88";"2469";
"1150";"90";"2470";
"1150";"99";"37081";
"1150";"100";"37082";
"1151";"1";"187";
"1151";"8";"25";
"1151";"10";"30";
"1151";"18";"50";
"1151";"19";"52";
"1151";"32";"88";
"1151";"36";"92";
"1151";"45";"98";
"1151";"46";"99";
"1151";"49";"146";
"1151";"54";"177";
"1151";"58";"2409";
"1151";"60";"2411";
"1151";"67";"2418";
"1151";"86";"2468";
"1151";"89";"2471";
"1151";"91";"2473";
"1151";"95";"2476";
"1151";"98";"2479";
"1151";"99";"57545";
"1151";"100";"57546";
"1152";"8";"25";
"1152";"10";"30";
"1152";"18";"50";
"1152";"19";"52";
"1152";"32";"88";
"1152";"45";"98";
"1152";"46";"99";
"1152";"58";"2409";
"1152";"60";"2411";
"1152";"68";"2419";
"1152";"83";"2464";
"1152";"85";"2466";
"1152";"88";"2469";
"1152";"91";"2473";
"1152";"98";"2479";
"1152";"99";"5072";
"1152";"100";"5073";
"1153";"99";"4826";
"1153";"100";"21558";
"1154";"99";"4827";
"1154";"100";"21556";
"1155";"1";"125";
"1155";"9";"27";
"1155";"10";"30";
"1155";"13";"40";
"1155";"17";"48";
"1155";"18";"50";
"1155";"19";"52";
"1155";"39";"79";
"1155";"48";"76";
"1155";"54";"176";
"1155";"61";"2412";
"1155";"77";"2430";
"1155";"80";"2436";
"1155";"81";"2429";
"1155";"86";"2468";
"1155";"87";"2467";
"1155";"89";"2471";
"1155";"91";"2473";
"1155";"98";"2479";
"1155";"99";"2920";
"1155";"100";"3731";
"1156";"1";"125";
"1156";"9";"27";
"1156";"10";"30";
"1156";"13";"40";
"1156";"17";"48";
"1156";"18";"50";
"1156";"19";"52";
"1156";"39";"79";
"1156";"48";"76";
"1156";"54";"177";
"1156";"61";"2412";
"1156";"77";"2430";
"1156";"80";"2436";
"1156";"81";"2429";
"1156";"86";"2468";
"1156";"87";"2467";
"1156";"89";"2471";
"1156";"91";"2473";
"1156";"98";"2479";
"1156";"99";"23259";
"1156";"100";"23260";
"1157";"1";"123";
"1157";"9";"27";
"1157";"10";"30";
"1157";"13";"40";
"1157";"17";"48";
"1157";"18";"50";
"1157";"19";"52";
"1157";"39";"79";
"1157";"48";"74";
"1157";"54";"177";
"1157";"77";"2430";
"1157";"80";"2436";
"1157";"81";"2429";
"1157";"86";"2468";
"1157";"87";"2467";
"1157";"89";"2471";
"1157";"91";"2473";
"1157";"98";"2479";
"1157";"99";"63356";
"1157";"100";"63357";
"1158";"1";"134";
"1158";"9";"27";
"1158";"10";"30";
"1158";"13";"40";
"1158";"17";"48";
"1158";"18";"50";
"1158";"19";"52";
"1158";"39";"79";
"1158";"48";"75";
"1158";"54";"177";
"1158";"61";"2412";
"1158";"77";"2430";
"1158";"80";"2436";
"1158";"81";"2429";
"1158";"86";"2468";
"1158";"87";"2467";
"1158";"89";"2471";
"1158";"91";"2473";
"1158";"98";"2479";
"1158";"99";"63382";
"1158";"100";"63383";
"1159";"1";"134";
"1159";"9";"27";
"1159";"10";"30";
"1159";"13";"40";
"1159";"17";"48";
"1159";"18";"50";
"1159";"19";"52";
"1159";"39";"79";
"1159";"48";"75";
"1159";"54";"177";
"1159";"61";"2412";
"1159";"77";"2430";
"1159";"80";"2436";
"1159";"81";"2429";
"1159";"86";"2468";
"1159";"87";"2467";
"1159";"89";"2471";
"1159";"91";"2473";
"1159";"98";"2479";
"1159";"99";"51386";
"1159";"100";"51387";
"1160";"1";"123";
"1160";"9";"27";
"1160";"10";"30";
"1160";"13";"40";
"1160";"17";"48";
"1160";"18";"50";
"1160";"19";"52";
"1160";"39";"79";
"1160";"48";"75";
"1160";"54";"177";
"1160";"61";"2412";
"1160";"77";"2430";
"1160";"80";"2436";
"1160";"81";"2429";
"1160";"86";"2468";
"1160";"87";"2467";
"1160";"89";"2471";
"1160";"91";"2473";
"1160";"98";"2479";
"1160";"99";"63366";
"1160";"100";"63367";
"1161";"1";"123";
"1161";"9";"27";
"1161";"10";"30";
"1161";"13";"40";
"1161";"17";"48";
"1161";"18";"50";
"1161";"19";"52";
"1161";"39";"79";
"1161";"48";"75";
"1161";"54";"177";
"1161";"61";"2412";
"1161";"77";"2430";
"1161";"80";"2436";
"1161";"81";"2429";
"1161";"86";"2468";
"1161";"87";"2467";
"1161";"89";"2471";
"1161";"91";"2473";
"1161";"98";"2479";
"1161";"99";"61808";
"1161";"100";"61809";
"1162";"100";"21634";
"1163";"100";"21650";
"1164";"99";"4830";
"1164";"100";"21565";
"1165";"8";"25";
"1165";"10";"30";
"1165";"32";"87";
"1165";"39";"79";
"1165";"54";"177";
"1165";"56";"2407";
"1165";"99";"37089";
"1165";"100";"37090";
"1166";"56";"2407";
"1166";"99";"30059";
"1166";"100";"30060";
"1167";"1";"171";
"1167";"54";"177";
"1167";"56";"2407";
"1167";"80";"2441";
"1167";"99";"53946";
"1167";"100";"53947";
"1167";"101";"18517";
"1167";"102";"18521";
"1168";"56";"2407";
"1168";"99";"29985";
"1168";"100";"29986";
"1169";"1";"32597";
"1169";"49";"49688";
"1169";"54";"177";
"1169";"56";"2407";
"1169";"80";"2439";
"1169";"99";"63212";
"1169";"100";"63213";
"1169";"101";"18518";
"1169";"102";"18521";
"1170";"56";"2407";
"1170";"99";"30186";
"1170";"100";"30187";
"1171";"9";"29";
"1171";"54";"176";
"1171";"56";"2407";
"1171";"99";"40838";
"1171";"100";"40839";
"1171";"101";"18517";
"1171";"102";"18522";
"1172";"56";"2407";
"1172";"99";"37067";
"1172";"100";"37068";
"1173";"8";"25";
"1173";"17";"48";
"1173";"54";"177";
"1173";"56";"2407";
"1173";"99";"29999";
"1173";"100";"30000";
"1174";"8";"25";
"1174";"9";"27";
"1174";"10";"30";
"1174";"11";"32";
"1174";"13";"40";
"1174";"17";"48";
"1174";"19";"52";
"1174";"32";"87";
"1174";"39";"79";
"1174";"47";"77";
"1174";"54";"176";
"1174";"56";"2407";
"1174";"67";"2418";
"1174";"69";"2420";
"1174";"85";"2466";
"1174";"91";"2473";
"1174";"99";"29983";
"1174";"100";"29984";
"1175";"17";"48";
"1175";"56";"2407";
"1175";"67";"2418";
"1175";"80";"2436";
"1175";"81";"2429";
"1175";"85";"2466";
"1175";"99";"29876";
"1175";"100";"29877";
"1176";"8";"25";
"1176";"9";"27";
"1176";"10";"30";
"1176";"21";"56";
"1176";"32";"88";
"1176";"39";"79";
"1176";"47";"77";
"1176";"48";"76";
"1176";"54";"176";
"1176";"58";"2409";
"1176";"60";"2411";
"1176";"62";"2413";
"1176";"73";"2428";
"1176";"74";"2427";
"1176";"82";"2465";
"1176";"83";"2464";
"1176";"85";"2466";
"1176";"89";"2471";
"1176";"98";"2479";
"1176";"99";"11184";
"1176";"100";"11185";
"1177";"1";"127";
"1177";"8";"25";
"1177";"49";"128";
"1177";"54";"176";
"1177";"66";"2417";
"1177";"67";"2418";
"1177";"69";"2420";
"1177";"73";"2428";
"1177";"75";"2425";
"1177";"76";"2424";
"1177";"82";"2465";
"1177";"83";"2464";
"1177";"88";"2469";
"1177";"89";"2471";
"1177";"90";"2470";
"1177";"99";"44818";
"1177";"100";"44819";
"1178";"1";"132";
"1178";"8";"25";
"1178";"32";"87";
"1178";"49";"117";
"1178";"54";"176";
"1178";"66";"2417";
"1178";"73";"2428";
"1178";"75";"2425";
"1178";"76";"2424";
"1178";"82";"2465";
"1178";"83";"2464";
"1178";"88";"2469";
"1178";"89";"2471";
"1178";"90";"2470";
"1178";"99";"44820";
"1178";"100";"44821";
"1179";"1";"145";
"1179";"8";"25";
"1179";"9";"18669";
"1179";"48";"74";
"1179";"49";"133";
"1179";"54";"177";
"1179";"66";"2417";
"1179";"73";"2428";
"1179";"75";"2425";
"1179";"76";"2424";
"1179";"80";"2448";
"1179";"82";"2465";
"1179";"83";"2464";
"1179";"85";"2466";
"1179";"88";"2469";
"1179";"89";"2471";
"1179";"90";"2470";
"1179";"99";"36891";
"1179";"100";"36892";
"1179";"101";"18518";
"1180";"1";"13121";
"1180";"9";"18669";
"1180";"10";"30";
"1180";"13";"40";
"1180";"16";"46";
"1180";"17";"48";
"1180";"18";"50";
"1180";"21";"56";
"1180";"32";"87";
"1180";"47";"77";
"1180";"48";"75";
"1180";"49";"117";
"1180";"54";"178";
"1180";"77";"2430";
"1180";"80";"2445";
"1180";"81";"2429";
"1180";"85";"2466";
"1180";"99";"56279";
"1180";"100";"56280";
"1180";"101";"18518";
"1181";"1";"12487";
"1181";"8";"25";
"1181";"9";"29";
"1181";"11";"32";
"1181";"13";"40";
"1181";"18";"50";
"1181";"36";"92";
"1181";"39";"79";
"1181";"46";"99";
"1181";"48";"76";
"1181";"49";"6081";
"1181";"54";"180";
"1181";"58";"2409";
"1181";"60";"2411";
"1181";"91";"2473";
"1181";"99";"22011";
"1181";"100";"22012";
"1181";"101";"18518";
"1182";"1";"32597";
"1182";"49";"6206";
"1182";"54";"177";
"1182";"56";"2407";
"1182";"66";"2417";
"1182";"67";"2418";
"1182";"69";"2420";
"1182";"80";"2443";
"1182";"85";"2466";
"1182";"86";"2468";
"1182";"99";"68105";
"1182";"100";"68106";
"1182";"101";"22388";
"1182";"102";"18532";
"1184";"58";"2409";
"1184";"60";"2411";
"1184";"91";"2473";
"1184";"99";"48754";
"1184";"100";"48755";
"1185";"1";"121";
"1185";"8";"25";
"1185";"11";"33";
"1185";"48";"74";
"1185";"49";"6081";
"1185";"54";"177";
"1185";"58";"2409";
"1185";"60";"2411";
"1185";"67";"2418";
"1185";"86";"2468";
"1185";"89";"2471";
"1185";"91";"2473";
"1185";"98";"2479";
"1185";"99";"48734";
"1185";"100";"48735";
"1185";"101";"22390";
"1185";"102";"18522";
"1186";"1";"25951";
"1186";"8";"25";
"1186";"9";"18614";
"1186";"18";"50";
"1186";"48";"74";
"1186";"49";"6027";
"1186";"54";"177";
"1186";"58";"2409";
"1186";"60";"2411";
"1186";"85";"2466";
"1186";"86";"2468";
"1186";"91";"2473";
"1186";"99";"49356";
"1186";"100";"49357";
"1186";"101";"22386";
"1186";"102";"18532";
"1187";"58";"2409";
"1187";"60";"2411";
"1187";"91";"2473";
"1187";"99";"2952";
"1187";"100";"3763";
"1188";"1";"135";
"1188";"9";"18614";
"1188";"54";"177";
"1188";"60";"2411";
"1188";"82";"2465";
"1188";"86";"2468";
"1188";"89";"2471";
"1188";"95";"2476";
"1188";"98";"2479";
"1188";"99";"67609";
"1188";"100";"67610";
"1189";"60";"2411";
"1189";"62";"2413";
"1189";"64";"2415";
"1189";"82";"2465";
"1189";"86";"2468";
"1189";"96";"2478";
"1189";"99";"48696";
"1189";"100";"48697";
"1190";"1";"123";
"1190";"9";"18669";
"1190";"48";"75";
"1190";"54";"177";
"1190";"80";"2448";
"1190";"82";"2465";
"1190";"83";"2464";
"1190";"89";"2471";
"1190";"99";"23642";
"1190";"100";"23643";
"1190";"101";"18518";
"1190";"103";"18525";
"1191";"66";"2417";
"1191";"73";"2428";
"1191";"75";"2425";
"1191";"82";"2465";
"1191";"83";"2464";
"1191";"88";"2469";
"1191";"90";"2470";
"1191";"99";"63520";
"1191";"100";"63521";
"1192";"1";"123";
"1192";"9";"18669";
"1192";"48";"76";
"1192";"49";"139";
"1192";"54";"177";
"1192";"66";"2417";
"1192";"73";"2428";
"1192";"75";"2425";
"1192";"80";"2448";
"1192";"82";"2465";
"1192";"83";"2464";
"1192";"88";"2469";
"1192";"90";"2470";
"1192";"99";"55416";
"1192";"100";"55417";
"1192";"101";"18518";
"1192";"102";"18532";
"1192";"103";"22186";
"1193";"1";"125";
"1193";"9";"18669";
"1193";"48";"75";
"1193";"49";"13125";
"1193";"54";"177";
"1193";"66";"2417";
"1193";"73";"2428";
"1193";"75";"2425";
"1193";"76";"2424";
"1193";"80";"2448";
"1193";"82";"2465";
"1193";"83";"2464";
"1193";"85";"2466";
"1193";"88";"2469";
"1193";"89";"2471";
"1193";"90";"2470";
"1193";"99";"24611";
"1193";"100";"24612";
"1193";"101";"18518";
"1193";"102";"18532";
"1194";"1";"134";
"1194";"8";"25";
"1194";"9";"29";
"1194";"48";"75";
"1194";"49";"23698";
"1194";"54";"177";
"1194";"59";"2410";
"1194";"66";"2417";
"1194";"73";"2428";
"1194";"75";"2425";
"1194";"76";"2424";
"1194";"82";"2465";
"1194";"83";"2464";
"1194";"85";"2466";
"1194";"88";"2469";
"1194";"89";"2471";
"1194";"90";"2470";
"1194";"99";"63512";
"1194";"100";"63513";
"1194";"101";"18518";
"1195";"66";"2417";
"1195";"73";"2428";
"1195";"75";"2425";
"1195";"76";"2424";
"1195";"82";"2465";
"1195";"83";"2464";
"1195";"86";"2468";
"1195";"88";"2469";
"1195";"89";"2471";
"1195";"90";"2470";
"1195";"99";"50130";
"1195";"100";"50131";
"1196";"1";"123";
"1196";"9";"18669";
"1196";"48";"76";
"1196";"49";"139";
"1196";"54";"176";
"1196";"66";"2417";
"1196";"80";"2445";
"1196";"82";"2465";
"1196";"83";"2464";
"1196";"86";"2468";
"1196";"88";"2469";
"1196";"90";"2470";
"1196";"99";"16082";
"1196";"100";"16083";
"1196";"101";"18518";
"1197";"1";"121";
"1197";"8";"25";
"1197";"10";"30";
"1197";"16";"46";
"1197";"18";"50";
"1197";"21";"56";
"1197";"48";"75";
"1197";"54";"177";
"1197";"60";"2411";
"1197";"62";"2413";
"1197";"64";"2415";
"1197";"66";"2417";
"1197";"74";"2427";
"1197";"80";"2439";
"1197";"82";"2465";
"1197";"86";"2468";
"1197";"87";"2467";
"1197";"90";"2470";
"1197";"99";"49062";
"1197";"100";"49063";
"1198";"1";"142";
"1198";"8";"25";
"1198";"18";"50";
"1198";"21";"56";
"1198";"39";"79";
"1198";"54";"177";
"1198";"60";"2411";
"1198";"82";"2465";
"1198";"83";"2464";
"1198";"85";"2466";
"1198";"88";"2469";
"1198";"99";"68121";
"1198";"100";"68122";
"1199";"1";"184";
"1199";"8";"26";
"1199";"18";"50";
"1199";"32";"88";
"1199";"36";"92";
"1199";"54";"178";
"1199";"58";"2409";
"1199";"60";"2411";
"1199";"85";"2466";
"1199";"99";"67251";
"1199";"100";"67252";
"1200";"58";"2409";
"1200";"60";"2411";
"1200";"99";"59447";
"1200";"100";"59448";
"1201";"1";"4279";
"1201";"9";"18669";
"1201";"48";"75";
"1201";"49";"139";
"1201";"54";"178";
"1201";"60";"2411";
"1201";"80";"2448";
"1201";"99";"28475";
"1201";"100";"28476";
"1201";"101";"18518";
"1201";"102";"18522";
"1201";"103";"18525";
"1202";"1";"137";
"1202";"8";"25";
"1202";"48";"76";
"1202";"49";"4318";
"1202";"54";"176";
"1202";"66";"2417";
"1202";"75";"2425";
"1202";"82";"2465";
"1202";"83";"2464";
"1202";"85";"2466";
"1202";"86";"2468";
"1202";"93";"2475";
"1202";"96";"2478";
"1202";"97";"2477";
"1202";"99";"67607";
"1202";"100";"67608";
"1202";"101";"22390";
"1203";"1";"123";
"1203";"9";"18669";
"1203";"48";"76";
"1203";"49";"139";
"1203";"54";"176";
"1203";"66";"2417";
"1203";"75";"2425";
"1203";"80";"2446";
"1203";"82";"2465";
"1203";"83";"2464";
"1203";"86";"2468";
"1203";"93";"2475";
"1203";"96";"2478";
"1203";"97";"2477";
"1203";"99";"20258";
"1203";"100";"20259";
"1203";"101";"18518";
"1203";"102";"18532";
"1204";"1";"123";
"1204";"9";"18669";
"1204";"48";"76";
"1204";"49";"139";
"1204";"54";"176";
"1204";"66";"2417";
"1204";"75";"2425";
"1204";"80";"2445";
"1204";"82";"2465";
"1204";"83";"2464";
"1204";"86";"2468";
"1204";"93";"2475";
"1204";"96";"2478";
"1204";"97";"2477";
"1204";"99";"40124";
"1204";"100";"40125";
"1204";"101";"18518";
"1204";"102";"18532";
"1204";"103";"18524";
"1205";"66";"2417";
"1205";"75";"2425";
"1205";"82";"2465";
"1205";"83";"2464";
"1205";"86";"2468";
"1205";"93";"2475";
"1205";"96";"2478";
"1205";"97";"2477";
"1205";"99";"23856";
"1205";"100";"23857";
"1206";"79";"2431";
"1206";"80";"2436";
"1206";"81";"2429";
"1206";"83";"2464";
"1206";"86";"2468";
"1206";"89";"2471";
"1206";"98";"2479";
"1206";"99";"10655";
"1206";"100";"10656";
"1207";"83";"2464";
"1207";"86";"2468";
"1207";"89";"2471";
"1207";"98";"2479";
"1207";"99";"57881";
"1207";"100";"57882";
"1208";"66";"2417";
"1208";"82";"2465";
"1208";"86";"2468";
"1208";"93";"2475";
"1208";"99";"65763";
"1208";"100";"65764";
"1209";"66";"2417";
"1209";"82";"2465";
"1209";"86";"2468";
"1209";"93";"2475";
"1209";"99";"67973";
"1209";"100";"67974";
"1210";"1";"123";
"1210";"49";"124";
"1210";"54";"177";
"1210";"80";"2437";
"1210";"82";"2465";
"1210";"86";"2468";
"1210";"93";"2475";
"1210";"99";"67235";
"1210";"100";"67236";
"1210";"101";"18518";
"1211";"82";"2465";
"1211";"86";"2468";
"1211";"93";"2475";
"1211";"99";"20241";
"1211";"100";"20242";
"1212";"1";"140";
"1212";"9";"18669";
"1212";"48";"75";
"1212";"49";"4318";
"1212";"54";"177";
"1212";"66";"2417";
"1212";"75";"2425";
"1212";"80";"2448";
"1212";"86";"2468";
"1212";"90";"2470";
"1212";"99";"12327";
"1212";"100";"12328";
"1212";"101";"18518";
"1213";"66";"2417";
"1213";"73";"2428";
"1213";"75";"2425";
"1213";"83";"2464";
"1213";"86";"2468";
"1213";"90";"2470";
"1213";"99";"58605";
"1213";"100";"58606";
"1214";"1";"123";
"1214";"8";"25";
"1214";"9";"18669";
"1214";"10";"30";
"1214";"13";"40";
"1214";"18";"50";
"1214";"21";"56";
"1214";"39";"79";
"1214";"48";"76";
"1214";"49";"124";
"1214";"54";"177";
"1214";"59";"2410";
"1214";"66";"2417";
"1214";"75";"2425";
"1214";"77";"2430";
"1214";"80";"2446";
"1214";"81";"2429";
"1214";"85";"2466";
"1214";"86";"2468";
"1214";"99";"24411";
"1214";"100";"24412";
"1214";"101";"18518";
"1214";"102";"18532";
"1215";"82";"2465";
"1215";"83";"2464";
"1215";"86";"2468";
"1215";"90";"2470";
"1215";"99";"4878";
"1215";"100";"4879";
"1216";"1";"165";
"1216";"8";"25";
"1216";"10";"30";
"1216";"13";"40";
"1216";"16";"46";
"1216";"18";"50";
"1216";"21";"56";
"1216";"32";"87";
"1216";"54";"177";
"1216";"60";"2411";
"1216";"62";"2413";
"1216";"64";"2415";
"1216";"66";"2417";
"1216";"73";"2428";
"1216";"74";"2427";
"1216";"80";"2439";
"1216";"82";"2465";
"1216";"85";"2466";
"1216";"86";"2468";
"1216";"90";"2470";
"1216";"94";"2474";
"1216";"98";"2479";
"1216";"99";"57821";
"1216";"100";"57822";
"1217";"77";"2430";
"1217";"80";"2455";
"1217";"81";"2429";
"1217";"84";"2463";
"1217";"86";"2468";
"1217";"95";"2476";
"1217";"96";"2478";
"1217";"98";"2479";
"1217";"99";"57055";
"1217";"100";"57056";
"1217";"123";"44503";
"1218";"1";"23076";
"1218";"49";"23698";
"1218";"54";"177";
"1218";"80";"2443";
"1218";"85";"2466";
"1218";"95";"2476";
"1218";"99";"42043";
"1218";"100";"42044";
"1218";"101";"18518";
"1218";"102";"18522";
"1219";"85";"2466";
"1219";"99";"2977";
"1219";"100";"3788";
"1220";"1";"135";
"1220";"9";"18669";
"1220";"48";"75";
"1220";"49";"124";
"1220";"54";"177";
"1220";"66";"2417";
"1220";"73";"2428";
"1220";"75";"2425";
"1220";"80";"2446";
"1220";"82";"2465";
"1220";"83";"2464";
"1220";"86";"2468";
"1220";"88";"2469";
"1220";"92";"2472";
"1220";"99";"56343";
"1220";"100";"56344";
"1220";"101";"18518";
"1220";"102";"18532";
"1220";"103";"18527";
"1221";"1";"186";
"1221";"8";"25";
"1221";"9";"27";
"1221";"10";"30";
"1221";"18";"50";
"1221";"21";"56";
"1221";"32";"87";
"1221";"39";"79";
"1221";"48";"75";
"1221";"54";"177";
"1221";"60";"2411";
"1221";"62";"2413";
"1221";"64";"2415";
"1221";"82";"2465";
"1221";"83";"2464";
"1221";"85";"2466";
"1221";"93";"2475";
"1221";"96";"2478";
"1221";"99";"60153";
"1221";"100";"60154";
"1222";"60";"2411";
"1222";"62";"2413";
"1222";"64";"2415";
"1222";"74";"2427";
"1222";"80";"2437";
"1222";"81";"2429";
"1222";"82";"2465";
"1222";"85";"2466";
"1222";"96";"2478";
"1222";"99";"65495";
"1222";"100";"65496";
"1223";"69";"2420";
"1223";"75";"2425";
"1223";"82";"2465";
"1223";"83";"2464";
"1223";"91";"2473";
"1223";"95";"2476";
"1223";"99";"2981";
"1223";"100";"3792";
"1224";"58";"2409";
"1224";"60";"2411";
"1224";"62";"2413";
"1224";"68";"2419";
"1224";"83";"2464";
"1224";"85";"2466";
"1224";"89";"2471";
"1224";"91";"2473";
"1224";"99";"60301";
"1224";"100";"60302";
"1225";"1";"12487";
"1225";"9";"18669";
"1225";"48";"76";
"1225";"49";"170";
"1225";"54";"177";
"1225";"58";"2409";
"1225";"60";"2411";
"1225";"83";"2464";
"1225";"85";"2466";
"1225";"89";"2471";
"1225";"91";"2473";
"1225";"99";"64833";
"1225";"100";"64834";
"1225";"101";"18517";
"1226";"1";"142";
"1226";"9";"18669";
"1226";"48";"76";
"1226";"54";"179";
"1226";"58";"2409";
"1226";"60";"2411";
"1226";"83";"2464";
"1226";"85";"2466";
"1226";"89";"2471";
"1226";"91";"2473";
"1226";"99";"66083";
"1226";"100";"66084";
"1226";"101";"18517";
"1226";"102";"22387";
"1226";"103";"22392";
"1227";"78";"2432";
"1227";"80";"2444";
"1227";"81";"2429";
"1227";"88";"2469";
"1227";"99";"57345";
"1227";"100";"57346";
"1228";"78";"2432";
"1228";"80";"2444";
"1228";"81";"2429";
"1228";"88";"2469";
"1228";"99";"37464";
"1228";"100";"37465";
"1229";"1";"186";
"1229";"8";"25";
"1229";"18";"50";
"1229";"21";"56";
"1229";"34";"90";
"1229";"36";"92";
"1229";"39";"79";
"1229";"45";"98";
"1229";"48";"76";
"1229";"54";"176";
"1229";"60";"2411";
"1229";"85";"2466";
"1229";"99";"12800";
"1229";"100";"12801";
"1231";"60";"2411";
"1231";"85";"2466";
"1231";"99";"5362";
"1231";"100";"5363";
"1232";"1";"138";
"1232";"34";"90";
"1232";"45";"98";
"1232";"54";"176";
"1232";"60";"2411";
"1232";"85";"2466";
"1232";"99";"12804";
"1232";"100";"12805";
"1233";"54";"176";
"1233";"60";"2411";
"1233";"66";"2417";
"1233";"69";"2420";
"1233";"85";"2466";
"1233";"93";"2475";
"1233";"95";"2476";
"1233";"99";"58595";
"1233";"100";"58596";
"1234";"60";"2411";
"1234";"66";"2417";
"1234";"69";"2420";
"1234";"85";"2466";
"1234";"99";"5721";
"1234";"100";"5722";
"1235";"60";"2411";
"1235";"85";"2466";
"1235";"99";"12806";
"1235";"100";"12807";
"1236";"60";"2411";
"1236";"69";"2420";
"1236";"85";"2466";
"1236";"96";"2478";
"1236";"99";"2990";
"1236";"100";"3801";
"1237";"69";"2420";
"1237";"85";"2466";
"1237";"99";"2991";
"1237";"100";"3802";
"1238";"1";"186";
"1238";"10";"30";
"1238";"21";"56";
"1238";"32";"87";
"1238";"48";"76";
"1238";"54";"176";
"1238";"60";"2411";
"1238";"85";"2466";
"1238";"99";"12808";
"1238";"100";"12809";
"1239";"60";"2411";
"1239";"85";"2466";
"1239";"99";"12810";
"1239";"100";"12811";
"1240";"60";"2411";
"1240";"85";"2466";
"1240";"99";"12812";
"1240";"100";"12813";
"1241";"1";"123";
"1241";"13";"40";
"1241";"32";"87";
"1241";"54";"177";
"1241";"66";"2417";
"1241";"86";"2468";
"1241";"87";"2467";
"1241";"96";"2478";
"1241";"97";"2477";
"1241";"99";"16832";
"1241";"100";"16833";
"1242";"1";"123";
"1242";"8";"25";
"1242";"21";"56";
"1242";"36";"92";
"1242";"39";"79";
"1242";"54";"176";
"1242";"66";"2417";
"1242";"73";"2428";
"1242";"75";"2425";
"1242";"77";"2430";
"1242";"80";"2440";
"1242";"81";"2429";
"1242";"82";"2465";
"1242";"85";"2466";
"1242";"99";"54764";
"1242";"100";"54765";
"1243";"66";"2417";
"1243";"69";"2420";
"1243";"73";"2428";
"1243";"75";"2425";
"1243";"77";"2430";
"1243";"80";"2450";
"1243";"81";"2429";
"1243";"82";"2465";
"1243";"85";"2466";
"1243";"95";"2476";
"1243";"98";"2479";
"1243";"99";"56333";
"1243";"100";"56334";
"1244";"1";"134";
"1244";"9";"18614";
"1244";"48";"75";
"1244";"49";"117";
"1244";"54";"176";
"1244";"66";"2417";
"1244";"73";"2428";
"1244";"75";"2425";
"1244";"77";"2430";
"1244";"80";"2446";
"1244";"81";"2429";
"1244";"82";"2465";
"1244";"85";"2466";
"1244";"99";"56329";
"1244";"100";"56330";
"1244";"101";"18518";
"1244";"102";"18532";
"1244";"103";"18527";
"1245";"1";"123";
"1245";"9";"18614";
"1245";"48";"76";
"1245";"54";"176";
"1245";"66";"2417";
"1245";"73";"2428";
"1245";"75";"2425";
"1245";"77";"2430";
"1245";"80";"2445";
"1245";"81";"2429";
"1245";"82";"2465";
"1245";"85";"2466";
"1245";"99";"66013";
"1245";"100";"66014";
"1245";"101";"18518";
"1245";"102";"18615";
"1245";"103";"18527";
"1246";"1";"123";
"1246";"8";"25";
"1246";"18";"50";
"1246";"19";"52";
"1246";"48";"76";
"1246";"49";"139";
"1246";"54";"176";
"1246";"59";"2410";
"1246";"66";"2417";
"1246";"77";"2430";
"1246";"78";"2432";
"1246";"80";"2433";
"1246";"81";"2429";
"1246";"90";"2470";
"1246";"99";"55565";
"1246";"100";"55566";
"1247";"66";"2417";
"1247";"75";"2425";
"1247";"77";"2430";
"1247";"78";"2432";
"1247";"80";"2437";
"1247";"81";"2429";
"1247";"86";"2468";
"1247";"90";"2470";
"1247";"99";"5292";
"1247";"100";"5293";
"1248";"1";"134";
"1248";"8";"25";
"1248";"11";"33";
"1248";"18";"50";
"1248";"46";"99";
"1248";"48";"74";
"1248";"49";"117";
"1248";"54";"176";
"1248";"77";"2430";
"1248";"78";"2432";
"1248";"80";"2433";
"1248";"81";"2429";
"1248";"90";"2470";
"1248";"99";"61722";
"1248";"100";"61723";
"1249";"1";"165";
"1249";"8";"25";
"1249";"10";"30";
"1249";"11";"33";
"1249";"16";"46";
"1249";"18";"50";
"1249";"21";"56";
"1249";"39";"79";
"1249";"48";"75";
"1249";"54";"176";
"1249";"60";"2411";
"1249";"62";"2413";
"1249";"64";"2415";
"1249";"66";"2417";
"1249";"73";"2428";
"1249";"74";"2427";
"1249";"78";"2432";
"1249";"82";"2465";
"1249";"85";"2466";
"1249";"86";"2468";
"1249";"90";"2470";
"1249";"99";"58878";
"1249";"100";"58879";
"1250";"1";"165";
"1250";"8";"25";
"1250";"10";"30";
"1250";"11";"32";
"1250";"13";"40";
"1250";"21";"56";
"1250";"48";"76";
"1250";"54";"176";
"1250";"60";"2411";
"1250";"62";"2413";
"1250";"64";"2415";
"1250";"66";"2417";
"1250";"73";"2428";
"1250";"78";"2432";
"1250";"80";"2450";
"1250";"81";"2429";
"1250";"85";"2466";
"1250";"86";"2468";
"1250";"90";"2470";
"1250";"99";"67933";
"1250";"100";"67934";
"1251";"1";"23076";
"1251";"66";"2417";
"1251";"75";"2425";
"1251";"80";"2450";
"1251";"81";"2429";
"1251";"85";"2466";
"1251";"86";"2468";
"1251";"90";"2470";
"1251";"95";"2476";
"1251";"99";"56528";
"1251";"100";"56529";
"1252";"66";"2417";
"1252";"75";"2425";
"1252";"80";"2450";
"1252";"81";"2429";
"1252";"85";"2466";
"1252";"86";"2468";
"1252";"90";"2470";
"1252";"95";"2476";
"1252";"99";"5076";
"1252";"100";"5077";
"1253";"66";"2417";
"1253";"75";"2425";
"1253";"80";"2450";
"1253";"81";"2429";
"1253";"85";"2466";
"1253";"86";"2468";
"1253";"90";"2470";
"1253";"99";"12921";
"1253";"100";"12922";
"1254";"1";"13121";
"1254";"9";"18614";
"1254";"48";"74";
"1254";"49";"13125";
"1254";"54";"176";
"1254";"66";"2417";
"1254";"75";"2425";
"1254";"80";"2450";
"1254";"81";"2429";
"1254";"85";"2466";
"1254";"86";"2468";
"1254";"90";"2470";
"1254";"99";"38929";
"1254";"100";"38930";
"1255";"66";"2417";
"1255";"75";"2425";
"1255";"80";"2450";
"1255";"81";"2429";
"1255";"85";"2466";
"1255";"86";"2468";
"1255";"90";"2470";
"1255";"99";"49024";
"1255";"100";"49025";
"1256";"84";"2463";
"1256";"86";"2468";
"1256";"96";"2478";
"1256";"99";"59308";
"1256";"100";"59309";
"1257";"67";"2418";
"1257";"86";"2468";
"1257";"89";"2471";
"1257";"91";"2473";
"1257";"98";"2479";
"1257";"99";"3008";
"1257";"100";"3819";
"1260";"91";"2473";
"1260";"99";"11503";
"1260";"100";"11504";
"1263";"86";"2468";
"1263";"95";"2476";
"1263";"99";"67245";
"1263";"100";"67246";
"1264";"86";"2468";
"1264";"95";"2476";
"1264";"99";"3011";
"1264";"100";"3822";
"1265";"86";"2468";
"1265";"95";"2476";
"1265";"99";"3012";
"1265";"100";"3823";
"1266";"86";"2468";
"1266";"95";"2476";
"1266";"99";"3013";
"1266";"100";"3824";
"1267";"1";"13122";
"1267";"9";"18614";
"1267";"48";"76";
"1267";"49";"13125";
"1267";"54";"176";
"1267";"77";"2430";
"1267";"80";"2441";
"1267";"81";"2429";
"1267";"84";"2463";
"1267";"86";"2468";
"1267";"96";"2478";
"1267";"98";"2479";
"1267";"99";"60041";
"1267";"100";"60042";
"1267";"101";"18518";
"1267";"102";"22387";
"1267";"103";"18524";
"1267";"123";"44503";
"1268";"77";"2430";
"1268";"80";"2443";
"1268";"81";"2429";
"1268";"84";"2463";
"1268";"86";"2468";
"1268";"96";"2478";
"1268";"98";"2479";
"1268";"99";"3015";
"1268";"100";"3826";
"1268";"123";"44503";
"1271";"1";"123";
"1271";"8";"25";
"1271";"54";"177";
"1271";"78";"2432";
"1271";"80";"2439";
"1271";"81";"2429";
"1271";"85";"2466";
"1271";"89";"2471";
"1271";"98";"2479";
"1271";"99";"3016";
"1271";"100";"3827";
"1274";"1";"123";
"1274";"8";"25";
"1274";"9";"28";
"1274";"18";"50";
"1274";"39";"79";
"1274";"48";"74";
"1274";"49";"124";
"1274";"54";"177";
"1274";"78";"2432";
"1274";"80";"2439";
"1274";"81";"2429";
"1274";"85";"2466";
"1274";"89";"2471";
"1274";"98";"2479";
"1274";"99";"58021";
"1274";"100";"58022";
"1279";"67";"2418";
"1279";"73";"2428";
"1279";"83";"2464";
"1279";"86";"2468";
"1279";"89";"2471";
"1279";"91";"2473";
"1279";"95";"2476";
"1279";"99";"3019";
"1279";"100";"3830";
"1280";"1";"130";
"1280";"8";"25";
"1280";"19";"52";
"1280";"32";"88";
"1280";"48";"74";
"1280";"54";"176";
"1280";"68";"2419";
"1280";"74";"2427";
"1280";"83";"2464";
"1280";"86";"2468";
"1280";"89";"2471";
"1280";"91";"2473";
"1280";"95";"2476";
"1280";"99";"29209";
"1280";"100";"29210";
"1281";"83";"2464";
"1281";"85";"2466";
"1281";"91";"2473";
"1281";"96";"2478";
"1281";"99";"3021";
"1281";"100";"3832";
"1285";"66";"2417";
"1285";"68";"2419";
"1285";"71";"2423";
"1285";"75";"2425";
"1285";"83";"2464";
"1285";"85";"2466";
"1285";"88";"2469";
"1285";"89";"2471";
"1285";"90";"2470";
"1285";"91";"2473";
"1285";"95";"2476";
"1285";"98";"2479";
"1285";"99";"3023";
"1285";"100";"3834";
"1286";"1";"4279";
"1286";"49";"143";
"1286";"54";"177";
"1286";"68";"2419";
"1286";"71";"2423";
"1286";"83";"2464";
"1286";"85";"2466";
"1286";"89";"2471";
"1286";"91";"2473";
"1286";"95";"2476";
"1286";"98";"2479";
"1286";"99";"50378";
"1286";"100";"50379";
"1286";"101";"18518";
"1286";"102";"18522";
"1287";"83";"2464";
"1287";"85";"2466";
"1287";"89";"2471";
"1287";"91";"2473";
"1287";"99";"3025";
"1287";"100";"3836";
"1288";"1";"137";
"1288";"54";"177";
"1288";"83";"2464";
"1288";"85";"2466";
"1288";"89";"2471";
"1288";"91";"2473";
"1288";"99";"62528";
"1288";"100";"62529";
"1288";"101";"18517";
"1289";"83";"2464";
"1289";"85";"2466";
"1289";"89";"2471";
"1289";"91";"2473";
"1289";"95";"2476";
"1289";"99";"3027";
"1289";"100";"3838";
"1291";"67";"2418";
"1291";"69";"2420";
"1291";"76";"2424";
"1291";"77";"2430";
"1291";"78";"2432";
"1291";"80";"2443";
"1291";"81";"2429";
"1291";"85";"2466";
"1291";"88";"2469";
"1291";"91";"2473";
"1291";"95";"2476";
"1291";"99";"65737";
"1291";"100";"65738";
"1292";"67";"2418";
"1292";"69";"2420";
"1292";"76";"2424";
"1292";"77";"2430";
"1292";"78";"2432";
"1292";"80";"2443";
"1292";"81";"2429";
"1292";"85";"2466";
"1292";"88";"2469";
"1292";"91";"2473";
"1292";"95";"2476";
"1292";"99";"65735";
"1292";"100";"65736";
"1293";"67";"2418";
"1293";"69";"2420";
"1293";"76";"2424";
"1293";"77";"2430";
"1293";"78";"2432";
"1293";"80";"2443";
"1293";"81";"2429";
"1293";"85";"2466";
"1293";"88";"2469";
"1293";"91";"2473";
"1293";"95";"2476";
"1293";"99";"46901";
"1293";"100";"46902";
"1294";"67";"2418";
"1294";"69";"2420";
"1294";"76";"2424";
"1294";"77";"2430";
"1294";"78";"2432";
"1294";"80";"2443";
"1294";"81";"2429";
"1294";"85";"2466";
"1294";"88";"2469";
"1294";"91";"2473";
"1294";"95";"2476";
"1294";"99";"57667";
"1294";"100";"57668";
"1295";"1";"125";
"1295";"8";"25";
"1295";"9";"27";
"1295";"10";"30";
"1295";"11";"32";
"1295";"13";"40";
"1295";"14";"42";
"1295";"21";"56";
"1295";"34";"90";
"1295";"39";"79";
"1295";"47";"77";
"1295";"48";"75";
"1295";"49";"124";
"1295";"54";"177";
"1295";"59";"2410";
"1295";"66";"2417";
"1295";"68";"2419";
"1295";"69";"2420";
"1295";"75";"2425";
"1295";"77";"2430";
"1295";"81";"2429";
"1295";"84";"2463";
"1295";"85";"2466";
"1295";"86";"2468";
"1295";"88";"2469";
"1295";"89";"2471";
"1295";"99";"49332";
"1295";"100";"49333";
"1296";"99";"25043";
"1296";"100";"25044";
"1297";"1";"13121";
"1297";"8";"25";
"1297";"9";"27";
"1297";"10";"30";
"1297";"13";"40";
"1297";"19";"52";
"1297";"21";"56";
"1297";"36";"92";
"1297";"39";"79";
"1297";"41";"94";
"1297";"47";"77";
"1297";"48";"75";
"1297";"49";"128";
"1297";"54";"177";
"1297";"59";"2410";
"1297";"63";"2414";
"1297";"66";"2417";
"1297";"67";"2418";
"1297";"73";"2428";
"1297";"75";"2425";
"1297";"76";"2424";
"1297";"82";"2465";
"1297";"83";"2464";
"1297";"85";"2466";
"1297";"86";"2468";
"1297";"88";"2469";
"1297";"89";"2471";
"1297";"90";"2470";
"1297";"99";"39565";
"1297";"100";"39566";
"1298";"66";"2417";
"1298";"73";"2428";
"1298";"75";"2425";
"1298";"76";"2424";
"1298";"82";"2465";
"1298";"83";"2464";
"1298";"88";"2469";
"1298";"89";"2471";
"1298";"90";"2470";
"1298";"99";"42465";
"1298";"100";"42466";
"1299";"1";"127";
"1299";"8";"25";
"1299";"9";"18614";
"1299";"48";"74";
"1299";"49";"128";
"1299";"54";"176";
"1299";"77";"2430";
"1299";"80";"2441";
"1299";"81";"2429";
"1299";"84";"2463";
"1299";"86";"2468";
"1299";"96";"2478";
"1299";"98";"2479";
"1299";"99";"33877";
"1299";"100";"33878";
"1299";"101";"18518";
"1299";"102";"18615";
"1299";"103";"18524";
"1299";"123";"44503";
"1300";"1";"130";
"1300";"8";"25";
"1300";"9";"27";
"1300";"10";"30";
"1300";"13";"40";
"1300";"14";"42";
"1300";"19";"52";
"1300";"21";"56";
"1300";"39";"79";
"1300";"47";"77";
"1300";"48";"76";
"1300";"49";"133";
"1300";"54";"178";
"1300";"59";"2410";
"1300";"66";"2417";
"1300";"73";"2428";
"1300";"75";"2425";
"1300";"76";"2424";
"1300";"77";"2430";
"1300";"80";"2455";
"1300";"81";"2429";
"1300";"82";"2465";
"1300";"84";"2463";
"1300";"86";"2468";
"1300";"89";"2471";
"1300";"90";"2470";
"1300";"95";"2476";
"1300";"96";"2478";
"1300";"99";"55784";
"1300";"100";"55785";
"1300";"123";"44505";
"1301";"1";"134";
"1301";"8";"25";
"1301";"9";"18614";
"1301";"48";"76";
"1301";"49";"117";
"1301";"54";"177";
"1301";"77";"2430";
"1301";"80";"2443";
"1301";"81";"2429";
"1301";"84";"2463";
"1301";"86";"2468";
"1301";"96";"2478";
"1301";"98";"2479";
"1301";"99";"60495";
"1301";"100";"60496";
"1301";"101";"18518";
"1301";"123";"44503";
"1302";"1";"132";
"1302";"8";"25";
"1302";"54";"176";
"1302";"77";"2430";
"1302";"80";"2443";
"1302";"81";"2429";
"1302";"84";"2463";
"1302";"86";"2468";
"1302";"96";"2478";
"1302";"98";"2479";
"1302";"99";"55182";
"1302";"100";"55183";
"1302";"123";"44503";
"1303";"1";"11296";
"1303";"9";"18669";
"1303";"48";"75";
"1303";"49";"169";
"1303";"54";"177";
"1303";"66";"2417";
"1303";"73";"2428";
"1303";"75";"2425";
"1303";"80";"2448";
"1303";"82";"2465";
"1303";"83";"2464";
"1303";"86";"2468";
"1303";"88";"2469";
"1303";"89";"2471";
"1303";"96";"2478";
"1303";"99";"67501";
"1303";"100";"67502";
"1303";"101";"18518";
"1303";"102";"18615";
"1303";"103";"18524";
"1304";"1";"10303";
"1304";"8";"25";
"1304";"18";"50";
"1304";"36";"92";
"1304";"46";"99";
"1304";"48";"76";
"1304";"54";"178";
"1304";"73";"2428";
"1304";"75";"2425";
"1304";"85";"2466";
"1304";"91";"2473";
"1304";"99";"66423";
"1304";"100";"66424";
"1305";"1";"135";
"1305";"8";"25";
"1305";"9";"27";
"1305";"10";"30";
"1305";"13";"40";
"1305";"14";"42";
"1305";"16";"46";
"1305";"18";"50";
"1305";"19";"52";
"1305";"32";"88";
"1305";"36";"92";
"1305";"39";"79";
"1305";"47";"77";
"1305";"48";"74";
"1305";"49";"124";
"1305";"54";"177";
"1305";"85";"2466";
"1305";"91";"2473";
"1305";"99";"57909";
"1305";"100";"57910";
"1306";"8";"25";
"1306";"10";"30";
"1306";"13";"40";
"1306";"19";"52";
"1306";"54";"176";
"1306";"80";"2450";
"1306";"81";"2429";
"1306";"85";"2466";
"1306";"95";"2476";
"1306";"99";"29943";
"1306";"100";"29944";
"1307";"1";"125";
"1307";"8";"25";
"1307";"9";"27";
"1307";"10";"30";
"1307";"32";"88";
"1307";"36";"92";
"1307";"39";"79";
"1307";"47";"77";
"1307";"48";"74";
"1307";"49";"133";
"1307";"54";"176";
"1307";"74";"2427";
"1307";"83";"2464";
"1307";"86";"2468";
"1307";"89";"2471";
"1307";"91";"2473";
"1307";"99";"29199";
"1307";"100";"29200";
"1308";"1";"187";
"1308";"8";"25";
"1308";"13";"40";
"1308";"18";"50";
"1308";"19";"52";
"1308";"36";"92";
"1308";"46";"99";
"1308";"48";"74";
"1308";"54";"176";
"1308";"66";"2417";
"1308";"68";"2419";
"1308";"69";"2420";
"1308";"71";"2423";
"1308";"75";"2425";
"1308";"83";"2464";
"1308";"85";"2466";
"1308";"88";"2469";
"1308";"89";"2471";
"1308";"90";"2470";
"1308";"91";"2473";
"1308";"95";"2476";
"1308";"98";"2479";
"1308";"99";"56995";
"1308";"100";"56996";
"1309";"1";"123";
"1309";"8";"25";
"1309";"9";"27";
"1309";"10";"30";
"1309";"32";"88";
"1309";"36";"92";
"1309";"39";"79";
"1309";"47";"77";
"1309";"48";"76";
"1309";"49";"133";
"1309";"54";"176";
"1309";"62";"2413";
"1309";"74";"2427";
"1309";"83";"2464";
"1309";"86";"2468";
"1309";"89";"2471";
"1309";"91";"2473";
"1309";"98";"2479";
"1309";"99";"3053";
"1309";"100";"3864";
"1310";"1";"121";
"1310";"8";"25";
"1310";"9";"27";
"1310";"10";"30";
"1310";"11";"32";
"1310";"18";"50";
"1310";"32";"88";
"1310";"36";"92";
"1310";"48";"75";
"1310";"54";"176";
"1310";"83";"2464";
"1310";"85";"2466";
"1310";"88";"2469";
"1310";"89";"2471";
"1310";"91";"2473";
"1310";"96";"2478";
"1310";"99";"3055";
"1310";"100";"3866";
"1311";"8";"25";
"1311";"10";"30";
"1311";"18";"50";
"1311";"19";"52";
"1311";"32";"88";
"1311";"45";"98";
"1311";"46";"99";
"1311";"54";"176";
"1311";"74";"2427";
"1311";"83";"2464";
"1311";"85";"2466";
"1311";"88";"2469";
"1311";"91";"2473";
"1311";"99";"29205";
"1311";"100";"29206";
"1312";"1";"142";
"1312";"8";"25";
"1312";"9";"27";
"1312";"10";"30";
"1312";"45";"98";
"1312";"54";"177";
"1312";"83";"2464";
"1312";"85";"2466";
"1312";"86";"2468";
"1312";"89";"2471";
"1312";"91";"2473";
"1312";"99";"68087";
"1312";"100";"68088";
"1312";"101";"18518";
"1312";"102";"18522";
"1313";"1";"125";
"1313";"8";"25";
"1313";"9";"27";
"1313";"10";"30";
"1313";"13";"40";
"1313";"39";"79";
"1313";"48";"74";
"1313";"49";"117";
"1313";"54";"176";
"1313";"66";"2417";
"1313";"72";"2422";
"1313";"73";"2428";
"1313";"75";"2425";
"1313";"83";"2464";
"1313";"86";"2468";
"1313";"87";"2467";
"1313";"90";"2470";
"1313";"91";"2473";
"1313";"95";"2476";
"1313";"99";"68115";
"1313";"100";"68116";
"1314";"1";"132";
"1314";"8";"25";
"1314";"9";"28";
"1314";"10";"31";
"1314";"11";"33";
"1314";"18";"50";
"1314";"19";"52";
"1314";"36";"92";
"1314";"46";"99";
"1314";"48";"74";
"1314";"49";"117";
"1314";"54";"176";
"1314";"67";"2418";
"1314";"73";"2428";
"1314";"74";"2427";
"1314";"86";"2468";
"1314";"87";"2467";
"1314";"89";"2471";
"1314";"91";"2473";
"1314";"99";"59913";
"1314";"100";"59914";
"1315";"1";"142";
"1315";"8";"25";
"1315";"9";"27";
"1315";"10";"30";
"1315";"11";"32";
"1315";"18";"50";
"1315";"21";"56";
"1315";"23";"60";
"1315";"32";"88";
"1315";"36";"92";
"1315";"39";"79";
"1315";"54";"176";
"1315";"85";"2466";
"1315";"91";"2473";
"1316";"1";"123";
"1316";"8";"25";
"1316";"9";"27";
"1316";"18";"50";
"1316";"23";"60";
"1316";"36";"92";
"1316";"39";"79";
"1316";"54";"176";
"1316";"85";"2466";
"1316";"99";"32658";
"1316";"100";"32659";
"1318";"1";"142";
"1318";"8";"26";
"1318";"18";"50";
"1318";"23";"60";
"1318";"36";"92";
"1318";"48";"75";
"1318";"54";"179";
"1318";"83";"2464";
"1318";"85";"2466";
"1318";"89";"2471";
"1318";"91";"2473";
"1318";"99";"55236";
"1318";"100";"55237";
"1318";"101";"22390";
"1319";"1";"121";
"1319";"8";"25";
"1319";"11";"32";
"1319";"18";"50";
"1319";"23";"60";
"1319";"36";"92";
"1319";"54";"176";
"1319";"83";"2464";
"1319";"85";"2466";
"1319";"89";"2471";
"1319";"91";"2473";
"1319";"99";"66025";
"1319";"100";"66026";
"1320";"1";"142";
"1320";"11";"32";
"1320";"18";"50";
"1320";"23";"60";
"1320";"36";"92";
"1320";"48";"74";
"1320";"54";"180";
"1320";"83";"2464";
"1320";"85";"2466";
"1320";"89";"2471";
"1320";"91";"2473";
"1320";"99";"39187";
"1320";"100";"39188";
"1321";"1";"145";
"1321";"8";"25";
"1321";"11";"32";
"1321";"13";"40";
"1321";"23";"60";
"1321";"32";"88";
"1321";"39";"79";
"1321";"48";"74";
"1321";"49";"124";
"1321";"54";"176";
"1321";"66";"2417";
"1321";"69";"2420";
"1321";"83";"2464";
"1321";"85";"2466";
"1321";"86";"2468";
"1321";"88";"2469";
"1321";"89";"2471";
"1321";"91";"2473";
"1321";"98";"2479";
"1321";"99";"23822";
"1321";"100";"23823";
"1322";"1";"142";
"1322";"8";"25";
"1322";"9";"28";
"1322";"10";"30";
"1322";"13";"40";
"1322";"18";"50";
"1322";"21";"56";
"1322";"32";"87";
"1322";"39";"79";
"1322";"47";"77";
"1322";"54";"176";
"1322";"83";"2464";
"1322";"86";"2468";
"1322";"99";"19002";
"1322";"100";"19003";
"1323";"1";"130";
"1323";"8";"25";
"1323";"9";"27";
"1323";"10";"30";
"1323";"17";"48";
"1323";"19";"52";
"1323";"39";"79";
"1323";"48";"75";
"1323";"54";"177";
"1323";"77";"2430";
"1323";"80";"2436";
"1323";"81";"2429";
"1323";"86";"2468";
"1323";"87";"2467";
"1323";"89";"2471";
"1323";"91";"2473";
"1323";"98";"2479";
"1323";"99";"35903";
"1323";"100";"35904";
"1324";"1";"186";
"1324";"18";"50";
"1324";"49";"170";
"1324";"54";"177";
"1324";"63";"2414";
"1324";"64";"2415";
"1324";"78";"2432";
"1324";"80";"2440";
"1324";"81";"2429";
"1324";"85";"2466";
"1324";"89";"2471";
"1324";"96";"2478";
"1324";"98";"2479";
"1324";"99";"55434";
"1324";"100";"55435";
"1325";"1";"174";
"1325";"8";"25";
"1325";"54";"176";
"1325";"67";"2418";
"1325";"77";"2430";
"1325";"80";"2451";
"1325";"81";"2429";
"1325";"85";"2466";
"1325";"91";"2473";
"1325";"99";"29945";
"1325";"100";"29946";
"1326";"1";"2001";
"1326";"8";"25";
"1326";"32";"87";
"1326";"54";"176";
"1326";"99";"40758";
"1326";"100";"40759";
"1327";"8";"25";
"1327";"10";"30";
"1327";"32";"87";
"1327";"39";"79";
"1327";"54";"176";
"1327";"99";"45282";
"1327";"100";"45283";
"1328";"1";"181";
"1328";"54";"176";
"1328";"69";"2420";
"1328";"86";"2468";
"1328";"87";"2467";
"1328";"98";"2479";
"1328";"99";"59248";
"1328";"100";"59249";
"1329";"1";"2001";
"1329";"17";"48";
"1329";"19";"52";
"1329";"46";"99";
"1329";"48";"74";
"1329";"49";"146";
"1329";"54";"178";
"1329";"99";"42431";
"1329";"100";"42432";
"1330";"1";"174";
"1330";"8";"25";
"1330";"10";"30";
"1330";"19";"52";
"1330";"39";"79";
"1330";"54";"178";
"1330";"80";"2450";
"1330";"81";"2429";
"1330";"85";"2466";
"1330";"95";"2476";
"1330";"99";"30004";
"1330";"100";"30005";
"1331";"1";"2001";
"1331";"19";"52";
"1331";"54";"178";
"1331";"99";"35552";
"1331";"100";"35553";
"1332";"1";"2001";
"1332";"19";"52";
"1332";"49";"175";
"1332";"54";"178";
"1332";"99";"44138";
"1332";"100";"44139";
"1333";"1";"187";
"1333";"19";"52";
"1333";"48";"76";
"1333";"54";"176";
"1333";"99";"40764";
"1333";"100";"40765";
"1334";"8";"25";
"1334";"9";"27";
"1334";"10";"30";
"1334";"14";"42";
"1334";"23";"60";
"1334";"32";"87";
"1334";"46";"99";
"1334";"48";"74";
"1334";"49";"146";
"1334";"54";"176";
"1334";"67";"2418";
"1334";"77";"2430";
"1334";"80";"2439";
"1334";"81";"2429";
"1334";"85";"2466";
"1334";"99";"56468";
"1334";"100";"56469";
"1335";"8";"25";
"1335";"9";"27";
"1335";"10";"30";
"1335";"14";"42";
"1335";"48";"74";
"1335";"54";"176";
"1335";"77";"2430";
"1335";"80";"2439";
"1335";"81";"2429";
"1335";"85";"2466";
"1335";"99";"45294";
"1335";"100";"45295";
"1336";"1";"123";
"1336";"8";"25";
"1336";"19";"52";
"1336";"39";"79";
"1336";"48";"74";
"1336";"49";"117";
"1336";"54";"177";
"1336";"67";"2418";
"1336";"85";"2466";
"1336";"86";"2468";
"1336";"91";"2473";
"1336";"98";"2479";
"1336";"99";"24523";
"1336";"100";"24524";
"1337";"1";"125";
"1337";"8";"25";
"1337";"14";"42";
"1337";"19";"52";
"1337";"39";"79";
"1337";"48";"76";
"1337";"54";"177";
"1337";"77";"2430";
"1337";"80";"2436";
"1337";"81";"2429";
"1337";"86";"2468";
"1337";"87";"2467";
"1337";"89";"2471";
"1337";"91";"2473";
"1337";"98";"2479";
"1337";"99";"14610";
"1337";"100";"14611";
"1338";"17";"48";
"1338";"19";"52";
"1338";"48";"74";
"1338";"54";"176";
"1338";"99";"30182";
"1338";"100";"30183";
"1339";"1";"123";
"1339";"8";"25";
"1339";"11";"32";
"1339";"18";"50";
"1339";"19";"52";
"1339";"32";"88";
"1339";"39";"79";
"1339";"54";"178";
"1339";"66";"2417";
"1339";"68";"2419";
"1339";"71";"2423";
"1339";"83";"2464";
"1339";"85";"2466";
"1339";"88";"2469";
"1339";"89";"2471";
"1339";"91";"2473";
"1339";"99";"59813";
"1339";"100";"59814";
"1340";"8";"25";
"1340";"10";"30";
"1340";"13";"40";
"1340";"18";"50";
"1340";"21";"56";
"1340";"54";"177";
"1340";"66";"2417";
"1340";"73";"2428";
"1340";"75";"2425";
"1340";"76";"2424";
"1340";"82";"2465";
"1340";"83";"2464";
"1340";"85";"2466";
"1340";"88";"2469";
"1340";"89";"2471";
"1340";"90";"2470";
"1340";"99";"44812";
"1340";"100";"44813";
"1341";"1";"134";
"1341";"13";"40";
"1341";"18";"50";
"1341";"19";"52";
"1341";"32";"88";
"1341";"39";"79";
"1341";"48";"75";
"1341";"49";"133";
"1341";"54";"177";
"1341";"66";"2417";
"1341";"73";"2428";
"1341";"75";"2425";
"1341";"76";"2424";
"1341";"82";"2465";
"1341";"83";"2464";
"1341";"88";"2469";
"1341";"89";"2471";
"1341";"90";"2470";
"1341";"99";"47924";
"1341";"100";"47925";
"1342";"1";"187";
"1342";"11";"32";
"1342";"13";"40";
"1342";"32";"87";
"1342";"49";"124";
"1342";"66";"2417";
"1342";"68";"2419";
"1342";"69";"2420";
"1342";"83";"2464";
"1342";"86";"2468";
"1342";"90";"2470";
"1342";"91";"2473";
"1342";"95";"2476";
"1342";"99";"56305";
"1342";"100";"56306";
"1343";"1";"123";
"1343";"8";"25";
"1343";"23";"60";
"1343";"32";"88";
"1343";"39";"79";
"1343";"54";"177";
"1343";"66";"2417";
"1343";"83";"2464";
"1343";"85";"2466";
"1343";"86";"2468";
"1343";"88";"2469";
"1343";"89";"2471";
"1343";"91";"2473";
"1343";"98";"2479";
"1343";"99";"65995";
"1343";"100";"65996";
"1344";"1";"135";
"1344";"8";"25";
"1344";"39";"79";
"1344";"54";"177";
"1344";"85";"2466";
"1344";"91";"2473";
"1344";"98";"2479";
"1344";"99";"61051";
"1344";"100";"61052";
"1345";"1";"125";
"1345";"8";"25";
"1345";"19";"52";
"1345";"39";"79";
"1345";"48";"75";
"1345";"49";"146";
"1345";"54";"176";
"1345";"85";"2466";
"1345";"91";"2473";
"1345";"96";"2478";
"1345";"99";"47926";
"1345";"100";"47927";
"1346";"8";"25";
"1346";"54";"178";
"1346";"99";"48992";
"1346";"100";"48993";
"1347";"1";"127";
"1347";"8";"25";
"1347";"10";"30";
"1347";"13";"40";
"1347";"39";"79";
"1347";"49";"146";
"1347";"54";"177";
"1347";"66";"2417";
"1347";"86";"2468";
"1347";"95";"2476";
"1347";"98";"2479";
"1347";"99";"47094";
"1347";"100";"47095";
"1348";"1";"187";
"1348";"8";"25";
"1348";"10";"30";
"1348";"54";"177";
"1348";"99";"3137";
"1348";"100";"3948";
"1349";"1";"125";
"1349";"36";"92";
"1349";"48";"74";
"1349";"49";"139";
"1349";"54";"177";
"1349";"77";"2430";
"1349";"80";"2436";
"1349";"81";"2429";
"1349";"82";"2465";
"1349";"83";"2464";
"1349";"86";"2468";
"1349";"98";"2479";
"1349";"99";"59697";
"1349";"100";"59698";
"1350";"1";"15";
"1350";"8";"25";
"1350";"9";"27";
"1350";"10";"30";
"1350";"19";"52";
"1350";"21";"56";
"1350";"32";"87";
"1350";"39";"79";
"1350";"48";"75";
"1350";"49";"18508";
"1350";"54";"177";
"1350";"59";"2410";
"1350";"66";"2417";
"1350";"73";"2428";
"1350";"75";"2425";
"1350";"76";"2424";
"1350";"80";"2441";
"1350";"81";"2429";
"1350";"82";"2465";
"1350";"84";"2463";
"1350";"85";"2466";
"1350";"86";"2468";
"1350";"95";"2476";
"1350";"98";"2479";
"1350";"99";"63203";
"1350";"100";"63204";
"1350";"101";"18518";
"1350";"102";"18532";
"1351";"67";"2418";
"1351";"85";"2466";
"1351";"86";"2468";
"1351";"91";"2473";
"1351";"98";"2479";
"1351";"99";"60263";
"1351";"100";"60264";
"1352";"1";"125";
"1352";"8";"25";
"1352";"13";"40";
"1352";"19";"52";
"1352";"21";"56";
"1352";"32";"87";
"1352";"49";"115";
"1352";"54";"177";
"1352";"73";"2428";
"1352";"75";"2425";
"1352";"78";"2432";
"1352";"81";"2429";
"1352";"85";"2466";
"1352";"86";"2468";
"1352";"99";"33020";
"1352";"100";"33021";
"1353";"8";"25";
"1353";"19";"52";
"1353";"39";"79";
"1353";"48";"74";
"1353";"54";"177";
"1353";"67";"2418";
"1353";"85";"2466";
"1353";"91";"2473";
"1353";"98";"2479";
"1353";"99";"18819";
"1353";"100";"18820";
"1354";"1";"145";
"1354";"8";"25";
"1354";"19";"52";
"1354";"32";"88";
"1354";"39";"79";
"1354";"48";"74";
"1354";"54";"177";
"1354";"85";"2466";
"1354";"91";"2473";
"1354";"98";"2479";
"1354";"99";"8026";
"1354";"100";"8027";
"1355";"1";"116";
"1355";"8";"25";
"1355";"9";"27";
"1355";"14";"42";
"1355";"19";"52";
"1355";"32";"87";
"1355";"34";"90";
"1355";"39";"79";
"1355";"54";"177";
"1355";"70";"2421";
"1355";"85";"2466";
"1355";"93";"2475";
"1355";"98";"2479";
"1355";"99";"34421";
"1355";"100";"34422";
"1356";"1";"130";
"1356";"8";"25";
"1356";"11";"32";
"1356";"13";"40";
"1356";"39";"79";
"1356";"48";"75";
"1356";"54";"177";
"1356";"66";"2417";
"1356";"73";"2428";
"1356";"75";"2425";
"1356";"76";"2424";
"1356";"82";"2465";
"1356";"83";"2464";
"1356";"88";"2469";
"1356";"89";"2471";
"1356";"90";"2470";
"1356";"99";"11276";
"1356";"100";"11277";
"1357";"1";"130";
"1357";"8";"25";
"1357";"11";"32";
"1357";"13";"40";
"1357";"23";"60";
"1357";"32";"87";
"1357";"49";"124";
"1357";"54";"176";
"1357";"66";"2417";
"1357";"68";"2419";
"1357";"69";"2420";
"1357";"83";"2464";
"1357";"86";"2468";
"1357";"90";"2470";
"1357";"91";"2473";
"1357";"95";"2476";
"1357";"99";"55788";
"1357";"100";"55789";
"1358";"32";"88";
"1358";"85";"2466";
"1358";"91";"2473";
"1358";"98";"2479";
"1358";"99";"3172";
"1358";"100";"3983";
"1359";"1";"134";
"1359";"8";"25";
"1359";"11";"32";
"1359";"13";"40";
"1359";"18";"50";
"1359";"39";"79";
"1359";"48";"75";
"1359";"54";"177";
"1359";"66";"2417";
"1359";"73";"2428";
"1359";"75";"2425";
"1359";"76";"2424";
"1359";"82";"2465";
"1359";"83";"2464";
"1359";"88";"2469";
"1359";"89";"2471";
"1359";"90";"2470";
"1359";"99";"57053";
"1359";"100";"57054";
"1360";"1";"123";
"1360";"8";"25";
"1360";"9";"27";
"1360";"10";"30";
"1360";"18";"50";
"1360";"32";"87";
"1360";"36";"92";
"1360";"46";"99";
"1360";"48";"74";
"1360";"54";"176";
"1360";"75";"2425";
"1360";"86";"2468";
"1360";"90";"2470";
"1360";"99";"3177";
"1360";"100";"3988";
"1361";"1";"134";
"1361";"8";"25";
"1361";"13";"40";
"1361";"14";"42";
"1361";"39";"79";
"1361";"48";"74";
"1361";"49";"139";
"1361";"54";"177";
"1361";"66";"2417";
"1361";"75";"2425";
"1361";"80";"2450";
"1361";"81";"2429";
"1361";"85";"2466";
"1361";"86";"2468";
"1361";"90";"2470";
"1361";"99";"54949";
"1361";"100";"54950";
"1362";"1";"132";
"1362";"10";"30";
"1362";"18";"50";
"1362";"19";"52";
"1362";"54";"177";
"1362";"59";"2410";
"1362";"99";"59190";
"1362";"100";"59191";
"1363";"1";"187";
"1363";"8";"25";
"1363";"9";"27";
"1363";"10";"30";
"1363";"47";"77";
"1363";"48";"75";
"1363";"49";"117";
"1363";"54";"176";
"1363";"58";"2409";
"1363";"66";"2417";
"1363";"69";"2420";
"1363";"99";"65977";
"1363";"100";"65978";
"1364";"1";"123";
"1364";"8";"25";
"1364";"9";"27";
"1364";"10";"30";
"1364";"13";"40";
"1364";"39";"79";
"1364";"48";"76";
"1364";"54";"176";
"1364";"66";"2417";
"1364";"72";"2422";
"1364";"73";"2428";
"1364";"75";"2425";
"1364";"83";"2464";
"1364";"86";"2468";
"1364";"87";"2467";
"1364";"90";"2470";
"1364";"91";"2473";
"1364";"95";"2476";
"1364";"99";"21255";
"1364";"100";"21256";
"1365";"1";"187";
"1365";"8";"25";
"1365";"10";"30";
"1365";"13";"40";
"1365";"39";"79";
"1365";"49";"133";
"1365";"54";"177";
"1365";"57";"2408";
"1365";"59";"2410";
"1365";"66";"2417";
"1365";"69";"2420";
"1365";"86";"2468";
"1365";"91";"2473";
"1365";"98";"2479";
"1365";"99";"24603";
"1365";"100";"24604";
"1366";"1";"134";
"1366";"8";"25";
"1366";"10";"30";
"1366";"13";"40";
"1366";"39";"79";
"1366";"49";"117";
"1366";"54";"177";
"1366";"59";"2410";
"1366";"66";"2417";
"1366";"86";"2468";
"1366";"95";"2476";
"1366";"98";"2479";
"1366";"99";"53697";
"1366";"100";"53698";
"1367";"1";"123";
"1367";"8";"25";
"1367";"9";"27";
"1367";"10";"30";
"1367";"13";"40";
"1367";"39";"79";
"1367";"48";"75";
"1367";"54";"176";
"1367";"58";"2409";
"1367";"66";"2417";
"1367";"72";"2422";
"1367";"73";"2428";
"1367";"75";"2425";
"1367";"86";"2468";
"1367";"87";"2467";
"1367";"90";"2470";
"1367";"91";"2473";
"1367";"95";"2476";
"1367";"96";"2478";
"1367";"98";"2479";
"1367";"99";"66195";
"1367";"100";"66196";
"1368";"1";"125";
"1368";"8";"25";
"1368";"9";"27";
"1368";"10";"30";
"1368";"13";"40";
"1368";"23";"60";
"1368";"39";"79";
"1368";"48";"75";
"1368";"54";"176";
"1368";"58";"2409";
"1368";"59";"2410";
"1368";"66";"2417";
"1368";"72";"2422";
"1368";"73";"2428";
"1368";"75";"2425";
"1368";"86";"2468";
"1368";"87";"2467";
"1368";"90";"2470";
"1368";"91";"2473";
"1368";"98";"2479";
"1368";"99";"57327";
"1368";"100";"57328";
"1369";"1";"125";
"1369";"8";"25";
"1369";"9";"27";
"1369";"10";"30";
"1369";"13";"40";
"1369";"18";"50";
"1369";"39";"79";
"1369";"48";"75";
"1369";"54";"177";
"1369";"58";"2409";
"1369";"59";"2410";
"1369";"66";"2417";
"1369";"72";"2422";
"1369";"73";"2428";
"1369";"75";"2425";
"1369";"86";"2468";
"1369";"87";"2467";
"1369";"90";"2470";
"1369";"91";"2473";
"1369";"98";"2479";
"1369";"99";"53779";
"1369";"100";"53780";
"1371";"99";"21688";
"1371";"100";"21428";
"1372";"1";"2494";
"1372";"69";"2420";
"1372";"86";"2468";
"1372";"87";"2467";
"1372";"91";"2473";
"1372";"95";"2476";
"1372";"96";"2478";
"1372";"99";"5140";
"1372";"100";"5141";
"1373";"54";"177";
"1373";"59";"2410";
"1373";"69";"2420";
"1373";"85";"2466";
"1373";"86";"2468";
"1373";"87";"2467";
"1373";"95";"2476";
"1373";"98";"2479";
"1373";"99";"26262";
"1373";"100";"26263";
"1374";"1";"127";
"1374";"8";"25";
"1374";"9";"27";
"1374";"10";"30";
"1374";"13";"40";
"1374";"17";"48";
"1374";"19";"52";
"1374";"32";"87";
"1374";"48";"74";
"1374";"54";"177";
"1374";"59";"2410";
"1374";"67";"2418";
"1374";"76";"2424";
"1374";"82";"2465";
"1374";"85";"2466";
"1374";"86";"2468";
"1374";"91";"2473";
"1374";"95";"2476";
"1374";"98";"2479";
"1374";"99";"47096";
"1374";"100";"47097";
"1375";"1";"125";
"1375";"8";"25";
"1375";"32";"87";
"1375";"48";"75";
"1375";"54";"177";
"1375";"57";"2408";
"1375";"59";"2410";
"1375";"66";"2417";
"1375";"69";"2420";
"1375";"70";"2421";
"1375";"86";"2468";
"1375";"90";"2470";
"1375";"91";"2473";
"1375";"96";"2478";
"1375";"99";"28581";
"1375";"100";"28582";
"1376";"1";"134";
"1376";"9";"18614";
"1376";"48";"75";
"1376";"49";"124";
"1376";"54";"177";
"1376";"99";"55031";
"1376";"100";"55032";
"1376";"101";"18518";
"1376";"102";"18615";
"1376";"103";"18524";
"1376";"123";"44503";
"1377";"1";"18533";
"1377";"9";"18614";
"1377";"48";"75";
"1377";"49";"124";
"1377";"54";"177";
"1377";"80";"2441";
"1377";"99";"60045";
"1377";"100";"60046";
"1377";"101";"18518";
"1377";"102";"18615";
"1377";"103";"18524";
"1377";"123";"44503";
"1378";"1";"13121";
"1378";"9";"18669";
"1378";"48";"75";
"1378";"49";"117";
"1378";"54";"177";
"1378";"99";"23848";
"1378";"100";"23849";
"1378";"101";"18518";
"1379";"1";"12487";
"1379";"8";"25";
"1379";"9";"18669";
"1379";"10";"30";
"1379";"11";"32";
"1379";"13";"40";
"1379";"18";"50";
"1379";"21";"56";
"1379";"39";"79";
"1379";"45";"98";
"1379";"47";"77";
"1379";"48";"76";
"1379";"49";"139";
"1379";"54";"177";
"1379";"58";"2409";
"1379";"60";"2411";
"1379";"62";"2413";
"1379";"64";"2415";
"1379";"66";"2417";
"1379";"85";"2466";
"1379";"86";"2468";
"1379";"88";"2469";
"1379";"89";"2471";
"1379";"99";"49387";
"1379";"100";"49388";
"1379";"101";"18518";
"1379";"102";"18521";
"1379";"103";"18525";
"1380";"99";"21694";
"1380";"100";"21440";
"1383";"1";"123";
"1383";"8";"25";
"1383";"18";"50";
"1383";"19";"52";
"1383";"32";"87";
"1383";"39";"79";
"1383";"48";"76";
"1383";"49";"124";
"1383";"60";"2411";
"1383";"74";"2427";
"1383";"75";"2425";
"1383";"86";"2468";
"1383";"96";"2478";
"1383";"97";"2477";
"1383";"98";"2479";
"1383";"99";"56243";
"1383";"100";"56244";
"1385";"1";"24723";
"1385";"49";"117";
"1385";"54";"177";
"1385";"99";"65979";
"1385";"100";"65980";
"1385";"101";"22208";
"1385";"102";"18522";
"1386";"1";"123";
"1386";"8";"25";
"1386";"14";"42";
"1386";"18";"50";
"1386";"32";"88";
"1386";"45";"98";
"1386";"48";"74";
"1386";"49";"117";
"1386";"54";"176";
"1386";"58";"2409";
"1386";"60";"2411";
"1386";"68";"2419";
"1386";"85";"2466";
"1386";"91";"2473";
"1386";"96";"2478";
"1386";"98";"2479";
"1386";"99";"57337";
"1386";"100";"57338";
"1387";"1";"145";
"1387";"8";"25";
"1387";"19";"52";
"1387";"48";"74";
"1387";"54";"176";
"1387";"58";"2409";
"1387";"60";"2411";
"1387";"67";"2418";
"1387";"85";"2466";
"1387";"86";"2468";
"1387";"91";"2473";
"1387";"95";"2476";
"1387";"99";"47015";
"1387";"100";"47016";
"1388";"1";"4279";
"1388";"9";"18669";
"1388";"48";"75";
"1388";"49";"13125";
"1388";"54";"178";
"1388";"99";"60335";
"1388";"100";"60336";
"1388";"101";"18517";
"1388";"102";"18615";
"1388";"103";"18524";
"1390";"1";"125";
"1390";"8";"25";
"1390";"13";"40";
"1390";"19";"52";
"1390";"21";"56";
"1390";"32";"87";
"1390";"39";"79";
"1390";"48";"76";
"1390";"49";"124";
"1390";"54";"177";
"1390";"59";"2410";
"1390";"66";"2417";
"1390";"77";"2430";
"1390";"80";"2436";
"1390";"81";"2429";
"1390";"85";"2466";
"1390";"86";"2468";
"1390";"99";"65915";
"1390";"100";"65916";
"1391";"1";"12487";
"1391";"9";"18669";
"1391";"48";"76";
"1391";"49";"170";
"1391";"54";"176";
"1391";"60";"2411";
"1391";"80";"2448";
"1391";"99";"57975";
"1391";"100";"57976";
"1391";"101";"18518";
"1391";"102";"18532";
"1392";"1";"144";
"1392";"8";"25";
"1392";"19";"52";
"1392";"32";"88";
"1392";"36";"92";
"1392";"48";"74";
"1392";"54";"176";
"1392";"58";"2409";
"1392";"67";"2418";
"1392";"85";"2466";
"1392";"86";"2468";
"1392";"91";"2473";
"1392";"98";"2479";
"1392";"99";"64684";
"1392";"100";"64685";
"1397";"1";"145";
"1397";"8";"25";
"1397";"17";"48";
"1397";"19";"52";
"1397";"54";"177";
"1397";"56";"2407";
"1397";"66";"2417";
"1397";"67";"2418";
"1397";"69";"2420";
"1397";"78";"2432";
"1397";"80";"2434";
"1397";"81";"2429";
"1397";"85";"2466";
"1397";"86";"2468";
"1397";"99";"21935";
"1397";"100";"21936";
"1401";"1";"183";
"1401";"8";"25";
"1401";"19";"52";
"1401";"39";"79";
"1401";"54";"177";
"1401";"56";"2407";
"1401";"67";"2418";
"1401";"69";"2420";
"1401";"78";"2432";
"1401";"85";"2466";
"1401";"86";"2468";
"1401";"99";"21937";
"1401";"100";"21938";
"1402";"9";"27";
"1402";"10";"30";
"1402";"48";"75";
"1402";"60";"2411";
"1402";"99";"65687";
"1402";"100";"65688";
"1403";"1";"140";
"1403";"8";"25";
"1403";"9";"27";
"1403";"10";"30";
"1403";"13";"40";
"1403";"16";"46";
"1403";"18";"50";
"1403";"19";"52";
"1403";"32";"88";
"1403";"36";"92";
"1403";"39";"79";
"1403";"46";"99";
"1403";"47";"77";
"1403";"48";"75";
"1403";"54";"176";
"1403";"58";"2409";
"1403";"60";"2411";
"1403";"74";"2427";
"1403";"75";"2425";
"1403";"85";"2466";
"1403";"91";"2473";
"1403";"96";"2478";
"1403";"99";"3268";
"1403";"100";"4079";
"1404";"1";"121";
"1404";"11";"32";
"1404";"18";"50";
"1404";"21";"56";
"1404";"32";"87";
"1404";"48";"76";
"1404";"54";"177";
"1404";"60";"2411";
"1404";"62";"2413";
"1404";"66";"2417";
"1404";"82";"2465";
"1404";"85";"2466";
"1404";"99";"60705";
"1404";"100";"60706";
"1406";"1";"145";
"1406";"8";"25";
"1406";"17";"48";
"1406";"19";"52";
"1406";"54";"177";
"1406";"56";"2407";
"1406";"66";"2417";
"1406";"67";"2418";
"1406";"69";"2420";
"1406";"78";"2432";
"1406";"80";"2434";
"1406";"81";"2429";
"1406";"85";"2466";
"1406";"86";"2468";
"1406";"99";"23981";
"1406";"100";"23982";
"1407";"1";"145";
"1407";"8";"25";
"1407";"17";"48";
"1407";"19";"52";
"1407";"54";"177";
"1407";"56";"2407";
"1407";"66";"2417";
"1407";"67";"2418";
"1407";"69";"2420";
"1407";"78";"2432";
"1407";"80";"2434";
"1407";"81";"2429";
"1407";"85";"2466";
"1407";"86";"2468";
"1407";"99";"46045";
"1407";"100";"46046";
"1408";"1";"140";
"1408";"8";"25";
"1408";"18";"50";
"1408";"39";"79";
"1408";"46";"99";
"1408";"48";"75";
"1408";"54";"177";
"1408";"58";"2409";
"1408";"60";"2411";
"1408";"68";"2419";
"1408";"83";"2464";
"1408";"85";"2466";
"1408";"86";"2468";
"1408";"89";"2471";
"1408";"91";"2473";
"1408";"98";"2479";
"1408";"99";"3283";
"1408";"100";"4094";
"1414";"1";"13121";
"1414";"8";"25";
"1414";"13";"40";
"1414";"17";"48";
"1414";"19";"52";
"1414";"48";"74";
"1414";"54";"177";
"1414";"58";"2409";
"1414";"60";"2411";
"1414";"63";"2414";
"1414";"67";"2418";
"1414";"76";"2424";
"1414";"85";"2466";
"1414";"86";"2468";
"1414";"91";"2473";
"1414";"95";"2476";
"1414";"98";"2479";
"1414";"99";"65957";
"1414";"100";"65958";
"1415";"1";"2001";
"1415";"8";"25";
"1415";"11";"32";
"1415";"17";"48";
"1415";"19";"52";
"1415";"48";"74";
"1415";"54";"176";
"1415";"56";"2407";
"1415";"67";"2418";
"1415";"76";"2424";
"1415";"80";"2446";
"1415";"81";"2429";
"1415";"85";"2466";
"1415";"99";"58539";
"1415";"100";"58540";
"1416";"1";"174";
"1416";"8";"25";
"1416";"13";"40";
"1416";"17";"48";
"1416";"19";"52";
"1416";"32";"87";
"1416";"46";"99";
"1416";"48";"74";
"1416";"49";"146";
"1416";"54";"176";
"1416";"56";"2407";
"1416";"67";"2418";
"1416";"76";"2424";
"1416";"80";"2436";
"1416";"81";"2429";
"1416";"86";"2468";
"1416";"87";"2467";
"1416";"91";"2473";
"1416";"99";"30065";
"1416";"100";"30066";
"1417";"1";"183";
"1417";"8";"25";
"1417";"14";"42";
"1417";"17";"48";
"1417";"19";"52";
"1417";"46";"99";
"1417";"48";"75";
"1417";"49";"146";
"1417";"54";"176";
"1417";"67";"2418";
"1417";"76";"2424";
"1417";"80";"2450";
"1417";"86";"2468";
"1417";"87";"2467";
"1417";"91";"2473";
"1417";"95";"2476";
"1417";"99";"59250";
"1417";"100";"59251";
"1419";"1";"183";
"1419";"8";"25";
"1419";"14";"42";
"1419";"17";"48";
"1419";"19";"52";
"1419";"48";"75";
"1419";"49";"172";
"1419";"54";"176";
"1419";"67";"2418";
"1419";"76";"2424";
"1419";"80";"2450";
"1419";"85";"2466";
"1419";"86";"2468";
"1419";"91";"2473";
"1419";"95";"2476";
"1419";"99";"59252";
"1419";"100";"59253";
"1420";"1";"145";
"1420";"8";"25";
"1420";"14";"42";
"1420";"17";"48";
"1420";"19";"52";
"1420";"48";"75";
"1420";"49";"146";
"1420";"54";"176";
"1420";"67";"2418";
"1420";"76";"2424";
"1420";"80";"2460";
"1420";"85";"2466";
"1420";"86";"2468";
"1420";"91";"2473";
"1420";"95";"2476";
"1420";"99";"60779";
"1420";"100";"60780";
"1421";"1";"183";
"1421";"8";"25";
"1421";"10";"30";
"1421";"11";"32";
"1421";"17";"48";
"1421";"19";"52";
"1421";"32";"87";
"1421";"54";"176";
"1421";"56";"2407";
"1421";"66";"2417";
"1421";"67";"2418";
"1421";"69";"2420";
"1421";"76";"2424";
"1421";"80";"2437";
"1421";"85";"2466";
"1421";"91";"2473";
"1421";"95";"2476";
"1421";"98";"2479";
"1421";"99";"59254";
"1421";"100";"59255";
"1422";"1";"4279";
"1422";"8";"25";
"1422";"18";"50";
"1422";"48";"75";
"1422";"49";"124";
"1422";"54";"177";
"1422";"60";"2411";
"1422";"63";"2414";
"1422";"66";"2417";
"1422";"77";"2430";
"1422";"78";"2432";
"1422";"80";"2433";
"1422";"81";"2429";
"1422";"85";"2466";
"1422";"89";"2471";
"1422";"98";"2479";
"1422";"99";"46025";
"1422";"100";"46026";
"1423";"1";"123";
"1423";"8";"25";
"1423";"18";"50";
"1423";"48";"75";
"1423";"49";"124";
"1423";"54";"177";
"1423";"60";"2411";
"1423";"63";"2414";
"1423";"66";"2417";
"1423";"77";"2430";
"1423";"78";"2432";
"1423";"80";"2433";
"1423";"81";"2429";
"1423";"85";"2466";
"1423";"89";"2471";
"1423";"98";"2479";
"1423";"99";"15255";
"1423";"100";"15256";
"1424";"1";"138";
"1424";"8";"25";
"1424";"18";"50";
"1424";"48";"75";
"1424";"49";"124";
"1424";"54";"177";
"1424";"60";"2411";
"1424";"63";"2414";
"1424";"66";"2417";
"1424";"77";"2430";
"1424";"78";"2432";
"1424";"80";"2439";
"1424";"81";"2429";
"1424";"85";"2466";
"1424";"89";"2471";
"1424";"98";"2479";
"1424";"99";"61321";
"1424";"100";"61322";
"1425";"1";"123";
"1425";"8";"25";
"1425";"18";"50";
"1425";"48";"75";
"1425";"49";"124";
"1425";"54";"177";
"1425";"60";"2411";
"1425";"63";"2414";
"1425";"66";"2417";
"1425";"77";"2430";
"1425";"78";"2432";
"1425";"80";"2439";
"1425";"81";"2429";
"1425";"85";"2466";
"1425";"89";"2471";
"1425";"98";"2479";
"1425";"99";"64919";
"1425";"100";"64920";
"1434";"1";"134";
"1434";"8";"25";
"1434";"10";"30";
"1434";"11";"32";
"1434";"13";"40";
"1434";"14";"42";
"1434";"18";"50";
"1434";"21";"56";
"1434";"39";"79";
"1434";"41";"94";
"1434";"48";"75";
"1434";"49";"124";
"1434";"54";"177";
"1434";"59";"2410";
"1434";"66";"2417";
"1434";"73";"2428";
"1434";"75";"2425";
"1434";"76";"2424";
"1434";"82";"2465";
"1434";"83";"2464";
"1434";"85";"2466";
"1434";"86";"2468";
"1434";"88";"2469";
"1434";"89";"2471";
"1434";"90";"2470";
"1434";"99";"13511";
"1434";"100";"13512";
"1435";"1";"141";
"1435";"8";"26";
"1435";"9";"27";
"1435";"10";"30";
"1435";"47";"77";
"1435";"48";"76";
"1435";"57";"2408";
"1435";"66";"2417";
"1435";"80";"2444";
"1435";"81";"2429";
"1435";"85";"2466";
"1435";"99";"10285";
"1435";"100";"10286";
"1436";"1";"144";
"1436";"8";"25";
"1436";"19";"52";
"1436";"32";"88";
"1436";"36";"92";
"1436";"48";"74";
"1436";"54";"176";
"1436";"58";"2409";
"1436";"67";"2418";
"1436";"85";"2466";
"1436";"86";"2468";
"1436";"91";"2473";
"1436";"98";"2479";
"1436";"99";"19447";
"1436";"100";"19448";
"1437";"1";"116";
"1437";"9";"18669";
"1437";"48";"76";
"1437";"49";"128";
"1437";"54";"177";
"1437";"66";"2417";
"1437";"67";"2418";
"1437";"69";"2420";
"1437";"80";"2446";
"1437";"85";"2466";
"1437";"89";"2471";
"1437";"91";"2473";
"1437";"95";"2476";
"1437";"98";"2479";
"1437";"99";"59256";
"1437";"100";"59257";
"1437";"101";"18518";
"1437";"102";"18615";
"1437";"103";"18524";
"1438";"99";"11170";
"1438";"100";"11171";
"1440";"1";"171";
"1440";"49";"18509";
"1440";"54";"177";
"1440";"57";"2408";
"1440";"66";"2417";
"1440";"67";"2418";
"1440";"69";"2420";
"1440";"76";"2424";
"1440";"86";"2468";
"1440";"91";"2473";
"1440";"95";"2476";
"1440";"99";"59617";
"1440";"100";"59618";
"1440";"101";"18518";
"1440";"102";"18522";
"1441";"57";"2408";
"1441";"66";"2417";
"1441";"67";"2418";
"1441";"69";"2420";
"1441";"76";"2424";
"1441";"86";"2468";
"1441";"91";"2473";
"1441";"95";"2476";
"1441";"99";"31880";
"1441";"100";"31881";
"1442";"1";"132";
"1442";"8";"25";
"1442";"13";"40";
"1442";"19";"52";
"1442";"21";"56";
"1442";"32";"87";
"1442";"39";"79";
"1442";"48";"76";
"1442";"49";"117";
"1442";"54";"177";
"1442";"59";"2410";
"1442";"66";"2417";
"1442";"77";"2430";
"1442";"80";"2436";
"1442";"81";"2429";
"1442";"85";"2466";
"1442";"86";"2468";
"1442";"99";"56359";
"1442";"100";"56360";
"1443";"1";"134";
"1443";"8";"25";
"1443";"9";"27";
"1443";"10";"30";
"1443";"11";"32";
"1443";"13";"40";
"1443";"14";"42";
"1443";"17";"48";
"1443";"18";"50";
"1443";"19";"52";
"1443";"39";"79";
"1443";"46";"99";
"1443";"48";"76";
"1443";"49";"128";
"1443";"54";"177";
"1443";"99";"59238";
"1443";"100";"59239";
"1444";"1";"187";
"1444";"9";"29";
"1444";"10";"30";
"1444";"18";"50";
"1444";"19";"52";
"1444";"48";"75";
"1444";"54";"177";
"1444";"59";"2410";
"1444";"99";"36802";
"1444";"100";"36803";
"1444";"101";"18517";
"1444";"102";"18521";
"1445";"1";"13122";
"1445";"8";"25";
"1445";"13";"40";
"1445";"19";"52";
"1445";"21";"56";
"1445";"32";"87";
"1445";"39";"79";
"1445";"48";"76";
"1445";"49";"13125";
"1445";"54";"177";
"1445";"59";"2410";
"1445";"66";"2417";
"1445";"77";"2430";
"1445";"80";"2436";
"1445";"81";"2429";
"1445";"85";"2466";
"1445";"86";"2468";
"1445";"99";"66017";
"1445";"100";"66018";
"1445";"101";"18518";
"1445";"102";"18522";
"1446";"1";"123";
"1446";"8";"25";
"1446";"9";"27";
"1446";"10";"30";
"1446";"11";"32";
"1446";"13";"40";
"1446";"17";"48";
"1446";"18";"50";
"1446";"21";"56";
"1446";"32";"87";
"1446";"36";"92";
"1446";"39";"79";
"1446";"47";"77";
"1446";"48";"76";
"1446";"49";"124";
"1446";"54";"177";
"1446";"59";"2410";
"1446";"68";"2419";
"1446";"80";"2450";
"1446";"81";"2429";
"1446";"82";"2465";
"1446";"85";"2466";
"1446";"88";"2469";
"1446";"90";"2470";
"1446";"95";"2476";
"1446";"98";"2479";
"1446";"99";"18162";
"1446";"100";"18163";
"1447";"1";"134";
"1447";"8";"25";
"1447";"9";"27";
"1447";"10";"30";
"1447";"11";"32";
"1447";"13";"40";
"1447";"17";"48";
"1447";"19";"52";
"1447";"21";"56";
"1447";"32";"87";
"1447";"36";"92";
"1447";"39";"79";
"1447";"47";"77";
"1447";"48";"74";
"1447";"49";"117";
"1447";"54";"177";
"1447";"59";"2410";
"1447";"72";"2422";
"1447";"73";"2428";
"1447";"75";"2425";
"1447";"76";"2424";
"1447";"85";"2466";
"1447";"86";"2468";
"1447";"87";"2467";
"1447";"90";"2470";
"1447";"91";"2473";
"1447";"95";"2476";
"1447";"99";"54678";
"1447";"100";"54679";
"1448";"1";"127";
"1448";"8";"25";
"1448";"9";"18669";
"1448";"10";"30";
"1448";"11";"32";
"1448";"13";"40";
"1448";"17";"48";
"1448";"19";"52";
"1448";"21";"56";
"1448";"32";"87";
"1448";"36";"92";
"1448";"39";"79";
"1448";"47";"77";
"1448";"48";"74";
"1448";"49";"117";
"1448";"54";"177";
"1448";"59";"2410";
"1448";"72";"2422";
"1448";"73";"2428";
"1448";"75";"2425";
"1448";"76";"2424";
"1448";"85";"2466";
"1448";"86";"2468";
"1448";"87";"2467";
"1448";"90";"2470";
"1448";"91";"2473";
"1448";"95";"2476";
"1448";"99";"61093";
"1448";"100";"61094";
"1449";"1";"12487";
"1449";"8";"25";
"1449";"9";"18669";
"1449";"10";"30";
"1449";"13";"40";
"1449";"16";"46";
"1449";"18";"50";
"1449";"21";"56";
"1449";"32";"87";
"1449";"36";"92";
"1449";"47";"77";
"1449";"48";"76";
"1449";"49";"13280";
"1449";"54";"177";
"1449";"60";"2411";
"1449";"62";"2413";
"1449";"64";"2415";
"1449";"66";"2417";
"1449";"73";"2428";
"1449";"74";"2427";
"1449";"80";"2439";
"1449";"82";"2465";
"1449";"85";"2466";
"1449";"86";"2468";
"1449";"90";"2470";
"1449";"94";"2474";
"1449";"98";"2479";
"1449";"99";"65711";
"1449";"100";"65712";
"1449";"101";"18518";
"1449";"102";"22387";
"1449";"103";"22389";
"1450";"99";"33558";
"1450";"100";"33559";
"1451";"1";"125";
"1451";"8";"25";
"1451";"39";"79";
"1451";"54";"176";
"1451";"85";"2466";
"1451";"91";"2473";
"1451";"98";"2479";
"1451";"99";"5956";
"1451";"100";"5957";
"1452";"1";"127";
"1452";"8";"25";
"1452";"9";"18669";
"1452";"17";"48";
"1452";"19";"52";
"1452";"48";"76";
"1452";"54";"177";
"1452";"56";"2407";
"1452";"66";"2417";
"1452";"67";"2418";
"1452";"69";"2420";
"1452";"78";"2432";
"1452";"80";"2441";
"1452";"81";"2429";
"1452";"85";"2466";
"1452";"86";"2468";
"1452";"99";"39430";
"1452";"100";"39431";
"1452";"101";"18518";
"1454";"100";"33885";
"1455";"8";"25";
"1455";"11";"32";
"1455";"13";"40";
"1455";"23";"60";
"1455";"32";"87";
"1455";"49";"124";
"1455";"54";"176";
"1455";"66";"2417";
"1455";"68";"2419";
"1455";"69";"2420";
"1455";"83";"2464";
"1455";"86";"2468";
"1455";"90";"2470";
"1455";"91";"2473";
"1455";"95";"2476";
"1455";"99";"32889";
"1455";"100";"32890";
"1461";"1";"6026";
"1461";"8";"25";
"1461";"10";"30";
"1461";"18";"50";
"1461";"21";"56";
"1461";"32";"87";
"1461";"47";"77";
"1461";"48";"75";
"1461";"49";"6027";
"1461";"54";"176";
"1461";"60";"2411";
"1461";"62";"2413";
"1461";"64";"2415";
"1461";"66";"2417";
"1461";"82";"2465";
"1461";"86";"2468";
"1461";"96";"2478";
"1461";"99";"64967";
"1461";"100";"64968";
"1462";"1";"186";
"1462";"8";"25";
"1462";"10";"30";
"1462";"18";"50";
"1462";"21";"56";
"1462";"32";"87";
"1462";"47";"77";
"1462";"48";"75";
"1462";"49";"4318";
"1462";"54";"176";
"1462";"60";"2411";
"1462";"62";"2413";
"1462";"64";"2415";
"1462";"66";"2417";
"1462";"82";"2465";
"1462";"86";"2468";
"1462";"96";"2478";
"1462";"99";"58930";
"1462";"100";"58931";
"1465";"1";"6080";
"1465";"8";"25";
"1465";"10";"30";
"1465";"11";"32";
"1465";"18";"50";
"1465";"21";"56";
"1465";"32";"87";
"1465";"47";"77";
"1465";"48";"75";
"1465";"49";"6081";
"1465";"54";"176";
"1465";"59";"2410";
"1465";"60";"2411";
"1465";"62";"2413";
"1465";"64";"2415";
"1465";"66";"2417";
"1465";"78";"2432";
"1465";"80";"2436";
"1465";"85";"2466";
"1465";"86";"2468";
"1465";"99";"10253";
"1465";"100";"10254";
"1466";"100";"24016";
"1467";"1";"187";
"1467";"8";"25";
"1467";"13";"40";
"1467";"54";"178";
"1467";"56";"2407";
"1467";"67";"2418";
"1467";"80";"2441";
"1467";"81";"2429";
"1467";"85";"2466";
"1467";"91";"2473";
"1467";"92";"2472";
"1467";"99";"63195";
"1467";"100";"63196";
"1468";"1";"187";
"1468";"8";"25";
"1468";"10";"30";
"1468";"11";"32";
"1468";"17";"48";
"1468";"19";"52";
"1468";"32";"87";
"1468";"49";"6206";
"1468";"54";"176";
"1468";"56";"2407";
"1468";"66";"2417";
"1468";"67";"2418";
"1468";"85";"2466";
"1468";"89";"2471";
"1468";"91";"2473";
"1468";"95";"2476";
"1468";"98";"2479";
"1468";"99";"59260";
"1468";"100";"59261";
"1469";"1";"187";
"1469";"8";"25";
"1469";"9";"28";
"1469";"11";"33";
"1469";"19";"52";
"1469";"49";"6206";
"1469";"54";"177";
"1469";"80";"2434";
"1469";"85";"2466";
"1469";"86";"2468";
"1469";"89";"2471";
"1469";"91";"2473";
"1469";"96";"2478";
"1469";"97";"2477";
"1469";"99";"59304";
"1469";"100";"59305";
"1470";"100";"21517";
"1472";"100";"24994";
"1473";"100";"24993";
"1474";"100";"21525";
"1475";"100";"34061";
"1476";"100";"21519";
"1477";"1";"123";
"1477";"8";"25";
"1477";"9";"18669";
"1477";"21";"56";
"1477";"39";"79";
"1477";"48";"76";
"1477";"49";"124";
"1477";"54";"177";
"1477";"59";"2410";
"1477";"66";"2417";
"1477";"77";"2430";
"1477";"80";"2454";
"1477";"81";"2429";
"1477";"85";"2466";
"1477";"99";"19201";
"1477";"100";"19202";
"1477";"101";"18518";
"1478";"1";"130";
"1478";"8";"25";
"1478";"13";"40";
"1478";"21";"56";
"1478";"39";"79";
"1478";"49";"133";
"1478";"54";"176";
"1478";"59";"2410";
"1478";"66";"2417";
"1478";"68";"2419";
"1478";"75";"2425";
"1478";"80";"2436";
"1478";"85";"2466";
"1478";"86";"2468";
"1478";"96";"2478";
"1478";"97";"2477";
"1478";"99";"23652";
"1478";"100";"23653";
"1479";"1";"123";
"1479";"8";"25";
"1479";"13";"40";
"1479";"16";"46";
"1479";"19";"52";
"1479";"21";"56";
"1479";"39";"79";
"1479";"48";"76";
"1479";"49";"139";
"1479";"54";"177";
"1479";"59";"2410";
"1479";"66";"2417";
"1479";"68";"2419";
"1479";"75";"2425";
"1479";"80";"2443";
"1479";"81";"2429";
"1479";"85";"2466";
"1479";"86";"2468";
"1479";"99";"21824";
"1479";"100";"21825";
"1480";"1";"130";
"1480";"8";"25";
"1480";"9";"27";
"1480";"10";"30";
"1480";"13";"40";
"1480";"17";"48";
"1480";"48";"76";
"1480";"49";"133";
"1480";"54";"177";
"1480";"59";"2410";
"1480";"66";"2417";
"1480";"67";"2418";
"1480";"78";"2432";
"1480";"80";"2454";
"1480";"81";"2429";
"1480";"85";"2466";
"1480";"99";"11194";
"1480";"100";"11195";
"1481";"60";"2411";
"1481";"99";"23293";
"1481";"100";"23294";
"1482";"1";"134";
"1482";"8";"25";
"1482";"9";"27";
"1482";"10";"30";
"1482";"11";"32";
"1482";"13";"40";
"1482";"14";"42";
"1482";"17";"48";
"1482";"18";"50";
"1482";"19";"52";
"1482";"32";"87";
"1482";"39";"79";
"1482";"46";"99";
"1482";"48";"76";
"1482";"49";"133";
"1482";"54";"177";
"1482";"67";"2418";
"1482";"80";"2458";
"1482";"82";"2465";
"1482";"84";"2463";
"1482";"85";"2466";
"1482";"98";"2479";
"1482";"99";"59272";
"1482";"100";"59273";
"1484";"1";"121";
"1484";"8";"25";
"1484";"9";"27";
"1484";"10";"30";
"1484";"18";"50";
"1484";"39";"79";
"1484";"48";"74";
"1484";"54";"177";
"1484";"58";"2409";
"1484";"66";"2417";
"1484";"85";"2466";
"1484";"89";"2471";
"1484";"91";"2473";
"1484";"99";"63478";
"1484";"100";"63479";
"1485";"1";"116";
"1485";"9";"27";
"1485";"10";"30";
"1485";"13";"40";
"1485";"14";"42";
"1485";"17";"48";
"1485";"19";"52";
"1485";"21";"56";
"1485";"39";"79";
"1485";"46";"99";
"1485";"47";"77";
"1485";"48";"75";
"1485";"49";"117";
"1485";"66";"2417";
"1485";"67";"2418";
"1485";"69";"2420";
"1485";"75";"2425";
"1485";"76";"2424";
"1485";"80";"2441";
"1485";"81";"2429";
"1485";"84";"2463";
"1485";"85";"2466";
"1485";"88";"2469";
"1485";"89";"2471";
"1485";"95";"2476";
"1485";"99";"25229";
"1485";"100";"25230";
"1486";"1";"123";
"1486";"8";"25";
"1486";"10";"30";
"1486";"11";"32";
"1486";"13";"40";
"1486";"34";"90";
"1486";"39";"79";
"1486";"45";"98";
"1486";"48";"75";
"1486";"49";"139";
"1486";"54";"176";
"1486";"59";"2410";
"1486";"66";"2417";
"1486";"77";"2430";
"1486";"81";"2429";
"1486";"82";"2465";
"1486";"83";"2464";
"1486";"85";"2466";
"1486";"86";"2468";
"1486";"93";"2475";
"1486";"99";"24802";
"1486";"100";"24803";
"1489";"1";"134";
"1489";"8";"25";
"1489";"9";"18614";
"1489";"10";"30";
"1489";"13";"40";
"1489";"14";"42";
"1489";"19";"52";
"1489";"39";"79";
"1489";"48";"76";
"1489";"49";"117";
"1489";"54";"177";
"1489";"59";"2410";
"1489";"66";"2417";
"1489";"76";"2424";
"1489";"80";"2441";
"1489";"81";"2429";
"1489";"85";"2466";
"1489";"86";"2468";
"1489";"89";"2471";
"1489";"99";"65547";
"1489";"100";"65548";
"1489";"101";"18519";
"1489";"102";"18615";
"1489";"103";"22186";
"1489";"123";"44502";
"1490";"1";"145";
"1490";"8";"25";
"1490";"10";"30";
"1490";"48";"75";
"1490";"49";"6206";
"1490";"59";"2410";
"1490";"78";"2432";
"1490";"81";"2429";
"1490";"85";"2466";
"1490";"86";"2468";
"1490";"99";"24948";
"1490";"100";"24949";
"1491";"99";"59801";
"1491";"100";"59802";
"1491";"123";"44503";
"1492";"1";"125";
"1492";"8";"25";
"1492";"47";"77";
"1492";"49";"124";
"1492";"59";"2410";
"1492";"85";"2466";
"1492";"89";"2471";
"1492";"99";"54257";
"1492";"100";"54258";
"1493";"1";"125";
"1493";"8";"25";
"1493";"18";"50";
"1493";"21";"56";
"1493";"36";"92";
"1493";"48";"76";
"1493";"49";"117";
"1493";"59";"2410";
"1493";"66";"2417";
"1493";"77";"2430";
"1493";"81";"2429";
"1493";"85";"2466";
"1493";"86";"2468";
"1493";"99";"66329";
"1493";"100";"66330";
"1493";"123";"44503";
"1494";"1";"123";
"1494";"8";"25";
"1494";"9";"27";
"1494";"10";"30";
"1494";"18";"50";
"1494";"19";"52";
"1494";"21";"56";
"1494";"34";"90";
"1494";"36";"92";
"1494";"48";"75";
"1494";"49";"124";
"1494";"54";"177";
"1494";"60";"2411";
"1494";"66";"2417";
"1494";"81";"2429";
"1494";"85";"2466";
"1494";"86";"2468";
"1494";"99";"52626";
"1494";"100";"52627";
"1495";"1";"123";
"1495";"8";"25";
"1495";"9";"27";
"1495";"10";"30";
"1495";"18";"50";
"1495";"32";"87";
"1495";"36";"92";
"1495";"46";"99";
"1495";"48";"74";
"1495";"54";"176";
"1495";"75";"2425";
"1495";"86";"2468";
"1495";"90";"2470";
"1495";"99";"26028";
"1495";"100";"26029";
"1496";"1";"186";
"1496";"9";"18669";
"1496";"18";"50";
"1496";"48";"75";
"1496";"54";"177";
"1496";"59";"2410";
"1496";"60";"2411";
"1496";"66";"2417";
"1496";"75";"2425";
"1496";"77";"2430";
"1496";"80";"2448";
"1496";"81";"2429";
"1496";"82";"2465";
"1496";"83";"2464";
"1496";"86";"2468";
"1496";"89";"2471";
"1496";"99";"65765";
"1496";"100";"65766";
"1496";"101";"18518";
"1497";"1";"144";
"1497";"8";"25";
"1497";"19";"52";
"1497";"32";"88";
"1497";"36";"92";
"1497";"48";"74";
"1497";"54";"177";
"1497";"58";"2409";
"1497";"67";"2418";
"1497";"85";"2466";
"1497";"86";"2468";
"1497";"91";"2473";
"1497";"98";"2479";
"1497";"99";"59138";
"1497";"100";"59139";
"1498";"8";"25";
"1498";"11";"32";
"1498";"13";"40";
"1498";"23";"60";
"1498";"32";"87";
"1498";"49";"124";
"1498";"54";"176";
"1498";"66";"2417";
"1498";"68";"2419";
"1498";"69";"2420";
"1498";"83";"2464";
"1498";"86";"2468";
"1498";"90";"2470";
"1498";"91";"2473";
"1498";"99";"56347";
"1498";"100";"56348";
"1499";"1";"127";
"1499";"8";"25";
"1499";"13";"40";
"1499";"18";"50";
"1499";"19";"52";
"1499";"48";"74";
"1499";"54";"177";
"1499";"58";"2409";
"1499";"60";"2411";
"1499";"63";"2414";
"1499";"67";"2418";
"1499";"85";"2466";
"1499";"86";"2468";
"1499";"91";"2473";
"1499";"95";"2476";
"1499";"98";"2479";
"1499";"99";"60179";
"1499";"100";"60180";
"1500";"1";"125";
"1500";"8";"25";
"1500";"10";"30";
"1500";"39";"79";
"1500";"48";"75";
"1500";"49";"139";
"1500";"54";"176";
"1500";"58";"2409";
"1500";"59";"2410";
"1500";"66";"2417";
"1500";"67";"2418";
"1500";"68";"2419";
"1500";"85";"2466";
"1500";"86";"2468";
"1500";"89";"2471";
"1500";"91";"2473";
"1500";"98";"2479";
"1500";"99";"37478";
"1500";"100";"37479";
"1501";"1";"18861";
"1501";"8";"25";
"1501";"10";"30";
"1501";"39";"79";
"1501";"48";"75";
"1501";"49";"117";
"1501";"54";"176";
"1501";"58";"2409";
"1501";"59";"2410";
"1501";"66";"2417";
"1501";"67";"2418";
"1501";"68";"2419";
"1501";"85";"2466";
"1501";"86";"2468";
"1501";"89";"2471";
"1501";"91";"2473";
"1501";"98";"2479";
"1501";"99";"50162";
"1501";"100";"50163";
"1501";"101";"18518";
"1501";"102";"22451";
"1502";"1";"11155";
"1502";"8";"25";
"1502";"9";"18669";
"1502";"10";"30";
"1502";"11";"32";
"1502";"18";"50";
"1502";"32";"88";
"1502";"36";"92";
"1502";"39";"79";
"1502";"46";"99";
"1502";"48";"76";
"1502";"49";"170";
"1502";"54";"177";
"1502";"58";"2409";
"1502";"60";"2411";
"1502";"83";"2464";
"1502";"85";"2466";
"1502";"89";"2471";
"1502";"91";"2473";
"1502";"99";"65071";
"1502";"100";"65072";
"1502";"101";"18518";
"1502";"102";"18532";
"1502";"103";"18524";
"1503";"1";"187";
"1503";"8";"25";
"1503";"10";"30";
"1503";"48";"75";
"1503";"49";"6206";
"1503";"59";"2410";
"1503";"78";"2432";
"1503";"80";"2446";
"1503";"81";"2429";
"1503";"85";"2466";
"1503";"86";"2468";
"1503";"99";"29364";
"1503";"100";"29365";
"1504";"1";"187";
"1504";"8";"25";
"1504";"10";"30";
"1504";"48";"75";
"1504";"49";"6206";
"1504";"54";"177";
"1504";"59";"2410";
"1504";"78";"2432";
"1504";"80";"2446";
"1504";"81";"2429";
"1504";"85";"2466";
"1504";"86";"2468";
"1504";"99";"46785";
"1504";"100";"46786";
"1504";"101";"18518";
"1504";"102";"18522";
"1505";"1";"13122";
"1505";"9";"18614";
"1505";"49";"13125";
"1505";"54";"178";
"1505";"80";"2446";
"1505";"99";"59160";
"1505";"100";"59161";
"1505";"101";"22386";
"1505";"102";"18522";
"1505";"123";"44502";
"1506";"1";"20132";
"1506";"8";"25";
"1506";"10";"30";
"1506";"19";"52";
"1506";"21";"56";
"1506";"32";"87";
"1506";"48";"76";
"1506";"54";"176";
"1506";"66";"2417";
"1506";"73";"2428";
"1506";"80";"2450";
"1506";"81";"2429";
"1506";"82";"2465";
"1506";"84";"2463";
"1506";"85";"2466";
"1506";"86";"2468";
"1506";"95";"2476";
"1506";"98";"2479";
"1506";"99";"38202";
"1506";"100";"38203";
"1507";"1";"134";
"1507";"8";"25";
"1507";"9";"18669";
"1507";"11";"32";
"1507";"13";"40";
"1507";"18";"50";
"1507";"39";"79";
"1507";"48";"75";
"1507";"49";"146";
"1507";"54";"177";
"1507";"66";"2417";
"1507";"73";"2428";
"1507";"75";"2425";
"1507";"76";"2424";
"1507";"80";"2448";
"1507";"82";"2465";
"1507";"83";"2464";
"1507";"88";"2469";
"1507";"89";"2471";
"1507";"90";"2470";
"1507";"99";"57049";
"1507";"100";"57050";
"1507";"101";"18518";
"1507";"102";"18532";
"1507";"103";"18525";
"1509";"1";"23076";
"1509";"8";"25";
"1509";"11";"32";
"1509";"13";"40";
"1509";"39";"79";
"1509";"48";"75";
"1509";"49";"23698";
"1509";"54";"177";
"1509";"66";"2417";
"1509";"75";"2425";
"1509";"76";"2424";
"1509";"82";"2465";
"1509";"83";"2464";
"1509";"88";"2469";
"1509";"89";"2471";
"1509";"90";"2470";
"1509";"99";"49889";
"1509";"100";"49890";
"1509";"101";"18518";
"1509";"102";"18522";
"1510";"1";"123";
"1510";"8";"25";
"1510";"13";"40";
"1510";"16";"46";
"1510";"19";"52";
"1510";"21";"56";
"1510";"39";"79";
"1510";"48";"76";
"1510";"49";"139";
"1510";"54";"177";
"1510";"59";"2410";
"1510";"66";"2417";
"1510";"68";"2419";
"1510";"75";"2425";
"1510";"80";"2443";
"1510";"81";"2429";
"1510";"85";"2466";
"1510";"86";"2468";
"1510";"99";"9665";
"1510";"100";"9666";
"1511";"1";"132";
"1511";"19";"52";
"1511";"32";"88";
"1511";"36";"92";
"1511";"48";"74";
"1511";"54";"178";
"1511";"58";"2409";
"1511";"67";"2418";
"1511";"85";"2466";
"1511";"86";"2468";
"1511";"91";"2473";
"1511";"98";"2479";
"1511";"99";"36698";
"1511";"100";"36699";
"1512";"1";"168";
"1512";"8";"25";
"1512";"10";"30";
"1512";"39";"79";
"1512";"48";"75";
"1512";"49";"124";
"1512";"54";"177";
"1512";"58";"2409";
"1512";"59";"2410";
"1512";"66";"2417";
"1512";"67";"2418";
"1512";"68";"2419";
"1512";"69";"2420";
"1512";"85";"2466";
"1512";"86";"2468";
"1512";"89";"2471";
"1512";"91";"2473";
"1512";"98";"2479";
"1512";"99";"59332";
"1512";"100";"59333";
"1513";"1";"4279";
"1513";"8";"25";
"1513";"10";"30";
"1513";"11";"32";
"1513";"18";"50";
"1513";"21";"56";
"1513";"47";"77";
"1513";"48";"75";
"1513";"49";"4318";
"1513";"54";"176";
"1513";"60";"2411";
"1513";"62";"2413";
"1513";"64";"2415";
"1513";"66";"2417";
"1513";"78";"2432";
"1513";"82";"2465";
"1513";"85";"2466";
"1513";"86";"2468";
"1513";"99";"65775";
"1513";"100";"65776";
"1514";"1";"185";
"1514";"8";"25";
"1514";"10";"30";
"1514";"13";"40";
"1514";"18";"50";
"1514";"21";"56";
"1514";"32";"87";
"1514";"39";"79";
"1514";"47";"77";
"1514";"48";"76";
"1514";"49";"4318";
"1514";"54";"176";
"1514";"60";"2411";
"1514";"62";"2413";
"1514";"64";"2415";
"1514";"66";"2417";
"1514";"82";"2465";
"1514";"85";"2466";
"1514";"86";"2468";
"1514";"89";"2471";
"1514";"99";"48902";
"1514";"100";"48903";
"1515";"1";"10303";
"1515";"8";"25";
"1515";"10";"30";
"1515";"11";"32";
"1515";"13";"40";
"1515";"18";"50";
"1515";"21";"56";
"1515";"32";"87";
"1515";"39";"79";
"1515";"47";"77";
"1515";"48";"76";
"1515";"49";"169";
"1515";"54";"176";
"1515";"60";"2411";
"1515";"85";"2466";
"1516";"1";"10394";
"1516";"10";"30";
"1516";"11";"32";
"1516";"39";"79";
"1516";"48";"76";
"1516";"49";"146";
"1516";"54";"177";
"1516";"57";"2408";
"1516";"66";"2417";
"1516";"67";"2418";
"1516";"69";"2420";
"1516";"76";"2424";
"1516";"81";"2429";
"1516";"86";"2468";
"1516";"87";"2467";
"1516";"91";"2473";
"1516";"95";"2476";
"1516";"99";"59619";
"1516";"100";"59620";
"1517";"1";"134";
"1517";"8";"25";
"1517";"10";"30";
"1517";"13";"40";
"1517";"39";"79";
"1517";"47";"77";
"1517";"48";"76";
"1517";"54";"176";
"1517";"59";"2410";
"1517";"66";"2417";
"1517";"75";"2425";
"1517";"80";"2450";
"1517";"81";"2429";
"1517";"83";"2464";
"1517";"86";"2468";
"1517";"87";"2467";
"1517";"88";"2469";
"1517";"99";"38078";
"1517";"100";"38079";
"1518";"1";"10303";
"1518";"8";"25";
"1518";"10";"30";
"1518";"13";"40";
"1518";"18";"50";
"1518";"21";"56";
"1518";"32";"87";
"1518";"39";"79";
"1518";"47";"77";
"1518";"48";"76";
"1518";"49";"4318";
"1518";"54";"176";
"1518";"60";"2411";
"1518";"62";"2413";
"1518";"64";"2415";
"1518";"66";"2417";
"1518";"82";"2465";
"1518";"85";"2466";
"1518";"86";"2468";
"1518";"87";"2467";
"1518";"89";"2471";
"1518";"99";"68131";
"1518";"100";"68132";
"1519";"1";"185";
"1519";"8";"25";
"1519";"10";"30";
"1519";"13";"40";
"1519";"18";"50";
"1519";"21";"56";
"1519";"32";"87";
"1519";"39";"79";
"1519";"47";"77";
"1519";"48";"76";
"1519";"49";"4318";
"1519";"54";"176";
"1519";"60";"2411";
"1519";"62";"2413";
"1519";"64";"2415";
"1519";"66";"2417";
"1519";"82";"2465";
"1519";"85";"2466";
"1519";"86";"2468";
"1519";"89";"2471";
"1519";"99";"60283";
"1519";"100";"60284";
"1520";"1";"10303";
"1520";"8";"25";
"1520";"10";"30";
"1520";"13";"40";
"1520";"18";"50";
"1520";"21";"56";
"1520";"32";"87";
"1520";"39";"79";
"1520";"47";"77";
"1520";"48";"76";
"1520";"49";"6081";
"1520";"54";"176";
"1520";"60";"2411";
"1520";"62";"2413";
"1520";"63";"2414";
"1520";"64";"2415";
"1520";"65";"2416";
"1520";"66";"2417";
"1520";"82";"2465";
"1520";"85";"2466";
"1520";"86";"2468";
"1520";"89";"2471";
"1520";"99";"49072";
"1520";"100";"49073";
"1521";"1";"10303";
"1521";"8";"25";
"1521";"10";"30";
"1521";"13";"40";
"1521";"18";"50";
"1521";"21";"56";
"1521";"32";"87";
"1521";"39";"79";
"1521";"47";"77";
"1521";"48";"76";
"1521";"49";"4318";
"1521";"54";"176";
"1521";"60";"2411";
"1521";"62";"2413";
"1521";"64";"2415";
"1521";"65";"2416";
"1521";"66";"2417";
"1521";"82";"2465";
"1521";"85";"2466";
"1521";"89";"2471";
"1521";"99";"64805";
"1521";"100";"64806";
"1522";"1";"171";
"1522";"9";"18669";
"1522";"48";"76";
"1522";"49";"169";
"1522";"54";"177";
"1522";"60";"2411";
"1522";"80";"2448";
"1522";"99";"65769";
"1522";"100";"65770";
"1522";"101";"18518";
"1522";"103";"18527";
"1523";"1";"134";
"1523";"8";"25";
"1523";"18";"50";
"1523";"48";"74";
"1523";"49";"117";
"1523";"54";"176";
"1523";"66";"2417";
"1523";"77";"2430";
"1523";"78";"2432";
"1523";"80";"2436";
"1523";"81";"2429";
"1523";"90";"2470";
"1523";"99";"11083";
"1523";"100";"11084";
"1524";"1";"123";
"1524";"8";"25";
"1524";"13";"40";
"1524";"16";"46";
"1524";"18";"50";
"1524";"21";"56";
"1524";"39";"79";
"1524";"48";"75";
"1524";"49";"139";
"1524";"54";"176";
"1524";"59";"2410";
"1524";"60";"2411";
"1524";"62";"2413";
"1524";"66";"2417";
"1524";"77";"2430";
"1524";"78";"2432";
"1524";"80";"2439";
"1524";"81";"2429";
"1524";"85";"2466";
"1524";"90";"2470";
"1524";"99";"66261";
"1524";"100";"66262";
"1525";"1";"11155";
"1525";"8";"25";
"1525";"10";"30";
"1525";"13";"40";
"1525";"18";"50";
"1525";"21";"56";
"1525";"32";"87";
"1525";"39";"79";
"1525";"47";"77";
"1525";"48";"76";
"1525";"54";"176";
"1525";"60";"2411";
"1525";"62";"2413";
"1525";"64";"2415";
"1525";"66";"2417";
"1525";"82";"2465";
"1525";"85";"2466";
"1525";"89";"2471";
"1526";"1";"123";
"1526";"8";"25";
"1526";"13";"40";
"1526";"16";"46";
"1526";"18";"50";
"1526";"21";"56";
"1526";"39";"79";
"1526";"48";"75";
"1526";"49";"139";
"1526";"54";"176";
"1526";"59";"2410";
"1526";"60";"2411";
"1526";"62";"2413";
"1526";"66";"2417";
"1526";"77";"2430";
"1526";"78";"2432";
"1526";"80";"2436";
"1526";"81";"2429";
"1526";"85";"2466";
"1526";"90";"2470";
"1526";"99";"61740";
"1526";"100";"61741";
"1527";"1";"123";
"1527";"8";"25";
"1527";"13";"40";
"1527";"16";"46";
"1527";"18";"50";
"1527";"21";"56";
"1527";"39";"79";
"1527";"48";"75";
"1527";"49";"139";
"1527";"54";"176";
"1527";"59";"2410";
"1527";"60";"2411";
"1527";"62";"2413";
"1527";"66";"2417";
"1527";"77";"2430";
"1527";"78";"2432";
"1527";"80";"2436";
"1527";"81";"2429";
"1527";"85";"2466";
"1527";"90";"2470";
"1527";"99";"66259";
"1527";"100";"66260";
"1528";"1";"2001";
"1528";"18";"50";
"1528";"45";"98";
"1528";"48";"75";
"1528";"49";"139";
"1528";"54";"178";
"1528";"58";"2409";
"1528";"60";"2411";
"1528";"68";"2419";
"1528";"85";"2466";
"1528";"86";"2468";
"1528";"91";"2473";
"1528";"98";"2479";
"1528";"99";"12177";
"1528";"100";"12178";
"1529";"1";"123";
"1529";"8";"25";
"1529";"10";"30";
"1529";"11";"32";
"1529";"13";"40";
"1529";"34";"90";
"1529";"39";"79";
"1529";"45";"98";
"1529";"48";"75";
"1529";"49";"139";
"1529";"54";"176";
"1529";"59";"2410";
"1529";"66";"2417";
"1529";"77";"2430";
"1529";"81";"2429";
"1529";"85";"2466";
"1529";"86";"2468";
"1529";"99";"16938";
"1529";"100";"16939";
"1530";"8";"25";
"1530";"9";"28";
"1530";"10";"30";
"1530";"13";"40";
"1530";"18";"50";
"1530";"32";"88";
"1530";"39";"79";
"1530";"47";"77";
"1530";"58";"2409";
"1530";"60";"2411";
"1530";"85";"2466";
"1530";"86";"2468";
"1530";"91";"2473";
"1530";"95";"2476";
"1530";"99";"68021";
"1530";"100";"68022";
"1531";"8";"25";
"1531";"9";"27";
"1531";"10";"30";
"1531";"18";"50";
"1531";"39";"79";
"1531";"54";"176";
"1531";"58";"2409";
"1531";"60";"2411";
"1531";"85";"2466";
"1531";"86";"2468";
"1531";"89";"2471";
"1531";"91";"2473";
"1531";"95";"2476";
"1531";"99";"59921";
"1531";"100";"59922";
"1532";"99";"63598";
"1532";"100";"63599";
"1533";"8";"26";
"1533";"9";"27";
"1533";"10";"30";
"1533";"18";"50";
"1533";"54";"178";
"1533";"58";"2409";
"1533";"60";"2411";
"1533";"85";"2466";
"1533";"86";"2468";
"1533";"89";"2471";
"1533";"91";"2473";
"1533";"99";"11997";
"1533";"100";"11998";
"1534";"1";"125";
"1534";"8";"25";
"1534";"11";"32";
"1534";"18";"50";
"1534";"32";"88";
"1534";"39";"79";
"1534";"54";"176";
"1534";"66";"2417";
"1534";"68";"2419";
"1534";"85";"2466";
"1534";"89";"2471";
"1534";"91";"2473";
"1534";"99";"65733";
"1534";"100";"65734";
"1536";"1";"185";
"1536";"8";"25";
"1536";"9";"27";
"1536";"10";"30";
"1536";"18";"50";
"1536";"21";"56";
"1536";"48";"74";
"1536";"49";"143";
"1536";"54";"177";
"1536";"60";"2411";
"1536";"78";"2432";
"1536";"80";"2439";
"1536";"81";"2429";
"1536";"85";"2466";
"1536";"90";"2470";
"1536";"98";"2479";
"1536";"99";"65497";
"1536";"100";"65498";
"1537";"1";"12487";
"1537";"8";"25";
"1537";"9";"18669";
"1537";"11";"32";
"1537";"13";"40";
"1537";"18";"50";
"1537";"32";"88";
"1537";"39";"79";
"1537";"48";"75";
"1537";"49";"170";
"1537";"54";"177";
"1537";"60";"2411";
"1537";"91";"2473";
"1537";"99";"40314";
"1537";"100";"40315";
"1537";"101";"18517";
"1537";"102";"18521";
"1537";"103";"18527";
"1538";"1";"12487";
"1538";"8";"25";
"1538";"10";"30";
"1538";"18";"50";
"1538";"21";"56";
"1538";"32";"87";
"1538";"39";"79";
"1538";"48";"76";
"1538";"54";"176";
"1538";"60";"2411";
"1538";"62";"2413";
"1538";"64";"2415";
"1538";"66";"2417";
"1538";"82";"2465";
"1538";"85";"2466";
"1538";"99";"58613";
"1538";"100";"58614";
"1540";"1";"134";
"1540";"8";"25";
"1540";"13";"40";
"1540";"18";"50";
"1540";"48";"75";
"1540";"54";"176";
"1540";"59";"2410";
"1540";"66";"2417";
"1540";"77";"2430";
"1540";"78";"2432";
"1540";"81";"2429";
"1540";"98";"2479";
"1540";"99";"15449";
"1540";"100";"15450";
"1541";"1";"134";
"1541";"8";"25";
"1541";"13";"40";
"1541";"18";"50";
"1541";"48";"75";
"1541";"54";"176";
"1541";"59";"2410";
"1541";"66";"2417";
"1541";"77";"2430";
"1541";"78";"2432";
"1541";"81";"2429";
"1541";"98";"2479";
"1541";"99";"15451";
"1541";"100";"15452";
"1542";"1";"134";
"1542";"8";"25";
"1542";"13";"40";
"1542";"18";"50";
"1542";"48";"75";
"1542";"54";"176";
"1542";"59";"2410";
"1542";"66";"2417";
"1542";"77";"2430";
"1542";"78";"2432";
"1542";"81";"2429";
"1542";"98";"2479";
"1542";"99";"23846";
"1542";"100";"23847";
"1543";"1";"134";
"1543";"8";"25";
"1543";"13";"40";
"1543";"18";"50";
"1543";"48";"75";
"1543";"54";"176";
"1543";"59";"2410";
"1543";"66";"2417";
"1543";"77";"2430";
"1543";"78";"2432";
"1543";"81";"2429";
"1543";"98";"2479";
"1543";"99";"36255";
"1543";"100";"36256";
"1549";"1";"134";
"1549";"8";"25";
"1549";"13";"40";
"1549";"18";"50";
"1549";"48";"75";
"1549";"54";"176";
"1549";"59";"2410";
"1549";"66";"2417";
"1549";"77";"2430";
"1549";"78";"2432";
"1549";"81";"2429";
"1549";"98";"2479";
"1549";"99";"13621";
"1549";"100";"13622";
"1550";"1";"4279";
"1550";"8";"25";
"1550";"18";"50";
"1550";"48";"75";
"1550";"49";"124";
"1550";"54";"177";
"1550";"60";"2411";
"1550";"63";"2414";
"1550";"66";"2417";
"1550";"77";"2430";
"1550";"78";"2432";
"1550";"80";"2439";
"1550";"81";"2429";
"1550";"85";"2466";
"1550";"89";"2471";
"1550";"98";"2479";
"1550";"99";"64888";
"1550";"100";"64889";
"1551";"1";"123";
"1551";"8";"25";
"1551";"18";"50";
"1551";"48";"75";
"1551";"49";"124";
"1551";"54";"177";
"1551";"60";"2411";
"1551";"63";"2414";
"1551";"66";"2417";
"1551";"77";"2430";
"1551";"78";"2432";
"1551";"80";"2440";
"1551";"81";"2429";
"1551";"85";"2466";
"1551";"89";"2471";
"1551";"98";"2479";
"1551";"99";"37165";
"1551";"100";"37166";
"1552";"1";"123";
"1552";"8";"25";
"1552";"18";"50";
"1552";"48";"75";
"1552";"49";"124";
"1552";"54";"177";
"1552";"60";"2411";
"1552";"63";"2414";
"1552";"66";"2417";
"1552";"77";"2430";
"1552";"78";"2432";
"1552";"80";"2439";
"1552";"81";"2429";
"1552";"85";"2466";
"1552";"89";"2471";
"1552";"98";"2479";
"1552";"99";"44136";
"1552";"100";"44137";
"1553";"1";"123";
"1553";"8";"25";
"1553";"18";"50";
"1553";"48";"75";
"1553";"49";"124";
"1553";"54";"177";
"1553";"60";"2411";
"1553";"63";"2414";
"1553";"66";"2417";
"1553";"77";"2430";
"1553";"78";"2432";
"1553";"80";"2439";
"1553";"81";"2429";
"1553";"85";"2466";
"1553";"89";"2471";
"1553";"98";"2479";
"1553";"99";"15431";
"1553";"100";"15432";
"1554";"1";"123";
"1554";"8";"25";
"1554";"18";"50";
"1554";"48";"75";
"1554";"49";"124";
"1554";"54";"178";
"1554";"59";"2410";
"1554";"60";"2411";
"1554";"63";"2414";
"1554";"66";"2417";
"1554";"77";"2430";
"1554";"78";"2432";
"1554";"80";"2433";
"1554";"81";"2429";
"1554";"85";"2466";
"1554";"89";"2471";
"1554";"98";"2479";
"1554";"99";"65189";
"1554";"100";"65190";
"1555";"1";"4279";
"1555";"8";"25";
"1555";"18";"50";
"1555";"48";"75";
"1555";"49";"124";
"1555";"54";"178";
"1555";"59";"2410";
"1555";"60";"2411";
"1555";"63";"2414";
"1555";"66";"2417";
"1555";"77";"2430";
"1555";"78";"2432";
"1555";"80";"2433";
"1555";"81";"2429";
"1555";"85";"2466";
"1555";"89";"2471";
"1555";"98";"2479";
"1555";"99";"50004";
"1555";"100";"50005";
"1556";"1";"4279";
"1556";"8";"25";
"1556";"18";"50";
"1556";"48";"75";
"1556";"49";"124";
"1556";"54";"178";
"1556";"59";"2410";
"1556";"60";"2411";
"1556";"63";"2414";
"1556";"66";"2417";
"1556";"77";"2430";
"1556";"78";"2432";
"1556";"80";"2433";
"1556";"81";"2429";
"1556";"85";"2466";
"1556";"89";"2471";
"1556";"98";"2479";
"1556";"99";"65373";
"1556";"100";"65374";
"1587";"1";"4279";
"1587";"8";"25";
"1587";"9";"27";
"1587";"10";"30";
"1587";"14";"42";
"1587";"18";"50";
"1587";"45";"98";
"1587";"46";"99";
"1587";"48";"75";
"1587";"54";"177";
"1587";"58";"2409";
"1587";"60";"2411";
"1587";"66";"2417";
"1587";"82";"2465";
"1587";"85";"2466";
"1587";"86";"2468";
"1587";"91";"2473";
"1587";"93";"2475";
"1587";"99";"53903";
"1587";"100";"53904";
"1588";"1";"187";
"1588";"8";"25";
"1588";"9";"27";
"1588";"10";"30";
"1588";"13";"40";
"1588";"17";"48";
"1588";"19";"52";
"1588";"39";"79";
"1588";"48";"74";
"1588";"49";"133";
"1588";"54";"177";
"1588";"61";"2412";
"1588";"82";"2465";
"1588";"86";"2468";
"1588";"87";"2467";
"1588";"89";"2471";
"1588";"92";"2472";
"1588";"95";"2476";
"1588";"98";"2479";
"1588";"99";"14510";
"1588";"100";"14511";
"1589";"1";"145";
"1589";"99";"15888";
"1589";"100";"15889";
"1590";"1";"145";
"1590";"9";"18669";
"1590";"48";"74";
"1590";"49";"133";
"1590";"54";"178";
"1590";"80";"2445";
"1590";"99";"55176";
"1590";"100";"55177";
"1590";"101";"18518";
"1590";"102";"18522";
"1590";"103";"18524";
"1591";"99";"54541";
"1592";"1";"4279";
"1592";"8";"25";
"1592";"9";"27";
"1592";"10";"30";
"1592";"11";"33";
"1592";"13";"40";
"1592";"14";"42";
"1592";"18";"50";
"1592";"39";"79";
"1592";"45";"98";
"1592";"48";"74";
"1592";"49";"139";
"1592";"54";"176";
"1592";"58";"2409";
"1592";"60";"2411";
"1592";"83";"2464";
"1592";"85";"2466";
"1592";"86";"2468";
"1592";"89";"2471";
"1592";"91";"2473";
"1592";"99";"59899";
"1592";"100";"59900";
"1593";"1";"138";
"1593";"8";"25";
"1593";"9";"27";
"1593";"10";"30";
"1593";"18";"50";
"1593";"46";"99";
"1593";"48";"74";
"1593";"54";"176";
"1593";"58";"2409";
"1593";"60";"2411";
"1593";"66";"2417";
"1593";"85";"2466";
"1593";"86";"2468";
"1593";"91";"2473";
"1593";"99";"48966";
"1593";"100";"48967";
"1594";"1";"4279";
"1594";"8";"25";
"1594";"18";"50";
"1594";"54";"176";
"1594";"58";"2409";
"1594";"60";"2411";
"1594";"99";"23277";
"1594";"100";"23278";
"1595";"1";"13122";
"1595";"8";"25";
"1595";"14";"42";
"1595";"19";"52";
"1595";"39";"79";
"1595";"48";"76";
"1595";"54";"177";
"1595";"77";"2430";
"1595";"80";"2450";
"1595";"81";"2429";
"1595";"86";"2468";
"1595";"89";"2471";
"1595";"98";"2479";
"1595";"99";"14544";
"1595";"100";"14545";
"1596";"1";"141";
"1596";"54";"176";
"1596";"99";"55132";
"1596";"100";"55133";
"1596";"101";"18517";
"1596";"102";"18522";
"1597";"99";"40359";
"1597";"100";"40360";
"1598";"99";"21697";
"1598";"100";"21443";
"1599";"1";"134";
"1599";"8";"25";
"1599";"14";"42";
"1599";"19";"52";
"1599";"39";"79";
"1599";"54";"178";
"1599";"59";"2410";
"1599";"61";"2412";
"1599";"66";"2417";
"1599";"77";"2430";
"1599";"80";"2436";
"1599";"81";"2429";
"1599";"89";"2471";
"1599";"91";"2473";
"1599";"98";"2479";
"1599";"99";"63340";
"1599";"100";"63341";
"1600";"60";"2411";
"1600";"99";"28293";
"1600";"100";"28294";
"1601";"60";"2411";
"1601";"99";"19337";
"1601";"100";"19338";
"1602";"60";"2411";
"1602";"99";"28297";
"1602";"100";"28298";
"1603";"60";"2411";
"1603";"99";"34062";
"1603";"100";"34063";
"1604";"60";"2411";
"1604";"99";"14685";
"1604";"100";"14686";
"1605";"60";"2411";
"1605";"99";"14699";
"1605";"100";"14700";
"1606";"60";"2411";
"1606";"99";"14707";
"1606";"100";"14708";
"1607";"60";"2411";
"1607";"99";"15263";
"1607";"100";"15264";
"1608";"60";"2411";
"1608";"99";"19311";
"1608";"100";"19312";
"1609";"60";"2411";
"1609";"99";"15305";
"1609";"100";"15306";
"1610";"60";"2411";
"1610";"99";"15307";
"1610";"100";"15308";
"1611";"60";"2411";
"1611";"99";"15267";
"1611";"100";"15268";
"1612";"60";"2411";
"1612";"99";"19357";
"1612";"100";"19358";
"1616";"60";"2411";
"1616";"99";"19281";
"1616";"100";"19282";
"1617";"60";"2411";
"1617";"99";"19273";
"1617";"100";"19274";
"1618";"60";"2411";
"1618";"99";"19277";
"1618";"100";"19278";
"1619";"60";"2411";
"1619";"99";"16430";
"1619";"100";"16431";
"1620";"60";"2411";
"1620";"99";"15287";
"1620";"100";"15288";
"1621";"60";"2411";
"1621";"99";"42483";
"1621";"100";"42484";
"1622";"60";"2411";
"1622";"99";"19303";
"1622";"100";"19304";
"1623";"60";"2411";
"1623";"99";"19291";
"1623";"100";"19292";
"1624";"60";"2411";
"1624";"99";"19285";
"1624";"100";"19286";
"1625";"60";"2411";
"1625";"99";"43520";
"1625";"100";"43521";
"1626";"60";"2411";
"1626";"99";"19321";
"1626";"100";"19322";
"1627";"60";"2411";
"1627";"99";"19325";
"1627";"100";"19326";
"1628";"60";"2411";
"1628";"99";"19319";
"1628";"100";"19320";
"1629";"60";"2411";
"1629";"99";"15301";
"1629";"100";"15302";
"1630";"1";"125";
"1630";"9";"27";
"1630";"10";"30";
"1630";"13";"40";
"1630";"17";"48";
"1630";"18";"50";
"1630";"19";"52";
"1630";"39";"79";
"1630";"48";"76";
"1630";"54";"177";
"1630";"61";"2412";
"1630";"77";"2430";
"1630";"80";"2436";
"1630";"81";"2429";
"1630";"86";"2468";
"1630";"87";"2467";
"1630";"89";"2471";
"1630";"91";"2473";
"1630";"98";"2479";
"1630";"99";"15850";
"1630";"100";"15851";
"1631";"1";"125";
"1631";"9";"27";
"1631";"10";"30";
"1631";"13";"40";
"1631";"17";"48";
"1631";"18";"50";
"1631";"19";"52";
"1631";"39";"79";
"1631";"48";"76";
"1631";"54";"177";
"1631";"61";"2412";
"1631";"77";"2430";
"1631";"80";"2436";
"1631";"81";"2429";
"1631";"86";"2468";
"1631";"87";"2467";
"1631";"89";"2471";
"1631";"91";"2473";
"1631";"98";"2479";
"1631";"99";"14957";
"1631";"100";"14958";
"1632";"1";"6080";
"1632";"8";"25";
"1632";"11";"32";
"1632";"13";"40";
"1632";"18";"50";
"1632";"32";"88";
"1632";"39";"79";
"1632";"49";"4318";
"1632";"54";"177";
"1632";"60";"2411";
"1632";"91";"2473";
"1632";"99";"16364";
"1632";"100";"16365";
"1633";"99";"60503";
"1633";"100";"60504";
"1634";"1";"35859";
"1634";"49";"124";
"1634";"54";"177";
"1634";"99";"48348";
"1634";"100";"48349";
"1634";"101";"18518";
"1634";"102";"18522";
"1635";"1";"123";
"1635";"8";"25";
"1635";"10";"30";
"1635";"18";"50";
"1635";"21";"56";
"1635";"32";"87";
"1635";"54";"176";
"1635";"60";"2411";
"1635";"64";"2415";
"1635";"66";"2417";
"1635";"82";"2465";
"1635";"85";"2466";
"1635";"98";"2479";
"1635";"99";"15119";
"1635";"100";"15120";
"1636";"1";"11296";
"1636";"8";"25";
"1636";"9";"27";
"1636";"10";"30";
"1636";"18";"50";
"1636";"21";"56";
"1636";"32";"87";
"1636";"39";"79";
"1636";"48";"75";
"1636";"54";"177";
"1636";"60";"2411";
"1636";"62";"2413";
"1636";"64";"2415";
"1636";"82";"2465";
"1636";"83";"2464";
"1636";"85";"2466";
"1636";"96";"2478";
"1636";"99";"65499";
"1636";"100";"65500";
"1637";"1";"134";
"1637";"8";"25";
"1637";"11";"32";
"1637";"18";"50";
"1637";"39";"79";
"1637";"54";"177";
"1637";"60";"2411";
"1637";"66";"2417";
"1637";"91";"2473";
"1637";"99";"15157";
"1637";"100";"15158";
"1638";"1";"134";
"1638";"8";"25";
"1638";"11";"32";
"1638";"18";"50";
"1638";"39";"79";
"1638";"54";"177";
"1638";"60";"2411";
"1638";"66";"2417";
"1638";"91";"2473";
"1638";"99";"60487";
"1638";"100";"60488";
"1639";"1";"123";
"1639";"8";"25";
"1639";"11";"32";
"1639";"18";"50";
"1639";"39";"79";
"1639";"54";"176";
"1639";"60";"2411";
"1639";"66";"2417";
"1639";"85";"2466";
"1639";"91";"2473";
"1639";"99";"15177";
"1639";"100";"15178";
"1640";"1";"125";
"1640";"9";"27";
"1640";"49";"13125";
"1640";"54";"176";
"1640";"91";"2473";
"1640";"99";"15485";
"1640";"100";"15486";
"1641";"1";"181";
"1641";"9";"29";
"1641";"49";"172";
"1641";"54";"177";
"1641";"80";"2445";
"1641";"99";"41048";
"1641";"100";"41049";
"1641";"101";"18518";
"1641";"102";"18522";
"1642";"1";"33132";
"1642";"9";"29";
"1642";"49";"18506";
"1642";"54";"176";
"1642";"80";"2438";
"1642";"99";"45374";
"1642";"100";"45375";
"1642";"101";"18518";
"1642";"102";"18522";
"1643";"1";"49687";
"1643";"49";"6206";
"1643";"54";"176";
"1643";"80";"2439";
"1643";"99";"49791";
"1643";"100";"49792";
"1643";"101";"18518";
"1643";"102";"18522";
"1644";"1";"134";
"1644";"9";"18669";
"1644";"48";"76";
"1644";"49";"13125";
"1644";"54";"177";
"1644";"66";"2417";
"1644";"80";"2441";
"1644";"81";"2429";
"1644";"99";"22401";
"1644";"100";"22402";
"1644";"101";"18518";
"1644";"102";"18522";
"1644";"103";"22186";
"1645";"1";"123";
"1645";"48";"76";
"1645";"49";"117";
"1645";"54";"178";
"1645";"66";"2417";
"1645";"80";"2441";
"1645";"81";"2429";
"1645";"99";"15744";
"1645";"100";"15745";
"1645";"101";"18518";
"1646";"1";"13122";
"1646";"54";"178";
"1646";"66";"2417";
"1646";"81";"2429";
"1646";"99";"33157";
"1646";"100";"33158";
"1647";"1";"13122";
"1647";"9";"18669";
"1647";"48";"76";
"1647";"49";"128";
"1647";"54";"178";
"1647";"66";"2417";
"1647";"80";"2446";
"1647";"81";"2429";
"1647";"99";"41094";
"1647";"100";"41095";
"1647";"101";"18518";
"1647";"102";"18522";
"1647";"103";"22186";
"1648";"1";"125";
"1648";"54";"178";
"1648";"66";"2417";
"1648";"81";"2429";
"1648";"99";"53563";
"1648";"100";"53564";
"1649";"1";"123";
"1649";"54";"178";
"1649";"66";"2417";
"1649";"81";"2429";
"1649";"99";"19162";
"1649";"100";"19163";
"1650";"1";"132";
"1650";"54";"177";
"1650";"66";"2417";
"1650";"81";"2429";
"1650";"99";"45244";
"1650";"100";"45245";
"1651";"1";"134";
"1651";"9";"18669";
"1651";"49";"128";
"1651";"54";"178";
"1651";"66";"2417";
"1651";"80";"2441";
"1651";"81";"2429";
"1651";"99";"33090";
"1651";"100";"33091";
"1651";"101";"22390";
"1651";"102";"22387";
"1651";"103";"22389";
"1652";"1";"125";
"1652";"9";"27";
"1652";"49";"13125";
"1652";"54";"176";
"1652";"58";"2409";
"1652";"91";"2473";
"1652";"99";"15483";
"1652";"100";"15484";
"1653";"1";"125";
"1653";"8";"25";
"1653";"49";"117";
"1653";"54";"176";
"1653";"91";"2473";
"1653";"99";"23287";
"1653";"100";"23288";
"1654";"1";"138";
"1654";"49";"6081";
"1654";"54";"177";
"1654";"91";"2473";
"1654";"99";"15491";
"1654";"100";"15492";
"1655";"1";"49144";
"1655";"9";"29";
"1655";"49";"18506";
"1655";"54";"177";
"1655";"99";"49787";
"1655";"100";"49788";
"1655";"101";"18518";
"1655";"102";"18522";
"1656";"9";"18669";
"1656";"48";"75";
"1656";"49";"146";
"1656";"54";"178";
"1656";"80";"2446";
"1656";"99";"30081";
"1656";"100";"30082";
"1656";"101";"18518";
"1656";"102";"18521";
"1657";"99";"30042";
"1657";"100";"30043";
"1658";"1";"33132";
"1658";"49";"24690";
"1658";"54";"177";
"1658";"80";"2438";
"1658";"99";"49763";
"1658";"100";"49764";
"1658";"101";"18517";
"1658";"102";"18522";
"1659";"99";"15578";
"1659";"100";"15579";
"1660";"1";"123";
"1660";"18";"50";
"1660";"48";"75";
"1660";"49";"124";
"1660";"54";"177";
"1660";"59";"2410";
"1660";"60";"2411";
"1660";"63";"2414";
"1660";"66";"2417";
"1660";"77";"2430";
"1660";"78";"2432";
"1660";"80";"2439";
"1660";"81";"2429";
"1660";"85";"2466";
"1660";"89";"2471";
"1660";"98";"2479";
"1660";"99";"67983";
"1660";"100";"67984";
"1661";"1";"24723";
"1661";"8";"25";
"1661";"9";"27";
"1661";"18";"50";
"1661";"48";"74";
"1661";"49";"117";
"1661";"54";"177";
"1661";"78";"2432";
"1661";"80";"2433";
"1661";"81";"2429";
"1661";"85";"2466";
"1661";"89";"2471";
"1661";"98";"2479";
"1661";"99";"61662";
"1661";"100";"61663";
"1662";"1";"181";
"1662";"54";"178";
"1662";"80";"2451";
"1662";"81";"2429";
"1662";"99";"59296";
"1662";"100";"59297";
"1662";"101";"18517";
"1662";"102";"18522";
"1663";"1";"187";
"1663";"9";"18669";
"1663";"48";"75";
"1663";"49";"6206";
"1663";"54";"179";
"1663";"80";"2446";
"1663";"99";"21706";
"1663";"100";"21707";
"1663";"101";"18518";
"1664";"1";"145";
"1664";"99";"20284";
"1664";"100";"20285";
"1665";"1";"187";
"1665";"9";"18614";
"1665";"48";"75";
"1665";"49";"6206";
"1665";"54";"179";
"1665";"80";"2446";
"1665";"99";"18324";
"1665";"100";"18325";
"1665";"101";"18518";
"1665";"102";"18615";
"1666";"1";"187";
"1666";"9";"18614";
"1666";"48";"75";
"1666";"49";"6206";
"1666";"54";"179";
"1666";"80";"2446";
"1666";"99";"36710";
"1666";"100";"36711";
"1666";"101";"18518";
"1666";"102";"18615";
"1667";"1";"127";
"1667";"9";"18669";
"1667";"48";"75";
"1667";"49";"128";
"1667";"54";"178";
"1667";"80";"2441";
"1667";"99";"18336";
"1667";"100";"18337";
"1667";"101";"18518";
"1668";"1";"127";
"1668";"9";"18669";
"1668";"48";"75";
"1668";"49";"6206";
"1668";"54";"178";
"1668";"80";"2445";
"1668";"99";"18334";
"1668";"100";"18335";
"1668";"101";"18518";
"1669";"1";"18861";
"1669";"49";"6206";
"1669";"54";"178";
"1669";"80";"2444";
"1669";"99";"67297";
"1669";"100";"67298";
"1669";"101";"18517";
"1669";"102";"18522";
"1670";"1";"187";
"1670";"9";"18669";
"1670";"48";"75";
"1670";"49";"6206";
"1670";"54";"177";
"1670";"80";"2446";
"1670";"99";"46861";
"1670";"100";"46862";
"1670";"101";"18517";
"1670";"102";"18615";
"1670";"103";"18527";
"1671";"1";"2494";
"1671";"54";"177";
"1671";"66";"2417";
"1671";"67";"2418";
"1671";"99";"30085";
"1671";"100";"30086";
"1672";"1";"10394";
"1672";"9";"29";
"1672";"49";"146";
"1672";"54";"177";
"1672";"69";"2420";
"1672";"80";"2458";
"1672";"99";"40790";
"1672";"100";"40791";
"1672";"101";"18518";
"1672";"102";"18522";
"1673";"1";"125";
"1673";"8";"25";
"1673";"9";"18669";
"1673";"11";"32";
"1673";"13";"40";
"1673";"19";"52";
"1673";"48";"76";
"1673";"49";"18507";
"1673";"54";"178";
"1673";"80";"2445";
"1673";"81";"2429";
"1673";"85";"2466";
"1673";"86";"2468";
"1673";"95";"2476";
"1673";"99";"67083";
"1673";"100";"67084";
"1673";"101";"18518";
"1673";"102";"18532";
"1673";"103";"18527";
"1674";"1";"134";
"1674";"9";"18669";
"1674";"48";"76";
"1674";"49";"117";
"1674";"54";"176";
"1674";"80";"2446";
"1674";"99";"47595";
"1674";"100";"47596";
"1674";"101";"18518";
"1674";"102";"18521";
"1674";"103";"18527";
"1675";"1";"13122";
"1675";"49";"23699";
"1675";"54";"178";
"1675";"66";"2417";
"1675";"80";"2445";
"1675";"99";"47579";
"1675";"100";"47580";
"1675";"101";"18518";
"1676";"1";"183";
"1676";"9";"18669";
"1676";"19";"52";
"1676";"48";"76";
"1676";"49";"172";
"1676";"54";"179";
"1676";"76";"2424";
"1676";"85";"2466";
"1676";"86";"2468";
"1676";"91";"2473";
"1676";"95";"2476";
"1676";"99";"47565";
"1676";"100";"47566";
"1676";"101";"18518";
"1676";"102";"18532";
"1677";"1";"181";
"1677";"8";"25";
"1677";"9";"18669";
"1677";"13";"40";
"1677";"19";"52";
"1677";"48";"76";
"1677";"49";"172";
"1677";"54";"178";
"1677";"66";"2417";
"1677";"76";"2424";
"1677";"80";"2450";
"1677";"85";"2466";
"1677";"86";"2468";
"1677";"91";"2473";
"1677";"95";"2476";
"1677";"96";"2478";
"1677";"97";"2477";
"1677";"99";"47563";
"1677";"100";"47564";
"1677";"101";"18518";
"1677";"102";"18532";
"1677";"103";"18527";
"1678";"99";"47567";
"1678";"100";"47568";
"1679";"1";"145";
"1679";"9";"18669";
"1679";"48";"75";
"1679";"49";"6206";
"1679";"54";"178";
"1679";"80";"2441";
"1679";"99";"47573";
"1679";"100";"47574";
"1679";"101";"18518";
"1679";"102";"18532";
"1680";"1";"183";
"1680";"8";"26";
"1680";"9";"18669";
"1680";"48";"76";
"1680";"49";"172";
"1680";"54";"179";
"1680";"76";"2424";
"1680";"85";"2466";
"1680";"86";"2468";
"1680";"91";"2473";
"1680";"95";"2476";
"1680";"99";"47603";
"1680";"100";"47604";
"1680";"101";"18518";
"1680";"102";"18522";
"1680";"103";"18527";
"1681";"1";"18668";
"1681";"9";"18669";
"1681";"19";"52";
"1681";"48";"76";
"1681";"49";"172";
"1681";"54";"178";
"1681";"76";"2424";
"1681";"80";"2445";
"1681";"85";"2466";
"1681";"86";"2468";
"1681";"91";"2473";
"1681";"95";"2476";
"1681";"96";"2478";
"1681";"99";"47557";
"1681";"100";"47558";
"1681";"101";"18518";
"1681";"102";"18532";
"1682";"1";"183";
"1682";"9";"18669";
"1682";"19";"52";
"1682";"48";"76";
"1682";"49";"18506";
"1682";"54";"179";
"1682";"76";"2424";
"1682";"80";"2446";
"1682";"85";"2466";
"1682";"86";"2468";
"1682";"91";"2473";
"1682";"95";"2476";
"1682";"96";"2478";
"1682";"99";"47569";
"1682";"100";"47570";
"1682";"101";"18518";
"1682";"102";"18532";
"1683";"99";"47605";
"1683";"100";"47606";
"1684";"1";"183";
"1684";"9";"29";
"1684";"48";"75";
"1684";"49";"146";
"1684";"54";"179";
"1684";"99";"47577";
"1684";"100";"47578";
"1684";"101";"18518";
"1684";"102";"18615";
"1684";"103";"18527";
"1685";"1";"187";
"1685";"9";"18669";
"1685";"48";"74";
"1685";"49";"18506";
"1685";"54";"177";
"1685";"76";"2424";
"1685";"80";"2445";
"1685";"91";"2473";
"1685";"95";"2476";
"1685";"96";"2478";
"1685";"99";"47581";
"1685";"100";"47582";
"1685";"101";"18519";
"1687";"1";"183";
"1687";"9";"18614";
"1687";"48";"74";
"1687";"49";"18506";
"1687";"54";"177";
"1687";"80";"2446";
"1687";"99";"47053";
"1687";"100";"47054";
"1687";"101";"18519";
"1687";"102";"18615";
"1687";"103";"18525";
"1688";"1";"183";
"1688";"9";"18669";
"1688";"19";"52";
"1688";"48";"76";
"1688";"49";"172";
"1688";"54";"178";
"1688";"66";"2417";
"1688";"76";"2424";
"1688";"85";"2466";
"1688";"86";"2468";
"1688";"91";"2473";
"1688";"95";"2476";
"1688";"96";"2478";
"1688";"99";"47601";
"1688";"100";"47602";
"1688";"101";"18518";
"1688";"102";"18532";
"1689";"1";"181";
"1689";"8";"25";
"1689";"9";"18614";
"1689";"11";"32";
"1689";"48";"74";
"1689";"49";"172";
"1689";"54";"177";
"1689";"80";"2441";
"1689";"85";"2466";
"1689";"86";"2468";
"1689";"99";"64837";
"1689";"100";"64838";
"1689";"101";"18518";
"1689";"102";"18615";
"1689";"103";"18527";
"1690";"1";"130";
"1690";"9";"18669";
"1690";"48";"75";
"1690";"49";"6206";
"1690";"54";"177";
"1690";"80";"2445";
"1690";"99";"55630";
"1690";"100";"55631";
"1690";"101";"18518";
"1691";"1";"183";
"1691";"8";"26";
"1691";"9";"18669";
"1691";"19";"52";
"1691";"34";"90";
"1691";"48";"74";
"1691";"49";"18506";
"1691";"54";"179";
"1691";"76";"2424";
"1691";"80";"2446";
"1691";"85";"2466";
"1691";"86";"2468";
"1691";"91";"2473";
"1691";"95";"2476";
"1691";"99";"38094";
"1691";"100";"38095";
"1691";"101";"18518";
"1691";"102";"18615";
"1691";"103";"18525";
"1692";"1";"181";
"1692";"9";"18669";
"1692";"48";"75";
"1692";"49";"18506";
"1692";"54";"178";
"1692";"76";"2424";
"1692";"91";"2473";
"1692";"99";"67547";
"1692";"100";"67548";
"1692";"101";"18519";
"1693";"1";"187";
"1693";"9";"18669";
"1693";"48";"75";
"1693";"49";"6206";
"1693";"54";"179";
"1693";"99";"47593";
"1693";"100";"47594";
"1693";"102";"18615";
"1694";"1";"187";
"1694";"49";"6206";
"1694";"54";"177";
"1694";"81";"2429";
"1694";"99";"29896";
"1694";"100";"29897";
"1695";"1";"116";
"1695";"8";"26";
"1695";"49";"6206";
"1695";"54";"179";
"1695";"81";"2429";
"1695";"99";"59262";
"1695";"100";"59263";
"1696";"1";"125";
"1696";"8";"26";
"1696";"48";"76";
"1696";"49";"23699";
"1696";"54";"177";
"1696";"59";"2410";
"1696";"99";"46999";
"1696";"100";"47000";
"1696";"101";"18517";
"1696";"102";"18522";
"1697";"1";"13122";
"1697";"8";"26";
"1697";"49";"23699";
"1697";"54";"177";
"1697";"99";"47571";
"1697";"100";"47572";
"1697";"101";"18517";
"1697";"102";"18522";
"1698";"1";"18861";
"1698";"9";"29";
"1698";"49";"133";
"1698";"54";"177";
"1698";"99";"40824";
"1698";"100";"40825";
"1698";"101";"18518";
"1698";"102";"22451";
"1699";"99";"33058";
"1699";"100";"33059";
"1700";"1";"125";
"1700";"9";"18669";
"1700";"48";"76";
"1700";"49";"133";
"1700";"54";"177";
"1700";"80";"2441";
"1700";"99";"16166";
"1700";"100";"16167";
"1700";"101";"18518";
"1700";"102";"22387";
"1700";"103";"22186";
"1701";"1";"116";
"1701";"8";"26";
"1701";"49";"128";
"1701";"54";"178";
"1701";"81";"2429";
"1701";"99";"16156";
"1701";"100";"16157";
"1702";"1";"130";
"1702";"48";"76";
"1702";"49";"6206";
"1702";"54";"178";
"1702";"99";"16906";
"1702";"100";"16907";
"1703";"1";"132";
"1703";"49";"146";
"1703";"54";"179";
"1703";"99";"42313";
"1703";"100";"42314";
"1703";"101";"18518";
"1703";"102";"18522";
"1704";"1";"49147";
"1704";"49";"172";
"1704";"54";"176";
"1704";"80";"2434";
"1704";"99";"68099";
"1704";"100";"68100";
"1704";"101";"18519";
"1704";"102";"18522";
"1706";"1";"15";
"1706";"49";"128";
"1706";"54";"178";
"1706";"99";"16204";
"1706";"100";"16205";
"1729";"1";"144";
"1729";"49";"146";
"1729";"54";"178";
"1729";"99";"50446";
"1729";"100";"50447";
"1730";"1";"145";
"1730";"49";"128";
"1730";"54";"178";
"1730";"99";"16214";
"1730";"100";"16215";
"1731";"1";"15";
"1731";"49";"146";
"1731";"54";"177";
"1731";"80";"2455";
"1731";"99";"40862";
"1731";"100";"40863";
"1731";"101";"18518";
"1731";"102";"18522";
"1732";"1";"168";
"1732";"9";"18669";
"1732";"48";"76";
"1732";"49";"175";
"1732";"54";"176";
"1732";"80";"2446";
"1732";"99";"16260";
"1732";"100";"16261";
"1732";"101";"18518";
"1732";"102";"18615";
"1732";"103";"18525";
"1733";"1";"125";
"1733";"9";"18669";
"1733";"48";"75";
"1733";"49";"124";
"1733";"54";"177";
"1733";"80";"2446";
"1733";"99";"58944";
"1733";"100";"58945";
"1733";"101";"18518";
"1733";"102";"18615";
"1734";"1";"136";
"1734";"9";"18614";
"1734";"48";"76";
"1734";"49";"13125";
"1734";"54";"176";
"1734";"80";"2448";
"1734";"81";"2429";
"1734";"99";"64302";
"1734";"100";"64303";
"1734";"101";"18518";
"1734";"102";"18615";
"1735";"99";"54601";
"1738";"1";"187";
"1738";"9";"18669";
"1738";"48";"75";
"1738";"49";"6206";
"1738";"54";"176";
"1738";"67";"2418";
"1738";"77";"2430";
"1738";"80";"2446";
"1738";"81";"2429";
"1738";"99";"42505";
"1738";"100";"42506";
"1738";"101";"18517";
"1738";"102";"18615";
"1738";"103";"18527";
"1739";"1";"125";
"1739";"9";"28";
"1739";"49";"139";
"1739";"54";"178";
"1739";"81";"2429";
"1739";"99";"65589";
"1739";"100";"65590";
"1740";"1";"127";
"1740";"49";"124";
"1740";"54";"178";
"1740";"59";"2410";
"1740";"85";"2466";
"1740";"86";"2468";
"1740";"99";"25049";
"1740";"100";"25050";
"1742";"1";"18861";
"1742";"8";"26";
"1742";"9";"18669";
"1742";"48";"75";
"1742";"49";"146";
"1742";"54";"179";
"1742";"80";"2446";
"1742";"99";"18416";
"1742";"100";"18417";
"1742";"101";"18517";
"1742";"102";"18521";
"1742";"103";"18527";
"1743";"1";"18861";
"1743";"8";"25";
"1743";"49";"146";
"1743";"54";"177";
"1743";"99";"67623";
"1743";"100";"67624";
"1743";"101";"18517";
"1743";"102";"18522";
"1744";"1";"20132";
"1744";"8";"25";
"1744";"9";"18669";
"1744";"48";"76";
"1744";"49";"172";
"1744";"54";"176";
"1744";"80";"2446";
"1744";"99";"60415";
"1744";"100";"60416";
"1744";"101";"18518";
"1744";"102";"18615";
"1744";"103";"18524";
"1745";"1";"134";
"1745";"8";"25";
"1745";"9";"18669";
"1745";"11";"32";
"1745";"19";"52";
"1745";"48";"76";
"1745";"49";"18507";
"1745";"54";"177";
"1745";"59";"2410";
"1745";"76";"2424";
"1745";"80";"2450";
"1745";"86";"2468";
"1745";"95";"2476";
"1745";"99";"67577";
"1745";"100";"67578";
"1745";"101";"18518";
"1745";"102";"18532";
"1747";"99";"30135";
"1747";"100";"30136";
"1748";"54";"176";
"1748";"99";"64847";
"1748";"100";"64848";
"1749";"99";"32508";
"1749";"100";"32509";
"1750";"99";"64845";
"1750";"100";"64846";
"1751";"1";"145";
"1751";"8";"25";
"1751";"9";"18669";
"1751";"48";"75";
"1751";"49";"6206";
"1751";"54";"177";
"1751";"80";"2441";
"1751";"99";"44886";
"1751";"100";"44887";
"1751";"101";"18518";
"1751";"102";"18615";
"1751";"103";"18524";
"1752";"1";"130";
"1752";"9";"18614";
"1752";"48";"75";
"1752";"49";"13125";
"1752";"54";"178";
"1752";"80";"2446";
"1752";"99";"38189";
"1752";"100";"38190";
"1752";"101";"18518";
"1752";"102";"18615";
"1752";"103";"18524";
"1752";"123";"44502";
"1753";"1";"134";
"1753";"9";"18614";
"1753";"48";"75";
"1753";"49";"117";
"1753";"54";"178";
"1753";"80";"2446";
"1753";"99";"55798";
"1753";"100";"55799";
"1753";"101";"18518";
"1753";"102";"18615";
"1753";"103";"18524";
"1753";"123";"44502";
"1754";"1";"18533";
"1754";"9";"18669";
"1754";"48";"76";
"1754";"49";"124";
"1754";"54";"177";
"1754";"80";"2446";
"1754";"99";"47757";
"1754";"100";"47758";
"1754";"101";"18518";
"1754";"102";"18615";
"1754";"103";"18527";
"1755";"1";"13122";
"1755";"9";"18669";
"1755";"48";"75";
"1755";"49";"13125";
"1755";"54";"176";
"1755";"80";"2446";
"1755";"99";"60691";
"1755";"100";"60692";
"1755";"101";"18518";
"1755";"102";"18532";
"1755";"103";"18527";
"1756";"99";"16962";
"1756";"100";"16963";
"1757";"1";"134";
"1757";"49";"117";
"1757";"54";"177";
"1757";"99";"60027";
"1757";"100";"60028";
"1757";"101";"18518";
"1757";"103";"18524";
"1758";"1";"135";
"1758";"8";"25";
"1758";"9";"29";
"1758";"48";"75";
"1758";"49";"4318";
"1758";"54";"177";
"1758";"80";"2445";
"1758";"81";"2429";
"1758";"99";"48118";
"1758";"100";"48119";
"1758";"101";"18518";
"1758";"102";"18532";
"1758";"103";"18527";
"1759";"49";"4318";
"1759";"54";"177";
"1759";"99";"66951";
"1759";"100";"66952";
"1759";"101";"18518";
"1759";"102";"18522";
"1760";"1";"18861";
"1760";"8";"25";
"1760";"9";"18669";
"1760";"48";"76";
"1760";"49";"6206";
"1760";"54";"176";
"1760";"80";"2446";
"1760";"99";"56622";
"1760";"100";"56623";
"1760";"101";"18518";
"1760";"102";"18615";
"1761";"1";"20132";
"1761";"9";"18669";
"1761";"48";"76";
"1761";"49";"6206";
"1761";"54";"176";
"1761";"80";"2446";
"1761";"99";"24924";
"1761";"100";"24925";
"1761";"101";"18518";
"1761";"102";"18615";
"1762";"99";"19563";
"1762";"100";"19564";
"1763";"99";"66925";
"1763";"100";"66926";
"1764";"1";"12487";
"1764";"49";"6206";
"1764";"54";"177";
"1764";"80";"2446";
"1764";"99";"45502";
"1764";"100";"45503";
"1764";"101";"22388";
"1764";"102";"18522";
"1765";"99";"18390";
"1765";"100";"18391";
"1766";"1";"187";
"1766";"9";"18669";
"1766";"48";"76";
"1766";"49";"146";
"1766";"54";"177";
"1766";"80";"2445";
"1766";"99";"25195";
"1766";"100";"25196";
"1766";"101";"18518";
"1766";"103";"18525";
"1767";"1";"20132";
"1767";"9";"18669";
"1767";"48";"75";
"1767";"54";"177";
"1767";"80";"2446";
"1767";"99";"57275";
"1767";"100";"57276";
"1767";"101";"18518";
"1767";"102";"18615";
"1767";"103";"18525";
"1768";"1";"187";
"1768";"9";"18669";
"1768";"48";"75";
"1768";"49";"6206";
"1768";"54";"176";
"1768";"80";"2446";
"1768";"99";"42507";
"1768";"100";"42508";
"1768";"101";"18518";
"1768";"102";"18615";
"1768";"103";"18527";
"1769";"1";"183";
"1769";"9";"18669";
"1769";"48";"75";
"1769";"49";"18506";
"1769";"54";"177";
"1769";"80";"2446";
"1769";"99";"55480";
"1769";"100";"55481";
"1769";"101";"18518";
"1769";"102";"18615";
"1770";"1";"134";
"1770";"9";"18669";
"1770";"48";"75";
"1770";"49";"117";
"1770";"54";"176";
"1770";"80";"2441";
"1770";"99";"47607";
"1770";"100";"47608";
"1770";"101";"18518";
"1770";"102";"18615";
"1770";"103";"18524";
"1771";"1";"18861";
"1771";"9";"18669";
"1771";"48";"75";
"1771";"49";"18507";
"1771";"54";"176";
"1771";"80";"2441";
"1771";"99";"47591";
"1771";"100";"47592";
"1771";"101";"18518";
"1771";"102";"18615";
"1771";"103";"18525";
"1772";"1";"130";
"1772";"8";"25";
"1772";"9";"29";
"1772";"10";"30";
"1772";"11";"32";
"1772";"13";"40";
"1772";"14";"42";
"1772";"17";"48";
"1772";"18";"50";
"1772";"19";"52";
"1772";"39";"79";
"1772";"46";"99";
"1772";"48";"76";
"1772";"49";"6206";
"1772";"54";"178";
"1772";"99";"25189";
"1772";"100";"25190";
"1773";"1";"134";
"1773";"9";"18614";
"1773";"54";"177";
"1773";"99";"28321";
"1773";"100";"28322";
"1773";"102";"18522";
"1774";"1";"125";
"1774";"8";"25";
"1774";"9";"18669";
"1774";"48";"76";
"1774";"49";"13125";
"1774";"54";"177";
"1774";"85";"2466";
"1774";"96";"2478";
"1774";"99";"45638";
"1774";"100";"45639";
"1774";"101";"18518";
"1774";"102";"18532";
"1775";"99";"17316";
"1775";"100";"17317";
"1776";"1";"181";
"1776";"9";"18669";
"1776";"48";"76";
"1776";"49";"172";
"1776";"54";"176";
"1776";"80";"2448";
"1776";"99";"30109";
"1776";"100";"30110";
"1776";"101";"18519";
"1776";"102";"18615";
"1776";"103";"18525";
"1777";"1";"20132";
"1777";"9";"18669";
"1777";"48";"75";
"1777";"54";"177";
"1777";"80";"2446";
"1777";"99";"17332";
"1777";"100";"17333";
"1777";"101";"18518";
"1777";"102";"18521";
"1777";"103";"18525";
"1778";"1";"183";
"1778";"9";"18669";
"1778";"48";"75";
"1778";"54";"177";
"1778";"80";"2446";
"1778";"99";"21840";
"1778";"100";"21841";
"1778";"101";"18518";
"1778";"102";"18521";
"1778";"103";"18525";
"1779";"1";"134";
"1779";"9";"18614";
"1779";"48";"75";
"1779";"49";"117";
"1779";"54";"177";
"1779";"80";"2441";
"1779";"99";"59060";
"1779";"100";"59061";
"1779";"101";"18518";
"1779";"102";"18615";
"1779";"103";"18524";
"1779";"123";"44503";
"1780";"1";"134";
"1780";"9";"18614";
"1780";"49";"117";
"1780";"54";"178";
"1780";"80";"2444";
"1780";"99";"59328";
"1780";"100";"59329";
"1780";"101";"18518";
"1780";"102";"18522";
"1780";"123";"44500";
"1781";"1";"13121";
"1781";"8";"25";
"1781";"9";"18614";
"1781";"48";"75";
"1781";"49";"133";
"1781";"54";"177";
"1781";"80";"2441";
"1781";"99";"58647";
"1781";"100";"58648";
"1781";"101";"18518";
"1781";"102";"18615";
"1781";"103";"18524";
"1781";"123";"44503";
"1782";"1";"145";
"1782";"9";"18614";
"1782";"48";"74";
"1782";"49";"13125";
"1782";"54";"179";
"1782";"80";"2448";
"1782";"99";"56365";
"1782";"100";"56366";
"1782";"101";"18518";
"1782";"102";"18615";
"1782";"103";"18525";
"1783";"54";"178";
"1783";"99";"64941";
"1783";"100";"64942";
"1784";"1";"134";
"1784";"48";"75";
"1784";"49";"139";
"1784";"54";"178";
"1784";"76";"2424";
"1784";"80";"2436";
"1784";"91";"2473";
"1784";"99";"67119";
"1784";"100";"67120";
"1784";"101";"22208";
"1785";"99";"18388";
"1785";"100";"18389";
"1786";"1";"181";
"1786";"9";"18669";
"1786";"54";"177";
"1786";"80";"2436";
"1786";"99";"28420";
"1786";"100";"28421";
"1787";"1";"12487";
"1787";"9";"18669";
"1787";"49";"6206";
"1787";"54";"177";
"1787";"80";"2446";
"1787";"99";"60781";
"1787";"100";"60782";
"1787";"101";"18519";
"1787";"102";"18522";
"1788";"18";"50";
"1788";"19";"52";
"1788";"36";"92";
"1788";"58";"2409";
"1788";"60";"2411";
"1788";"66";"2417";
"1788";"71";"2423";
"1788";"91";"2473";
"1788";"95";"2476";
"1788";"99";"50142";
"1788";"100";"50143";
"1789";"8";"25";
"1789";"11";"32";
"1789";"19";"52";
"1789";"36";"92";
"1789";"71";"2423";
"1789";"91";"2473";
"1789";"95";"2476";
"1789";"99";"19883";
"1789";"100";"19884";
"1790";"8";"25";
"1790";"19";"52";
"1790";"36";"92";
"1790";"58";"2409";
"1790";"59";"2410";
"1790";"91";"2473";
"1790";"95";"2476";
"1790";"99";"60001";
"1790";"100";"60002";
"1791";"8";"26";
"1791";"19";"52";
"1791";"36";"92";
"1791";"58";"2409";
"1791";"91";"2473";
"1791";"99";"64797";
"1791";"100";"64798";
"1792";"1";"123";
"1792";"8";"25";
"1792";"9";"18669";
"1792";"11";"32";
"1792";"19";"52";
"1792";"48";"75";
"1792";"49";"124";
"1792";"54";"177";
"1792";"58";"2409";
"1792";"60";"2411";
"1792";"72";"2422";
"1792";"85";"2466";
"1792";"91";"2473";
"1792";"95";"2476";
"1792";"99";"20933";
"1792";"100";"20934";
"1792";"101";"18518";
"1793";"99";"20944";
"1793";"100";"20945";
"1794";"18";"50";
"1794";"19";"52";
"1794";"58";"2409";
"1794";"60";"2411";
"1794";"91";"2473";
"1794";"99";"28022";
"1794";"100";"42662";
"1796";"99";"57039";
"1796";"100";"57040";
"1797";"99";"48068";
"1797";"100";"48069";
"1798";"99";"44236";
"1798";"100";"44237";
"1799";"1";"123";
"1799";"9";"18669";
"1799";"48";"76";
"1799";"49";"124";
"1799";"54";"177";
"1799";"80";"2448";
"1799";"99";"34270";
"1799";"100";"34271";
"1799";"101";"18518";
"1799";"102";"18532";
"1800";"1";"134";
"1800";"8";"25";
"1800";"49";"13125";
"1800";"54";"178";
"1800";"59";"2410";
"1800";"66";"2417";
"1800";"80";"2444";
"1800";"81";"2429";
"1800";"99";"38415";
"1800";"100";"38416";
"1800";"123";"44503";
"1801";"1";"125";
"1801";"8";"25";
"1801";"19";"52";
"1801";"49";"117";
"1801";"54";"177";
"1801";"80";"2461";
"1801";"81";"2429";
"1801";"99";"65823";
"1801";"100";"65824";
"1801";"101";"22390";
"1801";"103";"22393";
"1801";"123";"44503";
"1802";"1";"13121";
"1802";"8";"26";
"1802";"9";"27";
"1802";"19";"52";
"1802";"48";"76";
"1802";"49";"18507";
"1802";"54";"180";
"1802";"67";"2418";
"1802";"76";"2424";
"1802";"80";"2441";
"1802";"81";"2429";
"1802";"99";"66935";
"1802";"100";"66936";
"1802";"101";"18517";
"1802";"102";"18522";
"1802";"103";"18527";
"1803";"99";"23906";
"1803";"100";"23907";
"1804";"99";"43824";
"1804";"100";"43825";
"1805";"99";"18643";
"1805";"100";"21518";
"1806";"1";"18668";
"1806";"9";"18669";
"1806";"48";"75";
"1806";"49";"6206";
"1806";"54";"178";
"1806";"99";"47051";
"1806";"100";"47052";
"1806";"101";"18519";
"1806";"102";"18615";
"1806";"103";"18527";
"1807";"1";"18668";
"1807";"9";"29";
"1807";"48";"75";
"1807";"49";"18506";
"1807";"54";"176";
"1807";"99";"21689";
"1807";"100";"21429";
"1807";"101";"18517";
"1807";"102";"18521";
"1807";"103";"18526";
"1808";"1";"15";
"1808";"9";"29";
"1808";"48";"75";
"1808";"54";"178";
"1808";"99";"67841";
"1808";"100";"67842";
"1808";"101";"18517";
"1808";"102";"18521";
"1809";"1";"15";
"1809";"9";"29";
"1809";"48";"75";
"1809";"54";"177";
"1809";"99";"59645";
"1809";"100";"59646";
"1809";"101";"18517";
"1809";"102";"18521";
"1810";"1";"134";
"1810";"9";"29";
"1810";"48";"75";
"1810";"54";"178";
"1810";"99";"67635";
"1810";"100";"67636";
"1810";"101";"18517";
"1810";"102";"18521";
"1811";"1";"174";
"1811";"8";"25";
"1811";"9";"18669";
"1811";"23";"60";
"1811";"39";"79";
"1811";"48";"74";
"1811";"54";"176";
"1811";"67";"2418";
"1811";"69";"2420";
"1811";"86";"2468";
"1811";"87";"2467";
"1811";"91";"2473";
"1811";"99";"29838";
"1811";"100";"29839";
"1811";"101";"18519";
"1811";"103";"18524";
"1812";"1";"134";
"1812";"8";"25";
"1812";"9";"28";
"1812";"48";"76";
"1812";"49";"13125";
"1812";"54";"177";
"1812";"80";"2441";
"1812";"81";"2429";
"1812";"86";"2468";
"1812";"99";"58765";
"1812";"100";"58766";
"1812";"101";"18518";
"1812";"102";"18522";
"1812";"103";"18524";
"1812";"123";"44503";
"1813";"1";"13122";
"1813";"48";"75";
"1813";"54";"177";
"1813";"99";"47575";
"1813";"100";"47576";
"1813";"101";"18518";
"1815";"1";"134";
"1815";"9";"18614";
"1815";"48";"75";
"1815";"54";"177";
"1815";"99";"60029";
"1815";"100";"60030";
"1815";"101";"18517";
"1815";"103";"18524";
"1816";"1";"15";
"1816";"9";"18614";
"1816";"48";"75";
"1816";"49";"6206";
"1816";"54";"177";
"1816";"99";"30159";
"1816";"100";"30160";
"1816";"101";"18519";
"1816";"103";"18525";
"1817";"1";"13122";
"1817";"9";"29";
"1817";"48";"76";
"1817";"49";"128";
"1817";"54";"177";
"1817";"59";"2410";
"1817";"82";"2465";
"1817";"85";"2466";
"1817";"99";"44884";
"1817";"100";"44885";
"1817";"101";"18517";
"1817";"102";"18521";
"1818";"1";"13122";
"1818";"9";"29";
"1818";"48";"75";
"1818";"49";"128";
"1818";"54";"177";
"1818";"99";"39910";
"1818";"100";"39911";
"1818";"101";"18517";
"1818";"102";"18521";
"1819";"1";"13122";
"1819";"9";"29";
"1819";"48";"75";
"1819";"49";"128";
"1819";"54";"177";
"1819";"99";"44882";
"1819";"100";"44883";
"1819";"101";"18517";
"1819";"102";"18521";
"1820";"1";"174";
"1820";"9";"29";
"1820";"48";"74";
"1820";"54";"176";
"1820";"99";"45576";
"1820";"100";"45577";
"1820";"101";"18517";
"1820";"102";"18521";
"1820";"103";"18524";
"1821";"1";"123";
"1821";"9";"18669";
"1821";"48";"75";
"1821";"49";"139";
"1821";"54";"176";
"1821";"99";"59174";
"1821";"100";"59175";
"1821";"101";"18517";
"1821";"102";"18521";
"1822";"1";"125";
"1822";"9";"29";
"1822";"48";"76";
"1822";"49";"13125";
"1822";"54";"176";
"1822";"80";"2455";
"1822";"99";"49310";
"1822";"100";"49311";
"1822";"101";"18517";
"1822";"102";"18615";
"1824";"9";"29";
"1824";"48";"75";
"1824";"54";"176";
"1824";"99";"66699";
"1824";"100";"66700";
"1824";"101";"18518";
"1824";"102";"18532";
"1824";"103";"18527";
"1826";"1";"13121";
"1826";"8";"25";
"1826";"9";"18669";
"1826";"11";"32";
"1826";"13";"40";
"1826";"14";"42";
"1826";"19";"52";
"1826";"21";"56";
"1826";"48";"74";
"1826";"49";"133";
"1826";"54";"176";
"1826";"59";"2410";
"1826";"66";"2417";
"1826";"73";"2428";
"1826";"75";"2425";
"1826";"76";"2424";
"1826";"80";"2448";
"1826";"85";"2466";
"1826";"99";"59793";
"1826";"100";"59794";
"1826";"101";"18518";
"1826";"102";"18532";
"1826";"103";"18527";
"1827";"9";"29";
"1827";"48";"76";
"1827";"54";"176";
"1827";"99";"33645";
"1827";"100";"33646";
"1827";"101";"18517";
"1827";"102";"18521";
"1827";"103";"18525";
"1827";"104";"19118";
"1828";"1";"4279";
"1828";"9";"18669";
"1828";"48";"75";
"1828";"49";"4318";
"1828";"54";"176";
"1828";"99";"59391";
"1828";"100";"59392";
"1828";"101";"18517";
"1828";"102";"18532";
"1828";"103";"18525";
"1829";"1";"134";
"1829";"8";"25";
"1829";"9";"18669";
"1829";"13";"40";
"1829";"19";"52";
"1829";"21";"56";
"1829";"41";"94";
"1829";"48";"74";
"1829";"49";"146";
"1829";"54";"177";
"1829";"59";"2410";
"1829";"66";"2417";
"1829";"76";"2424";
"1829";"80";"2448";
"1829";"85";"2466";
"1829";"95";"2476";
"1829";"99";"50166";
"1829";"100";"50167";
"1829";"101";"18518";
"1829";"102";"18532";
"1829";"103";"18524";
"1830";"1";"11296";
"1830";"9";"29";
"1830";"48";"74";
"1830";"49";"124";
"1830";"54";"176";
"1830";"80";"2448";
"1830";"99";"19133";
"1830";"100";"19134";
"1830";"101";"18517";
"1830";"104";"19118";
"1831";"1";"18861";
"1831";"8";"25";
"1831";"9";"18669";
"1831";"19";"52";
"1831";"48";"75";
"1831";"54";"177";
"1831";"58";"2409";
"1831";"59";"2410";
"1831";"66";"2417";
"1831";"76";"2424";
"1831";"85";"2466";
"1831";"91";"2473";
"1831";"95";"2476";
"1831";"99";"23252";
"1831";"101";"18518";
"1831";"102";"18532";
"1831";"103";"18524";
"1917";"8";"25";
"1917";"9";"18669";
"1917";"54";"177";
"1917";"58";"2409";
"1917";"85";"2466";
"1917";"86";"2468";
"1917";"91";"2473";
"1917";"95";"2476";
"1917";"99";"23251";
"1917";"101";"18518";
"1918";"1";"6080";
"1918";"8";"25";
"1918";"9";"18669";
"1918";"48";"75";
"1918";"49";"117";
"1918";"54";"177";
"1918";"58";"2409";
"1918";"60";"2411";
"1918";"85";"2466";
"1918";"99";"20798";
"1918";"101";"18518";
"1918";"102";"18532";
"1924";"8";"25";
"1924";"19";"52";
"1924";"34";"90";
"1924";"54";"177";
"1924";"58";"2409";
"1924";"85";"2466";
"1924";"91";"2473";
"1924";"99";"20799";
"1924";"101";"18518";
"1924";"102";"18532";
"1924";"103";"18524";
"1925";"8";"25";
"1925";"11";"32";
"1925";"19";"52";
"1925";"21";"56";
"1925";"23";"60";
"1925";"54";"177";
"1925";"58";"2409";
"1925";"85";"2466";
"1925";"91";"2473";
"1925";"99";"46929";
"1925";"101";"18518";
"1925";"102";"18532";
"1926";"9";"18669";
"1926";"19";"52";
"1926";"54";"177";
"1926";"59";"2410";
"1926";"60";"2411";
"1926";"85";"2466";
"1926";"95";"2476";
"1926";"99";"26417";
"1926";"101";"18518";
"1926";"104";"19118";
"1927";"1";"187";
"1927";"9";"29";
"1927";"48";"75";
"1927";"49";"6206";
"1927";"54";"177";
"1927";"80";"2446";
"1927";"99";"19620";
"1927";"100";"19621";
"1927";"101";"18517";
"1927";"102";"18521";
"1928";"1";"187";
"1928";"9";"29";
"1928";"48";"75";
"1928";"49";"6206";
"1928";"54";"177";
"1928";"80";"2446";
"1928";"99";"20139";
"1928";"100";"20140";
"1928";"101";"18517";
"1928";"102";"18521";
"1929";"9";"29";
"1929";"48";"76";
"1929";"54";"176";
"1929";"98";"2479";
"1929";"99";"65871";
"1929";"100";"65872";
"1929";"101";"18517";
"1929";"102";"18615";
"1929";"103";"18526";
"1930";"1";"141";
"1930";"9";"29";
"1930";"48";"74";
"1930";"49";"139";
"1930";"54";"176";
"1930";"99";"65835";
"1930";"100";"65836";
"1930";"101";"18517";
"1931";"1";"183";
"1931";"8";"25";
"1931";"9";"29";
"1931";"23";"60";
"1931";"48";"75";
"1931";"49";"117";
"1931";"54";"176";
"1931";"59";"2410";
"1931";"67";"2418";
"1931";"69";"2420";
"1931";"91";"2473";
"1931";"99";"66003";
"1931";"100";"66004";
"1931";"101";"18518";
"1931";"102";"18521";
"1932";"1";"127";
"1932";"9";"29";
"1932";"48";"75";
"1932";"49";"128";
"1932";"54";"176";
"1932";"80";"2441";
"1932";"99";"57669";
"1932";"100";"57670";
"1932";"101";"18517";
"1932";"102";"18521";
"1933";"1";"134";
"1933";"8";"25";
"1933";"9";"18669";
"1933";"10";"30";
"1933";"19";"52";
"1933";"48";"76";
"1933";"49";"115";
"1933";"54";"176";
"1933";"59";"2410";
"1933";"80";"2436";
"1933";"85";"2466";
"1933";"86";"2468";
"1933";"99";"54315";
"1933";"100";"54316";
"1933";"101";"18518";
"1933";"102";"18615";
"1933";"103";"18524";
"1933";"104";"19118";
"1934";"99";"59534";
"1935";"1";"12487";
"1935";"9";"18614";
"1935";"48";"76";
"1935";"49";"4318";
"1935";"54";"176";
"1935";"80";"2448";
"1935";"99";"67649";
"1935";"100";"67650";
"1935";"101";"18517";
"1935";"102";"18615";
"1935";"103";"18526";
"1936";"1";"141";
"1936";"9";"18614";
"1936";"18";"50";
"1936";"21";"56";
"1936";"32";"87";
"1936";"48";"76";
"1936";"54";"176";
"1936";"60";"2411";
"1936";"62";"2413";
"1936";"64";"2415";
"1936";"66";"2417";
"1936";"80";"2448";
"1936";"81";"2429";
"1936";"83";"2464";
"1936";"99";"19953";
"1936";"100";"19954";
"1936";"101";"18518";
"1936";"102";"18615";
"1936";"103";"18525";
"1937";"1";"183";
"1937";"8";"25";
"1937";"9";"18614";
"1937";"10";"30";
"1937";"13";"40";
"1937";"19";"52";
"1937";"48";"75";
"1937";"54";"177";
"1937";"59";"2410";
"1937";"66";"2417";
"1937";"67";"2418";
"1937";"76";"2424";
"1937";"80";"2448";
"1937";"81";"2429";
"1937";"85";"2466";
"1937";"95";"2476";
"1937";"96";"2478";
"1937";"99";"21874";
"1937";"100";"21875";
"1937";"101";"18518";
"1938";"1";"18861";
"1938";"8";"25";
"1938";"9";"18614";
"1938";"13";"40";
"1938";"19";"52";
"1938";"48";"75";
"1938";"49";"6206";
"1938";"54";"177";
"1938";"59";"2410";
"1938";"66";"2417";
"1938";"76";"2424";
"1938";"80";"2445";
"1938";"81";"2429";
"1938";"85";"2466";
"1938";"95";"2476";
"1938";"96";"2478";
"1938";"99";"19987";
"1938";"100";"19988";
"1938";"101";"18518";
"1938";"102";"18615";
"1939";"1";"18861";
"1939";"8";"25";
"1939";"9";"18614";
"1939";"13";"40";
"1939";"19";"52";
"1939";"48";"75";
"1939";"49";"6206";
"1939";"54";"177";
"1939";"59";"2410";
"1939";"76";"2424";
"1939";"80";"2445";
"1939";"81";"2429";
"1939";"85";"2466";
"1939";"95";"2476";
"1939";"96";"2478";
"1939";"99";"19993";
"1939";"100";"19994";
"1939";"101";"18518";
"1939";"102";"18532";
"1940";"1";"127";
"1940";"19";"52";
"1940";"48";"76";
"1940";"54";"179";
"1940";"59";"2410";
"1940";"67";"2418";
"1940";"95";"2476";
"1940";"99";"56580";
"1940";"100";"56581";
"1940";"101";"18518";
"1940";"102";"18521";
"1940";"103";"18525";
"1942";"100";"21532";
"1943";"1";"15";
"1943";"8";"25";
"1943";"9";"18669";
"1943";"11";"32";
"1943";"19";"52";
"1943";"48";"75";
"1943";"49";"18508";
"1943";"54";"177";
"1943";"59";"2410";
"1943";"80";"2443";
"1943";"85";"2466";
"1943";"99";"46907";
"1943";"100";"46908";
"1943";"101";"18518";
"1944";"1";"145";
"1944";"8";"26";
"1944";"9";"18669";
"1944";"11";"32";
"1944";"19";"52";
"1944";"48";"75";
"1944";"49";"18507";
"1944";"54";"178";
"1944";"59";"2410";
"1944";"76";"2424";
"1944";"80";"2443";
"1944";"85";"2466";
"1944";"99";"59320";
"1944";"100";"59321";
"1944";"101";"18517";
"1945";"1";"141";
"1945";"8";"25";
"1945";"9";"18669";
"1945";"48";"75";
"1945";"54";"178";
"1945";"80";"2448";
"1945";"99";"64743";
"1945";"100";"64744";
"1945";"101";"18518";
"1945";"102";"18615";
"1945";"103";"18524";
"1946";"1";"134";
"1946";"19";"52";
"1946";"48";"75";
"1946";"54";"177";
"1946";"59";"2410";
"1946";"66";"2417";
"1946";"80";"2451";
"1946";"81";"2429";
"1946";"95";"2476";
"1946";"99";"58689";
"1946";"100";"58690";
"1946";"101";"18517";
"1946";"103";"18525";
"1947";"99";"23256";
"1949";"1";"4279";
"1949";"9";"29";
"1949";"18";"50";
"1949";"19";"52";
"1949";"48";"74";
"1949";"49";"124";
"1949";"54";"177";
"1949";"59";"2410";
"1949";"60";"2411";
"1949";"85";"2466";
"1949";"86";"2468";
"1949";"99";"42553";
"1949";"100";"42554";
"1949";"101";"18517";
"1950";"1";"35859";
"1950";"8";"25";
"1950";"9";"18669";
"1950";"13";"40";
"1950";"18";"50";
"1950";"19";"52";
"1950";"21";"56";
"1950";"32";"87";
"1950";"48";"74";
"1950";"49";"139";
"1950";"54";"178";
"1950";"59";"2410";
"1950";"60";"2411";
"1950";"86";"2468";
"1950";"98";"2479";
"1950";"99";"54134";
"1950";"100";"54135";
"1950";"101";"18518";
"1950";"102";"18522";
"1951";"1";"4279";
"1951";"8";"25";
"1951";"48";"74";
"1951";"49";"124";
"1951";"54";"176";
"1951";"58";"2409";
"1951";"85";"2466";
"1951";"95";"2476";
"1951";"99";"22268";
"1951";"100";"22269";
"1951";"101";"18519";
"1951";"122";"19586";
"1953";"99";"23497";
"1954";"99";"23496";
"1955";"1";"187";
"1955";"8";"25";
"1955";"9";"18669";
"1955";"13";"40";
"1955";"19";"52";
"1955";"48";"75";
"1955";"49";"6206";
"1955";"54";"177";
"1955";"59";"2410";
"1955";"76";"2424";
"1955";"80";"2445";
"1955";"81";"2429";
"1955";"85";"2466";
"1955";"95";"2476";
"1955";"96";"2478";
"1955";"99";"33860";
"1955";"100";"33861";
"1955";"101";"18518";
"1955";"102";"18532";
"1956";"1";"142";
"1956";"8";"25";
"1956";"9";"18669";
"1956";"10";"30";
"1956";"18";"50";
"1956";"19";"52";
"1956";"32";"88";
"1956";"45";"98";
"1956";"46";"99";
"1956";"48";"75";
"1956";"49";"170";
"1956";"54";"176";
"1956";"74";"2427";
"1956";"83";"2464";
"1956";"85";"2466";
"1956";"88";"2469";
"1956";"91";"2473";
"1956";"99";"64771";
"1956";"100";"64772";
"1956";"101";"18517";
"1956";"102";"18532";
"1957";"1";"134";
"1957";"9";"18669";
"1957";"48";"74";
"1957";"49";"146";
"1957";"54";"177";
"1957";"80";"2448";
"1957";"99";"36927";
"1957";"100";"42656";
"1957";"101";"18518";
"1957";"102";"18615";
"1958";"1";"18668";
"1958";"8";"25";
"1958";"9";"18669";
"1958";"13";"40";
"1958";"14";"42";
"1958";"17";"48";
"1958";"19";"52";
"1958";"32";"87";
"1958";"48";"74";
"1958";"49";"6206";
"1958";"54";"176";
"1958";"59";"2410";
"1958";"66";"2417";
"1958";"80";"2437";
"1958";"95";"2476";
"1958";"99";"57097";
"1958";"100";"57098";
"1958";"101";"18517";
"1959";"1";"145";
"1959";"9";"18669";
"1959";"48";"74";
"1959";"49";"6206";
"1959";"54";"177";
"1959";"80";"2448";
"1959";"99";"39560";
"1959";"100";"42655";
"1959";"101";"18518";
"1959";"102";"18615";
"1959";"103";"18524";
"1960";"1";"187";
"1960";"9";"18669";
"1960";"48";"74";
"1960";"49";"146";
"1960";"54";"177";
"1960";"80";"2448";
"1960";"99";"39567";
"1960";"100";"42654";
"1961";"1";"125";
"1961";"9";"18669";
"1961";"13";"40";
"1961";"18";"50";
"1961";"32";"87";
"1961";"34";"90";
"1961";"48";"75";
"1961";"49";"124";
"1961";"54";"176";
"1961";"59";"2410";
"1961";"66";"2417";
"1961";"75";"2425";
"1961";"80";"2448";
"1961";"86";"2468";
"1961";"99";"38070";
"1961";"100";"38071";
"1961";"101";"18518";
"1961";"102";"18532";
"1964";"1";"187";
"1964";"9";"18614";
"1964";"48";"74";
"1964";"49";"133";
"1964";"54";"178";
"1964";"80";"2436";
"1964";"99";"54971";
"1964";"100";"54972";
"1964";"101";"18518";
"1964";"102";"18522";
"1964";"103";"18524";
"1965";"1";"187";
"1965";"9";"18614";
"1965";"48";"74";
"1965";"49";"133";
"1965";"54";"179";
"1965";"80";"2436";
"1965";"99";"55001";
"1965";"100";"55002";
"1965";"101";"18518";
"1965";"102";"18522";
"1965";"103";"18524";
"1969";"1";"125";
"1969";"9";"18669";
"1969";"48";"74";
"1969";"49";"117";
"1969";"54";"178";
"1969";"99";"56806";
"1969";"100";"56807";
"1969";"101";"18518";
"1969";"102";"22387";
"1969";"103";"22389";
"1969";"122";"19600";
"1970";"1";"145";
"1970";"9";"18669";
"1970";"48";"74";
"1970";"49";"133";
"1970";"54";"178";
"1970";"80";"2436";
"1970";"99";"55003";
"1970";"100";"55004";
"1970";"101";"18518";
"1970";"102";"18522";
"1970";"103";"18524";
"1971";"1";"145";
"1971";"9";"18669";
"1971";"48";"74";
"1971";"49";"133";
"1971";"54";"178";
"1971";"80";"2445";
"1971";"99";"54943";
"1971";"100";"54944";
"1971";"101";"18518";
"1971";"102";"18522";
"1971";"103";"18524";
"1972";"1";"130";
"1972";"9";"18669";
"1972";"48";"74";
"1972";"49";"133";
"1972";"54";"177";
"1972";"80";"2445";
"1972";"99";"54999";
"1972";"100";"55000";
"1972";"101";"18518";
"1972";"102";"18522";
"1972";"103";"18524";
"1973";"1";"130";
"1973";"9";"18669";
"1973";"48";"76";
"1973";"49";"146";
"1973";"54";"178";
"1973";"80";"2441";
"1973";"99";"28200";
"1973";"100";"42710";
"1973";"101";"18518";
"1973";"102";"18522";
"1973";"103";"22186";
"1976";"1";"123";
"1976";"9";"18669";
"1976";"48";"75";
"1976";"49";"139";
"1976";"54";"178";
"1976";"80";"2436";
"1976";"99";"58908";
"1976";"100";"58909";
"1976";"101";"22386";
"1976";"102";"22387";
"1976";"103";"18524";
"1977";"1";"125";
"1977";"9";"18614";
"1977";"13";"40";
"1977";"48";"76";
"1977";"49";"124";
"1977";"54";"178";
"1977";"59";"2410";
"1977";"66";"2417";
"1977";"75";"2425";
"1977";"77";"2430";
"1977";"80";"2443";
"1977";"86";"2468";
"1977";"99";"55794";
"1977";"100";"55795";
"1977";"101";"18518";
"1977";"102";"22387";
"1977";"103";"18524";
"1977";"123";"44500";
"1978";"1";"13122";
"1978";"9";"18614";
"1978";"48";"76";
"1978";"49";"128";
"1978";"54";"177";
"1978";"80";"2441";
"1978";"99";"28035";
"1978";"100";"42676";
"1978";"101";"18518";
"1978";"102";"22387";
"1978";"103";"18524";
"1978";"123";"44503";
"1979";"1";"125";
"1979";"9";"18614";
"1979";"48";"76";
"1979";"49";"124";
"1979";"54";"177";
"1979";"80";"2441";
"1979";"99";"59383";
"1979";"100";"59384";
"1979";"101";"18518";
"1979";"102";"22387";
"1979";"103";"18524";
"1979";"123";"44503";
"1980";"1";"134";
"1980";"9";"18614";
"1980";"48";"76";
"1980";"49";"117";
"1980";"54";"177";
"1980";"80";"2441";
"1980";"99";"33407";
"1980";"100";"33408";
"1980";"101";"18518";
"1980";"102";"22387";
"1980";"103";"18524";
"1980";"123";"44503";
"1981";"1";"125";
"1981";"9";"18614";
"1981";"48";"76";
"1981";"49";"13125";
"1981";"54";"177";
"1981";"80";"2441";
"1981";"99";"65991";
"1981";"100";"65992";
"1981";"101";"18518";
"1981";"102";"22387";
"1981";"103";"18524";
"1981";"123";"44503";
"1982";"1";"134";
"1982";"9";"18614";
"1982";"48";"76";
"1982";"49";"117";
"1982";"54";"177";
"1982";"80";"2441";
"1982";"99";"67059";
"1982";"100";"67060";
"1982";"101";"18518";
"1982";"102";"22387";
"1982";"103";"18524";
"1982";"123";"44503";
"1983";"1";"145";
"1983";"9";"18614";
"1983";"48";"76";
"1983";"49";"146";
"1983";"54";"177";
"1983";"80";"2441";
"1983";"99";"44736";
"1983";"100";"44737";
"1983";"101";"18518";
"1983";"102";"22387";
"1983";"103";"18524";
"1983";"123";"44503";
"1984";"1";"123";
"1984";"9";"18614";
"1984";"48";"76";
"1984";"49";"139";
"1984";"54";"177";
"1984";"80";"2441";
"1984";"99";"55408";
"1984";"100";"55409";
"1984";"101";"18518";
"1984";"102";"22387";
"1984";"103";"18524";
"1984";"123";"44503";
"1985";"1";"134";
"1985";"9";"18614";
"1985";"48";"76";
"1985";"49";"117";
"1985";"54";"178";
"1985";"80";"2446";
"1985";"99";"54913";
"1985";"100";"54914";
"1985";"101";"22388";
"1985";"102";"22387";
"1985";"103";"22389";
"1985";"123";"44504";
"1986";"1";"174";
"1986";"9";"18669";
"1986";"49";"146";
"1986";"54";"176";
"1986";"80";"2436";
"1986";"99";"63193";
"1986";"100";"63194";
"1986";"101";"18519";
"1986";"102";"18615";
"1986";"103";"18524";
"1987";"1";"125";
"1987";"9";"18669";
"1987";"48";"76";
"1987";"49";"124";
"1987";"54";"176";
"1987";"80";"2446";
"1987";"99";"47068";
"1987";"100";"47069";
"1987";"101";"18518";
"1987";"102";"18532";
"1987";"103";"18527";
"1988";"1";"125";
"1988";"9";"18669";
"1988";"48";"76";
"1988";"49";"124";
"1988";"54";"176";
"1988";"80";"2446";
"1988";"99";"47186";
"1988";"100";"47187";
"1988";"101";"18518";
"1988";"102";"18532";
"1988";"103";"18527";
"1989";"1";"125";
"1989";"9";"18669";
"1989";"48";"74";
"1989";"49";"124";
"1989";"54";"178";
"1989";"80";"2448";
"1989";"99";"37702";
"1989";"100";"37703";
"1989";"101";"18518";
"1989";"102";"22387";
"1989";"103";"18524";
"1990";"1";"145";
"1990";"9";"18669";
"1990";"48";"74";
"1990";"49";"146";
"1990";"54";"178";
"1990";"80";"2448";
"1990";"99";"59811";
"1990";"100";"59812";
"1990";"101";"18518";
"1990";"102";"22387";
"1990";"103";"18524";
"1991";"1";"145";
"1991";"9";"18669";
"1991";"48";"74";
"1991";"49";"146";
"1991";"54";"177";
"1991";"80";"2448";
"1991";"99";"24561";
"1991";"100";"24562";
"1991";"101";"18518";
"1991";"102";"22387";
"1991";"103";"18524";
"1992";"1";"145";
"1992";"9";"18669";
"1992";"48";"74";
"1992";"49";"146";
"1992";"54";"178";
"1992";"80";"2448";
"1992";"99";"27233";
"1992";"100";"27234";
"1992";"101";"22390";
"1992";"102";"22387";
"1992";"103";"18524";
"1994";"1";"125";
"1994";"9";"18669";
"1994";"48";"75";
"1994";"49";"124";
"1994";"54";"178";
"1994";"80";"2448";
"1994";"99";"51322";
"1994";"100";"51323";
"1994";"101";"18518";
"1994";"102";"18532";
"1994";"103";"18527";
"1995";"1";"145";
"1995";"9";"18669";
"1995";"48";"75";
"1995";"49";"146";
"1995";"54";"176";
"1995";"80";"2450";
"1995";"99";"32592";
"1995";"100";"32593";
"1995";"101";"18518";
"1995";"102";"18532";
"1995";"103";"18527";
"1996";"1";"132";
"1996";"9";"18669";
"1996";"48";"75";
"1996";"49";"133";
"1996";"54";"176";
"1996";"80";"2446";
"1996";"99";"57319";
"1996";"100";"57320";
"1996";"101";"18518";
"1996";"102";"18532";
"1996";"103";"18527";
"1997";"1";"145";
"1997";"9";"18669";
"1997";"48";"75";
"1997";"49";"146";
"1997";"54";"176";
"1997";"80";"2446";
"1997";"99";"56550";
"1997";"100";"56551";
"1997";"101";"18518";
"1997";"102";"18532";
"1997";"103";"18527";
"1998";"1";"187";
"1998";"9";"18669";
"1998";"48";"74";
"1998";"49";"133";
"1998";"54";"176";
"1998";"80";"2446";
"1998";"99";"46035";
"1998";"100";"46036";
"1998";"101";"18518";
"1998";"102";"18532";
"1998";"103";"18527";
"1999";"1";"134";
"1999";"9";"18669";
"1999";"48";"76";
"1999";"49";"124";
"1999";"54";"178";
"1999";"80";"2446";
"1999";"99";"38924";
"1999";"100";"42739";
"1999";"101";"18518";
"1999";"102";"18532";
"1999";"103";"18527";
"2000";"1";"132";
"2000";"9";"18669";
"2000";"48";"75";
"2000";"49";"13125";
"2000";"54";"177";
"2000";"80";"2446";
"2000";"99";"43093";
"2000";"100";"43094";
"2000";"101";"18518";
"2000";"102";"18532";
"2000";"103";"18527";
"2001";"1";"130";
"2001";"9";"18669";
"2001";"48";"75";
"2001";"49";"13125";
"2001";"54";"177";
"2001";"80";"2446";
"2001";"99";"38167";
"2001";"100";"38168";
"2001";"101";"18518";
"2001";"102";"18532";
"2001";"103";"18527";
"2003";"1";"134";
"2003";"9";"18614";
"2003";"48";"74";
"2003";"49";"117";
"2003";"54";"178";
"2003";"80";"2445";
"2003";"99";"38123";
"2003";"100";"42748";
"2003";"101";"18518";
"2003";"102";"18532";
"2004";"1";"13122";
"2004";"9";"18614";
"2004";"48";"76";
"2004";"49";"117";
"2004";"54";"177";
"2004";"80";"2441";
"2004";"99";"40271";
"2004";"100";"42678";
"2004";"101";"18518";
"2004";"102";"22387";
"2004";"103";"18524";
"2004";"123";"44503";
"2005";"1";"125";
"2005";"9";"18669";
"2005";"48";"74";
"2005";"49";"133";
"2005";"54";"178";
"2005";"99";"28097";
"2005";"100";"42740";
"2005";"101";"18518";
"2005";"102";"22387";
"2005";"103";"22389";
"2007";"1";"130";
"2007";"9";"18669";
"2007";"48";"75";
"2007";"49";"18507";
"2007";"54";"177";
"2007";"80";"2445";
"2007";"99";"57047";
"2007";"100";"57048";
"2007";"101";"18517";
"2007";"102";"22387";
"2007";"103";"22389";
"2008";"1";"121";
"2008";"9";"18669";
"2008";"48";"74";
"2008";"54";"177";
"2008";"80";"2448";
"2008";"99";"49228";
"2008";"100";"49229";
"2008";"101";"18518";
"2009";"1";"4279";
"2009";"9";"18669";
"2009";"48";"75";
"2009";"49";"4318";
"2009";"54";"177";
"2009";"80";"2458";
"2009";"99";"46031";
"2009";"100";"46032";
"2009";"101";"18517";
"2009";"102";"22387";
"2009";"103";"22391";
"2010";"1";"125";
"2010";"9";"18669";
"2010";"48";"75";
"2010";"49";"124";
"2010";"54";"176";
"2010";"80";"2448";
"2010";"99";"65931";
"2010";"100";"65932";
"2010";"101";"18518";
"2010";"102";"18532";
"2010";"103";"18527";
"2011";"1";"12487";
"2011";"9";"18669";
"2011";"48";"76";
"2011";"54";"178";
"2011";"80";"2446";
"2011";"99";"58627";
"2011";"100";"58628";
"2011";"101";"18518";
"2011";"102";"18532";
"2011";"103";"22389";
"2012";"1";"136";
"2012";"9";"18669";
"2012";"48";"75";
"2012";"49";"124";
"2012";"54";"177";
"2012";"80";"2445";
"2012";"99";"66301";
"2012";"100";"66302";
"2012";"101";"22390";
"2012";"102";"22387";
"2012";"103";"22392";
"2014";"1";"130";
"2014";"9";"18669";
"2014";"48";"74";
"2014";"49";"13125";
"2014";"54";"177";
"2014";"80";"2445";
"2014";"99";"38350";
"2014";"100";"42653";
"2014";"101";"18518";
"2014";"102";"22387";
"2014";"103";"22393";
"2018";"1";"134";
"2018";"9";"18669";
"2018";"48";"76";
"2018";"49";"133";
"2018";"54";"178";
"2018";"80";"2441";
"2018";"99";"45272";
"2018";"100";"45273";
"2018";"101";"18518";
"2018";"102";"18522";
"2018";"103";"22186";
"2019";"1";"132";
"2019";"9";"18669";
"2019";"48";"76";
"2019";"49";"133";
"2019";"54";"178";
"2019";"80";"2441";
"2019";"99";"28935";
"2019";"100";"42715";
"2019";"101";"18518";
"2019";"102";"22387";
"2019";"103";"22389";
"2020";"1";"130";
"2020";"9";"18669";
"2020";"48";"76";
"2020";"49";"146";
"2020";"54";"177";
"2020";"80";"2441";
"2020";"99";"45240";
"2020";"100";"45241";
"2020";"101";"18518";
"2020";"102";"18522";
"2020";"103";"22186";
"2021";"1";"13122";
"2021";"9";"18669";
"2021";"48";"76";
"2021";"49";"146";
"2021";"54";"178";
"2021";"80";"2441";
"2021";"99";"33075";
"2021";"100";"42713";
"2021";"101";"18518";
"2021";"102";"18522";
"2021";"103";"22186";
"2022";"1";"123";
"2022";"9";"18669";
"2022";"48";"74";
"2022";"49";"117";
"2022";"54";"178";
"2022";"80";"2441";
"2022";"99";"45248";
"2022";"100";"45249";
"2022";"101";"22386";
"2022";"102";"18522";
"2022";"103";"22389";
"2023";"1";"134";
"2023";"9";"18669";
"2023";"48";"76";
"2023";"49";"133";
"2023";"54";"178";
"2023";"80";"2441";
"2023";"99";"33344";
"2023";"100";"42708";
"2023";"101";"22390";
"2023";"102";"18522";
"2023";"103";"22186";
"2024";"1";"134";
"2024";"9";"18669";
"2024";"48";"76";
"2024";"49";"146";
"2024";"54";"178";
"2024";"80";"2441";
"2024";"99";"28067";
"2024";"100";"42711";
"2024";"101";"18518";
"2024";"102";"22387";
"2024";"103";"22186";
"2025";"1";"127";
"2025";"9";"18669";
"2025";"48";"76";
"2025";"49";"128";
"2025";"54";"178";
"2025";"80";"2441";
"2025";"99";"50160";
"2025";"100";"50161";
"2025";"101";"18518";
"2025";"102";"22387";
"2025";"103";"22186";
"2026";"1";"130";
"2026";"9";"18669";
"2026";"48";"76";
"2026";"49";"128";
"2026";"54";"177";
"2026";"80";"2441";
"2026";"99";"28072";
"2026";"100";"42716";
"2026";"101";"18518";
"2026";"102";"22387";
"2027";"1";"137";
"2027";"48";"76";
"2027";"49";"117";
"2027";"54";"177";
"2027";"80";"2441";
"2027";"99";"33069";
"2027";"100";"42712";
"2027";"101";"18518";
"2027";"102";"18522";
"2028";"1";"13122";
"2028";"9";"18669";
"2028";"48";"74";
"2028";"49";"117";
"2028";"54";"177";
"2028";"99";"63482";
"2028";"100";"63483";
"2028";"101";"18518";
"2028";"102";"18522";
"2028";"103";"22389";
"2029";"1";"145";
"2029";"9";"18669";
"2029";"48";"75";
"2029";"54";"176";
"2029";"80";"2450";
"2029";"99";"57035";
"2029";"100";"57036";
"2029";"101";"18518";
"2029";"102";"18522";
"2030";"1";"141";
"2030";"9";"18669";
"2030";"48";"76";
"2030";"49";"4318";
"2030";"54";"178";
"2030";"80";"2448";
"2030";"99";"61734";
"2030";"100";"61735";
"2030";"101";"22390";
"2030";"102";"18522";
"2030";"103";"22391";
"2031";"1";"137";
"2031";"9";"18669";
"2031";"48";"76";
"2031";"54";"177";
"2031";"80";"2433";
"2031";"99";"61732";
"2031";"100";"61733";
"2031";"101";"18518";
"2031";"102";"18522";
"2031";"103";"22391";
"2032";"1";"141";
"2032";"9";"18669";
"2032";"48";"76";
"2032";"54";"177";
"2032";"80";"2439";
"2032";"99";"67109";
"2032";"100";"67110";
"2032";"101";"18518";
"2032";"102";"18522";
"2032";"103";"22391";
"2033";"1";"135";
"2033";"9";"18669";
"2033";"48";"75";
"2033";"49";"133";
"2033";"54";"177";
"2033";"99";"27253";
"2033";"100";"27254";
"2033";"101";"18518";
"2033";"102";"18522";
"2033";"103";"18525";
"2034";"1";"184";
"2034";"9";"18669";
"2034";"48";"75";
"2034";"49";"4318";
"2034";"54";"177";
"2034";"80";"2445";
"2034";"99";"60839";
"2034";"100";"60840";
"2034";"101";"22386";
"2034";"102";"18532";
"2034";"103";"18527";
"2036";"1";"135";
"2036";"9";"18669";
"2036";"48";"76";
"2036";"49";"143";
"2036";"54";"176";
"2036";"80";"2445";
"2036";"99";"47811";
"2036";"100";"47812";
"2036";"101";"18517";
"2036";"102";"22387";
"2036";"103";"22391";
"2037";"1";"134";
"2037";"9";"18669";
"2037";"13";"40";
"2037";"18";"50";
"2037";"48";"74";
"2037";"49";"117";
"2037";"54";"176";
"2037";"59";"2410";
"2037";"66";"2417";
"2037";"80";"2448";
"2037";"99";"55426";
"2037";"100";"55427";
"2037";"101";"18517";
"2037";"102";"18532";
"2037";"104";"19118";
"2038";"9";"18669";
"2038";"48";"75";
"2038";"49";"13280";
"2038";"54";"176";
"2038";"80";"2446";
"2038";"99";"65843";
"2038";"100";"65844";
"2038";"101";"18517";
"2039";"1";"130";
"2039";"9";"18614";
"2039";"48";"76";
"2039";"49";"128";
"2039";"54";"178";
"2039";"80";"2441";
"2039";"99";"47599";
"2039";"100";"47600";
"2039";"101";"18517";
"2039";"102";"22387";
"2040";"1";"123";
"2040";"9";"18669";
"2040";"48";"74";
"2040";"49";"6081";
"2040";"54";"177";
"2040";"99";"47180";
"2040";"100";"47181";
"2040";"101";"22386";
"2040";"102";"22451";
"2040";"103";"22389";
"2041";"1";"145";
"2041";"9";"18669";
"2041";"48";"75";
"2041";"49";"146";
"2041";"54";"178";
"2041";"80";"2446";
"2041";"99";"38259";
"2041";"100";"42692";
"2041";"101";"22386";
"2041";"102";"22387";
"2041";"103";"22389";
"2042";"9";"18669";
"2042";"48";"76";
"2042";"80";"2446";
"2042";"99";"30054";
"2042";"100";"42722";
"2042";"101";"18517";
"2042";"102";"22451";
"2042";"103";"22391";
"2043";"1";"187";
"2043";"9";"18669";
"2043";"48";"74";
"2043";"49";"6206";
"2043";"54";"178";
"2043";"80";"2458";
"2043";"99";"47066";
"2043";"100";"47067";
"2043";"101";"22388";
"2043";"102";"22387";
"2044";"1";"145";
"2044";"9";"18669";
"2044";"48";"75";
"2044";"49";"146";
"2044";"80";"2441";
"2044";"99";"28005";
"2044";"100";"42645";
"2044";"101";"22386";
"2044";"102";"22387";
"2045";"1";"125";
"2045";"9";"18669";
"2045";"48";"76";
"2045";"49";"117";
"2045";"54";"176";
"2045";"80";"2448";
"2045";"99";"54881";
"2045";"100";"54882";
"2045";"101";"22386";
"2045";"102";"22387";
"2046";"1";"4279";
"2046";"8";"25";
"2046";"9";"27";
"2046";"10";"30";
"2046";"47";"77";
"2046";"48";"76";
"2046";"54";"176";
"2046";"57";"2408";
"2046";"66";"2417";
"2046";"80";"2443";
"2046";"81";"2429";
"2046";"85";"2466";
"2046";"99";"40988";
"2046";"100";"40989";
"2047";"1";"125";
"2047";"8";"25";
"2047";"9";"28";
"2047";"10";"30";
"2047";"13";"40";
"2047";"14";"42";
"2047";"16";"46";
"2047";"17";"48";
"2047";"18";"50";
"2047";"21";"56";
"2047";"39";"79";
"2047";"47";"77";
"2047";"48";"75";
"2047";"49";"124";
"2047";"54";"177";
"2047";"59";"2410";
"2047";"66";"2417";
"2047";"75";"2425";
"2047";"80";"2439";
"2047";"81";"2429";
"2047";"85";"2466";
"2047";"89";"2471";
"2047";"98";"2479";
"2047";"99";"66949";
"2047";"100";"66950";
"2048";"1";"125";
"2048";"8";"25";
"2048";"9";"28";
"2048";"10";"30";
"2048";"13";"40";
"2048";"14";"42";
"2048";"16";"46";
"2048";"17";"48";
"2048";"18";"50";
"2048";"21";"56";
"2048";"39";"79";
"2048";"47";"77";
"2048";"48";"75";
"2048";"49";"124";
"2048";"54";"177";
"2048";"59";"2410";
"2048";"66";"2417";
"2048";"75";"2425";
"2048";"80";"2439";
"2048";"81";"2429";
"2048";"85";"2466";
"2048";"89";"2471";
"2048";"98";"2479";
"2048";"99";"57021";
"2048";"100";"57022";
"2049";"1";"123";
"2049";"8";"26";
"2049";"9";"27";
"2049";"18";"50";
"2049";"48";"75";
"2049";"49";"139";
"2049";"54";"177";
"2049";"78";"2432";
"2049";"80";"2436";
"2049";"81";"2429";
"2049";"85";"2466";
"2049";"89";"2471";
"2049";"98";"2479";
"2049";"99";"64929";
"2049";"100";"64930";
"2049";"101";"18518";
"2050";"1";"132";
"2050";"8";"25";
"2050";"13";"40";
"2050";"18";"50";
"2050";"48";"75";
"2050";"49";"133";
"2050";"54";"177";
"2050";"59";"2410";
"2050";"66";"2417";
"2050";"77";"2430";
"2050";"78";"2432";
"2050";"80";"2436";
"2050";"81";"2429";
"2050";"98";"2479";
"2050";"99";"61672";
"2050";"100";"61673";
"2051";"1";"132";
"2051";"8";"25";
"2051";"13";"40";
"2051";"18";"50";
"2051";"48";"75";
"2051";"49";"133";
"2051";"54";"177";
"2051";"59";"2410";
"2051";"66";"2417";
"2051";"77";"2430";
"2051";"78";"2432";
"2051";"80";"2436";
"2051";"81";"2429";
"2051";"98";"2479";
"2051";"99";"31678";
"2051";"100";"31679";
"2052";"1";"116";
"2052";"54";"176";
"2052";"60";"2411";
"2052";"99";"24357";
"2052";"100";"24358";
"2052";"102";"18532";
"2052";"103";"18527";
"2053";"99";"32586";
"2053";"100";"32587";
"2054";"99";"65595";
"2054";"100";"65596";
"2055";"1";"6026";
"2055";"99";"48550";
"2055";"100";"48551";
"2056";"1";"145";
"2056";"9";"18669";
"2056";"48";"75";
"2056";"49";"18506";
"2056";"54";"176";
"2056";"99";"24920";
"2056";"100";"24921";
"2056";"101";"18517";
"2056";"102";"18522";
"2057";"1";"183";
"2057";"8";"25";
"2057";"9";"29";
"2057";"48";"74";
"2057";"49";"13125";
"2057";"54";"177";
"2057";"58";"2409";
"2057";"85";"2466";
"2057";"91";"2473";
"2057";"99";"66023";
"2057";"100";"66024";
"2057";"101";"22390";
"2057";"102";"18521";
"2057";"103";"22393";
"2057";"122";"19597";
"2058";"99";"44070";
"2058";"100";"44071";
"2059";"99";"63434";
"2059";"100";"63435";
"2060";"99";"28062";
"2060";"100";"42706";
"2061";"99";"31915";
"2061";"100";"42705";
"2062";"1";"127";
"2062";"49";"23699";
"2062";"54";"178";
"2062";"80";"2456";
"2062";"99";"43482";
"2062";"100";"43483";
"2062";"101";"22386";
"2062";"102";"18522";
"2062";"103";"18524";
"2063";"8";"25";
"2063";"19";"52";
"2063";"32";"88";
"2063";"36";"92";
"2063";"48";"74";
"2063";"58";"2409";
"2063";"67";"2418";
"2063";"91";"2473";
"2063";"98";"2479";
"2063";"99";"31458";
"2063";"100";"31459";
"2064";"1";"125";
"2064";"8";"25";
"2064";"19";"52";
"2064";"32";"88";
"2064";"36";"92";
"2064";"48";"74";
"2064";"54";"178";
"2064";"58";"2409";
"2064";"67";"2418";
"2064";"91";"2473";
"2064";"98";"2479";
"2064";"99";"65971";
"2064";"100";"65972";
"2064";"101";"18518";
"2064";"102";"18522";
"2065";"8";"25";
"2065";"19";"52";
"2065";"32";"88";
"2065";"36";"92";
"2065";"48";"74";
"2065";"58";"2409";
"2065";"67";"2418";
"2065";"91";"2473";
"2065";"98";"2479";
"2065";"99";"65987";
"2065";"100";"65988";
"2066";"1";"185";
"2066";"32";"88";
"2066";"54";"177";
"2066";"91";"2473";
"2066";"98";"2479";
"2066";"99";"43470";
"2066";"100";"43471";
"2067";"32";"88";
"2067";"54";"177";
"2067";"91";"2473";
"2067";"98";"2479";
"2067";"99";"53883";
"2067";"100";"53884";
"2068";"1";"145";
"2068";"32";"87";
"2068";"49";"146";
"2068";"54";"178";
"2068";"59";"2410";
"2068";"85";"2466";
"2068";"91";"2473";
"2068";"95";"2476";
"2068";"98";"2479";
"2068";"99";"45182";
"2068";"100";"45183";
"2068";"101";"18518";
"2068";"102";"18522";
"2069";"1";"137";
"2069";"13";"40";
"2069";"32";"87";
"2069";"49";"133";
"2069";"54";"177";
"2069";"59";"2410";
"2069";"66";"2417";
"2069";"80";"2436";
"2069";"86";"2468";
"2069";"99";"66445";
"2069";"100";"66446";
"2069";"101";"18518";
"2070";"9";"27";
"2070";"10";"30";
"2070";"11";"32";
"2070";"13";"40";
"2070";"18";"50";
"2070";"39";"79";
"2070";"54";"176";
"2070";"59";"2410";
"2070";"60";"2411";
"2070";"66";"2417";
"2070";"74";"2427";
"2070";"75";"2425";
"2070";"81";"2429";
"2070";"85";"2466";
"2070";"88";"2469";
"2070";"99";"45122";
"2070";"100";"45123";
"2071";"8";"25";
"2071";"54";"176";
"2071";"58";"2409";
"2071";"95";"2476";
"2071";"99";"31943";
"2071";"100";"31944";
"2071";"101";"18519";
"2072";"1";"123";
"2072";"8";"25";
"2072";"49";"23699";
"2072";"54";"178";
"2072";"58";"2409";
"2072";"95";"2476";
"2072";"99";"53541";
"2072";"100";"53542";
"2072";"101";"18519";
"2072";"102";"18522";
"2073";"8";"25";
"2073";"54";"176";
"2073";"58";"2409";
"2073";"95";"2476";
"2073";"99";"22786";
"2073";"100";"22787";
"2073";"101";"18519";
"2074";"18";"50";
"2074";"54";"177";
"2074";"59";"2410";
"2074";"66";"2417";
"2074";"75";"2425";
"2074";"99";"23660";
"2074";"100";"23661";
"2074";"101";"18517";
"2074";"102";"22387";
"2074";"103";"22391";
"2075";"57";"2408";
"2075";"66";"2417";
"2075";"99";"22800";
"2075";"100";"22801";
"2076";"8";"25";
"2076";"13";"40";
"2076";"19";"52";
"2076";"21";"56";
"2076";"32";"87";
"2076";"39";"79";
"2076";"59";"2410";
"2076";"66";"2417";
"2076";"77";"2430";
"2076";"81";"2429";
"2076";"86";"2468";
"2076";"99";"22808";
"2076";"100";"22809";
"2077";"8";"25";
"2077";"13";"40";
"2077";"19";"52";
"2077";"21";"56";
"2077";"32";"87";
"2077";"39";"79";
"2077";"59";"2410";
"2077";"66";"2417";
"2077";"77";"2430";
"2077";"81";"2429";
"2077";"86";"2468";
"2077";"99";"22818";
"2077";"100";"22819";
"2078";"8";"25";
"2078";"13";"40";
"2078";"19";"52";
"2078";"21";"56";
"2078";"32";"87";
"2078";"39";"79";
"2078";"59";"2410";
"2078";"66";"2417";
"2078";"77";"2430";
"2078";"81";"2429";
"2078";"86";"2468";
"2078";"99";"22826";
"2078";"100";"22827";
"2097";"1";"187";
"2097";"8";"25";
"2097";"10";"30";
"2097";"13";"40";
"2097";"17";"48";
"2097";"19";"52";
"2097";"23";"60";
"2097";"39";"79";
"2097";"47";"77";
"2097";"49";"6206";
"2097";"54";"177";
"2097";"80";"23075";
"2097";"89";"2471";
"2097";"99";"40892";
"2097";"100";"40893";
"2097";"101";"18518";
"2097";"102";"18522";
"2097";"103";"22389";
"2098";"1";"187";
"2098";"8";"25";
"2098";"10";"30";
"2098";"13";"40";
"2098";"17";"48";
"2098";"19";"52";
"2098";"23";"60";
"2098";"39";"79";
"2098";"47";"77";
"2098";"54";"177";
"2098";"80";"23075";
"2098";"89";"2471";
"2098";"99";"43216";
"2098";"100";"43217";
"2098";"101";"18518";
"2098";"103";"22393";
"2099";"60";"2411";
"2099";"99";"22870";
"2099";"100";"22871";
"2102";"1";"140";
"2102";"54";"178";
"2102";"60";"2411";
"2102";"99";"36883";
"2102";"100";"36884";
"2103";"1";"140";
"2103";"54";"178";
"2103";"60";"2411";
"2103";"99";"22900";
"2103";"100";"22901";
"2104";"1";"13122";
"2104";"9";"18614";
"2104";"10";"30";
"2104";"19";"52";
"2104";"48";"75";
"2104";"49";"13125";
"2104";"54";"178";
"2104";"59";"2410";
"2104";"61";"2412";
"2104";"66";"2417";
"2104";"77";"2430";
"2104";"80";"2433";
"2104";"81";"2429";
"2104";"86";"2468";
"2104";"87";"2467";
"2104";"89";"2471";
"2104";"91";"2473";
"2104";"95";"2476";
"2104";"99";"64939";
"2104";"100";"64940";
"2104";"101";"18519";
"2104";"102";"18522";
"2104";"103";"18524";
"2105";"1";"134";
"2105";"9";"18614";
"2105";"10";"30";
"2105";"19";"52";
"2105";"48";"75";
"2105";"49";"117";
"2105";"54";"177";
"2105";"59";"2410";
"2105";"61";"2412";
"2105";"66";"2417";
"2105";"77";"2430";
"2105";"80";"2433";
"2105";"81";"2429";
"2105";"86";"2468";
"2105";"87";"2467";
"2105";"89";"2471";
"2105";"91";"2473";
"2105";"95";"2476";
"2105";"99";"63310";
"2105";"100";"63311";
"2105";"101";"18519";
"2105";"102";"18522";
"2105";"103";"18524";
"2106";"60";"2411";
"2106";"99";"28279";
"2106";"100";"28280";
"2107";"1";"125";
"2107";"9";"18614";
"2107";"10";"30";
"2107";"19";"52";
"2107";"48";"75";
"2107";"49";"124";
"2107";"54";"178";
"2107";"59";"2410";
"2107";"61";"2412";
"2107";"66";"2417";
"2107";"77";"2430";
"2107";"80";"2437";
"2107";"81";"2429";
"2107";"86";"2468";
"2107";"87";"2467";
"2107";"89";"2471";
"2107";"91";"2473";
"2107";"95";"2476";
"2107";"99";"61812";
"2107";"100";"61813";
"2107";"101";"18519";
"2107";"102";"18522";
"2107";"103";"18524";
"2108";"1";"123";
"2108";"10";"30";
"2108";"14";"42";
"2108";"19";"52";
"2108";"48";"75";
"2108";"54";"178";
"2108";"59";"2410";
"2108";"66";"2417";
"2108";"83";"2464";
"2108";"86";"2468";
"2108";"95";"2476";
"2108";"99";"46231";
"2108";"100";"46232";
"2108";"101";"18518";
"2108";"103";"18527";
"2109";"60";"2411";
"2109";"99";"28295";
"2109";"100";"28296";
"2110";"60";"2411";
"2110";"99";"23019";
"2110";"100";"23020";
"2111";"86";"2468";
"2111";"95";"2476";
"2111";"99";"23025";
"2111";"100";"23026";
"2112";"1";"185";
"2112";"8";"26";
"2112";"54";"179";
"2112";"91";"2473";
"2112";"99";"63282";
"2112";"100";"63283";
"2112";"101";"18518";
"2113";"1";"123";
"2113";"13";"40";
"2113";"14";"42";
"2113";"17";"48";
"2113";"19";"52";
"2113";"46";"99";
"2113";"49";"124";
"2113";"54";"179";
"2113";"59";"2410";
"2113";"66";"2417";
"2113";"80";"2453";
"2113";"81";"2429";
"2113";"99";"54157";
"2113";"100";"54158";
"2113";"101";"18518";
"2113";"102";"18522";
"2114";"13";"40";
"2114";"14";"42";
"2114";"17";"48";
"2114";"19";"52";
"2114";"46";"99";
"2114";"59";"2410";
"2114";"66";"2417";
"2114";"81";"2429";
"2114";"99";"23067";
"2114";"100";"23068";
"2114";"101";"18518";
"2115";"1";"23076";
"2115";"49";"13125";
"2115";"54";"179";
"2115";"59";"2410";
"2115";"66";"2417";
"2115";"80";"23075";
"2115";"84";"2463";
"2115";"99";"67827";
"2115";"100";"67828";
"2115";"101";"18517";
"2115";"102";"22387";
"2115";"103";"22392";
"2116";"59";"2410";
"2116";"66";"2417";
"2116";"99";"42639";
"2116";"100";"42640";
"2116";"101";"18517";
"2116";"102";"22387";
"2116";"103";"22392";
"2117";"9";"18614";
"2117";"19";"52";
"2117";"54";"178";
"2117";"59";"2410";
"2117";"66";"2417";
"2117";"77";"2430";
"2117";"80";"2443";
"2117";"86";"2468";
"2117";"99";"23099";
"2117";"100";"23100";
"2117";"101";"22388";
"2117";"123";"44502";
"2118";"1";"123";
"2118";"49";"124";
"2118";"54";"177";
"2118";"59";"2410";
"2118";"66";"2417";
"2118";"80";"2446";
"2118";"99";"67565";
"2118";"100";"67566";
"2118";"101";"18517";
"2118";"102";"18522";
"2119";"99";"54363";
"2119";"100";"54364";
"2120";"99";"65779";
"2120";"100";"65780";
"2121";"99";"28267";
"2121";"100";"28268";
"2122";"1";"187";
"2122";"9";"18614";
"2122";"49";"6206";
"2122";"54";"177";
"2122";"56";"2407";
"2122";"69";"2420";
"2122";"77";"2430";
"2122";"80";"2444";
"2122";"81";"2429";
"2122";"99";"59270";
"2122";"100";"59271";
"2122";"101";"22388";
"2122";"102";"18615";
"2123";"1";"187";
"2123";"9";"18614";
"2123";"49";"6206";
"2123";"54";"177";
"2123";"56";"2407";
"2123";"69";"2420";
"2123";"77";"2430";
"2123";"80";"2444";
"2123";"81";"2429";
"2123";"99";"59276";
"2123";"100";"59277";
"2123";"101";"22388";
"2123";"102";"18615";
"2124";"1";"187";
"2124";"9";"18614";
"2124";"49";"6206";
"2124";"54";"177";
"2124";"56";"2407";
"2124";"69";"2420";
"2124";"77";"2430";
"2124";"80";"2444";
"2124";"81";"2429";
"2124";"99";"59278";
"2124";"100";"59279";
"2124";"101";"22388";
"2124";"102";"18615";
"2125";"1";"2001";
"2125";"9";"18614";
"2125";"19";"52";
"2125";"49";"23699";
"2125";"54";"176";
"2125";"56";"2407";
"2125";"69";"2420";
"2125";"76";"2424";
"2125";"77";"2430";
"2125";"81";"2429";
"2125";"99";"68103";
"2125";"100";"68104";
"2125";"101";"22388";
"2125";"102";"18522";
"2126";"1";"187";
"2126";"9";"18614";
"2126";"54";"177";
"2126";"56";"2407";
"2126";"69";"2420";
"2126";"77";"2430";
"2126";"80";"2446";
"2126";"81";"2429";
"2126";"99";"59280";
"2126";"100";"59281";
"2126";"101";"18519";
"2127";"1";"187";
"2127";"9";"18614";
"2127";"56";"2407";
"2127";"69";"2420";
"2127";"77";"2430";
"2127";"80";"2444";
"2127";"81";"2429";
"2127";"99";"59274";
"2127";"100";"59275";
"2127";"101";"22388";
"2127";"102";"18615";
"2128";"1";"187";
"2128";"49";"133";
"2128";"54";"176";
"2128";"56";"2407";
"2128";"69";"2420";
"2128";"81";"2429";
"2128";"99";"66635";
"2128";"100";"66636";
"2129";"1";"187";
"2129";"49";"6206";
"2129";"54";"176";
"2129";"69";"2420";
"2129";"80";"2438";
"2129";"99";"30588";
"2129";"100";"30589";
"2130";"99";"54523";
"2131";"57";"2408";
"2131";"99";"25117";
"2131";"100";"25118";
"2132";"57";"2408";
"2132";"99";"25127";
"2132";"100";"25128";
"2133";"57";"2408";
"2133";"99";"25131";
"2133";"100";"25132";
"2134";"8";"25";
"2134";"13";"40";
"2134";"19";"52";
"2134";"21";"56";
"2134";"75";"2425";
"2134";"78";"2432";
"2134";"81";"2429";
"2134";"99";"23349";
"2134";"100";"23350";
"2135";"57";"2408";
"2135";"99";"25123";
"2135";"100";"25124";
"2136";"1";"125";
"2136";"8";"25";
"2136";"10";"30";
"2136";"11";"32";
"2136";"13";"40";
"2136";"17";"48";
"2136";"18";"50";
"2136";"21";"56";
"2136";"32";"87";
"2136";"36";"92";
"2136";"39";"79";
"2136";"47";"77";
"2136";"49";"124";
"2136";"54";"178";
"2136";"59";"2410";
"2136";"68";"2419";
"2136";"80";"2450";
"2136";"81";"2429";
"2136";"82";"2465";
"2136";"85";"2466";
"2136";"88";"2469";
"2136";"90";"2470";
"2136";"95";"2476";
"2136";"98";"2479";
"2136";"99";"48938";
"2136";"100";"48939";
"2137";"1";"187";
"2137";"10";"30";
"2137";"13";"40";
"2137";"14";"42";
"2137";"17";"48";
"2137";"19";"52";
"2137";"21";"56";
"2137";"39";"79";
"2137";"46";"99";
"2137";"47";"77";
"2137";"48";"75";
"2137";"49";"146";
"2137";"54";"176";
"2137";"66";"2417";
"2137";"67";"2418";
"2137";"69";"2420";
"2137";"75";"2425";
"2137";"76";"2424";
"2137";"80";"2444";
"2137";"81";"2429";
"2137";"84";"2463";
"2137";"85";"2466";
"2137";"88";"2469";
"2137";"89";"2471";
"2137";"95";"2476";
"2137";"99";"51462";
"2137";"100";"51463";
"2138";"8";"25";
"2138";"13";"40";
"2138";"16";"46";
"2138";"19";"52";
"2138";"21";"56";
"2138";"39";"79";
"2138";"48";"76";
"2138";"54";"178";
"2138";"59";"2410";
"2138";"66";"2417";
"2138";"68";"2419";
"2138";"75";"2425";
"2138";"80";"2443";
"2138";"81";"2429";
"2138";"85";"2466";
"2138";"86";"2468";
"2138";"99";"36423";
"2138";"100";"36424";
"2139";"8";"25";
"2139";"13";"40";
"2139";"16";"46";
"2139";"19";"52";
"2139";"21";"56";
"2139";"39";"79";
"2139";"48";"76";
"2139";"54";"177";
"2139";"59";"2410";
"2139";"66";"2417";
"2139";"68";"2419";
"2139";"75";"2425";
"2139";"80";"2443";
"2139";"81";"2429";
"2139";"85";"2466";
"2139";"86";"2468";
"2139";"99";"23395";
"2139";"100";"23396";
"2140";"1";"132";
"2140";"9";"18614";
"2140";"19";"52";
"2140";"49";"133";
"2140";"54";"177";
"2140";"59";"2410";
"2140";"66";"2417";
"2140";"77";"2430";
"2140";"80";"2441";
"2140";"86";"2468";
"2140";"99";"23403";
"2140";"100";"23404";
"2140";"101";"22388";
"2140";"123";"44502";
"2141";"1";"130";
"2141";"9";"18614";
"2141";"19";"52";
"2141";"49";"133";
"2141";"54";"178";
"2141";"59";"2410";
"2141";"66";"2417";
"2141";"77";"2430";
"2141";"80";"2442";
"2141";"86";"2468";
"2141";"99";"55796";
"2141";"100";"55797";
"2141";"101";"22388";
"2141";"123";"44502";
"2142";"1";"13122";
"2142";"9";"18614";
"2142";"19";"52";
"2142";"49";"13125";
"2142";"54";"178";
"2142";"59";"2410";
"2142";"66";"2417";
"2142";"77";"2430";
"2142";"80";"2442";
"2142";"86";"2468";
"2142";"99";"66705";
"2142";"100";"66706";
"2142";"101";"18518";
"2142";"102";"18522";
"2142";"123";"44502";
"2143";"1";"130";
"2143";"9";"18614";
"2143";"19";"52";
"2143";"49";"133";
"2143";"54";"178";
"2143";"59";"2410";
"2143";"66";"2417";
"2143";"77";"2430";
"2143";"80";"2441";
"2143";"86";"2468";
"2143";"99";"28253";
"2143";"100";"28254";
"2143";"101";"22388";
"2143";"123";"44502";
"2144";"57";"2408";
"2144";"99";"23443";
"2144";"100";"23444";
"2145";"57";"2408";
"2145";"99";"23451";
"2145";"100";"23452";
"2153";"1";"132";
"2153";"8";"25";
"2153";"9";"27";
"2153";"10";"30";
"2153";"13";"40";
"2153";"17";"48";
"2153";"19";"52";
"2153";"39";"79";
"2153";"48";"74";
"2153";"49";"133";
"2153";"54";"177";
"2153";"59";"2410";
"2153";"61";"2412";
"2153";"80";"2436";
"2153";"81";"2429";
"2153";"82";"2465";
"2153";"86";"2468";
"2153";"87";"2467";
"2153";"89";"2471";
"2153";"91";"2473";
"2153";"92";"2472";
"2153";"95";"2476";
"2153";"98";"2479";
"2153";"99";"23468";
"2153";"100";"23469";
"2154";"1";"145";
"2154";"8";"25";
"2154";"9";"27";
"2154";"10";"30";
"2154";"13";"40";
"2154";"17";"48";
"2154";"19";"52";
"2154";"39";"79";
"2154";"48";"74";
"2154";"49";"13125";
"2154";"54";"177";
"2154";"59";"2410";
"2154";"61";"2412";
"2154";"80";"2439";
"2154";"81";"2429";
"2154";"82";"2465";
"2154";"86";"2468";
"2154";"87";"2467";
"2154";"89";"2471";
"2154";"91";"2473";
"2154";"92";"2472";
"2154";"95";"2476";
"2154";"98";"2479";
"2154";"99";"63286";
"2154";"100";"63287";
"2155";"1";"130";
"2155";"9";"18614";
"2155";"10";"30";
"2155";"19";"52";
"2155";"48";"75";
"2155";"49";"117";
"2155";"54";"178";
"2155";"59";"2410";
"2155";"61";"2412";
"2155";"66";"2417";
"2155";"77";"2430";
"2155";"80";"2433";
"2155";"81";"2429";
"2155";"86";"2468";
"2155";"87";"2467";
"2155";"89";"2471";
"2155";"91";"2473";
"2155";"95";"2476";
"2155";"99";"52274";
"2155";"100";"52275";
"2155";"101";"18519";
"2155";"102";"18522";
"2155";"103";"18524";
"2156";"1";"134";
"2156";"8";"25";
"2156";"9";"29";
"2156";"11";"32";
"2156";"13";"40";
"2156";"21";"56";
"2156";"48";"75";
"2156";"49";"6081";
"2156";"54";"177";
"2156";"58";"2409";
"2156";"59";"2410";
"2156";"66";"2417";
"2156";"85";"2466";
"2156";"91";"2473";
"2156";"99";"23540";
"2156";"100";"23541";
"2156";"101";"18517";
"2156";"102";"18522";
"2156";"103";"22393";
"2156";"122";"19578";
"2157";"1";"11155";
"2157";"8";"25";
"2157";"9";"28";
"2157";"23";"60";
"2157";"34";"90";
"2157";"48";"76";
"2157";"49";"139";
"2157";"54";"176";
"2157";"57";"2408";
"2157";"59";"2410";
"2157";"80";"2450";
"2157";"99";"51538";
"2157";"100";"51539";
"2157";"101";"18518";
"2157";"102";"18522";
"2157";"103";"22393";
"2157";"123";"44499";
"2158";"1";"134";
"2158";"8";"25";
"2158";"9";"18669";
"2158";"10";"30";
"2158";"19";"52";
"2158";"48";"76";
"2158";"49";"115";
"2158";"54";"176";
"2158";"59";"2410";
"2158";"85";"2466";
"2158";"86";"2468";
"2158";"99";"54313";
"2158";"100";"54314";
"2158";"101";"18518";
"2158";"102";"18615";
"2158";"103";"18524";
"2158";"104";"19118";
"2159";"1";"134";
"2159";"9";"18669";
"2159";"19";"52";
"2159";"32";"87";
"2159";"48";"74";
"2159";"49";"117";
"2159";"54";"177";
"2159";"80";"2439";
"2159";"91";"2473";
"2159";"99";"61794";
"2159";"100";"61795";
"2159";"101";"18518";
"2159";"102";"22387";
"2159";"103";"18524";
"2160";"1";"145";
"2160";"9";"18669";
"2160";"19";"52";
"2160";"32";"87";
"2160";"48";"74";
"2160";"49";"146";
"2160";"54";"178";
"2160";"80";"2451";
"2160";"91";"2473";
"2160";"99";"51356";
"2160";"100";"51357";
"2160";"101";"18518";
"2160";"102";"22387";
"2160";"103";"18524";
"2161";"1";"187";
"2161";"49";"6206";
"2161";"54";"176";
"2161";"99";"24701";
"2161";"100";"24702";
"2161";"101";"18517";
"2162";"1";"137";
"2162";"8";"25";
"2162";"10";"30";
"2162";"13";"40";
"2162";"18";"50";
"2162";"36";"92";
"2162";"39";"79";
"2162";"48";"76";
"2162";"49";"13125";
"2162";"54";"176";
"2162";"58";"2409";
"2162";"60";"2411";
"2162";"63";"2414";
"2162";"65";"2416";
"2162";"66";"2417";
"2162";"85";"2466";
"2162";"89";"2471";
"2162";"91";"2473";
"2162";"99";"57311";
"2162";"100";"57312";
"2162";"101";"18517";
"2162";"103";"22393";
"2162";"122";"19587";
"2163";"99";"25129";
"2163";"100";"25130";
"2164";"1";"145";
"2164";"8";"25";
"2164";"18";"50";
"2164";"19";"52";
"2164";"36";"92";
"2164";"48";"74";
"2164";"49";"23698";
"2164";"54";"177";
"2164";"58";"2409";
"2164";"59";"2410";
"2164";"66";"2417";
"2164";"67";"2418";
"2164";"76";"2424";
"2164";"85";"2466";
"2164";"91";"2473";
"2164";"99";"63464";
"2164";"100";"63465";
"2164";"101";"22208";
"2164";"102";"18521";
"2164";"103";"18527";
"2165";"1";"10303";
"2165";"8";"25";
"2165";"18";"50";
"2165";"21";"56";
"2165";"45";"98";
"2165";"48";"75";
"2165";"49";"6081";
"2165";"54";"176";
"2165";"58";"2409";
"2165";"60";"2411";
"2165";"85";"2466";
"2165";"91";"2473";
"2165";"99";"40326";
"2165";"100";"40327";
"2165";"101";"18517";
"2165";"102";"18522";
"2165";"103";"22393";
"2165";"122";"19587";
"2166";"1";"121";
"2166";"8";"25";
"2166";"9";"18669";
"2166";"18";"50";
"2166";"48";"75";
"2166";"49";"6081";
"2166";"54";"176";
"2166";"58";"2409";
"2166";"60";"2411";
"2166";"91";"2473";
"2166";"99";"59937";
"2166";"100";"59938";
"2166";"101";"22208";
"2166";"103";"18527";
"2166";"122";"19586";
"2167";"1";"142";
"2167";"8";"25";
"2167";"9";"27";
"2167";"10";"30";
"2167";"18";"50";
"2167";"21";"56";
"2167";"32";"87";
"2167";"39";"79";
"2167";"48";"76";
"2167";"49";"6027";
"2167";"54";"176";
"2167";"60";"2411";
"2167";"62";"2413";
"2167";"64";"2415";
"2167";"66";"2417";
"2167";"77";"2430";
"2167";"80";"2433";
"2167";"81";"2429";
"2167";"85";"2466";
"2167";"86";"2468";
"2167";"99";"49314";
"2167";"100";"49315";
"2167";"101";"18518";
"2168";"1";"174";
"2168";"8";"25";
"2168";"9";"29";
"2168";"11";"32";
"2168";"49";"175";
"2168";"80";"2446";
"2168";"81";"2429";
"2168";"85";"2466";
"2168";"99";"40568";
"2168";"100";"40569";
"2168";"101";"18517";
"2168";"102";"18521";
"2169";"1";"187";
"2169";"49";"146";
"2169";"80";"2436";
"2169";"99";"54941";
"2169";"100";"54942";
"2169";"101";"18517";
"2169";"102";"22387";
"2169";"103";"18524";
"2170";"1";"127";
"2170";"49";"13125";
"2170";"54";"178";
"2170";"80";"2436";
"2170";"99";"56474";
"2170";"100";"56475";
"2170";"101";"22388";
"2170";"103";"22389";
"2171";"1";"125";
"2171";"9";"18669";
"2171";"49";"23698";
"2171";"54";"176";
"2171";"99";"67575";
"2171";"100";"67576";
"2171";"101";"22390";
"2171";"102";"18532";
"2172";"1";"181";
"2172";"9";"18669";
"2172";"54";"178";
"2172";"99";"30190";
"2172";"100";"42684";
"2172";"101";"18518";
"2174";"1";"23997";
"2174";"8";"25";
"2174";"18";"50";
"2174";"36";"92";
"2174";"48";"75";
"2174";"49";"13280";
"2174";"54";"177";
"2174";"60";"2411";
"2174";"64";"2415";
"2174";"66";"2417";
"2174";"99";"60713";
"2174";"100";"60714";
"2174";"101";"18517";
"2174";"102";"22387";
"2175";"1";"18533";
"2175";"8";"25";
"2175";"9";"27";
"2175";"11";"33";
"2175";"48";"76";
"2175";"49";"124";
"2175";"54";"177";
"2175";"80";"2450";
"2175";"85";"2466";
"2175";"99";"28562";
"2175";"100";"28563";
"2175";"101";"22208";
"2175";"102";"18522";
"2176";"1";"183";
"2176";"48";"75";
"2176";"49";"18506";
"2176";"54";"178";
"2176";"99";"24515";
"2176";"100";"24516";
"2176";"101";"22386";
"2177";"1";"18861";
"2177";"48";"75";
"2177";"49";"18507";
"2177";"54";"177";
"2177";"99";"24071";
"2177";"100";"24072";
"2177";"101";"22386";
"2178";"99";"53925";
"2183";"1";"141";
"2183";"8";"26";
"2183";"9";"18614";
"2183";"10";"30";
"2183";"48";"76";
"2183";"54";"179";
"2183";"57";"2408";
"2183";"69";"2420";
"2183";"80";"2458";
"2183";"86";"2468";
"2183";"87";"2467";
"2183";"91";"2473";
"2183";"95";"2476";
"2183";"99";"45829";
"2183";"100";"45830";
"2183";"101";"18519";
"2183";"102";"18522";
"2184";"1";"183";
"2184";"9";"29";
"2184";"48";"75";
"2184";"49";"18507";
"2184";"54";"178";
"2184";"99";"24122";
"2184";"100";"24123";
"2185";"1";"33132";
"2185";"54";"177";
"2185";"80";"2436";
"2185";"99";"45983";
"2185";"100";"45984";
"2185";"101";"18518";
"2185";"102";"18522";
"2186";"1";"13122";
"2186";"49";"133";
"2186";"54";"178";
"2186";"59";"2410";
"2186";"66";"2417";
"2186";"80";"2441";
"2186";"99";"24135";
"2186";"100";"24136";
"2186";"101";"18518";
"2187";"1";"132";
"2187";"49";"133";
"2187";"54";"178";
"2187";"59";"2410";
"2187";"66";"2417";
"2187";"99";"24145";
"2187";"100";"24146";
"2187";"101";"18518";
"2188";"1";"145";
"2188";"8";"25";
"2188";"9";"27";
"2188";"10";"30";
"2188";"13";"40";
"2188";"39";"79";
"2188";"48";"75";
"2188";"49";"146";
"2188";"54";"178";
"2188";"59";"2410";
"2188";"66";"2417";
"2188";"99";"65789";
"2188";"100";"65790";
"2189";"1";"32597";
"2189";"49";"6206";
"2189";"54";"177";
"2189";"56";"2407";
"2189";"66";"2417";
"2189";"67";"2418";
"2189";"69";"2420";
"2189";"80";"2446";
"2189";"85";"2466";
"2189";"86";"2468";
"2189";"91";"2473";
"2189";"99";"68107";
"2189";"100";"68108";
"2189";"101";"18518";
"2189";"102";"18532";
"2190";"1";"18668";
"2190";"49";"146";
"2190";"54";"178";
"2190";"67";"2418";
"2190";"69";"2420";
"2190";"77";"2430";
"2190";"80";"2436";
"2190";"81";"2429";
"2190";"85";"2466";
"2190";"91";"2473";
"2190";"95";"2476";
"2190";"99";"46773";
"2190";"100";"46774";
"2191";"1";"132";
"2191";"49";"133";
"2191";"54";"178";
"2191";"59";"2410";
"2191";"66";"2417";
"2191";"99";"35331";
"2191";"100";"35332";
"2191";"101";"18518";
"2193";"1";"18668";
"2193";"48";"76";
"2193";"54";"178";
"2193";"66";"2417";
"2193";"67";"2418";
"2193";"80";"2451";
"2193";"99";"44402";
"2193";"100";"44403";
"2194";"9";"18669";
"2194";"48";"76";
"2194";"80";"2446";
"2194";"99";"32510";
"2194";"100";"32511";
"2194";"101";"18517";
"2194";"102";"22451";
"2194";"103";"22391";
"2195";"1";"132";
"2195";"9";"18669";
"2195";"48";"76";
"2195";"54";"176";
"2195";"59";"2410";
"2195";"66";"2417";
"2195";"67";"2418";
"2195";"68";"2419";
"2195";"73";"2428";
"2195";"75";"2425";
"2195";"80";"2444";
"2195";"82";"2465";
"2195";"86";"2468";
"2195";"99";"61388";
"2195";"100";"61389";
"2195";"101";"18518";
"2195";"102";"18532";
"2195";"103";"18527";
"2196";"1";"4279";
"2196";"49";"6081";
"2196";"54";"176";
"2196";"60";"2411";
"2196";"99";"24285";
"2196";"100";"24286";
"2196";"102";"18532";
"2196";"103";"18527";
"2197";"1";"12487";
"2197";"17";"48";
"2197";"49";"6206";
"2197";"54";"176";
"2197";"56";"2407";
"2197";"67";"2418";
"2197";"80";"2436";
"2197";"81";"2429";
"2197";"85";"2466";
"2197";"99";"46593";
"2197";"100";"46594";
"2197";"101";"18518";
"2197";"102";"18522";
"2199";"1";"187";
"2199";"49";"6206";
"2199";"54";"178";
"2199";"59";"2410";
"2199";"66";"2417";
"2199";"68";"2419";
"2199";"77";"2430";
"2199";"80";"2444";
"2199";"81";"2429";
"2199";"85";"2466";
"2199";"99";"59282";
"2199";"100";"59283";
"2200";"1";"10394";
"2200";"19";"52";
"2200";"49";"175";
"2200";"54";"179";
"2200";"56";"2407";
"2200";"80";"2442";
"2200";"99";"45889";
"2200";"100";"45890";
"2201";"1";"187";
"2201";"49";"6206";
"2201";"54";"176";
"2201";"59";"2410";
"2201";"66";"2417";
"2201";"67";"2418";
"2201";"77";"2430";
"2201";"80";"2445";
"2201";"99";"25193";
"2201";"100";"25194";
"2201";"101";"18518";
"2202";"1";"145";
"2202";"9";"18669";
"2202";"48";"75";
"2202";"49";"6206";
"2202";"54";"178";
"2202";"80";"2454";
"2202";"99";"24397";
"2202";"100";"24398";
"2202";"101";"18518";
"2203";"1";"168";
"2203";"9";"18669";
"2203";"49";"172";
"2203";"54";"176";
"2203";"80";"2439";
"2203";"99";"38151";
"2203";"100";"38152";
"2203";"101";"18519";
"2203";"102";"18615";
"2203";"103";"18525";
"2204";"1";"18668";
"2204";"48";"75";
"2204";"49";"6206";
"2204";"54";"178";
"2204";"67";"2418";
"2204";"69";"2420";
"2204";"77";"2430";
"2204";"80";"2436";
"2204";"81";"2429";
"2204";"85";"2466";
"2204";"91";"2473";
"2204";"95";"2476";
"2204";"99";"47102";
"2204";"100";"47103";
"2205";"1";"187";
"2205";"49";"6206";
"2205";"54";"178";
"2205";"67";"2418";
"2205";"77";"2430";
"2205";"80";"2456";
"2205";"81";"2429";
"2205";"85";"2466";
"2205";"95";"2476";
"2205";"99";"24575";
"2205";"100";"24576";
"2206";"1";"2494";
"2206";"49";"6206";
"2206";"54";"178";
"2206";"59";"2410";
"2206";"66";"2417";
"2206";"68";"2419";
"2206";"77";"2430";
"2206";"80";"2444";
"2206";"81";"2429";
"2206";"85";"2466";
"2206";"99";"59284";
"2206";"100";"59285";
"2207";"1";"23997";
"2207";"8";"25";
"2207";"9";"29";
"2207";"18";"50";
"2207";"21";"56";
"2207";"45";"98";
"2207";"48";"75";
"2207";"49";"170";
"2207";"54";"176";
"2207";"58";"2409";
"2207";"60";"2411";
"2207";"64";"2415";
"2207";"85";"2466";
"2207";"91";"2473";
"2207";"99";"61075";
"2207";"100";"61076";
"2207";"101";"18517";
"2207";"102";"18521";
"2208";"1";"183";
"2208";"48";"75";
"2208";"54";"177";
"2208";"80";"2454";
"2208";"99";"24928";
"2208";"100";"24929";
"2208";"101";"22390";
"2209";"1";"13122";
"2209";"49";"13125";
"2209";"54";"178";
"2209";"80";"2443";
"2209";"99";"67833";
"2209";"100";"67834";
"2209";"101";"18518";
"2209";"102";"18522";
"2210";"1";"13121";
"2210";"8";"25";
"2210";"9";"18614";
"2210";"11";"33";
"2210";"48";"75";
"2210";"49";"23699";
"2210";"54";"176";
"2210";"80";"2436";
"2210";"91";"2473";
"2210";"99";"51936";
"2210";"100";"51937";
"2210";"101";"22390";
"2210";"102";"18522";
"2210";"103";"22393";
"2211";"1";"10394";
"2211";"9";"29";
"2211";"48";"76";
"2211";"49";"175";
"2211";"54";"178";
"2211";"80";"2445";
"2211";"99";"46077";
"2211";"100";"46078";
"2211";"101";"18517";
"2211";"103";"22391";
"2212";"54";"177";
"2212";"99";"37807";
"2212";"100";"42731";
"2213";"1";"13122";
"2213";"8";"25";
"2213";"11";"33";
"2213";"48";"75";
"2213";"49";"117";
"2213";"54";"176";
"2213";"80";"2436";
"2213";"85";"2466";
"2213";"91";"2473";
"2213";"99";"55260";
"2213";"100";"55261";
"2213";"101";"22390";
"2214";"1";"10394";
"2214";"9";"29";
"2214";"48";"75";
"2214";"49";"172";
"2214";"54";"176";
"2214";"99";"55634";
"2214";"100";"55635";
"2214";"101";"22390";
"2214";"102";"18522";
"2215";"1";"12487";
"2215";"18";"50";
"2215";"21";"56";
"2215";"48";"75";
"2215";"49";"13280";
"2215";"54";"178";
"2215";"60";"2411";
"2215";"91";"2473";
"2215";"99";"26448";
"2215";"100";"26449";
"2215";"101";"22390";
"2216";"99";"64891";
"2217";"1";"15";
"2217";"48";"76";
"2217";"49";"18506";
"2217";"54";"179";
"2217";"80";"2434";
"2217";"99";"44876";
"2217";"100";"44877";
"2217";"101";"22390";
"2218";"1";"125";
"2218";"9";"18669";
"2218";"48";"76";
"2218";"54";"179";
"2218";"99";"32706";
"2218";"100";"32707";
"2218";"101";"18517";
"2219";"8";"25";
"2219";"9";"29";
"2219";"11";"32";
"2219";"48";"76";
"2219";"49";"175";
"2219";"54";"176";
"2219";"80";"2450";
"2219";"85";"2466";
"2219";"91";"2473";
"2219";"99";"32692";
"2219";"100";"32693";
"2219";"101";"18517";
"2219";"102";"22451";
"2219";"103";"18527";
"2220";"1";"130";
"2220";"54";"178";
"2220";"59";"2410";
"2220";"66";"2417";
"2220";"80";"2441";
"2220";"99";"24709";
"2220";"100";"24710";
"2220";"101";"18518";
"2221";"1";"18668";
"2221";"49";"18507";
"2221";"54";"177";
"2221";"99";"54939";
"2221";"100";"54940";
"2222";"1";"10394";
"2222";"48";"75";
"2222";"49";"24690";
"2222";"54";"176";
"2222";"80";"2434";
"2222";"99";"33447";
"2222";"100";"33448";
"2222";"101";"22390";
"2223";"99";"28018";
"2223";"100";"42659";
"2224";"99";"28023";
"2224";"100";"42664";
"2225";"99";"38400";
"2225";"100";"42685";
"2226";"99";"64631";
"2227";"54";"178";
"2227";"59";"2410";
"2227";"66";"2417";
"2227";"80";"2441";
"2227";"99";"33066";
"2227";"100";"33067";
"2227";"101";"18518";
"2228";"1";"185";
"2228";"18";"50";
"2228";"32";"88";
"2228";"48";"74";
"2228";"49";"6081";
"2228";"54";"178";
"2228";"58";"2409";
"2228";"60";"2411";
"2228";"66";"2417";
"2228";"85";"2466";
"2228";"91";"2473";
"2228";"93";"2475";
"2228";"99";"66479";
"2228";"100";"66480";
"2228";"101";"18517";
"2228";"103";"22393";
"2229";"1";"24723";
"2229";"48";"74";
"2229";"49";"6081";
"2229";"54";"177";
"2229";"58";"2409";
"2229";"60";"2411";
"2229";"85";"2466";
"2229";"91";"2473";
"2229";"99";"28556";
"2229";"100";"28557";
"2229";"101";"18517";
"2229";"103";"22393";
"2230";"1";"24723";
"2230";"18";"50";
"2230";"34";"90";
"2230";"36";"92";
"2230";"48";"74";
"2230";"49";"6081";
"2230";"54";"178";
"2230";"58";"2409";
"2230";"60";"2411";
"2230";"85";"2466";
"2230";"91";"2473";
"2230";"99";"28558";
"2230";"100";"28559";
"2230";"101";"18517";
"2230";"103";"22393";
"2231";"99";"28090";
"2231";"100";"42733";
"2232";"1";"123";
"2232";"8";"25";
"2232";"48";"75";
"2232";"49";"124";
"2232";"54";"176";
"2232";"99";"32061";
"2232";"100";"32062";
"2232";"101";"22390";
"2233";"54";"178";
"2233";"59";"2410";
"2233";"66";"2417";
"2233";"80";"2441";
"2233";"99";"25683";
"2233";"100";"25684";
"2233";"101";"18518";
"2234";"99";"28058";
"2234";"100";"42703";
"2235";"54";"177";
"2235";"99";"60767";
"2235";"100";"60768";
"2235";"101";"18518";
"2235";"102";"18522";
"2236";"99";"33461";
"2236";"100";"33462";
"2237";"1";"2494";
"2237";"8";"25";
"2237";"9";"29";
"2237";"48";"75";
"2237";"49";"146";
"2237";"54";"177";
"2237";"85";"2466";
"2237";"99";"33458";
"2237";"100";"33459";
"2237";"101";"18517";
"2237";"102";"18521";
"2238";"1";"2494";
"2238";"8";"25";
"2238";"9";"29";
"2238";"48";"76";
"2238";"85";"2466";
"2238";"99";"44904";
"2238";"100";"44905";
"2238";"101";"18517";
"2239";"1";"187";
"2239";"9";"29";
"2239";"49";"6206";
"2239";"54";"177";
"2239";"80";"2455";
"2239";"99";"57387";
"2239";"100";"57388";
"2239";"101";"18518";
"2239";"102";"18522";
"2240";"1";"127";
"2240";"8";"25";
"2240";"9";"29";
"2240";"54";"176";
"2240";"80";"2455";
"2240";"85";"2466";
"2240";"99";"68109";
"2240";"100";"68110";
"2240";"101";"22390";
"2240";"102";"18521";
"2241";"1";"23997";
"2241";"8";"25";
"2241";"9";"29";
"2241";"48";"75";
"2241";"54";"176";
"2241";"80";"2445";
"2241";"85";"2466";
"2241";"99";"28083";
"2241";"100";"42726";
"2241";"101";"22390";
"2241";"102";"18521";
"2242";"1";"10394";
"2242";"9";"29";
"2242";"49";"18506";
"2242";"54";"177";
"2242";"99";"58952";
"2242";"100";"58953";
"2242";"101";"18517";
"2242";"102";"18522";
"2243";"99";"38260";
"2243";"100";"42725";
"2244";"1";"2001";
"2244";"9";"29";
"2244";"49";"6206";
"2244";"54";"177";
"2244";"80";"2442";
"2244";"99";"46051";
"2244";"100";"46052";
"2244";"101";"18517";
"2244";"102";"18522";
"2245";"1";"183";
"2245";"8";"25";
"2245";"48";"75";
"2245";"49";"24690";
"2245";"54";"177";
"2245";"99";"46911";
"2245";"100";"46912";
"2245";"101";"22390";
"2246";"1";"18668";
"2246";"48";"75";
"2246";"54";"179";
"2246";"99";"46913";
"2246";"100";"46914";
"2246";"101";"18517";
"2247";"1";"127";
"2247";"9";"18669";
"2247";"48";"75";
"2247";"49";"133";
"2247";"54";"178";
"2247";"99";"55418";
"2247";"100";"55419";
"2247";"101";"18518";
"2247";"102";"18522";
"2247";"103";"22393";
"2248";"1";"145";
"2248";"9";"29";
"2248";"48";"75";
"2248";"49";"18506";
"2248";"54";"178";
"2248";"80";"2446";
"2248";"81";"2429";
"2248";"99";"59286";
"2248";"100";"59287";
"2248";"101";"18517";
"2248";"102";"18522";
"2249";"1";"183";
"2249";"9";"29";
"2249";"48";"75";
"2249";"54";"176";
"2249";"99";"28478";
"2249";"100";"42657";
"2250";"1";"135";
"2250";"9";"18614";
"2250";"11";"33";
"2250";"48";"75";
"2250";"49";"139";
"2250";"54";"177";
"2250";"80";"2439";
"2250";"85";"2466";
"2250";"99";"67941";
"2250";"100";"67942";
"2250";"101";"22390";
"2250";"102";"18522";
"2251";"1";"184";
"2251";"9";"18614";
"2251";"48";"75";
"2251";"49";"139";
"2251";"54";"177";
"2251";"85";"2466";
"2251";"99";"57939";
"2251";"100";"57940";
"2251";"101";"22390";
"2251";"102";"18522";
"2252";"1";"10394";
"2252";"9";"18614";
"2252";"54";"176";
"2252";"80";"2439";
"2252";"99";"64835";
"2252";"100";"64836";
"2252";"101";"18519";
"2252";"102";"18522";
"2253";"1";"13121";
"2253";"49";"13125";
"2253";"54";"177";
"2253";"80";"2436";
"2253";"99";"40415";
"2253";"100";"42735";
"2253";"101";"18518";
"2254";"1";"144";
"2254";"9";"29";
"2254";"11";"32";
"2254";"48";"76";
"2254";"49";"18506";
"2254";"54";"177";
"2254";"80";"2443";
"2254";"81";"2429";
"2254";"85";"2466";
"2254";"99";"46859";
"2254";"100";"46860";
"2254";"101";"18517";
"2254";"102";"18522";
"2255";"99";"46887";
"2255";"100";"46888";
"2256";"99";"44378";
"2256";"100";"44379";
"2257";"99";"46885";
"2257";"100";"46886";
"2258";"99";"28099";
"2258";"100";"42742";
"2259";"1";"127";
"2259";"9";"29";
"2259";"54";"177";
"2259";"80";"2443";
"2259";"99";"57385";
"2259";"100";"57386";
"2259";"101";"18518";
"2259";"102";"18521";
"2260";"1";"134";
"2260";"8";"25";
"2260";"48";"74";
"2260";"49";"18507";
"2260";"54";"177";
"2260";"85";"2466";
"2260";"99";"33909";
"2260";"100";"33910";
"2260";"101";"22390";
"2261";"1";"20132";
"2261";"8";"25";
"2261";"9";"18669";
"2261";"48";"74";
"2261";"49";"146";
"2261";"54";"177";
"2261";"80";"2436";
"2261";"85";"2466";
"2261";"99";"38124";
"2261";"100";"38125";
"2261";"101";"22390";
"2262";"1";"183";
"2262";"8";"25";
"2262";"9";"29";
"2262";"48";"75";
"2262";"54";"177";
"2262";"85";"2466";
"2262";"99";"46869";
"2262";"100";"46870";
"2262";"101";"22390";
"2262";"102";"18522";
"2263";"1";"144";
"2263";"9";"29";
"2263";"49";"146";
"2263";"54";"178";
"2263";"99";"46767";
"2263";"100";"46768";
"2263";"101";"18517";
"2263";"102";"18522";
"2264";"1";"187";
"2264";"49";"6206";
"2264";"54";"178";
"2264";"80";"2436";
"2264";"99";"67033";
"2264";"100";"67034";
"2264";"101";"18517";
"2264";"102";"18522";
"2265";"1";"13121";
"2265";"49";"23699";
"2265";"54";"177";
"2265";"99";"45696";
"2265";"100";"45697";
"2265";"101";"18517";
"2265";"102";"18522";
"2266";"99";"28918";
"2266";"100";"42727";
"2267";"99";"28864";
"2267";"100";"42730";
"2268";"1";"18861";
"2268";"49";"18508";
"2268";"54";"177";
"2268";"80";"2443";
"2268";"99";"46895";
"2268";"100";"46896";
"2268";"101";"18517";
"2268";"102";"18522";
"2269";"1";"171";
"2269";"54";"176";
"2269";"99";"33460";
"2269";"100";"42729";
"2269";"101";"22390";
"2270";"1";"132";
"2270";"9";"18614";
"2270";"54";"176";
"2270";"80";"2445";
"2270";"99";"46811";
"2270";"100";"46812";
"2271";"1";"15";
"2271";"49";"6206";
"2271";"54";"177";
"2271";"80";"2446";
"2271";"99";"46995";
"2271";"100";"46996";
"2271";"101";"18518";
"2271";"102";"18522";
"2272";"1";"2494";
"2272";"48";"76";
"2272";"49";"18506";
"2272";"54";"176";
"2272";"99";"65177";
"2272";"100";"65178";
"2272";"101";"18517";
"2273";"1";"127";
"2273";"54";"177";
"2273";"80";"2444";
"2273";"99";"46176";
"2273";"100";"46177";
"2273";"101";"18517";
"2273";"102";"18522";
"2274";"99";"60683";
"2274";"100";"60684";
"2275";"99";"28246";
"2275";"100";"42693";
"2276";"99";"28484";
"2276";"100";"42694";
"2276";"101";"22388";
"2278";"1";"18861";
"2278";"49";"18508";
"2278";"54";"177";
"2278";"80";"2443";
"2278";"99";"46815";
"2278";"100";"46816";
"2278";"101";"18518";
"2278";"102";"18522";
"2279";"1";"23076";
"2279";"8";"25";
"2279";"9";"29";
"2279";"48";"75";
"2279";"54";"176";
"2279";"80";"2446";
"2279";"99";"37816";
"2279";"100";"42743";
"2280";"1";"181";
"2280";"8";"25";
"2280";"10";"30";
"2280";"13";"40";
"2280";"17";"48";
"2280";"32";"87";
"2280";"39";"79";
"2280";"48";"76";
"2280";"54";"176";
"2280";"56";"2407";
"2280";"59";"2410";
"2280";"67";"2418";
"2280";"68";"2419";
"2280";"69";"2420";
"2280";"77";"2430";
"2280";"80";"2450";
"2280";"91";"2473";
"2280";"92";"2472";
"2280";"99";"33377";
"2280";"100";"33378";
"2280";"101";"18517";
"2281";"1";"134";
"2281";"8";"25";
"2281";"9";"18614";
"2281";"13";"40";
"2281";"18";"50";
"2281";"48";"75";
"2281";"49";"117";
"2281";"54";"176";
"2281";"59";"2410";
"2281";"66";"2417";
"2281";"77";"2430";
"2281";"80";"2443";
"2281";"99";"59797";
"2281";"100";"59798";
"2281";"101";"18518";
"2281";"102";"22387";
"2281";"103";"18525";
"2281";"123";"44503";
"2282";"1";"23076";
"2282";"54";"177";
"2282";"59";"2410";
"2282";"80";"2458";
"2282";"99";"59665";
"2282";"100";"59666";
"2283";"1";"187";
"2283";"8";"25";
"2283";"9";"18614";
"2283";"49";"6206";
"2283";"54";"176";
"2283";"76";"2424";
"2283";"99";"39528";
"2283";"100";"39529";
"2283";"101";"22208";
"2283";"102";"18522";
"2284";"1";"187";
"2284";"54";"176";
"2284";"99";"26430";
"2284";"100";"26431";
"2285";"1";"134";
"2285";"8";"25";
"2285";"9";"18669";
"2285";"10";"30";
"2285";"13";"40";
"2285";"18";"50";
"2285";"21";"56";
"2285";"39";"79";
"2285";"48";"76";
"2285";"49";"124";
"2285";"54";"177";
"2285";"59";"2410";
"2285";"66";"2417";
"2285";"75";"2425";
"2285";"77";"2430";
"2285";"80";"2446";
"2285";"81";"2429";
"2285";"85";"2466";
"2285";"86";"2468";
"2285";"99";"56269";
"2285";"100";"56270";
"2285";"101";"18518";
"2285";"102";"18532";
"2286";"1";"132";
"2286";"8";"25";
"2286";"9";"18669";
"2286";"10";"30";
"2286";"13";"40";
"2286";"21";"56";
"2286";"39";"79";
"2286";"49";"172";
"2286";"54";"176";
"2286";"59";"2410";
"2286";"66";"2417";
"2286";"77";"2430";
"2286";"80";"2445";
"2286";"81";"2429";
"2286";"85";"2466";
"2286";"99";"26494";
"2286";"100";"26495";
"2286";"101";"18518";
"2286";"102";"18532";
"2287";"1";"168";
"2287";"19";"52";
"2287";"49";"6206";
"2287";"54";"178";
"2287";"56";"2407";
"2287";"66";"2417";
"2287";"67";"2418";
"2287";"68";"2419";
"2287";"69";"2420";
"2287";"77";"2430";
"2287";"80";"2443";
"2287";"81";"2429";
"2287";"84";"2463";
"2287";"91";"2473";
"2287";"95";"2476";
"2287";"99";"56740";
"2287";"100";"56741";
"2288";"1";"168";
"2288";"49";"6206";
"2288";"54";"176";
"2288";"67";"2418";
"2288";"68";"2419";
"2288";"77";"2430";
"2288";"80";"2444";
"2288";"81";"2429";
"2288";"85";"2466";
"2288";"95";"2476";
"2288";"99";"26661";
"2288";"100";"26662";
"2289";"99";"28806";
"2289";"100";"28807";
"2290";"1";"20132";
"2290";"9";"18669";
"2290";"48";"76";
"2290";"49";"6206";
"2290";"54";"176";
"2290";"80";"2446";
"2290";"99";"67917";
"2290";"100";"67918";
"2290";"101";"18518";
"2290";"102";"18615";
"2291";"1";"181";
"2291";"8";"25";
"2291";"9";"27";
"2291";"10";"30";
"2291";"11";"32";
"2291";"13";"40";
"2291";"14";"42";
"2291";"17";"48";
"2291";"32";"87";
"2291";"39";"79";
"2291";"45";"98";
"2291";"47";"77";
"2291";"48";"75";
"2291";"49";"24690";
"2291";"54";"176";
"2291";"99";"59288";
"2291";"100";"59289";
"2292";"1";"130";
"2292";"8";"25";
"2292";"13";"40";
"2292";"17";"48";
"2292";"19";"52";
"2292";"32";"87";
"2292";"48";"75";
"2292";"49";"124";
"2292";"54";"176";
"2292";"59";"2410";
"2292";"66";"2417";
"2292";"68";"2419";
"2292";"75";"2425";
"2292";"80";"2441";
"2292";"86";"2468";
"2292";"95";"2476";
"2292";"99";"45572";
"2292";"100";"45573";
"2292";"101";"22208";
"2293";"1";"187";
"2293";"8";"25";
"2293";"14";"42";
"2293";"17";"48";
"2293";"19";"52";
"2293";"32";"87";
"2293";"54";"176";
"2293";"59";"2410";
"2293";"66";"2417";
"2293";"67";"2418";
"2293";"68";"2419";
"2293";"76";"2424";
"2293";"80";"2436";
"2293";"81";"2429";
"2293";"86";"2468";
"2293";"87";"2467";
"2293";"91";"2473";
"2293";"99";"26436";
"2293";"100";"26437";
"2293";"101";"22208";
"2294";"99";"32944";
"2294";"100";"32945";
"2294";"123";"44502";
"2295";"1";"10394";
"2295";"8";"25";
"2295";"49";"6206";
"2295";"54";"176";
"2295";"67";"2418";
"2295";"68";"2419";
"2295";"69";"2420";
"2295";"80";"2446";
"2295";"81";"2429";
"2295";"86";"2468";
"2295";"99";"67873";
"2295";"100";"67874";
"2295";"101";"18517";
"2295";"102";"18522";
"2296";"1";"127";
"2296";"13";"40";
"2296";"17";"48";
"2296";"19";"52";
"2296";"54";"178";
"2296";"59";"2410";
"2296";"66";"2417";
"2296";"78";"2432";
"2296";"80";"2443";
"2296";"99";"59267";
"2296";"100";"59268";
"2297";"1";"4279";
"2297";"8";"25";
"2297";"9";"27";
"2297";"10";"30";
"2297";"13";"40";
"2297";"16";"46";
"2297";"18";"50";
"2297";"39";"79";
"2297";"48";"76";
"2297";"49";"117";
"2297";"54";"176";
"2297";"59";"2410";
"2297";"66";"2417";
"2297";"68";"2419";
"2297";"74";"2427";
"2297";"75";"2425";
"2297";"99";"66235";
"2297";"100";"66236";
"2297";"101";"18517";
"2297";"102";"18532";
"2298";"1";"132";
"2298";"8";"25";
"2298";"9";"27";
"2298";"10";"30";
"2298";"13";"40";
"2298";"16";"46";
"2298";"18";"50";
"2298";"39";"79";
"2298";"48";"76";
"2298";"54";"176";
"2298";"59";"2410";
"2298";"66";"2417";
"2298";"68";"2419";
"2298";"80";"2446";
"2298";"99";"59403";
"2298";"100";"59404";
"2298";"101";"18518";
"2298";"102";"18522";
"2298";"103";"22392";
"2299";"1";"174";
"2299";"8";"25";
"2299";"9";"18669";
"2299";"13";"40";
"2299";"19";"52";
"2299";"48";"75";
"2299";"54";"176";
"2299";"56";"2407";
"2299";"67";"2418";
"2299";"69";"2420";
"2299";"76";"2424";
"2299";"80";"2454";
"2299";"99";"38255";
"2299";"100";"38256";
"2299";"101";"18518";
"2299";"102";"18521";
"2300";"8";"25";
"2300";"9";"29";
"2300";"48";"75";
"2300";"54";"177";
"2300";"80";"2445";
"2300";"81";"2429";
"2300";"99";"26468";
"2300";"100";"26469";
"2300";"101";"18518";
"2300";"102";"18532";
"2300";"103";"18527";
"2301";"1";"187";
"2301";"8";"25";
"2301";"18";"50";
"2301";"48";"74";
"2301";"49";"18507";
"2301";"54";"176";
"2301";"58";"2409";
"2301";"91";"2473";
"2301";"99";"64708";
"2301";"100";"64709";
"2302";"1";"4279";
"2302";"8";"25";
"2302";"10";"30";
"2302";"14";"42";
"2302";"18";"50";
"2302";"32";"87";
"2302";"36";"92";
"2302";"39";"79";
"2302";"48";"75";
"2302";"49";"4318";
"2302";"54";"177";
"2302";"60";"2411";
"2302";"66";"2417";
"2302";"68";"2419";
"2302";"82";"2465";
"2302";"86";"2468";
"2302";"89";"2471";
"2302";"95";"2476";
"2302";"98";"2479";
"2302";"99";"41008";
"2302";"100";"41009";
"2302";"101";"18518";
"2302";"122";"19584";
"2303";"1";"25951";
"2303";"8";"25";
"2303";"9";"18669";
"2303";"13";"40";
"2303";"19";"52";
"2303";"48";"75";
"2303";"54";"177";
"2303";"56";"2407";
"2303";"67";"2418";
"2303";"69";"2420";
"2303";"76";"2424";
"2303";"80";"2445";
"2303";"99";"54869";
"2303";"100";"54870";
"2303";"101";"18518";
"2303";"102";"18522";
"2304";"8";"25";
"2304";"39";"79";
"2304";"54";"177";
"2304";"59";"2410";
"2304";"66";"2417";
"2304";"77";"2430";
"2304";"80";"2443";
"2304";"81";"2429";
"2304";"85";"2466";
"2304";"99";"58710";
"2304";"100";"58711";
"2304";"101";"18518";
"2305";"1";"130";
"2305";"8";"25";
"2305";"10";"30";
"2305";"18";"50";
"2305";"19";"52";
"2305";"32";"88";
"2305";"36";"92";
"2305";"45";"98";
"2305";"47";"77";
"2305";"48";"74";
"2305";"54";"176";
"2305";"58";"2409";
"2305";"60";"2411";
"2305";"67";"2418";
"2305";"73";"2428";
"2305";"83";"2464";
"2305";"86";"2468";
"2305";"89";"2471";
"2305";"91";"2473";
"2305";"95";"2476";
"2305";"99";"57579";
"2305";"100";"57580";
"2305";"101";"18517";
"2306";"1";"142";
"2306";"8";"25";
"2306";"9";"27";
"2306";"10";"30";
"2306";"18";"50";
"2306";"21";"56";
"2306";"32";"88";
"2306";"39";"79";
"2306";"47";"77";
"2306";"48";"76";
"2306";"54";"176";
"2306";"58";"2409";
"2306";"60";"2411";
"2306";"62";"2413";
"2306";"73";"2428";
"2306";"74";"2427";
"2306";"82";"2465";
"2306";"83";"2464";
"2306";"85";"2466";
"2306";"89";"2471";
"2306";"90";"2470";
"2306";"99";"53940";
"2306";"100";"53941";
"2307";"1";"23076";
"2307";"8";"25";
"2307";"9";"27";
"2307";"10";"30";
"2307";"14";"42";
"2307";"39";"79";
"2307";"45";"98";
"2307";"47";"77";
"2307";"49";"146";
"2307";"54";"178";
"2307";"59";"2410";
"2307";"66";"2417";
"2307";"67";"2418";
"2307";"80";"2434";
"2307";"82";"2465";
"2307";"85";"2466";
"2307";"91";"2473";
"2307";"99";"30536";
"2307";"100";"30537";
"2307";"101";"18517";
"2308";"1";"134";
"2308";"8";"25";
"2308";"9";"18614";
"2308";"13";"40";
"2308";"14";"42";
"2308";"18";"50";
"2308";"19";"52";
"2308";"32";"87";
"2308";"49";"117";
"2308";"54";"177";
"2308";"59";"2410";
"2308";"66";"2417";
"2308";"77";"2430";
"2308";"80";"2443";
"2308";"81";"2429";
"2308";"82";"2465";
"2308";"84";"2463";
"2308";"86";"2468";
"2308";"99";"45901";
"2308";"100";"45902";
"2308";"101";"22388";
"2308";"103";"22391";
"2308";"123";"44501";
"2309";"1";"183";
"2309";"9";"18669";
"2309";"13";"40";
"2309";"14";"42";
"2309";"17";"48";
"2309";"19";"52";
"2309";"49";"6206";
"2309";"54";"176";
"2309";"59";"2410";
"2309";"76";"2424";
"2309";"77";"2430";
"2309";"80";"2446";
"2309";"99";"28213";
"2309";"100";"28214";
"2309";"101";"18518";
"2309";"102";"18615";
"2310";"1";"13122";
"2310";"9";"29";
"2310";"13";"40";
"2310";"14";"42";
"2310";"19";"52";
"2310";"48";"76";
"2310";"49";"128";
"2310";"54";"176";
"2310";"59";"2410";
"2310";"82";"2465";
"2310";"85";"2466";
"2310";"99";"47559";
"2310";"100";"47560";
"2310";"101";"18517";
"2310";"102";"18521";
"2311";"1";"4279";
"2311";"8";"25";
"2311";"9";"27";
"2311";"10";"30";
"2311";"13";"40";
"2311";"14";"42";
"2311";"18";"50";
"2311";"21";"56";
"2311";"32";"87";
"2311";"39";"79";
"2311";"49";"139";
"2311";"54";"176";
"2311";"60";"2411";
"2311";"66";"2417";
"2311";"80";"2440";
"2311";"85";"2466";
"2311";"99";"65983";
"2311";"100";"65984";
"2311";"101";"18517";
"2311";"102";"18532";
"2311";"103";"18524";
"2312";"1";"136";
"2312";"8";"25";
"2312";"48";"74";
"2312";"49";"146";
"2312";"54";"177";
"2312";"85";"2466";
"2312";"99";"57176";
"2312";"100";"57177";
"2312";"101";"22390";
"2312";"103";"22393";
"2313";"1";"6026";
"2313";"8";"25";
"2313";"10";"30";
"2313";"18";"50";
"2313";"21";"56";
"2313";"32";"87";
"2313";"39";"79";
"2313";"48";"76";
"2313";"49";"170";
"2313";"54";"176";
"2313";"60";"2411";
"2313";"62";"2413";
"2313";"64";"2415";
"2313";"66";"2417";
"2313";"82";"2465";
"2313";"85";"2466";
"2313";"99";"64763";
"2313";"100";"64764";
"2314";"1";"121";
"2314";"8";"25";
"2314";"10";"30";
"2314";"18";"50";
"2314";"21";"56";
"2314";"32";"87";
"2314";"39";"79";
"2314";"48";"76";
"2314";"49";"6027";
"2314";"54";"178";
"2314";"60";"2411";
"2314";"62";"2413";
"2314";"64";"2415";
"2314";"66";"2417";
"2314";"82";"2465";
"2314";"85";"2466";
"2314";"99";"57802";
"2314";"100";"57803";
"2315";"1";"2494";
"2315";"8";"25";
"2315";"14";"42";
"2315";"19";"52";
"2315";"49";"24690";
"2315";"54";"176";
"2315";"68";"2419";
"2315";"80";"2443";
"2315";"99";"42489";
"2315";"100";"42490";
"2315";"101";"18517";
"2316";"1";"145";
"2316";"8";"25";
"2316";"13";"40";
"2316";"17";"48";
"2316";"19";"52";
"2316";"32";"87";
"2316";"48";"75";
"2316";"54";"177";
"2316";"59";"2410";
"2316";"66";"2417";
"2316";"68";"2419";
"2316";"75";"2425";
"2316";"80";"2450";
"2316";"86";"2468";
"2316";"95";"2476";
"2316";"99";"32792";
"2316";"100";"32793";
"2316";"101";"22208";
"2317";"1";"10394";
"2317";"8";"25";
"2317";"17";"48";
"2317";"19";"52";
"2317";"48";"74";
"2317";"49";"24690";
"2317";"54";"176";
"2317";"56";"2407";
"2317";"59";"2410";
"2317";"66";"2417";
"2317";"67";"2418";
"2317";"69";"2420";
"2317";"80";"2436";
"2317";"91";"2473";
"2317";"99";"30191";
"2317";"100";"30192";
"2317";"101";"18517";
"2318";"1";"174";
"2318";"8";"25";
"2318";"17";"48";
"2318";"19";"52";
"2318";"54";"176";
"2318";"56";"2407";
"2318";"59";"2410";
"2318";"66";"2417";
"2318";"67";"2418";
"2318";"80";"2451";
"2318";"99";"32421";
"2318";"100";"32422";
"2318";"101";"18517";
"2319";"1";"127";
"2319";"13";"40";
"2319";"17";"48";
"2319";"19";"52";
"2319";"49";"133";
"2319";"54";"177";
"2319";"59";"2410";
"2319";"66";"2417";
"2319";"78";"2432";
"2319";"80";"2443";
"2319";"99";"59318";
"2319";"100";"59319";
"2320";"1";"2494";
"2320";"8";"25";
"2320";"13";"40";
"2320";"17";"48";
"2320";"19";"52";
"2320";"49";"24690";
"2320";"54";"176";
"2320";"59";"2410";
"2320";"66";"2417";
"2320";"69";"2420";
"2320";"80";"2439";
"2320";"91";"2473";
"2320";"99";"44300";
"2320";"100";"44301";
"2320";"101";"18517";
"2321";"1";"20132";
"2321";"8";"25";
"2321";"13";"40";
"2321";"17";"48";
"2321";"19";"52";
"2321";"49";"18506";
"2321";"54";"176";
"2321";"59";"2410";
"2321";"66";"2417";
"2321";"69";"2420";
"2321";"80";"2439";
"2321";"86";"2468";
"2321";"87";"2467";
"2321";"99";"60991";
"2321";"100";"60992";
"2321";"101";"18519";
"2322";"1";"187";
"2322";"8";"25";
"2322";"10";"30";
"2322";"19";"52";
"2322";"39";"79";
"2322";"49";"6206";
"2322";"54";"177";
"2322";"80";"2460";
"2322";"81";"2429";
"2322";"85";"2466";
"2322";"95";"2476";
"2322";"99";"32818";
"2322";"100";"32819";
"2322";"101";"18518";
"2323";"1";"2494";
"2323";"8";"25";
"2323";"13";"40";
"2323";"14";"42";
"2323";"17";"48";
"2323";"18";"50";
"2323";"19";"52";
"2323";"49";"146";
"2323";"54";"176";
"2323";"59";"2410";
"2323";"66";"2417";
"2323";"80";"2450";
"2323";"95";"2476";
"2323";"99";"35816";
"2323";"100";"35817";
"2324";"1";"2494";
"2324";"9";"18669";
"2324";"48";"75";
"2324";"49";"24690";
"2324";"54";"176";
"2324";"59";"2410";
"2324";"67";"2418";
"2324";"77";"2430";
"2324";"80";"2450";
"2324";"81";"2429";
"2324";"99";"28473";
"2324";"100";"28474";
"2324";"101";"18517";
"2324";"102";"18615";
"2324";"103";"18527";
"2325";"1";"145";
"2325";"8";"25";
"2325";"10";"30";
"2325";"19";"52";
"2325";"39";"79";
"2325";"49";"6206";
"2325";"54";"177";
"2325";"59";"2410";
"2325";"66";"2417";
"2325";"67";"2418";
"2325";"77";"2430";
"2325";"80";"2446";
"2325";"81";"2429";
"2325";"85";"2466";
"2325";"95";"2476";
"2325";"99";"29852";
"2325";"100";"29853";
"2325";"101";"18518";
"2326";"1";"174";
"2326";"8";"25";
"2326";"10";"30";
"2326";"17";"48";
"2326";"19";"52";
"2326";"23";"60";
"2326";"39";"79";
"2326";"49";"146";
"2326";"54";"176";
"2326";"59";"2410";
"2326";"66";"2417";
"2326";"67";"2418";
"2326";"69";"2420";
"2326";"77";"2430";
"2326";"80";"2436";
"2326";"81";"2429";
"2326";"85";"2466";
"2326";"95";"2476";
"2326";"99";"26625";
"2326";"100";"26626";
"2326";"101";"18518";
"2327";"1";"134";
"2327";"9";"18669";
"2327";"10";"30";
"2327";"13";"40";
"2327";"16";"46";
"2327";"17";"48";
"2327";"18";"50";
"2327";"21";"56";
"2327";"32";"87";
"2327";"47";"77";
"2327";"48";"75";
"2327";"49";"117";
"2327";"54";"178";
"2327";"59";"2410";
"2327";"66";"2417";
"2327";"77";"2430";
"2327";"80";"2436";
"2327";"81";"2429";
"2327";"85";"2466";
"2327";"99";"26694";
"2327";"100";"26695";
"2327";"101";"18518";
"2328";"1";"145";
"2328";"54";"177";
"2328";"56";"2407";
"2328";"59";"2410";
"2328";"66";"2417";
"2328";"68";"2419";
"2328";"77";"2430";
"2328";"80";"2445";
"2328";"81";"2429";
"2328";"86";"2468";
"2328";"87";"2467";
"2328";"95";"2476";
"2328";"99";"59294";
"2328";"100";"59295";
"2328";"101";"18519";
"2329";"1";"10394";
"2329";"17";"48";
"2329";"19";"52";
"2329";"49";"175";
"2329";"54";"178";
"2329";"56";"2407";
"2329";"59";"2410";
"2329";"66";"2417";
"2329";"67";"2418";
"2329";"80";"2439";
"2329";"91";"2473";
"2329";"99";"32409";
"2329";"100";"32410";
"2329";"101";"18517";
"2330";"1";"10394";
"2330";"17";"48";
"2330";"19";"52";
"2330";"49";"175";
"2330";"54";"178";
"2330";"56";"2407";
"2330";"59";"2410";
"2330";"66";"2417";
"2330";"67";"2418";
"2330";"80";"2439";
"2330";"91";"2473";
"2330";"99";"32411";
"2330";"100";"32412";
"2330";"101";"18517";
"2331";"1";"10394";
"2331";"8";"25";
"2331";"17";"48";
"2331";"49";"18506";
"2331";"54";"177";
"2331";"56";"2407";
"2331";"59";"2410";
"2331";"67";"2418";
"2331";"80";"2439";
"2331";"99";"32477";
"2331";"100";"32478";
"2337";"99";"42481";
"2337";"100";"42482";
"2344";"1";"174";
"2344";"8";"25";
"2344";"9";"18669";
"2344";"13";"40";
"2344";"19";"52";
"2344";"48";"75";
"2344";"54";"176";
"2344";"56";"2407";
"2344";"67";"2418";
"2344";"69";"2420";
"2344";"76";"2424";
"2344";"80";"2454";
"2344";"99";"33445";
"2344";"100";"33446";
"2344";"101";"18518";
"2344";"102";"18521";
"2345";"99";"28028";
"2345";"100";"42669";
"2346";"99";"28030";
"2346";"100";"42671";
"2347";"99";"28029";
"2347";"100";"42670";
"2348";"1";"145";
"2348";"9";"18669";
"2348";"49";"128";
"2348";"59";"2410";
"2348";"80";"2451";
"2348";"81";"2429";
"2348";"99";"32808";
"2348";"100";"42673";
"2348";"101";"18518";
"2349";"1";"6080";
"2349";"48";"65882";
"2349";"49";"124";
"2349";"54";"177";
"2349";"99";"65883";
"2349";"100";"65884";
"2349";"101";"18518";
"2351";"1";"12487";
"2351";"48";"75";
"2351";"49";"26685";
"2351";"54";"176";
"2351";"99";"49371";
"2351";"100";"49372";
"2352";"99";"47585";
"2352";"100";"47586";
"2353";"1";"181";
"2353";"48";"75";
"2353";"49";"24690";
"2353";"54";"177";
"2353";"80";"2449";
"2353";"99";"28024";
"2353";"100";"42665";
"2353";"101";"22388";
"2354";"99";"28025";
"2354";"100";"42666";
"2355";"1";"125";
"2355";"8";"25";
"2355";"48";"74";
"2355";"49";"124";
"2355";"54";"176";
"2355";"58";"2409";
"2355";"91";"2473";
"2355";"99";"48598";
"2355";"100";"48599";
"2355";"101";"22208";
"2356";"1";"13121";
"2356";"49";"18507";
"2356";"54";"176";
"2356";"99";"28383";
"2356";"100";"42668";
"2360";"1";"132";
"2360";"8";"25";
"2360";"17";"48";
"2360";"18";"50";
"2360";"19";"52";
"2360";"49";"18506";
"2360";"54";"176";
"2360";"59";"2410";
"2360";"77";"2430";
"2360";"80";"2446";
"2360";"99";"42477";
"2360";"100";"42478";
"2360";"101";"18518";
"2361";"1";"145";
"2361";"8";"25";
"2361";"9";"18614";
"2361";"13";"40";
"2361";"14";"42";
"2361";"19";"52";
"2361";"32";"87";
"2361";"49";"18507";
"2361";"54";"176";
"2361";"59";"2410";
"2361";"66";"2417";
"2361";"76";"2424";
"2361";"91";"2473";
"2361";"99";"28650";
"2361";"100";"28651";
"2361";"101";"18517";
"2361";"102";"18522";
"2362";"1";"18668";
"2362";"8";"25";
"2362";"14";"42";
"2362";"54";"176";
"2362";"56";"2407";
"2362";"67";"2418";
"2362";"80";"2445";
"2362";"85";"2466";
"2362";"91";"2473";
"2362";"95";"2476";
"2362";"99";"33456";
"2362";"100";"33457";
"2363";"59";"2410";
"2363";"61";"2412";
"2363";"99";"66643";
"2363";"100";"66644";
"2363";"101";"18518";
"2363";"102";"18522";
"2363";"103";"22393";
"2364";"1";"187";
"2364";"8";"25";
"2364";"13";"40";
"2364";"17";"48";
"2364";"19";"52";
"2364";"49";"146";
"2364";"54";"176";
"2364";"59";"2410";
"2364";"66";"2417";
"2364";"69";"2420";
"2364";"80";"2439";
"2364";"91";"2473";
"2364";"99";"26894";
"2364";"100";"26895";
"2364";"101";"18517";
"2365";"1";"10394";
"2365";"8";"25";
"2365";"17";"48";
"2365";"49";"18506";
"2365";"54";"177";
"2365";"56";"2407";
"2365";"59";"2410";
"2365";"67";"2418";
"2365";"80";"2439";
"2365";"99";"44216";
"2365";"100";"44217";
"2366";"1";"24723";
"2366";"48";"74";
"2366";"54";"178";
"2366";"99";"61582";
"2366";"100";"61583";
"2366";"102";"18615";
"2367";"99";"68027";
"2367";"100";"68028";
"2368";"1";"121";
"2368";"48";"74";
"2368";"49";"4318";
"2368";"54";"177";
"2368";"99";"60407";
"2368";"100";"60408";
"2368";"101";"18518";
"2370";"99";"28644";
"2370";"100";"28645";
"2371";"99";"32419";
"2371";"100";"32420";
"2372";"99";"32413";
"2372";"100";"32414";
"2373";"99";"63167";
"2374";"99";"38554";
"2375";"99";"38680";
"2376";"99";"38556";
"2377";"99";"38655";
"2378";"99";"38572";
"2379";"99";"38575";
"2380";"99";"38573";
"2381";"99";"38576";
"2382";"99";"38567";
"2383";"99";"59269";
"2384";"99";"38568";
"2385";"99";"38574";
"2386";"99";"47488";
"2387";"1";"132";
"2387";"49";"146";
"2387";"54";"177";
"2387";"66";"2417";
"2387";"81";"2429";
"2387";"99";"33094";
"2387";"100";"33095";
"2388";"1";"130";
"2388";"49";"128";
"2388";"54";"178";
"2388";"66";"2417";
"2388";"81";"2429";
"2388";"99";"31622";
"2388";"100";"31623";
"2389";"1";"130";
"2389";"49";"128";
"2389";"54";"178";
"2389";"66";"2417";
"2389";"81";"2429";
"2389";"99";"33086";
"2389";"100";"33087";
"2390";"1";"130";
"2390";"54";"178";
"2390";"66";"2417";
"2390";"81";"2429";
"2390";"99";"33347";
"2390";"100";"33348";
"2391";"1";"13122";
"2391";"49";"146";
"2391";"54";"178";
"2391";"66";"2417";
"2391";"81";"2429";
"2391";"99";"37881";
"2391";"100";"37882";
"2392";"1";"127";
"2392";"49";"146";
"2392";"54";"178";
"2392";"66";"2417";
"2392";"81";"2429";
"2392";"99";"33342";
"2392";"100";"33343";
"2393";"1";"13122";
"2393";"49";"133";
"2393";"54";"177";
"2393";"66";"2417";
"2393";"81";"2429";
"2393";"99";"45268";
"2393";"100";"45269";
"2394";"1";"13122";
"2394";"49";"133";
"2394";"54";"177";
"2394";"66";"2417";
"2394";"81";"2429";
"2394";"99";"33038";
"2394";"100";"33039";
"2395";"1";"135";
"2395";"49";"139";
"2395";"66";"2417";
"2395";"81";"2429";
"2395";"99";"37879";
"2395";"100";"37880";
"2396";"1";"137";
"2396";"49";"139";
"2396";"54";"178";
"2396";"66";"2417";
"2396";"81";"2429";
"2396";"99";"33345";
"2396";"100";"33346";
"2397";"1";"13122";
"2397";"49";"13125";
"2397";"54";"178";
"2397";"66";"2417";
"2397";"81";"2429";
"2397";"99";"45264";
"2397";"100";"45265";
"2398";"1";"136";
"2398";"54";"177";
"2398";"66";"2417";
"2398";"81";"2429";
"2398";"99";"53561";
"2398";"100";"53562";
"2399";"1";"134";
"2399";"49";"13125";
"2399";"54";"178";
"2399";"66";"2417";
"2399";"81";"2429";
"2399";"99";"30884";
"2399";"100";"30885";
"2400";"1";"15";
"2400";"49";"18508";
"2400";"54";"178";
"2400";"66";"2417";
"2400";"81";"2429";
"2400";"99";"33034";
"2400";"100";"33035";
"2401";"66";"2417";
"2401";"81";"2429";
"2401";"99";"33161";
"2401";"100";"33162";
"2402";"1";"134";
"2402";"49";"133";
"2402";"54";"178";
"2402";"66";"2417";
"2402";"81";"2429";
"2402";"99";"33082";
"2402";"100";"33083";
"2403";"1";"13122";
"2403";"49";"133";
"2403";"54";"177";
"2403";"66";"2417";
"2403";"81";"2429";
"2403";"99";"50126";
"2403";"100";"50127";
"2404";"99";"30782";
"2404";"100";"30783";
"2405";"99";"31971";
"2405";"100";"31972";
"2406";"99";"30330";
"2406";"100";"30331";
"2407";"99";"51598";
"2407";"100";"51599";
"2408";"8";"25";
"2408";"10";"30";
"2408";"18";"50";
"2408";"21";"56";
"2408";"32";"87";
"2408";"47";"77";
"2408";"60";"2411";
"2408";"62";"2413";
"2408";"64";"2415";
"2408";"66";"2417";
"2408";"82";"2465";
"2408";"99";"31777";
"2408";"100";"31778";
"2409";"8";"25";
"2409";"10";"30";
"2409";"18";"50";
"2409";"21";"56";
"2409";"32";"87";
"2409";"47";"77";
"2409";"60";"2411";
"2409";"62";"2413";
"2409";"64";"2415";
"2409";"66";"2417";
"2409";"82";"2465";
"2409";"99";"31869";
"2409";"100";"31870";
"2410";"8";"25";
"2410";"10";"30";
"2410";"18";"50";
"2410";"21";"56";
"2410";"32";"87";
"2410";"47";"77";
"2410";"60";"2411";
"2410";"62";"2413";
"2410";"64";"2415";
"2410";"66";"2417";
"2410";"82";"2465";
"2410";"99";"65949";
"2410";"100";"65950";
"2411";"8";"25";
"2411";"10";"30";
"2411";"18";"50";
"2411";"21";"56";
"2411";"32";"87";
"2411";"47";"77";
"2411";"60";"2411";
"2411";"62";"2413";
"2411";"64";"2415";
"2411";"66";"2417";
"2411";"82";"2465";
"2411";"99";"31997";
"2411";"100";"31998";
"2412";"8";"25";
"2412";"10";"30";
"2412";"18";"50";
"2412";"21";"56";
"2412";"32";"87";
"2412";"47";"77";
"2412";"60";"2411";
"2412";"62";"2413";
"2412";"64";"2415";
"2412";"66";"2417";
"2412";"82";"2465";
"2412";"99";"30382";
"2412";"100";"30383";
"2413";"8";"25";
"2413";"10";"30";
"2413";"18";"50";
"2413";"21";"56";
"2413";"32";"87";
"2413";"47";"77";
"2413";"60";"2411";
"2413";"62";"2413";
"2413";"64";"2415";
"2413";"66";"2417";
"2413";"82";"2465";
"2413";"99";"57927";
"2413";"100";"57928";
"2414";"1";"121";
"2414";"9";"18669";
"2414";"21";"56";
"2414";"54";"176";
"2414";"60";"2411";
"2414";"62";"2413";
"2414";"64";"2415";
"2414";"66";"2417";
"2414";"99";"32021";
"2414";"100";"32022";
"2414";"101";"18518";
"2415";"1";"142";
"2415";"9";"18669";
"2415";"21";"56";
"2415";"54";"178";
"2415";"60";"2411";
"2415";"62";"2413";
"2415";"64";"2415";
"2415";"66";"2417";
"2415";"99";"32029";
"2415";"100";"32030";
"2415";"101";"18518";
"2416";"1";"11296";
"2416";"18";"50";
"2416";"49";"6081";
"2416";"54";"177";
"2416";"60";"2411";
"2416";"66";"2417";
"2416";"77";"2430";
"2416";"82";"2465";
"2416";"83";"2464";
"2416";"99";"29556";
"2416";"100";"29557";
"2417";"1";"135";
"2417";"18";"50";
"2417";"49";"139";
"2417";"54";"177";
"2417";"60";"2411";
"2417";"66";"2417";
"2417";"77";"2430";
"2417";"82";"2465";
"2417";"83";"2464";
"2417";"99";"67553";
"2417";"100";"67554";
"2418";"1";"135";
"2418";"18";"50";
"2418";"49";"139";
"2418";"54";"177";
"2418";"60";"2411";
"2418";"66";"2417";
"2418";"77";"2430";
"2418";"82";"2465";
"2418";"83";"2464";
"2418";"99";"65839";
"2418";"100";"65840";
"2419";"1";"23997";
"2419";"8";"25";
"2419";"18";"50";
"2419";"36";"92";
"2419";"48";"75";
"2419";"49";"13280";
"2419";"54";"177";
"2419";"60";"2411";
"2419";"64";"2415";
"2419";"66";"2417";
"2419";"99";"57858";
"2419";"100";"57859";
"2419";"101";"18517";
"2419";"102";"22387";
"2420";"1";"137";
"2420";"14";"42";
"2420";"18";"50";
"2420";"49";"143";
"2420";"54";"178";
"2420";"60";"2411";
"2420";"99";"58870";
"2420";"100";"58871";
"2420";"101";"18518";
"2420";"102";"18532";
"2420";"103";"18527";
"2421";"1";"11296";
"2421";"9";"29";
"2421";"48";"74";
"2421";"49";"26685";
"2421";"54";"176";
"2421";"60";"2411";
"2421";"99";"31142";
"2421";"100";"31143";
"2421";"101";"18517";
"2422";"1";"11296";
"2422";"9";"29";
"2422";"48";"74";
"2422";"49";"6081";
"2422";"54";"176";
"2422";"80";"2448";
"2422";"99";"58894";
"2422";"100";"58895";
"2422";"101";"18517";
"2422";"104";"19118";
"2423";"1";"185";
"2423";"9";"29";
"2423";"48";"74";
"2423";"49";"4318";
"2423";"54";"176";
"2423";"99";"57955";
"2423";"100";"57956";
"2423";"101";"18517";
"2424";"1";"4279";
"2424";"9";"18669";
"2424";"48";"75";
"2424";"49";"4318";
"2424";"54";"176";
"2424";"60";"2411";
"2424";"62";"2413";
"2424";"66";"2417";
"2424";"99";"30036";
"2424";"100";"30037";
"2424";"101";"18517";
"2425";"1";"165";
"2425";"9";"18669";
"2425";"13";"40";
"2425";"21";"56";
"2425";"48";"75";
"2425";"54";"176";
"2425";"60";"2411";
"2425";"62";"2413";
"2425";"63";"2414";
"2425";"65";"2416";
"2425";"66";"2417";
"2425";"99";"42495";
"2425";"100";"42496";
"2425";"101";"18517";
"2426";"1";"165";
"2426";"9";"18669";
"2426";"13";"40";
"2426";"21";"56";
"2426";"48";"75";
"2426";"54";"176";
"2426";"60";"2411";
"2426";"62";"2413";
"2426";"63";"2414";
"2426";"65";"2416";
"2426";"66";"2417";
"2426";"99";"31354";
"2426";"100";"31355";
"2426";"101";"18517";
"2427";"1";"121";
"2427";"9";"18669";
"2427";"13";"40";
"2427";"21";"56";
"2427";"48";"75";
"2427";"49";"26685";
"2427";"54";"176";
"2427";"60";"2411";
"2427";"62";"2413";
"2427";"63";"2414";
"2427";"65";"2416";
"2427";"66";"2417";
"2427";"99";"31412";
"2427";"100";"31413";
"2427";"101";"18517";
"2428";"1";"10303";
"2428";"9";"18669";
"2428";"13";"40";
"2428";"21";"56";
"2428";"48";"75";
"2428";"49";"6027";
"2428";"54";"176";
"2428";"60";"2411";
"2428";"62";"2413";
"2428";"63";"2414";
"2428";"65";"2416";
"2428";"66";"2417";
"2428";"99";"65841";
"2428";"100";"65842";
"2428";"101";"18517";
"2429";"1";"10303";
"2429";"9";"18669";
"2429";"13";"40";
"2429";"21";"56";
"2429";"48";"75";
"2429";"49";"6027";
"2429";"54";"176";
"2429";"60";"2411";
"2429";"62";"2413";
"2429";"63";"2414";
"2429";"65";"2416";
"2429";"66";"2417";
"2429";"99";"48954";
"2429";"100";"48955";
"2429";"101";"18517";
"2430";"1";"11155";
"2430";"9";"18669";
"2430";"13";"40";
"2430";"21";"56";
"2430";"48";"75";
"2430";"49";"26685";
"2430";"54";"176";
"2430";"60";"2411";
"2430";"62";"2413";
"2430";"63";"2414";
"2430";"65";"2416";
"2430";"66";"2417";
"2430";"99";"30180";
"2430";"100";"30181";
"2430";"101";"18517";
"2431";"1";"24723";
"2431";"9";"18669";
"2431";"13";"40";
"2431";"21";"56";
"2431";"48";"75";
"2431";"49";"139";
"2431";"54";"176";
"2431";"60";"2411";
"2431";"62";"2413";
"2431";"63";"2414";
"2431";"65";"2416";
"2431";"66";"2417";
"2431";"99";"31556";
"2431";"100";"31557";
"2431";"101";"18517";
"2432";"1";"12487";
"2432";"9";"18669";
"2432";"13";"40";
"2432";"21";"56";
"2432";"48";"75";
"2432";"49";"13280";
"2432";"54";"178";
"2432";"60";"2411";
"2432";"62";"2413";
"2432";"64";"2415";
"2432";"66";"2417";
"2432";"99";"68113";
"2432";"100";"68114";
"2432";"101";"18517";
"2433";"1";"123";
"2433";"9";"27";
"2433";"10";"30";
"2433";"14";"42";
"2433";"18";"50";
"2433";"21";"56";
"2433";"32";"87";
"2433";"39";"79";
"2433";"48";"75";
"2433";"54";"178";
"2433";"60";"2411";
"2433";"62";"2413";
"2433";"63";"2414";
"2433";"65";"2416";
"2433";"66";"2417";
"2433";"82";"2465";
"2433";"85";"2466";
"2433";"96";"2478";
"2433";"99";"37239";
"2433";"100";"37240";
"2434";"66";"2417";
"2434";"78";"2432";
"2434";"80";"2444";
"2434";"81";"2429";
"2434";"99";"37417";
"2434";"100";"37418";
"2435";"54";"178";
"2435";"59";"2410";
"2435";"66";"2417";
"2435";"69";"2420";
"2435";"78";"2432";
"2435";"80";"2444";
"2435";"81";"2429";
"2435";"99";"67131";
"2435";"100";"67132";
"2436";"1";"10394";
"2436";"10";"30";
"2436";"11";"32";
"2436";"39";"79";
"2436";"48";"76";
"2436";"49";"6206";
"2436";"54";"177";
"2436";"57";"2408";
"2436";"66";"2417";
"2436";"67";"2418";
"2436";"69";"2420";
"2436";"76";"2424";
"2436";"81";"2429";
"2436";"86";"2468";
"2436";"87";"2467";
"2436";"91";"2473";
"2436";"95";"2476";
"2436";"99";"31396";
"2436";"100";"31397";
"2437";"99";"52620";
"2437";"100";"52621";
"2437";"123";"44503";
"2438";"99";"52618";
"2438";"100";"52619";
"2438";"123";"44503";
"2439";"1";"187";
"2439";"10";"30";
"2439";"11";"32";
"2439";"39";"79";
"2439";"54";"179";
"2439";"57";"2408";
"2439";"66";"2417";
"2439";"67";"2418";
"2439";"69";"2420";
"2439";"76";"2424";
"2439";"81";"2429";
"2439";"86";"2468";
"2439";"87";"2467";
"2439";"91";"2473";
"2439";"95";"2476";
"2439";"99";"44624";
"2439";"100";"44625";
"2440";"1";"187";
"2440";"10";"30";
"2440";"11";"32";
"2440";"39";"79";
"2440";"54";"179";
"2440";"57";"2408";
"2440";"66";"2417";
"2440";"67";"2418";
"2440";"69";"2420";
"2440";"76";"2424";
"2440";"80";"2456";
"2440";"81";"2429";
"2440";"86";"2468";
"2440";"87";"2467";
"2440";"91";"2473";
"2440";"95";"2476";
"2440";"99";"32087";
"2440";"100";"32088";
"2441";"1";"174";
"2441";"8";"25";
"2441";"23";"60";
"2441";"49";"24690";
"2441";"54";"176";
"2441";"59";"2410";
"2441";"69";"2420";
"2441";"77";"2430";
"2441";"80";"2436";
"2441";"99";"44626";
"2441";"100";"44627";
"2441";"101";"18519";
"2441";"102";"18532";
"2441";"103";"18524";
"2442";"1";"135";
"2442";"9";"27";
"2442";"49";"139";
"2442";"54";"177";
"2442";"99";"60139";
"2442";"100";"60140";
"2442";"101";"22208";
"2443";"1";"123";
"2443";"54";"178";
"2443";"80";"2436";
"2443";"91";"2473";
"2443";"99";"63314";
"2443";"100";"63315";
"2443";"101";"22388";
"2444";"1";"136";
"2444";"54";"176";
"2444";"91";"2473";
"2444";"99";"44298";
"2444";"100";"44299";
"2444";"101";"18518";
"2445";"1";"134";
"2445";"9";"18614";
"2445";"54";"177";
"2445";"80";"2446";
"2445";"99";"66321";
"2445";"100";"66322";
"2445";"101";"18518";
"2445";"102";"18522";
"2445";"123";"44502";
"2446";"1";"13121";
"2446";"48";"75";
"2446";"54";"177";
"2446";"80";"2443";
"2446";"99";"45170";
"2446";"100";"45171";
"2446";"101";"18517";
"2446";"102";"18522";
"2446";"103";"18525";
"2447";"1";"13122";
"2447";"54";"178";
"2447";"80";"2433";
"2447";"99";"63332";
"2447";"100";"63333";
"2447";"101";"22388";
"2448";"1";"127";
"2448";"10";"31";
"2448";"11";"33";
"2448";"13";"40";
"2448";"14";"42";
"2448";"17";"48";
"2448";"19";"52";
"2448";"32";"87";
"2448";"46";"99";
"2448";"48";"75";
"2448";"49";"128";
"2448";"54";"179";
"2448";"91";"2473";
"2448";"95";"2476";
"2448";"99";"67123";
"2448";"100";"67124";
"2449";"1";"127";
"2449";"10";"30";
"2449";"13";"40";
"2449";"14";"42";
"2449";"17";"48";
"2449";"19";"52";
"2449";"21";"56";
"2449";"39";"79";
"2449";"47";"77";
"2449";"48";"75";
"2449";"49";"128";
"2449";"54";"176";
"2449";"66";"2417";
"2449";"67";"2418";
"2449";"69";"2420";
"2449";"75";"2425";
"2449";"76";"2424";
"2449";"80";"2444";
"2449";"81";"2429";
"2449";"84";"2463";
"2449";"85";"2466";
"2449";"88";"2469";
"2449";"89";"2471";
"2449";"95";"2476";
"2449";"99";"32005";
"2449";"100";"32006";
"2450";"1";"125";
"2450";"48";"75";
"2450";"49";"124";
"2450";"54";"178";
"2450";"80";"2443";
"2450";"99";"46172";
"2450";"100";"46173";
"2450";"101";"22388";
"2450";"123";"44502";
"2451";"1";"125";
"2451";"32";"87";
"2451";"49";"139";
"2451";"54";"177";
"2451";"59";"2410";
"2451";"85";"2466";
"2451";"95";"2476";
"2451";"98";"2479";
"2451";"99";"61604";
"2451";"100";"61605";
"2451";"101";"18518";
"2451";"102";"18522";
"2452";"1";"136";
"2452";"48";"75";
"2452";"49";"115";
"2452";"54";"179";
"2452";"99";"31230";
"2452";"100";"31231";
"2452";"101";"18518";
"2453";"1";"134";
"2453";"54";"179";
"2453";"99";"30540";
"2453";"100";"30541";
"2453";"101";"18517";
"2454";"54";"178";
"2454";"59";"2410";
"2454";"66";"2417";
"2454";"80";"2444";
"2454";"81";"2429";
"2454";"99";"31600";
"2454";"100";"31601";
"2455";"1";"125";
"2455";"54";"178";
"2455";"80";"2436";
"2455";"91";"2473";
"2455";"99";"60898";
"2455";"100";"60899";
"2455";"101";"22388";
"2455";"103";"18524";
"2457";"1";"13122";
"2457";"54";"177";
"2457";"80";"2434";
"2457";"99";"45164";
"2457";"100";"45165";
"2457";"101";"22388";
"2458";"1";"181";
"2458";"8";"25";
"2458";"19";"52";
"2458";"23";"60";
"2458";"49";"6206";
"2458";"54";"176";
"2458";"59";"2410";
"2458";"67";"2418";
"2458";"80";"2438";
"2458";"81";"2429";
"2458";"86";"2468";
"2458";"89";"2471";
"2458";"91";"2473";
"2458";"99";"44220";
"2458";"100";"44221";
"2458";"101";"18518";
"2458";"103";"18524";
"2459";"99";"32001";
"2459";"100";"32002";
"2460";"1";"23076";
"2460";"54";"178";
"2460";"99";"60435";
"2460";"100";"60436";
"2460";"101";"18518";
"2461";"1";"23997";
"2461";"54";"178";
"2461";"91";"2473";
"2461";"99";"47194";
"2461";"100";"47195";
"2461";"101";"18518";
"2462";"1";"18861";
"2462";"54";"176";
"2462";"99";"31888";
"2462";"100";"31889";
"2462";"101";"18518";
"2463";"1";"125";
"2463";"8";"25";
"2463";"9";"27";
"2463";"10";"30";
"2463";"13";"40";
"2463";"39";"79";
"2463";"48";"75";
"2463";"49";"117";
"2463";"54";"176";
"2463";"59";"2410";
"2463";"83";"2464";
"2463";"99";"31955";
"2463";"100";"31956";
"2463";"104";"19118";
"2464";"1";"145";
"2464";"8";"25";
"2464";"9";"27";
"2464";"10";"30";
"2464";"13";"40";
"2464";"39";"79";
"2464";"48";"75";
"2464";"49";"133";
"2464";"54";"176";
"2464";"59";"2410";
"2464";"83";"2464";
"2464";"99";"32015";
"2464";"100";"32016";
"2464";"104";"19118";
"2465";"1";"134";
"2465";"8";"25";
"2465";"9";"27";
"2465";"10";"30";
"2465";"13";"40";
"2465";"39";"79";
"2465";"48";"75";
"2465";"49";"133";
"2465";"54";"176";
"2465";"59";"2410";
"2465";"80";"2437";
"2465";"83";"2464";
"2465";"99";"63640";
"2465";"100";"63641";
"2465";"104";"19118";
"2466";"1";"13122";
"2466";"49";"13125";
"2466";"54";"176";
"2466";"99";"42363";
"2466";"100";"42364";
"2466";"101";"22208";
"2467";"1";"138";
"2467";"8";"26";
"2467";"48";"76";
"2467";"54";"180";
"2467";"91";"2473";
"2467";"99";"66481";
"2467";"100";"66482";
"2467";"101";"18517";
"2467";"102";"18522";
"2468";"1";"24723";
"2468";"48";"75";
"2468";"54";"178";
"2468";"99";"40942";
"2468";"100";"40943";
"2468";"101";"18518";
"2469";"1";"187";
"2469";"8";"25";
"2469";"13";"40";
"2469";"17";"48";
"2469";"19";"52";
"2469";"49";"146";
"2469";"54";"176";
"2469";"59";"2410";
"2469";"66";"2417";
"2469";"69";"2420";
"2469";"80";"2439";
"2469";"91";"2473";
"2469";"99";"31386";
"2469";"100";"31387";
"2469";"101";"18517";
"2470";"1";"123";
"2470";"54";"178";
"2470";"80";"2439";
"2470";"99";"55212";
"2470";"100";"55213";
"2470";"101";"18518";
"2470";"103";"22391";
"2471";"1";"145";
"2471";"54";"176";
"2471";"59";"2410";
"2471";"66";"2417";
"2471";"80";"2444";
"2471";"81";"2429";
"2471";"99";"31515";
"2471";"100";"31516";
"2472";"1";"137";
"2472";"54";"178";
"2472";"80";"2439";
"2472";"99";"67237";
"2472";"100";"67238";
"2472";"101";"18518";
"2473";"1";"145";
"2473";"54";"177";
"2473";"80";"2450";
"2473";"99";"32043";
"2473";"100";"32044";
"2473";"101";"18518";
"2473";"103";"22393";
"2474";"1";"145";
"2474";"54";"178";
"2474";"80";"2433";
"2474";"91";"2473";
"2474";"99";"52264";
"2474";"100";"52265";
"2474";"101";"22388";
"2474";"103";"18524";
"2475";"1";"123";
"2475";"8";"25";
"2475";"9";"27";
"2475";"10";"30";
"2475";"47";"77";
"2475";"48";"76";
"2475";"54";"177";
"2475";"57";"2408";
"2475";"66";"2417";
"2475";"80";"2443";
"2475";"81";"2429";
"2475";"85";"2466";
"2475";"99";"31446";
"2475";"100";"31447";
"2476";"1";"23076";
"2476";"49";"13125";
"2476";"54";"177";
"2476";"80";"2433";
"2476";"91";"2473";
"2476";"99";"61806";
"2476";"100";"61807";
"2476";"101";"18518";
"2476";"103";"18524";
"2477";"1";"132";
"2477";"54";"176";
"2477";"59";"2410";
"2477";"66";"2417";
"2477";"81";"2429";
"2477";"99";"31486";
"2477";"100";"31487";
"2478";"1";"134";
"2478";"9";"18614";
"2478";"48";"75";
"2478";"54";"177";
"2478";"80";"2441";
"2478";"99";"66319";
"2478";"100";"66320";
"2478";"101";"18518";
"2478";"103";"22393";
"2478";"123";"44502";
"2479";"1";"136";
"2479";"54";"178";
"2479";"80";"2436";
"2479";"91";"2473";
"2479";"99";"61814";
"2479";"100";"61815";
"2479";"101";"18518";
"2479";"103";"22186";
"2480";"1";"123";
"2480";"49";"124";
"2480";"54";"178";
"2480";"59";"2410";
"2480";"66";"2417";
"2480";"81";"2429";
"2480";"99";"37139";
"2480";"100";"37140";
"2481";"1";"23076";
"2481";"54";"179";
"2481";"80";"2448";
"2481";"91";"2473";
"2481";"99";"31939";
"2481";"100";"31940";
"2481";"101";"22388";
"2482";"1";"23076";
"2482";"54";"179";
"2482";"80";"2448";
"2482";"91";"2473";
"2482";"99";"64428";
"2482";"100";"64429";
"2482";"101";"22388";
"2483";"1";"134";
"2483";"10";"30";
"2483";"14";"42";
"2483";"19";"52";
"2483";"49";"117";
"2483";"59";"2410";
"2483";"66";"2417";
"2483";"83";"2464";
"2483";"86";"2468";
"2483";"95";"2476";
"2483";"99";"32097";
"2483";"100";"32098";
"2483";"101";"18518";
"2483";"103";"18527";
"2484";"1";"134";
"2484";"54";"176";
"2484";"80";"2462";
"2484";"99";"67185";
"2484";"100";"67186";
"2484";"101";"18518";
"2485";"1";"136";
"2485";"9";"18614";
"2485";"48";"76";
"2485";"49";"13125";
"2485";"54";"176";
"2485";"80";"2448";
"2485";"81";"2429";
"2485";"99";"60829";
"2485";"100";"60830";
"2485";"101";"18518";
"2485";"102";"18615";
"2486";"1";"134";
"2486";"48";"75";
"2486";"54";"176";
"2486";"80";"2441";
"2486";"99";"57917";
"2486";"100";"57918";
"2486";"101";"18518";
"2486";"103";"22393";
"2486";"123";"44502";
"2487";"1";"168";
"2487";"48";"75";
"2487";"54";"176";
"2487";"99";"66009";
"2487";"100";"66010";
"2487";"101";"18518";
"2487";"102";"18521";
"2488";"1";"125";
"2488";"9";"18669";
"2488";"10";"30";
"2488";"13";"40";
"2488";"16";"46";
"2488";"17";"48";
"2488";"18";"50";
"2488";"21";"56";
"2488";"32";"87";
"2488";"47";"77";
"2488";"48";"76";
"2488";"54";"178";
"2488";"59";"2410";
"2488";"66";"2417";
"2488";"77";"2430";
"2488";"80";"2436";
"2488";"81";"2429";
"2488";"85";"2466";
"2488";"99";"44720";
"2488";"100";"44721";
"2488";"101";"18518";
"2489";"1";"4279";
"2489";"54";"176";
"2489";"80";"2450";
"2489";"99";"31234";
"2489";"100";"31235";
"2489";"101";"18518";
"2489";"102";"18615";
"2490";"1";"13122";
"2490";"9";"18669";
"2490";"10";"30";
"2490";"13";"40";
"2490";"16";"46";
"2490";"17";"48";
"2490";"18";"50";
"2490";"21";"56";
"2490";"32";"87";
"2490";"47";"77";
"2490";"48";"76";
"2490";"54";"178";
"2490";"59";"2410";
"2490";"66";"2417";
"2490";"77";"2430";
"2490";"80";"2436";
"2490";"81";"2429";
"2490";"85";"2466";
"2490";"99";"32069";
"2490";"100";"32070";
"2490";"101";"18518";
"2491";"1";"145";
"2491";"54";"176";
"2491";"99";"44028";
"2491";"100";"44029";
"2491";"101";"18518";
"2491";"103";"22389";
"2492";"1";"13121";
"2492";"9";"18669";
"2492";"48";"76";
"2492";"49";"23699";
"2492";"54";"176";
"2492";"59";"2410";
"2492";"80";"2434";
"2492";"99";"46429";
"2492";"100";"46430";
"2492";"101";"18518";
"2492";"102";"18532";
"2492";"103";"18527";
"2493";"1";"132";
"2493";"8";"25";
"2493";"19";"52";
"2493";"32";"88";
"2493";"36";"92";
"2493";"48";"74";
"2493";"49";"128";
"2493";"54";"178";
"2493";"58";"2409";
"2493";"67";"2418";
"2493";"91";"2473";
"2493";"98";"2479";
"2493";"99";"44230";
"2493";"100";"44231";
"2493";"101";"18518";
"2493";"102";"18522";
"2494";"1";"135";
"2494";"48";"75";
"2494";"54";"177";
"2494";"57";"2408";
"2494";"83";"2464";
"2494";"86";"2468";
"2494";"99";"31220";
"2494";"100";"31221";
"2494";"101";"18518";
"2494";"104";"19118";
"2495";"1";"138";
"2495";"48";"75";
"2495";"49";"139";
"2495";"54";"178";
"2495";"99";"66425";
"2495";"100";"66426";
"2495";"101";"18518";
"2495";"103";"18527";
"2496";"1";"140";
"2496";"49";"124";
"2496";"54";"178";
"2496";"99";"66427";
"2496";"100";"66428";
"2496";"101";"18517";
"2497";"1";"134";
"2497";"48";"74";
"2497";"54";"179";
"2497";"91";"2473";
"2497";"99";"37199";
"2497";"100";"37200";
"2497";"101";"18518";
"2498";"1";"13121";
"2498";"48";"75";
"2498";"49";"23699";
"2498";"54";"176";
"2498";"80";"2450";
"2498";"99";"31604";
"2498";"100";"31605";
"2498";"101";"18517";
"2499";"1";"137";
"2499";"48";"75";
"2499";"54";"178";
"2499";"57";"2408";
"2499";"80";"2433";
"2499";"83";"2464";
"2499";"99";"40904";
"2499";"100";"40905";
"2499";"101";"18518";
"2499";"104";"19118";
"2500";"1";"23076";
"2500";"54";"178";
"2500";"80";"2443";
"2500";"99";"31342";
"2500";"100";"31343";
"2500";"101";"18518";
"2501";"1";"123";
"2501";"48";"74";
"2501";"49";"117";
"2501";"54";"178";
"2501";"99";"63436";
"2501";"100";"63437";
"2501";"101";"22208";
"2502";"1";"125";
"2502";"8";"25";
"2502";"13";"40";
"2502";"18";"50";
"2502";"48";"75";
"2502";"49";"117";
"2502";"54";"176";
"2502";"59";"2410";
"2502";"66";"2417";
"2502";"77";"2430";
"2502";"78";"2432";
"2502";"81";"2429";
"2502";"98";"2479";
"2502";"99";"40944";
"2502";"100";"40945";
"2503";"1";"125";
"2503";"9";"18614";
"2503";"49";"117";
"2503";"54";"177";
"2503";"80";"2440";
"2503";"99";"31470";
"2503";"100";"31471";
"2503";"101";"18518";
"2503";"102";"18522";
"2503";"103";"22389";
"2504";"1";"136";
"2504";"9";"18614";
"2504";"54";"180";
"2504";"80";"2453";
"2504";"91";"2473";
"2504";"99";"64965";
"2504";"100";"64966";
"2504";"101";"18518";
"2505";"1";"134";
"2505";"9";"18669";
"2505";"48";"76";
"2505";"49";"23699";
"2505";"54";"176";
"2505";"59";"2410";
"2505";"80";"2434";
"2505";"99";"31801";
"2505";"100";"31802";
"2505";"101";"18518";
"2505";"102";"18532";
"2505";"103";"18527";
"2506";"1";"123";
"2506";"54";"179";
"2506";"80";"2451";
"2506";"99";"67139";
"2506";"100";"67140";
"2506";"101";"18518";
"2507";"1";"23076";
"2507";"8";"25";
"2507";"13";"40";
"2507";"18";"50";
"2507";"48";"75";
"2507";"54";"177";
"2507";"59";"2410";
"2507";"66";"2417";
"2507";"77";"2430";
"2507";"78";"2432";
"2507";"80";"2436";
"2507";"81";"2429";
"2507";"98";"2479";
"2507";"99";"56458";
"2507";"100";"56459";
"2508";"99";"55691";
"2508";"100";"55692";
"2508";"123";"44502";
"2509";"1";"23076";
"2509";"8";"25";
"2509";"13";"40";
"2509";"18";"50";
"2509";"48";"75";
"2509";"54";"177";
"2509";"59";"2410";
"2509";"66";"2417";
"2509";"77";"2430";
"2509";"78";"2432";
"2509";"80";"2436";
"2509";"81";"2429";
"2509";"98";"2479";
"2509";"99";"31662";
"2509";"100";"31663";
"2510";"1";"134";
"2510";"49";"117";
"2510";"54";"178";
"2510";"80";"2434";
"2510";"99";"31272";
"2510";"100";"31273";
"2510";"101";"18518";
"2511";"99";"67685";
"2511";"100";"67686";
"2512";"1";"134";
"2512";"8";"25";
"2512";"13";"40";
"2512";"18";"50";
"2512";"48";"75";
"2512";"54";"177";
"2512";"59";"2410";
"2512";"66";"2417";
"2512";"77";"2430";
"2512";"78";"2432";
"2512";"80";"2436";
"2512";"81";"2429";
"2512";"98";"2479";
"2512";"99";"31694";
"2512";"100";"31695";
"2513";"1";"145";
"2513";"49";"146";
"2513";"54";"179";
"2513";"99";"31829";
"2513";"100";"31830";
"2513";"101";"18517";
"2514";"1";"130";
"2514";"19";"52";
"2514";"49";"23699";
"2514";"54";"178";
"2514";"59";"2410";
"2514";"61";"2412";
"2514";"80";"2436";
"2514";"91";"2473";
"2514";"99";"54839";
"2514";"100";"54840";
"2514";"101";"18518";
"2514";"102";"18522";
"2514";"103";"18524";
"2515";"1";"134";
"2515";"49";"117";
"2515";"54";"178";
"2515";"80";"2434";
"2515";"99";"32077";
"2515";"100";"32078";
"2515";"101";"18518";
"2516";"1";"12487";
"2516";"48";"74";
"2516";"49";"139";
"2516";"54";"179";
"2516";"99";"63502";
"2516";"100";"63503";
"2516";"101";"18519";
"2516";"103";"18524";
"2516";"122";"19584";
"2517";"1";"137";
"2517";"54";"178";
"2517";"91";"2473";
"2517";"99";"67121";
"2517";"100";"67122";
"2517";"101";"18518";
"2518";"48";"75";
"2518";"54";"176";
"2518";"99";"52614";
"2518";"100";"52615";
"2518";"101";"18517";
"2518";"103";"18527";
"2519";"1";"136";
"2519";"49";"124";
"2519";"54";"178";
"2519";"80";"2439";
"2519";"99";"31560";
"2519";"100";"31561";
"2519";"101";"18518";
"2519";"103";"22392";
"2520";"1";"6080";
"2520";"9";"18614";
"2520";"54";"180";
"2520";"80";"2456";
"2520";"99";"67527";
"2520";"100";"67528";
"2520";"101";"18518";
"2521";"1";"135";
"2521";"9";"18614";
"2521";"54";"180";
"2521";"80";"2456";
"2521";"99";"67125";
"2521";"100";"67126";
"2521";"101";"18518";
"2522";"1";"125";
"2522";"49";"124";
"2522";"54";"178";
"2522";"80";"2436";
"2522";"99";"51478";
"2522";"100";"51479";
"2522";"101";"18518";
"2522";"102";"18522";
"2522";"103";"22393";
"2523";"1";"13122";
"2523";"48";"74";
"2523";"49";"146";
"2523";"54";"177";
"2523";"99";"64702";
"2523";"100";"64703";
"2523";"101";"18518";
"2523";"122";"19577";
"2524";"1";"140";
"2524";"54";"180";
"2524";"80";"2436";
"2524";"99";"45940";
"2524";"100";"45941";
"2524";"101";"18517";
"2524";"102";"18522";
"2525";"1";"145";
"2525";"9";"29";
"2525";"54";"176";
"2525";"80";"2455";
"2525";"99";"31300";
"2525";"100";"31301";
"2525";"101";"18518";
"2526";"1";"24723";
"2526";"54";"177";
"2526";"80";"2433";
"2526";"99";"50120";
"2526";"100";"50121";
"2526";"101";"18518";
"2527";"1";"130";
"2527";"48";"74";
"2527";"49";"13125";
"2527";"54";"176";
"2527";"99";"63232";
"2527";"100";"63233";
"2527";"101";"18518";
"2527";"122";"19597";
"2528";"1";"137";
"2528";"48";"75";
"2528";"49";"139";
"2528";"54";"177";
"2528";"99";"44490";
"2528";"100";"44491";
"2528";"101";"22388";
"2528";"102";"18522";
"2528";"103";"22393";
"2529";"1";"10303";
"2529";"54";"177";
"2529";"80";"2455";
"2529";"99";"31338";
"2529";"100";"31339";
"2529";"101";"18518";
"2531";"1";"4279";
"2531";"54";"180";
"2531";"99";"31362";
"2531";"100";"31363";
"2531";"101";"18517";
"2531";"103";"22393";
"2532";"1";"4279";
"2532";"48";"76";
"2532";"54";"179";
"2532";"85";"2466";
"2532";"91";"2473";
"2532";"99";"40946";
"2532";"100";"40947";
"2532";"101";"18518";
"2533";"54";"180";
"2533";"80";"2439";
"2533";"99";"66509";
"2533";"100";"66510";
"2533";"101";"18518";
"2533";"103";"18525";
"2534";"1";"123";
"2534";"54";"179";
"2534";"99";"67535";
"2534";"100";"67536";
"2534";"101";"18517";
"2534";"102";"18522";
"2535";"1";"134";
"2535";"8";"25";
"2535";"13";"40";
"2535";"18";"50";
"2535";"48";"75";
"2535";"54";"177";
"2535";"59";"2410";
"2535";"66";"2417";
"2535";"77";"2430";
"2535";"78";"2432";
"2535";"80";"2436";
"2535";"81";"2429";
"2535";"98";"2479";
"2535";"99";"31688";
"2535";"100";"31689";
"2536";"1";"18533";
"2536";"48";"75";
"2536";"49";"115";
"2536";"54";"177";
"2536";"59";"2410";
"2536";"60";"2411";
"2536";"89";"2471";
"2536";"96";"2478";
"2536";"98";"2479";
"2536";"99";"32115";
"2536";"100";"32116";
"2536";"101";"22388";
"2536";"102";"18522";
"2536";"103";"22393";
"2537";"1";"135";
"2537";"48";"75";
"2537";"49";"124";
"2537";"54";"177";
"2537";"59";"2410";
"2537";"60";"2411";
"2537";"89";"2471";
"2537";"96";"2478";
"2537";"98";"2479";
"2537";"99";"35762";
"2537";"100";"35763";
"2537";"101";"22388";
"2537";"102";"18522";
"2537";"103";"22393";
"2538";"99";"31781";
"2538";"100";"31782";
"2539";"99";"31785";
"2539";"100";"31786";
"2540";"99";"31789";
"2540";"100";"31790";
"2541";"99";"44754";
"2541";"100";"44755";
"2542";"99";"33639";
"2542";"100";"33640";
"2543";"99";"33635";
"2543";"100";"33636";
"2544";"99";"31821";
"2544";"100";"31822";
"2545";"99";"33633";
"2545";"100";"33634";
"2546";"99";"33637";
"2546";"100";"33638";
"2547";"99";"31855";
"2547";"100";"31856";
"2548";"99";"31863";
"2548";"100";"31864";
"2549";"60";"2411";
"2549";"99";"65153";
"2549";"100";"65154";
"2550";"60";"2411";
"2550";"99";"65155";
"2550";"100";"65156";
"2551";"60";"2411";
"2551";"99";"32926";
"2551";"100";"32927";
"2552";"1";"127";
"2552";"8";"25";
"2552";"13";"40";
"2552";"17";"48";
"2552";"19";"52";
"2552";"54";"176";
"2552";"56";"2407";
"2552";"59";"2410";
"2552";"66";"2417";
"2552";"67";"2418";
"2552";"80";"2436";
"2552";"99";"32178";
"2552";"100";"32179";
"2552";"101";"18517";
"2553";"1";"10394";
"2553";"8";"25";
"2553";"32";"87";
"2553";"49";"24690";
"2553";"54";"176";
"2553";"56";"2407";
"2553";"59";"2410";
"2553";"66";"2417";
"2553";"67";"2418";
"2553";"68";"2419";
"2553";"69";"2420";
"2553";"80";"2436";
"2553";"99";"32685";
"2553";"100";"32686";
"2554";"60";"2411";
"2554";"99";"65151";
"2554";"100";"65152";
"2554";"104";"19118";
"2555";"1";"135";
"2555";"54";"177";
"2555";"60";"2411";
"2555";"99";"45959";
"2555";"100";"45960";
"2555";"101";"18517";
"2555";"102";"18522";
"2555";"104";"19118";
"2556";"60";"2411";
"2556";"99";"32741";
"2556";"100";"32742";
"2556";"104";"19118";
"2557";"60";"2411";
"2557";"99";"32238";
"2557";"100";"32239";
"2557";"104";"19118";
"2558";"60";"2411";
"2558";"99";"32749";
"2558";"100";"32750";
"2558";"104";"19118";
"2559";"60";"2411";
"2559";"99";"32254";
"2559";"100";"32255";
"2559";"104";"19118";
"2560";"60";"2411";
"2560";"99";"32264";
"2560";"100";"32265";
"2560";"104";"19118";
"2561";"60";"2411";
"2561";"99";"32274";
"2561";"100";"32275";
"2561";"104";"19118";
"2562";"99";"32300";
"2562";"100";"32301";
"2562";"104";"19118";
"2563";"99";"32989";
"2563";"100";"32990";
"2563";"104";"19118";
"2564";"60";"2411";
"2564";"99";"32312";
"2564";"100";"32313";
"2564";"104";"19118";
"2565";"59";"2410";
"2565";"99";"32918";
"2565";"100";"32919";
"2565";"104";"19118";
"2566";"1";"187";
"2566";"49";"13125";
"2566";"54";"178";
"2566";"59";"2410";
"2566";"61";"2412";
"2566";"66";"2417";
"2566";"91";"2473";
"2566";"99";"54985";
"2566";"100";"54986";
"2566";"101";"18518";
"2566";"102";"18522";
"2566";"103";"22393";
"2567";"1";"18668";
"2567";"48";"76";
"2567";"54";"177";
"2567";"59";"2410";
"2567";"66";"2417";
"2567";"67";"2418";
"2567";"80";"2439";
"2567";"99";"32337";
"2567";"100";"32338";
"2568";"1";"132";
"2568";"8";"25";
"2568";"17";"48";
"2568";"18";"50";
"2568";"19";"52";
"2568";"49";"18506";
"2568";"54";"176";
"2568";"59";"2410";
"2568";"77";"2430";
"2568";"80";"2446";
"2568";"99";"32349";
"2568";"100";"32350";
"2568";"101";"18518";
"2569";"99";"32364";
"2569";"100";"32365";
"2570";"99";"54536";
"2571";"99";"38577";
"2573";"99";"38558";
"2574";"99";"38581";
"2575";"99";"38580";
"2576";"99";"38564";
"2577";"99";"38681";
"2578";"99";"38682";
"2579";"1";"127";
"2579";"8";"25";
"2579";"13";"40";
"2579";"17";"48";
"2579";"19";"52";
"2579";"32";"87";
"2579";"48";"75";
"2579";"49";"133";
"2579";"54";"177";
"2579";"59";"2410";
"2579";"66";"2417";
"2579";"68";"2419";
"2579";"75";"2425";
"2579";"80";"2434";
"2579";"86";"2468";
"2579";"87";"2467";
"2579";"95";"2476";
"2579";"99";"32794";
"2579";"100";"32795";
"2579";"101";"18519";
"2580";"1";"125";
"2580";"13";"40";
"2580";"18";"50";
"2580";"48";"76";
"2580";"54";"176";
"2580";"59";"2410";
"2580";"99";"58637";
"2580";"100";"58638";
"2580";"123";"44500";
"2581";"1";"145";
"2581";"8";"25";
"2581";"10";"30";
"2581";"13";"40";
"2581";"23";"60";
"2581";"39";"79";
"2581";"45";"98";
"2581";"47";"77";
"2581";"48";"76";
"2581";"49";"117";
"2581";"54";"177";
"2581";"59";"2410";
"2581";"66";"2417";
"2581";"69";"2420";
"2581";"75";"2425";
"2581";"80";"2450";
"2581";"83";"2464";
"2581";"86";"2468";
"2581";"87";"2467";
"2581";"88";"2469";
"2581";"99";"44952";
"2581";"100";"44953";
"2581";"101";"18518";
"2582";"1";"123";
"2582";"48";"75";
"2582";"49";"124";
"2582";"54";"178";
"2582";"80";"2448";
"2582";"99";"55420";
"2582";"100";"55421";
"2582";"101";"22390";
"2583";"99";"60987";
"2583";"100";"60988";
"2584";"1";"18533";
"2584";"57";"2408";
"2584";"80";"2444";
"2584";"86";"2468";
"2584";"95";"2476";
"2584";"99";"32582";
"2584";"100";"32583";
"2585";"1";"32597";
"2585";"49";"32598";
"2585";"54";"177";
"2585";"80";"2450";
"2585";"99";"34487";
"2585";"100";"34488";
"2586";"1";"125";
"2586";"48";"76";
"2586";"49";"117";
"2586";"54";"176";
"2586";"80";"2445";
"2586";"99";"59381";
"2586";"100";"59382";
"2586";"101";"22208";
"2586";"102";"18522";
"2586";"123";"44503";
"2587";"1";"18861";
"2587";"48";"75";
"2587";"49";"18506";
"2587";"54";"177";
"2587";"99";"32845";
"2587";"100";"32846";
"2587";"101";"18518";
"2588";"1";"127";
"2588";"13";"40";
"2588";"17";"48";
"2588";"19";"52";
"2588";"54";"179";
"2588";"59";"2410";
"2588";"66";"2417";
"2588";"67";"2418";
"2588";"68";"2419";
"2588";"78";"2432";
"2588";"80";"2446";
"2588";"91";"2473";
"2588";"99";"59240";
"2588";"100";"59241";
"2589";"1";"145";
"2589";"8";"25";
"2589";"13";"40";
"2589";"17";"48";
"2589";"19";"52";
"2589";"32";"87";
"2589";"48";"75";
"2589";"49";"133";
"2589";"54";"176";
"2589";"59";"2410";
"2589";"66";"2417";
"2589";"68";"2419";
"2589";"75";"2425";
"2589";"80";"2434";
"2589";"86";"2468";
"2589";"87";"2467";
"2589";"95";"2476";
"2589";"99";"46431";
"2589";"100";"46432";
"2589";"101";"18519";
"2590";"1";"187";
"2590";"19";"52";
"2590";"49";"146";
"2590";"54";"177";
"2590";"59";"2410";
"2590";"80";"2440";
"2590";"91";"2473";
"2590";"99";"33000";
"2590";"100";"33001";
"2590";"101";"18519";
"2590";"103";"18524";
"2591";"1";"123";
"2591";"54";"178";
"2591";"59";"2410";
"2591";"66";"2417";
"2591";"80";"2455";
"2591";"81";"2429";
"2591";"99";"35329";
"2591";"100";"35330";
"2592";"1";"145";
"2592";"8";"25";
"2592";"10";"30";
"2592";"48";"75";
"2592";"54";"178";
"2592";"59";"2410";
"2592";"78";"2432";
"2592";"80";"2443";
"2592";"81";"2429";
"2592";"85";"2466";
"2592";"86";"2468";
"2592";"99";"33108";
"2592";"100";"33109";
"2593";"1";"171";
"2593";"8";"25";
"2593";"9";"27";
"2593";"10";"30";
"2593";"11";"32";
"2593";"39";"79";
"2593";"47";"77";
"2593";"48";"75";
"2593";"54";"179";
"2593";"56";"2407";
"2593";"67";"2418";
"2593";"69";"2420";
"2593";"80";"2450";
"2593";"85";"2466";
"2593";"89";"2471";
"2593";"99";"46833";
"2593";"100";"46834";
"2594";"1";"171";
"2594";"8";"25";
"2594";"9";"27";
"2594";"10";"30";
"2594";"11";"32";
"2594";"39";"79";
"2594";"47";"77";
"2594";"48";"75";
"2594";"54";"178";
"2594";"56";"2407";
"2594";"67";"2418";
"2594";"69";"2420";
"2594";"80";"2446";
"2594";"85";"2466";
"2594";"89";"2471";
"2594";"99";"46991";
"2594";"100";"46992";
"2594";"101";"18517";
"2594";"102";"18522";
"2595";"1";"33132";
"2595";"8";"25";
"2595";"9";"27";
"2595";"10";"30";
"2595";"11";"32";
"2595";"39";"79";
"2595";"47";"77";
"2595";"48";"75";
"2595";"54";"179";
"2595";"56";"2407";
"2595";"67";"2418";
"2595";"69";"2420";
"2595";"80";"2446";
"2595";"85";"2466";
"2595";"89";"2471";
"2595";"99";"46837";
"2595";"100";"46838";
"2596";"1";"187";
"2596";"19";"52";
"2596";"54";"178";
"2596";"56";"2407";
"2596";"59";"2410";
"2596";"80";"2456";
"2596";"99";"36559";
"2596";"100";"36560";
"2598";"1";"134";
"2598";"8";"25";
"2598";"18";"50";
"2598";"48";"74";
"2598";"49";"13125";
"2598";"54";"176";
"2598";"58";"2409";
"2598";"60";"2411";
"2598";"99";"57790";
"2598";"100";"57791";
"2598";"101";"18518";
"2599";"1";"145";
"2599";"9";"18669";
"2599";"10";"30";
"2599";"13";"40";
"2599";"16";"46";
"2599";"48";"74";
"2599";"49";"139";
"2599";"54";"176";
"2599";"58";"2409";
"2599";"59";"2410";
"2599";"66";"2417";
"2599";"67";"2418";
"2599";"69";"2420";
"2599";"83";"2464";
"2599";"85";"2466";
"2599";"88";"2469";
"2599";"89";"2471";
"2599";"91";"2473";
"2599";"95";"2476";
"2599";"98";"2479";
"2599";"99";"60037";
"2599";"100";"60038";
"2599";"101";"18517";
"2599";"102";"18615";
"2599";"103";"18524";
"2600";"99";"34515";
"2601";"99";"38579";
"2602";"99";"38559";
"2603";"99";"34519";
"2604";"99";"34506";
"2605";"99";"38571";
"2606";"99";"34516";
"2607";"99";"34504";
"2608";"99";"35417";
"2609";"99";"34502";
"2610";"99";"38582";
"2611";"99";"47485";
"2612";"99";"61510";
"2613";"1";"168";
"2613";"18";"50";
"2613";"49";"122";
"2613";"54";"178";
"2613";"60";"2411";
"2613";"91";"2473";
"2613";"99";"66349";
"2613";"100";"66350";
"2613";"101";"18518";
"2613";"102";"18522";
"2614";"99";"34499";
"2615";"99";"38562";
"2616";"99";"34518";
"2617";"99";"34498";
"2618";"99";"34521";
"2619";"99";"34517";
"2620";"99";"34514";
"2621";"99";"34520";
"2622";"99";"34503";
"2623";"99";"34501";
"2624";"99";"34500";
"2625";"99";"64453";
"2626";"99";"38662";
"2627";"99";"38663";
"2628";"99";"34513";
"2629";"99";"38640";
"2630";"99";"34512";
"2631";"99";"61525";
"2632";"1";"33296";
"2632";"49";"23699";
"2632";"54";"177";
"2632";"99";"45670";
"2632";"100";"45671";
"2632";"101";"18517";
"2632";"102";"18522";
"2633";"1";"125";
"2633";"9";"18669";
"2633";"48";"76";
"2633";"54";"176";
"2633";"59";"2410";
"2633";"66";"2417";
"2633";"73";"2428";
"2633";"75";"2425";
"2633";"80";"2437";
"2633";"99";"58942";
"2633";"100";"58943";
"2633";"101";"18518";
"2633";"102";"18532";
"2633";"103";"18527";
"2634";"99";"34446";
"2635";"1";"134";
"2635";"49";"117";
"2635";"54";"178";
"2635";"80";"2444";
"2635";"81";"2429";
"2635";"99";"65099";
"2635";"100";"65100";
"2635";"101";"18518";
"2635";"123";"44498";
"2636";"99";"38585";
"2637";"99";"38586";
"2639";"1";"136";
"2639";"48";"75";
"2639";"49";"143";
"2639";"54";"177";
"2639";"99";"66533";
"2639";"100";"66534";
"2639";"101";"18518";
"2639";"102";"18522";
"2639";"122";"19604";
"2640";"99";"57407";
"2640";"100";"57408";
"2641";"99";"68127";
"2641";"100";"68128";
"2642";"1";"125";
"2642";"49";"139";
"2642";"54";"176";
"2642";"99";"64440";
"2642";"100";"64441";
"2642";"101";"18518";
"2642";"102";"18521";
"2643";"1";"24723";
"2643";"49";"139";
"2643";"99";"34169";
"2643";"100";"34170";
"2644";"1";"12487";
"2644";"99";"57995";
"2644";"100";"57996";
"2644";"101";"18518";
"2644";"102";"18522";
"2645";"1";"125";
"2645";"8";"25";
"2645";"13";"40";
"2645";"18";"50";
"2645";"21";"56";
"2645";"49";"124";
"2645";"54";"176";
"2645";"58";"2409";
"2645";"59";"2410";
"2645";"60";"2411";
"2645";"64";"2415";
"2645";"66";"2417";
"2645";"67";"2418";
"2645";"68";"2419";
"2645";"99";"60539";
"2645";"100";"60540";
"2645";"101";"18517";
"2646";"1";"137";
"2646";"9";"18614";
"2646";"48";"76";
"2646";"54";"177";
"2646";"80";"2444";
"2646";"81";"2429";
"2646";"99";"61373";
"2646";"100";"61374";
"2646";"101";"22386";
"2646";"102";"18522";
"2646";"123";"44503";
"2647";"1";"2494";
"2647";"9";"29";
"2647";"48";"76";
"2647";"54";"176";
"2647";"99";"46928";
"2647";"101";"18517";
"2648";"1";"13121";
"2648";"49";"23699";
"2648";"54";"177";
"2648";"99";"44826";
"2648";"100";"44827";
"2649";"99";"65233";
"2649";"100";"65234";
"2650";"1";"11155";
"2650";"48";"75";
"2650";"49";"6027";
"2650";"54";"178";
"2650";"80";"2440";
"2650";"99";"50090";
"2650";"100";"50091";
"2650";"101";"18518";
"2651";"1";"187";
"2651";"48";"74";
"2651";"49";"117";
"2651";"54";"177";
"2651";"99";"66007";
"2651";"100";"66008";
"2651";"101";"18517";
"2652";"1";"185";
"2652";"48";"75";
"2652";"54";"178";
"2652";"80";"2439";
"2652";"99";"65691";
"2652";"100";"65692";
"2652";"101";"18517";
"2653";"1";"121";
"2653";"48";"75";
"2653";"49";"4318";
"2653";"54";"177";
"2653";"99";"59074";
"2653";"100";"59075";
"2653";"101";"18518";
"2654";"1";"125";
"2654";"49";"117";
"2654";"54";"177";
"2654";"99";"61013";
"2654";"100";"61014";
"2654";"101";"18518";
"2654";"102";"18522";
"2655";"1";"134";
"2655";"48";"74";
"2655";"49";"133";
"2655";"54";"177";
"2655";"99";"64706";
"2655";"100";"64707";
"2655";"101";"18518";
"2656";"1";"145";
"2656";"48";"74";
"2656";"49";"146";
"2656";"54";"178";
"2656";"99";"44338";
"2656";"100";"44339";
"2656";"101";"18517";
"2656";"122";"19597";
"2657";"99";"34508";
"2658";"99";"38641";
"2659";"99";"34509";
"2660";"99";"38733";
"2661";"1";"136";
"2661";"48";"74";
"2661";"49";"23699";
"2661";"54";"177";
"2661";"99";"64704";
"2661";"100";"64705";
"2661";"101";"18518";
"2661";"122";"19602";
"2662";"1";"125";
"2662";"48";"74";
"2662";"49";"124";
"2662";"54";"177";
"2662";"99";"60715";
"2662";"100";"60716";
"2662";"101";"18518";
"2662";"102";"18522";
"2663";"1";"132";
"2663";"48";"74";
"2663";"49";"23699";
"2663";"54";"177";
"2663";"99";"64710";
"2663";"100";"64711";
"2663";"101";"18518";
"2663";"102";"18522";
"2663";"122";"19599";
"2664";"1";"140";
"2664";"49";"143";
"2664";"54";"178";
"2664";"85";"2466";
"2664";"99";"56891";
"2664";"100";"56892";
"2664";"101";"18517";
"2664";"122";"19584";
"2665";"1";"123";
"2665";"49";"139";
"2665";"54";"178";
"2665";"80";"2433";
"2665";"99";"56883";
"2665";"100";"56884";
"2665";"101";"18517";
"2665";"102";"18522";
"2666";"1";"4279";
"2666";"49";"139";
"2666";"54";"178";
"2666";"99";"57913";
"2666";"100";"57914";
"2666";"101";"18517";
"2667";"1";"181";
"2667";"48";"75";
"2667";"54";"178";
"2667";"99";"34631";
"2667";"100";"34632";
"2667";"101";"18518";
"2668";"1";"116";
"2668";"54";"177";
"2668";"99";"34637";
"2668";"100";"34638";
"2668";"101";"18518";
"2669";"1";"127";
"2669";"48";"75";
"2669";"49";"23699";
"2669";"54";"178";
"2669";"99";"48314";
"2669";"100";"48315";
"2669";"101";"18518";
"2670";"1";"13122";
"2670";"48";"75";
"2670";"49";"13125";
"2670";"54";"176";
"2670";"99";"55288";
"2670";"100";"55289";
"2670";"101";"18517";
"2671";"1";"18533";
"2671";"48";"75";
"2671";"49";"124";
"2671";"54";"178";
"2671";"99";"36403";
"2671";"100";"36404";
"2671";"101";"18518";
"2672";"1";"18533";
"2672";"49";"117";
"2672";"54";"179";
"2672";"80";"2451";
"2672";"99";"36399";
"2672";"100";"36400";
"2672";"101";"18518";
"2673";"1";"125";
"2673";"48";"75";
"2673";"49";"117";
"2673";"54";"179";
"2673";"80";"2451";
"2673";"99";"42393";
"2673";"100";"42394";
"2673";"101";"18518";
"2674";"1";"13122";
"2674";"48";"75";
"2674";"49";"117";
"2674";"54";"177";
"2674";"99";"44980";
"2674";"100";"44981";
"2674";"101";"18517";
"2675";"1";"137";
"2675";"48";"75";
"2675";"49";"139";
"2675";"54";"178";
"2675";"99";"53857";
"2675";"100";"53858";
"2675";"101";"18517";
"2676";"1";"18533";
"2676";"48";"74";
"2676";"49";"124";
"2676";"54";"178";
"2676";"99";"67261";
"2676";"100";"67262";
"2676";"122";"19584";
"2677";"1";"185";
"2677";"48";"76";
"2677";"49";"170";
"2677";"54";"178";
"2677";"99";"34713";
"2677";"100";"34714";
"2677";"101";"18517";
"2678";"1";"134";
"2678";"48";"75";
"2678";"49";"117";
"2678";"54";"178";
"2678";"99";"36485";
"2678";"100";"36486";
"2678";"101";"18518";
"2679";"1";"18533";
"2679";"8";"26";
"2679";"48";"75";
"2679";"80";"2442";
"2679";"99";"36371";
"2679";"100";"36372";
"2679";"101";"18518";
"2680";"1";"18533";
"2680";"8";"26";
"2680";"48";"75";
"2680";"49";"146";
"2680";"99";"36367";
"2680";"100";"36368";
"2680";"101";"18518";
"2681";"1";"123";
"2681";"8";"26";
"2681";"48";"75";
"2681";"49";"146";
"2681";"99";"36361";
"2681";"100";"36362";
"2681";"101";"18518";
"2682";"1";"125";
"2682";"8";"26";
"2682";"48";"76";
"2682";"49";"146";
"2682";"99";"55561";
"2682";"100";"55562";
"2682";"101";"18518";
"2683";"1";"123";
"2683";"8";"26";
"2683";"48";"76";
"2683";"49";"146";
"2683";"99";"36347";
"2683";"100";"36348";
"2683";"101";"18518";
"2684";"1";"18533";
"2684";"8";"26";
"2684";"48";"76";
"2684";"49";"146";
"2684";"99";"67239";
"2684";"100";"67240";
"2684";"101";"18518";
"2685";"1";"18533";
"2685";"8";"26";
"2685";"48";"76";
"2685";"49";"146";
"2685";"80";"2444";
"2685";"99";"36343";
"2685";"100";"36344";
"2685";"101";"18518";
"2686";"1";"4279";
"2686";"48";"76";
"2686";"49";"146";
"2686";"99";"67243";
"2686";"100";"67244";
"2686";"101";"18518";
"2687";"1";"134";
"2687";"8";"26";
"2687";"48";"75";
"2687";"49";"133";
"2687";"54";"180";
"2687";"99";"35853";
"2687";"100";"35854";
"2687";"101";"18517";
"2688";"1";"125";
"2688";"48";"76";
"2688";"54";"177";
"2688";"80";"2437";
"2688";"99";"44724";
"2688";"100";"44725";
"2688";"101";"18518";
"2689";"1";"134";
"2689";"48";"76";
"2689";"49";"117";
"2689";"54";"177";
"2689";"80";"2436";
"2689";"99";"45815";
"2689";"100";"45816";
"2689";"101";"18518";
"2689";"102";"18522";
"2691";"1";"123";
"2691";"48";"75";
"2691";"49";"115";
"2691";"54";"177";
"2691";"80";"2436";
"2691";"99";"51558";
"2691";"100";"51559";
"2691";"101";"18517";
"2691";"122";"19582";
"2692";"1";"15";
"2692";"48";"74";
"2692";"49";"18507";
"2692";"54";"177";
"2692";"99";"38132";
"2692";"100";"38133";
"2692";"101";"18518";
"2692";"122";"19601";
"2693";"1";"137";
"2693";"48";"75";
"2693";"49";"139";
"2693";"54";"179";
"2693";"99";"36287";
"2693";"100";"36288";
"2693";"101";"18518";
"2694";"1";"135";
"2694";"48";"76";
"2694";"49";"124";
"2694";"54";"177";
"2694";"99";"37153";
"2694";"100";"37154";
"2695";"1";"136";
"2695";"48";"74";
"2695";"49";"146";
"2695";"54";"176";
"2695";"80";"2436";
"2695";"99";"67197";
"2695";"100";"67198";
"2695";"101";"22208";
"2696";"1";"10303";
"2696";"48";"75";
"2696";"49";"4318";
"2696";"54";"177";
"2696";"99";"44104";
"2696";"100";"44105";
"2696";"101";"18518";
"2697";"1";"136";
"2697";"48";"75";
"2697";"49";"117";
"2697";"54";"176";
"2697";"99";"36275";
"2697";"100";"36276";
"2697";"101";"18517";
"2697";"122";"19604";
"2698";"1";"135";
"2698";"48";"75";
"2698";"54";"178";
"2698";"80";"2452";
"2698";"99";"36283";
"2698";"100";"36284";
"2698";"101";"18518";
"2699";"1";"136";
"2699";"48";"75";
"2699";"49";"115";
"2699";"54";"178";
"2699";"80";"2446";
"2699";"99";"45899";
"2699";"100";"45900";
"2699";"101";"22208";
"2699";"123";"44501";
"2700";"1";"134";
"2700";"48";"76";
"2700";"49";"13125";
"2700";"54";"179";
"2700";"80";"2441";
"2700";"99";"44284";
"2700";"100";"44285";
"2700";"101";"18518";
"2700";"123";"44502";
"2701";"1";"13122";
"2701";"48";"75";
"2701";"49";"133";
"2701";"54";"177";
"2701";"99";"46059";
"2701";"100";"46060";
"2701";"123";"44502";
"2702";"1";"125";
"2702";"48";"75";
"2702";"49";"124";
"2702";"54";"178";
"2702";"80";"2444";
"2702";"99";"67195";
"2702";"100";"67196";
"2702";"101";"18518";
"2702";"123";"44504";
"2703";"1";"125";
"2703";"48";"75";
"2703";"49";"117";
"2703";"54";"178";
"2703";"80";"2450";
"2703";"99";"40954";
"2703";"100";"40955";
"2703";"101";"18518";
"2703";"123";"44504";
"2704";"1";"125";
"2704";"48";"75";
"2704";"49";"117";
"2704";"54";"178";
"2704";"80";"2434";
"2704";"99";"67193";
"2704";"100";"67194";
"2704";"101";"18518";
"2704";"123";"44504";
"2705";"1";"4279";
"2705";"49";"139";
"2705";"54";"180";
"2705";"80";"2444";
"2705";"99";"61632";
"2705";"100";"61633";
"2705";"101";"18518";
"2706";"1";"123";
"2706";"48";"75";
"2706";"54";"179";
"2706";"80";"2436";
"2706";"99";"57033";
"2706";"100";"57034";
"2706";"101";"18518";
"2708";"1";"135";
"2708";"48";"75";
"2708";"49";"139";
"2708";"54";"179";
"2708";"80";"2440";
"2708";"99";"44226";
"2708";"100";"44227";
"2708";"101";"18518";
"2709";"1";"138";
"2709";"48";"75";
"2709";"49";"4318";
"2709";"54";"178";
"2709";"80";"2440";
"2709";"99";"44120";
"2709";"100";"44121";
"2709";"101";"18518";
"2710";"1";"24723";
"2710";"48";"75";
"2710";"49";"6081";
"2710";"54";"177";
"2710";"80";"2440";
"2710";"99";"44100";
"2710";"100";"44101";
"2710";"101";"18518";
"2711";"1";"138";
"2711";"48";"75";
"2711";"49";"4318";
"2711";"54";"179";
"2711";"80";"2450";
"2711";"99";"36690";
"2711";"100";"36691";
"2711";"101";"18518";
"2712";"1";"11296";
"2712";"49";"143";
"2712";"54";"178";
"2712";"80";"2448";
"2712";"99";"42449";
"2712";"100";"42450";
"2712";"101";"18518";
"2712";"102";"18522";
"2713";"1";"138";
"2713";"49";"170";
"2713";"54";"178";
"2713";"80";"2448";
"2713";"99";"36895";
"2713";"100";"36896";
"2713";"101";"18518";
"2714";"1";"125";
"2714";"49";"117";
"2714";"54";"177";
"2714";"80";"2462";
"2714";"99";"56353";
"2714";"100";"56354";
"2714";"101";"18518";
"2715";"1";"123";
"2715";"49";"124";
"2715";"54";"178";
"2715";"99";"55701";
"2715";"100";"55702";
"2715";"101";"18518";
"2716";"1";"13121";
"2716";"48";"75";
"2716";"49";"23699";
"2716";"54";"177";
"2716";"80";"2450";
"2716";"99";"55699";
"2716";"100";"55700";
"2716";"101";"18518";
"2717";"1";"13122";
"2717";"48";"74";
"2717";"49";"23698";
"2717";"54";"178";
"2717";"80";"2451";
"2717";"86";"2468";
"2717";"99";"61690";
"2717";"100";"61691";
"2717";"101";"22386";
"2718";"1";"134";
"2718";"48";"74";
"2718";"49";"117";
"2718";"54";"176";
"2718";"99";"36708";
"2718";"100";"36709";
"2718";"101";"18518";
"2719";"1";"18861";
"2719";"49";"18507";
"2719";"54";"176";
"2719";"80";"2444";
"2719";"99";"55737";
"2719";"100";"55738";
"2719";"101";"18518";
"2720";"1";"23076";
"2720";"49";"23698";
"2720";"54";"177";
"2720";"80";"2456";
"2720";"99";"55681";
"2720";"100";"55682";
"2720";"101";"18518";
"2721";"1";"13121";
"2721";"49";"23699";
"2721";"54";"177";
"2721";"80";"2456";
"2721";"99";"55687";
"2721";"100";"55688";
"2721";"101";"18517";
"2722";"1";"123";
"2722";"49";"124";
"2722";"54";"178";
"2722";"80";"2433";
"2722";"99";"37147";
"2722";"100";"37148";
"2722";"101";"18518";
"2723";"1";"135";
"2723";"49";"139";
"2723";"54";"178";
"2723";"80";"2433";
"2723";"99";"54818";
"2723";"100";"54819";
"2723";"101";"22388";
"2723";"122";"19582";
"2724";"1";"123";
"2724";"49";"139";
"2724";"54";"178";
"2724";"80";"2433";
"2724";"99";"63362";
"2724";"100";"63363";
"2724";"101";"18518";
"2724";"122";"19582";
"2725";"1";"123";
"2725";"49";"139";
"2725";"54";"178";
"2725";"80";"2433";
"2725";"99";"52262";
"2725";"100";"52263";
"2725";"101";"18518";
"2726";"1";"136";
"2726";"49";"6081";
"2726";"54";"178";
"2726";"80";"2436";
"2726";"99";"35969";
"2726";"100";"35970";
"2726";"101";"18517";
"2727";"1";"121";
"2727";"49";"170";
"2727";"54";"179";
"2727";"80";"2439";
"2727";"99";"35120";
"2727";"100";"35121";
"2727";"101";"18517";
"2728";"1";"130";
"2728";"49";"18507";
"2728";"54";"178";
"2728";"80";"2444";
"2728";"99";"54493";
"2728";"100";"54494";
"2728";"101";"18517";
"2729";"1";"4279";
"2729";"48";"76";
"2729";"49";"6081";
"2729";"54";"177";
"2729";"80";"2450";
"2729";"99";"64070";
"2729";"100";"64071";
"2729";"101";"18518";
"2730";"1";"121";
"2730";"48";"75";
"2730";"49";"6081";
"2730";"54";"178";
"2730";"99";"36816";
"2730";"100";"36817";
"2730";"101";"18518";
"2731";"1";"134";
"2731";"49";"117";
"2731";"54";"179";
"2731";"80";"2439";
"2731";"99";"64432";
"2731";"100";"64433";
"2731";"101";"18519";
"2732";"1";"134";
"2732";"49";"117";
"2732";"54";"176";
"2732";"80";"2437";
"2732";"99";"67113";
"2732";"100";"67114";
"2732";"101";"18518";
"2733";"1";"125";
"2733";"8";"25";
"2733";"49";"124";
"2733";"54";"176";
"2733";"80";"2445";
"2733";"99";"36019";
"2733";"100";"36020";
"2733";"101";"18518";
"2734";"1";"125";
"2734";"49";"124";
"2734";"54";"177";
"2734";"80";"2449";
"2734";"99";"35959";
"2734";"100";"35960";
"2734";"101";"18517";
"2735";"1";"125";
"2735";"49";"124";
"2735";"54";"177";
"2735";"80";"2436";
"2735";"99";"37409";
"2735";"100";"37410";
"2735";"101";"18518";
"2736";"1";"134";
"2736";"49";"117";
"2736";"54";"176";
"2736";"99";"37550";
"2736";"100";"37551";
"2736";"101";"18517";
"2736";"103";"22186";
"2737";"1";"135";
"2737";"48";"75";
"2737";"49";"139";
"2737";"54";"178";
"2737";"80";"2451";
"2737";"99";"56241";
"2737";"100";"56242";
"2737";"101";"18518";
"2738";"1";"134";
"2738";"49";"13125";
"2738";"54";"177";
"2738";"80";"2462";
"2738";"99";"55130";
"2738";"100";"55131";
"2738";"101";"18518";
"2739";"1";"24723";
"2739";"49";"6081";
"2739";"54";"177";
"2739";"80";"2436";
"2739";"99";"35843";
"2739";"100";"35844";
"2739";"101";"18517";
"2740";"1";"121";
"2740";"49";"170";
"2740";"54";"178";
"2740";"80";"2433";
"2740";"99";"54110";
"2740";"100";"54111";
"2740";"101";"18518";
"2741";"1";"138";
"2741";"49";"170";
"2741";"54";"178";
"2741";"80";"2433";
"2741";"99";"36098";
"2741";"100";"36099";
"2741";"101";"18518";
"2742";"1";"121";
"2742";"49";"170";
"2742";"54";"178";
"2742";"80";"2462";
"2742";"99";"61736";
"2742";"100";"61737";
"2742";"101";"18518";
"2743";"1";"18533";
"2743";"49";"124";
"2743";"54";"177";
"2743";"80";"2437";
"2743";"99";"43101";
"2743";"100";"43102";
"2743";"101";"18518";
"2744";"1";"23076";
"2744";"49";"23698";
"2744";"54";"178";
"2744";"80";"2455";
"2744";"99";"46993";
"2744";"100";"46994";
"2744";"101";"18517";
"2745";"1";"125";
"2745";"49";"13125";
"2745";"54";"176";
"2745";"99";"59915";
"2745";"100";"59916";
"2745";"101";"18518";
"2746";"1";"134";
"2746";"49";"13125";
"2746";"54";"177";
"2746";"80";"2448";
"2746";"99";"44718";
"2746";"100";"44719";
"2746";"101";"18518";
"2747";"1";"134";
"2747";"49";"117";
"2747";"54";"177";
"2747";"80";"2448";
"2747";"99";"56462";
"2747";"100";"56463";
"2747";"101";"18518";
"2748";"1";"10303";
"2748";"49";"122";
"2748";"54";"177";
"2748";"99";"66551";
"2748";"100";"66552";
"2748";"101";"18518";
"2749";"99";"42019";
"2749";"100";"42020";
"2750";"1";"134";
"2750";"49";"124";
"2750";"54";"176";
"2750";"80";"2444";
"2750";"99";"35351";
"2750";"100";"35352";
"2750";"101";"22208";
"2751";"1";"13122";
"2751";"49";"128";
"2751";"54";"178";
"2751";"99";"35363";
"2751";"100";"35364";
"2752";"1";"125";
"2752";"49";"117";
"2752";"54";"177";
"2752";"99";"54489";
"2752";"100";"54490";
"2753";"99";"39804";
"2753";"100";"39805";
"2754";"1";"132";
"2754";"49";"146";
"2754";"80";"2446";
"2754";"99";"60997";
"2754";"100";"60998";
"2755";"99";"38287";
"2755";"100";"38288";
"2756";"1";"125";
"2756";"49";"124";
"2756";"54";"178";
"2756";"80";"2439";
"2756";"99";"46079";
"2756";"100";"46080";
"2756";"101";"18517";
"2757";"1";"183";
"2757";"49";"18506";
"2757";"54";"178";
"2757";"80";"2443";
"2757";"99";"42235";
"2757";"100";"42236";
"2757";"101";"18517";
"2757";"102";"18522";
"2758";"1";"2494";
"2758";"9";"29";
"2758";"49";"175";
"2758";"54";"178";
"2758";"80";"2448";
"2758";"99";"35678";
"2758";"100";"35679";
"2758";"101";"18518";
"2758";"102";"22451";
"2759";"54";"178";
"2759";"99";"36597";
"2759";"100";"36598";
"2760";"1";"174";
"2760";"9";"29";
"2760";"49";"24690";
"2760";"54";"177";
"2760";"80";"2436";
"2760";"99";"35674";
"2760";"100";"35675";
"2760";"101";"18517";
"2760";"102";"22451";
"2761";"1";"18861";
"2761";"49";"18507";
"2761";"54";"177";
"2761";"80";"2444";
"2761";"99";"35668";
"2761";"100";"35669";
"2761";"101";"18517";
"2761";"102";"18522";
"2762";"1";"183";
"2762";"49";"146";
"2762";"80";"2434";
"2762";"87";"2467";
"2762";"99";"44572";
"2762";"100";"44573";
"2762";"101";"18519";
"2763";"1";"10394";
"2763";"49";"146";
"2763";"54";"177";
"2763";"80";"2449";
"2763";"99";"56470";
"2763";"100";"56471";
"2763";"101";"18518";
"2763";"102";"18522";
"2764";"1";"145";
"2764";"49";"172";
"2764";"54";"178";
"2764";"76";"2424";
"2764";"80";"2434";
"2764";"81";"2429";
"2764";"85";"2466";
"2764";"99";"35650";
"2764";"100";"35651";
"2764";"101";"18517";
"2764";"102";"18522";
"2765";"1";"187";
"2765";"9";"29";
"2765";"49";"6206";
"2765";"54";"176";
"2765";"77";"2430";
"2765";"88";"2469";
"2765";"95";"2476";
"2765";"99";"66931";
"2765";"100";"66932";
"2765";"101";"18517";
"2765";"102";"18521";
"2766";"1";"35859";
"2766";"49";"6081";
"2766";"54";"180";
"2766";"80";"2446";
"2766";"99";"67257";
"2766";"100";"67258";
"2766";"101";"18517";
"2767";"1";"134";
"2767";"49";"117";
"2767";"54";"179";
"2767";"80";"2443";
"2767";"99";"38253";
"2767";"100";"38254";
"2767";"101";"18517";
"2768";"1";"4279";
"2768";"49";"139";
"2768";"54";"178";
"2768";"99";"66477";
"2768";"100";"66478";
"2768";"101";"18518";
"2768";"122";"19584";
"2769";"1";"11155";
"2769";"48";"75";
"2769";"49";"4318";
"2769";"99";"65833";
"2769";"100";"65834";
"2769";"101";"18518";
"2769";"122";"19587";
"2770";"1";"18861";
"2770";"49";"146";
"2770";"54";"178";
"2770";"80";"2443";
"2770";"99";"36029";
"2770";"100";"36030";
"2770";"101";"18518";
"2771";"1";"145";
"2771";"49";"146";
"2771";"54";"179";
"2771";"80";"2443";
"2771";"99";"36023";
"2771";"100";"36024";
"2771";"101";"18518";
"2772";"1";"123";
"2772";"49";"124";
"2772";"54";"178";
"2772";"99";"49887";
"2772";"100";"49888";
"2772";"101";"18518";
"2772";"102";"18522";
"2773";"1";"165";
"2773";"49";"170";
"2773";"54";"179";
"2773";"80";"2443";
"2773";"99";"40830";
"2773";"100";"40831";
"2773";"101";"18518";
"2774";"1";"23076";
"2774";"49";"146";
"2774";"54";"177";
"2774";"80";"2450";
"2774";"99";"36501";
"2774";"100";"36502";
"2774";"101";"18518";
"2775";"1";"33132";
"2775";"80";"2437";
"2775";"99";"36507";
"2775";"100";"36508";
"2776";"1";"33132";
"2776";"80";"2437";
"2776";"99";"36505";
"2776";"100";"36506";
"2777";"1";"181";
"2777";"8";"25";
"2777";"80";"2438";
"2777";"99";"36146";
"2777";"100";"36147";
"2777";"101";"18517";
"2778";"1";"18861";
"2778";"49";"23699";
"2778";"54";"177";
"2778";"80";"2435";
"2778";"99";"40754";
"2778";"100";"40755";
"2778";"101";"22208";
"2779";"1";"140";
"2779";"54";"178";
"2779";"80";"2439";
"2779";"99";"65503";
"2779";"100";"65504";
"2779";"101";"18518";
"2779";"122";"19585";
"2780";"99";"36573";
"2780";"100";"36574";
"2781";"1";"134";
"2781";"49";"124";
"2781";"54";"178";
"2781";"99";"36185";
"2781";"100";"36186";
"2782";"99";"37492";
"2782";"100";"37493";
"2783";"99";"37494";
"2783";"100";"37495";
"2784";"1";"10303";
"2784";"54";"178";
"2784";"80";"2446";
"2784";"99";"51464";
"2784";"100";"51465";
"2784";"101";"18517";
"2784";"102";"18522";
"2785";"54";"178";
"2785";"99";"38155";
"2785";"100";"38156";
"2786";"54";"178";
"2786";"99";"36611";
"2786";"100";"36612";
"2787";"54";"178";
"2787";"99";"64608";
"2787";"100";"64609";
"2787";"101";"18518";
"2787";"102";"18522";
"2788";"54";"178";
"2788";"99";"36639";
"2788";"100";"36640";
"2789";"1";"23076";
"2789";"48";"74";
"2789";"49";"13125";
"2789";"54";"176";
"2789";"99";"40227";
"2789";"100";"40228";
"2790";"1";"130";
"2790";"48";"75";
"2790";"54";"179";
"2790";"80";"2444";
"2790";"99";"36675";
"2790";"100";"36676";
"2790";"123";"44502";
"2791";"60";"2411";
"2791";"99";"39614";
"2791";"100";"39615";
"2791";"104";"19118";
"2792";"1";"24723";
"2792";"54";"177";
"2792";"60";"2411";
"2792";"99";"43530";
"2792";"100";"43531";
"2794";"1";"138";
"2794";"54";"178";
"2794";"99";"64931";
"2794";"100";"64932";
"2794";"101";"18518";
"2795";"1";"13122";
"2795";"9";"18614";
"2795";"49";"13125";
"2795";"54";"178";
"2795";"80";"2444";
"2795";"99";"65731";
"2795";"100";"65732";
"2795";"101";"22388";
"2795";"102";"18522";
"2795";"123";"44502";
"2796";"1";"134";
"2796";"49";"117";
"2796";"54";"179";
"2796";"80";"2446";
"2796";"99";"65557";
"2796";"100";"65558";
"2796";"101";"22386";
"2796";"102";"22387";
"2796";"103";"18524";
"2796";"123";"44502";
"2797";"1";"35859";
"2797";"54";"177";
"2797";"60";"2411";
"2797";"99";"36826";
"2797";"100";"36827";
"2798";"1";"35859";
"2798";"54";"177";
"2798";"60";"2411";
"2798";"99";"37101";
"2798";"100";"37102";
"2799";"54";"178";
"2799";"60";"2411";
"2799";"99";"43524";
"2799";"100";"43525";
"2799";"104";"19118";
"2800";"54";"178";
"2800";"60";"2411";
"2800";"99";"45196";
"2800";"100";"45197";
"2800";"104";"19118";
"2801";"1";"10394";
"2801";"8";"25";
"2801";"9";"27";
"2801";"10";"30";
"2801";"14";"42";
"2801";"48";"74";
"2801";"49";"18507";
"2801";"54";"176";
"2801";"77";"2430";
"2801";"80";"2439";
"2801";"81";"2429";
"2801";"85";"2466";
"2801";"99";"63210";
"2801";"100";"63211";
"2801";"101";"18517";
"2801";"102";"18522";
"2802";"1";"10394";
"2802";"8";"25";
"2802";"9";"27";
"2802";"10";"30";
"2802";"14";"42";
"2802";"48";"74";
"2802";"49";"133";
"2802";"54";"176";
"2802";"77";"2430";
"2802";"80";"2439";
"2802";"81";"2429";
"2802";"85";"2466";
"2802";"99";"37714";
"2802";"100";"37715";
"2802";"101";"18517";
"2803";"1";"134";
"2803";"54";"177";
"2803";"59";"2410";
"2803";"99";"36976";
"2803";"100";"36977";
"2803";"101";"18517";
"2803";"104";"19118";
"2805";"1";"134";
"2805";"54";"176";
"2805";"99";"54632";
"2805";"100";"54633";
"2805";"101";"18518";
"2805";"102";"18522";
"2805";"103";"22393";
"2805";"104";"19118";
"2806";"1";"134";
"2806";"54";"176";
"2806";"99";"54630";
"2806";"100";"54631";
"2806";"101";"18518";
"2806";"102";"18522";
"2806";"103";"22393";
"2806";"104";"19118";
"2807";"1";"134";
"2807";"54";"176";
"2807";"99";"65241";
"2807";"100";"65242";
"2807";"104";"19118";
"2809";"99";"65787";
"2809";"100";"65788";
"2810";"1";"125";
"2810";"54";"176";
"2810";"99";"54579";
"2810";"100";"54580";
"2810";"101";"22390";
"2810";"102";"18522";
"2810";"103";"18524";
"2811";"99";"65821";
"2811";"100";"65822";
"2812";"1";"125";
"2812";"54";"176";
"2812";"99";"60021";
"2812";"100";"60022";
"2812";"101";"18518";
"2812";"102";"18522";
"2812";"103";"18524";
"2813";"1";"23076";
"2813";"49";"23698";
"2813";"54";"178";
"2813";"80";"2455";
"2813";"99";"48722";
"2813";"100";"48723";
"2813";"101";"18517";
"2814";"99";"38058";
"2814";"100";"38059";
"2815";"99";"37187";
"2815";"100";"37188";
"2816";"1";"18861";
"2816";"49";"18507";
"2816";"54";"177";
"2816";"80";"2456";
"2816";"99";"60433";
"2816";"100";"60434";
"2816";"101";"18517";
"2816";"102";"18522";
"2817";"1";"137";
"2817";"49";"139";
"2817";"54";"177";
"2817";"80";"2443";
"2817";"99";"54923";
"2817";"100";"54924";
"2817";"101";"22386";
"2817";"102";"18522";
"2817";"123";"44503";
"2818";"99";"40349";
"2818";"100";"40350";
"2819";"1";"13122";
"2819";"9";"18614";
"2819";"49";"13125";
"2819";"54";"179";
"2819";"80";"2446";
"2819";"99";"66311";
"2819";"100";"66312";
"2819";"101";"22388";
"2819";"102";"18522";
"2819";"123";"44502";
"2820";"1";"18861";
"2820";"49";"18507";
"2820";"54";"179";
"2820";"99";"61796";
"2820";"100";"61797";
"2820";"101";"18518";
"2821";"1";"125";
"2821";"54";"178";
"2821";"99";"51808";
"2821";"100";"51809";
"2821";"101";"18518";
"2821";"102";"18522";
"2822";"1";"130";
"2822";"49";"23699";
"2822";"54";"178";
"2822";"80";"2457";
"2822";"81";"2429";
"2822";"99";"37285";
"2822";"100";"37286";
"2822";"101";"22386";
"2822";"102";"18522";
"2822";"103";"22393";
"2823";"1";"13121";
"2823";"54";"178";
"2823";"80";"2436";
"2823";"81";"2429";
"2823";"91";"2473";
"2823";"99";"42463";
"2823";"100";"42464";
"2823";"101";"18518";
"2823";"102";"18522";
"2823";"103";"22392";
"2824";"1";"13122";
"2824";"49";"23699";
"2824";"54";"177";
"2824";"80";"2450";
"2824";"99";"65951";
"2824";"100";"65952";
"2824";"101";"18518";
"2824";"102";"18522";
"2825";"99";"37297";
"2825";"100";"37298";
"2825";"123";"44502";
"2826";"1";"15";
"2826";"49";"23699";
"2826";"54";"178";
"2826";"80";"2439";
"2826";"99";"61800";
"2826";"100";"61801";
"2826";"101";"22388";
"2826";"102";"18522";
"2826";"103";"18524";
"2827";"1";"123";
"2827";"49";"139";
"2827";"54";"178";
"2827";"99";"64614";
"2827";"100";"64615";
"2827";"101";"18518";
"2827";"102";"18522";
"2828";"1";"123";
"2828";"9";"18614";
"2828";"49";"124";
"2828";"54";"178";
"2828";"99";"62750";
"2828";"100";"62751";
"2828";"101";"22386";
"2828";"102";"18522";
"2829";"1";"13122";
"2829";"49";"13125";
"2829";"54";"178";
"2829";"80";"2455";
"2829";"99";"42971";
"2829";"100";"42972";
"2829";"101";"18518";
"2829";"102";"18522";
"2829";"123";"44500";
"2830";"99";"40464";
"2830";"100";"40465";
"2831";"1";"23076";
"2831";"49";"23698";
"2831";"54";"177";
"2831";"80";"2462";
"2831";"99";"58325";
"2831";"100";"58326";
"2831";"101";"18518";
"2831";"102";"18522";
"2832";"99";"37345";
"2832";"100";"37346";
"2832";"123";"44502";
"2833";"1";"13122";
"2833";"9";"18614";
"2833";"49";"13125";
"2833";"54";"178";
"2833";"80";"2450";
"2833";"99";"59176";
"2833";"100";"59177";
"2833";"101";"22388";
"2833";"102";"18522";
"2833";"123";"44502";
"2834";"1";"13122";
"2834";"54";"178";
"2834";"99";"67927";
"2834";"100";"67928";
"2834";"101";"22388";
"2834";"102";"18522";
"2834";"123";"44502";
"2835";"1";"13122";
"2835";"9";"18614";
"2835";"49";"13125";
"2835";"54";"178";
"2835";"80";"2446";
"2835";"99";"55802";
"2835";"100";"55803";
"2835";"101";"22388";
"2835";"102";"18522";
"2835";"123";"44502";
"2836";"1";"125";
"2836";"49";"117";
"2836";"54";"177";
"2836";"80";"2455";
"2836";"99";"59577";
"2836";"100";"59578";
"2836";"101";"18518";
"2836";"102";"18522";
"2836";"123";"44503";
"2837";"99";"37387";
"2837";"100";"37388";
"2838";"99";"38283";
"2838";"100";"38284";
"2839";"1";"13122";
"2839";"9";"18614";
"2839";"49";"18508";
"2839";"54";"177";
"2839";"59";"2410";
"2839";"80";"2444";
"2839";"99";"65223";
"2839";"100";"65224";
"2839";"101";"18518";
"2839";"102";"18522";
"2839";"123";"44503";
"2840";"1";"187";
"2840";"49";"146";
"2840";"99";"44208";
"2840";"100";"44209";
"2840";"101";"18518";
"2840";"102";"18521";
"2841";"99";"37438";
"2841";"100";"37439";
"2843";"99";"56644";
"2843";"100";"56645";
"2844";"1";"125";
"2844";"49";"115";
"2844";"54";"178";
"2844";"80";"2450";
"2844";"99";"42943";
"2844";"100";"42944";
"2844";"101";"18518";
"2844";"102";"18522";
"2845";"99";"57059";
"2845";"100";"57060";
"2846";"1";"13122";
"2846";"49";"13125";
"2846";"54";"177";
"2846";"80";"2441";
"2846";"99";"48638";
"2846";"100";"48639";
"2846";"101";"22388";
"2846";"102";"18522";
"2846";"123";"44502";
"2847";"1";"132";
"2847";"49";"133";
"2847";"54";"178";
"2847";"99";"63448";
"2847";"100";"63449";
"2847";"101";"18518";
"2847";"102";"18522";
"2848";"1";"15";
"2848";"49";"18508";
"2848";"99";"43506";
"2848";"100";"43507";
"2848";"101";"18518";
"2848";"102";"18522";
"2849";"1";"127";
"2849";"49";"128";
"2849";"54";"178";
"2849";"80";"2436";
"2849";"99";"45887";
"2849";"100";"45888";
"2849";"101";"22388";
"2849";"102";"18522";
"2849";"103";"18524";
"2850";"1";"35859";
"2850";"49";"6081";
"2850";"54";"177";
"2850";"80";"2439";
"2850";"99";"45839";
"2850";"100";"45840";
"2850";"101";"18518";
"2850";"102";"18522";
"2851";"99";"37538";
"2851";"100";"37539";
"2852";"99";"37600";
"2852";"100";"37601";
"2853";"1";"13122";
"2853";"49";"13125";
"2853";"54";"178";
"2853";"80";"2444";
"2853";"99";"48446";
"2853";"100";"48447";
"2853";"101";"18517";
"2853";"102";"18522";
"2854";"1";"4279";
"2854";"54";"178";
"2854";"80";"2439";
"2854";"99";"47519";
"2854";"100";"47520";
"2854";"101";"18517";
"2854";"122";"19588";
"2855";"1";"24723";
"2855";"54";"177";
"2855";"99";"44127";
"2855";"100";"44128";
"2855";"101";"18517";
"2855";"102";"18522";
"2856";"1";"135";
"2856";"49";"143";
"2856";"54";"178";
"2856";"80";"2436";
"2856";"81";"2429";
"2856";"99";"60745";
"2856";"100";"60746";
"2856";"101";"18518";
"2857";"1";"135";
"2857";"54";"177";
"2857";"80";"2439";
"2857";"99";"46021";
"2857";"100";"46022";
"2857";"101";"18517";
"2858";"1";"138";
"2858";"48";"76";
"2858";"54";"179";
"2858";"80";"2451";
"2858";"99";"44222";
"2858";"100";"44223";
"2858";"101";"18518";
"2858";"102";"18522";
"2859";"1";"4279";
"2859";"54";"177";
"2859";"80";"2439";
"2859";"99";"46027";
"2859";"100";"46028";
"2859";"101";"18517";
"2859";"102";"18522";
"2860";"1";"11296";
"2860";"54";"177";
"2860";"80";"2439";
"2860";"99";"37596";
"2860";"100";"37597";
"2860";"101";"18517";
"2860";"102";"18522";
"2861";"1";"185";
"2861";"54";"178";
"2861";"80";"2439";
"2861";"99";"48950";
"2861";"100";"48951";
"2861";"101";"18517";
"2861";"102";"18522";
"2862";"1";"135";
"2862";"49";"139";
"2862";"54";"177";
"2862";"80";"2439";
"2862";"99";"44506";
"2862";"100";"44507";
"2862";"101";"18518";
"2862";"102";"18522";
"2863";"1";"35859";
"2863";"54";"179";
"2863";"80";"2439";
"2863";"99";"48952";
"2863";"100";"48953";
"2863";"101";"18517";
"2863";"102";"18522";
"2864";"1";"140";
"2864";"54";"178";
"2864";"80";"2439";
"2864";"99";"37592";
"2864";"100";"37593";
"2864";"101";"18517";
"2864";"102";"18522";
"2865";"1";"24723";
"2865";"49";"139";
"2865";"54";"178";
"2865";"80";"2451";
"2865";"99";"43868";
"2865";"100";"43869";
"2865";"101";"18517";
"2865";"102";"18522";
"2866";"1";"11296";
"2866";"49";"124";
"2866";"54";"177";
"2866";"80";"2439";
"2866";"99";"60711";
"2866";"100";"60712";
"2866";"101";"18517";
"2866";"102";"18522";
"2867";"1";"136";
"2867";"99";"51326";
"2867";"100";"51327";
"2867";"101";"18518";
"2867";"102";"18522";
"2868";"99";"37608";
"2868";"100";"37609";
"2869";"99";"61760";
"2869";"100";"61761";
"2870";"99";"37626";
"2870";"100";"37627";
"2871";"99";"37630";
"2871";"100";"37631";
"2872";"99";"37636";
"2872";"100";"37637";
"2873";"99";"37642";
"2873";"100";"37643";
"2874";"99";"37648";
"2874";"100";"37649";
"2875";"1";"13122";
"2875";"49";"128";
"2875";"54";"178";
"2875";"80";"2439";
"2875";"99";"44354";
"2875";"100";"44355";
"2875";"101";"18518";
"2875";"102";"18522";
"2875";"103";"18524";
"2876";"1";"134";
"2876";"49";"117";
"2876";"54";"178";
"2876";"99";"62642";
"2876";"100";"62643";
"2876";"101";"22388";
"2876";"102";"18522";
"2876";"103";"18524";
"2877";"99";"56387";
"2877";"100";"56388";
"2877";"123";"44505";
"2878";"1";"13121";
"2878";"54";"176";
"2878";"80";"2436";
"2878";"99";"62694";
"2878";"100";"62695";
"2878";"101";"18518";
"2878";"102";"18522";
"2878";"103";"22393";
"2879";"99";"56169";
"2879";"100";"56170";
"2880";"1";"15";
"2880";"49";"18508";
"2880";"54";"178";
"2880";"80";"2439";
"2880";"99";"51858";
"2880";"100";"51859";
"2880";"101";"22388";
"2880";"102";"18522";
"2880";"103";"22389";
"2881";"99";"61750";
"2881";"100";"61751";
"2882";"1";"127";
"2882";"49";"23699";
"2882";"54";"178";
"2882";"80";"2439";
"2882";"99";"61754";
"2882";"100";"61755";
"2882";"101";"18518";
"2882";"102";"18522";
"2882";"103";"22186";
"2883";"99";"37744";
"2883";"100";"37745";
"2884";"99";"37748";
"2884";"100";"37749";
"2885";"99";"37758";
"2885";"100";"37759";
"2886";"1";"18861";
"2886";"49";"133";
"2886";"54";"178";
"2886";"80";"2436";
"2886";"99";"64894";
"2886";"100";"64895";
"2886";"101";"22388";
"2886";"102";"18522";
"2886";"103";"18524";
"2887";"99";"37877";
"2887";"100";"37878";
"2888";"99";"46930";
"2889";"99";"37897";
"2889";"100";"37898";
"2890";"99";"54989";
"2890";"100";"54990";
"2891";"99";"59162";
"2891";"100";"59163";
"2891";"123";"44502";
"2892";"1";"15";
"2892";"49";"18507";
"2892";"54";"178";
"2892";"80";"2454";
"2892";"85";"2466";
"2892";"99";"60033";
"2892";"100";"60034";
"2892";"101";"18518";
"2892";"102";"18522";
"2893";"99";"47597";
"2893";"100";"47598";
"2894";"1";"187";
"2894";"9";"29";
"2894";"11";"32";
"2894";"49";"6206";
"2894";"54";"177";
"2894";"69";"2420";
"2894";"88";"2469";
"2894";"95";"2476";
"2894";"99";"44880";
"2894";"100";"44881";
"2894";"101";"18518";
"2896";"1";"187";
"2896";"54";"177";
"2896";"99";"44376";
"2896";"100";"44377";
"2896";"101";"22208";
"2896";"102";"18522";
"2897";"1";"49146";
"2897";"49";"6206";
"2897";"54";"177";
"2897";"99";"49858";
"2897";"100";"49859";
"2897";"101";"18518";
"2897";"102";"18522";
"2898";"1";"134";
"2898";"11";"32";
"2898";"13";"40";
"2898";"18";"50";
"2898";"19";"52";
"2898";"47";"77";
"2898";"48";"76";
"2898";"49";"128";
"2898";"54";"176";
"2898";"59";"2410";
"2898";"63";"2414";
"2898";"66";"2417";
"2898";"80";"2443";
"2898";"95";"2476";
"2898";"99";"37962";
"2898";"100";"37963";
"2899";"1";"2494";
"2899";"13";"40";
"2899";"19";"52";
"2899";"48";"74";
"2899";"49";"18506";
"2899";"54";"179";
"2899";"59";"2410";
"2899";"67";"2418";
"2899";"76";"2424";
"2899";"80";"2433";
"2899";"86";"2468";
"2899";"87";"2467";
"2899";"91";"2473";
"2899";"95";"2476";
"2899";"96";"2478";
"2899";"99";"38368";
"2899";"100";"38369";
"2899";"101";"22390";
"2900";"1";"13121";
"2900";"49";"18507";
"2900";"54";"177";
"2900";"80";"2446";
"2900";"99";"45799";
"2900";"100";"45800";
"2900";"101";"18518";
"2900";"102";"18522";
"2901";"1";"125";
"2901";"48";"76";
"2901";"49";"13125";
"2901";"54";"177";
"2901";"80";"2445";
"2901";"99";"45656";
"2901";"100";"45657";
"2901";"101";"18517";
"2901";"102";"18522";
"2902";"1";"145";
"2902";"17";"48";
"2902";"18";"50";
"2902";"19";"52";
"2902";"49";"13125";
"2902";"54";"177";
"2902";"59";"2410";
"2902";"67";"2418";
"2902";"80";"2450";
"2902";"91";"2473";
"2902";"95";"2476";
"2902";"99";"45668";
"2902";"100";"45669";
"2902";"101";"18517";
"2902";"102";"18522";
"2903";"1";"13122";
"2903";"54";"178";
"2903";"99";"67633";
"2903";"100";"67634";
"2903";"101";"18517";
"2903";"102";"18522";
"2904";"1";"187";
"2904";"49";"146";
"2904";"54";"177";
"2904";"99";"47049";
"2904";"100";"47050";
"2904";"101";"22208";
"2904";"102";"18522";
"2905";"1";"32597";
"2905";"8";"25";
"2905";"9";"27";
"2905";"10";"30";
"2905";"11";"32";
"2905";"13";"40";
"2905";"19";"52";
"2905";"39";"79";
"2905";"47";"77";
"2905";"54";"179";
"2905";"56";"2407";
"2905";"67";"2418";
"2905";"69";"2420";
"2905";"80";"2446";
"2905";"85";"2466";
"2905";"89";"2471";
"2905";"99";"46839";
"2905";"100";"46840";
"2906";"1";"132";
"2906";"18";"50";
"2906";"49";"133";
"2906";"54";"179";
"2906";"59";"2410";
"2906";"67";"2418";
"2906";"80";"2454";
"2906";"99";"38413";
"2906";"100";"38414";
"2907";"99";"59633";
"2907";"100";"59634";
"2908";"99";"38050";
"2908";"100";"38051";
"2909";"99";"65997";
"2909";"100";"65998";
"2910";"1";"123";
"2910";"18";"50";
"2910";"41";"94";
"2910";"54";"179";
"2910";"59";"2410";
"2910";"60";"2411";
"2910";"80";"2439";
"2910";"99";"57085";
"2910";"100";"57086";
"2910";"101";"18517";
"2911";"99";"38643";
"2912";"99";"38588";
"2913";"1";"4279";
"2913";"49";"117";
"2913";"54";"177";
"2913";"99";"66435";
"2913";"100";"66436";
"2913";"101";"18518";
"2913";"102";"18522";
"2914";"99";"38221";
"2914";"100";"38222";
"2915";"99";"64647";
"2916";"99";"47392";
"2917";"1";"136";
"2917";"49";"139";
"2917";"54";"177";
"2917";"99";"47146";
"2917";"100";"47147";
"2917";"101";"18517";
"2917";"102";"18522";
"2918";"99";"60087";
"2918";"100";"60088";
"2919";"54";"179";
"2919";"99";"56895";
"2919";"100";"56896";
"2919";"101";"18518";
"2919";"102";"18522";
"2920";"99";"39852";
"2920";"100";"39853";
"2921";"1";"13122";
"2921";"49";"13125";
"2921";"54";"178";
"2921";"80";"2441";
"2921";"99";"55322";
"2921";"100";"55323";
"2921";"101";"22388";
"2921";"102";"18522";
"2921";"123";"44502";
"2922";"1";"145";
"2922";"49";"18507";
"2922";"54";"176";
"2922";"80";"2448";
"2922";"99";"67639";
"2922";"100";"67640";
"2922";"101";"18518";
"2922";"102";"18522";
"2923";"1";"130";
"2923";"49";"146";
"2923";"54";"176";
"2923";"80";"2434";
"2923";"99";"67035";
"2923";"100";"67036";
"2923";"101";"18517";
"2923";"102";"18522";
"2924";"99";"47583";
"2924";"100";"47584";
"2925";"1";"187";
"2925";"9";"29";
"2925";"48";"76";
"2925";"49";"18508";
"2925";"54";"177";
"2925";"80";"2456";
"2925";"99";"67569";
"2925";"100";"67570";
"2925";"101";"18518";
"2925";"102";"18522";
"2926";"99";"38423";
"2926";"100";"38424";
"2927";"1";"10394";
"2927";"49";"6206";
"2927";"54";"176";
"2927";"80";"2450";
"2927";"99";"67971";
"2927";"100";"67972";
"2927";"101";"18518";
"2927";"102";"18522";
"2928";"1";"187";
"2928";"48";"76";
"2928";"49";"6206";
"2928";"99";"40436";
"2928";"100";"40437";
"2928";"101";"18518";
"2928";"102";"18522";
"2929";"99";"46881";
"2929";"100";"46882";
"2930";"1";"145";
"2930";"49";"6206";
"2930";"54";"177";
"2930";"99";"50000";
"2930";"100";"50001";
"2930";"101";"18517";
"2930";"102";"18522";
"2931";"99";"46001";
"2931";"100";"46002";
"2932";"99";"38449";
"2932";"100";"38450";
"2933";"99";"44404";
"2933";"100";"44405";
"2934";"1";"132";
"2934";"49";"133";
"2934";"54";"177";
"2934";"80";"2443";
"2934";"99";"59867";
"2934";"100";"59868";
"2934";"101";"18517";
"2934";"102";"18522";
"2935";"1";"13122";
"2935";"49";"13125";
"2935";"54";"176";
"2935";"59";"2410";
"2935";"66";"2417";
"2935";"80";"2443";
"2935";"99";"46205";
"2935";"100";"46206";
"2935";"101";"18518";
"2935";"102";"18522";
"2936";"1";"187";
"2936";"49";"6206";
"2936";"54";"177";
"2936";"80";"2444";
"2936";"99";"68093";
"2936";"100";"68094";
"2936";"101";"18517";
"2936";"102";"18522";
"2937";"99";"38512";
"2937";"100";"38513";
"2938";"99";"38647";
"2938";"100";"38648";
"2939";"99";"47489";
"2939";"100";"47490";
"2940";"99";"47483";
"2940";"100";"47484";
"2941";"99";"39742";
"2941";"100";"39743";
"2942";"1";"187";
"2942";"8";"25";
"2942";"13";"40";
"2942";"14";"42";
"2942";"17";"48";
"2942";"18";"50";
"2942";"19";"52";
"2942";"49";"24690";
"2942";"54";"176";
"2942";"59";"2410";
"2942";"66";"2417";
"2942";"80";"2436";
"2942";"81";"2429";
"2942";"95";"2476";
"2942";"99";"68111";
"2942";"100";"68112";
"2942";"101";"18518";
"2942";"102";"18522";
"2943";"9";"18669";
"2943";"48";"76";
"2943";"54";"177";
"2943";"99";"57806";
"2943";"100";"57807";
"2943";"101";"18518";
"2944";"99";"46877";
"2944";"100";"46878";
"2945";"1";"18861";
"2945";"49";"18507";
"2945";"54";"177";
"2945";"80";"2444";
"2945";"99";"46061";
"2945";"100";"46062";
"2945";"101";"18517";
"2945";"102";"18522";
"2946";"1";"145";
"2946";"49";"146";
"2946";"54";"177";
"2946";"80";"2443";
"2946";"99";"46583";
"2946";"100";"46584";
"2946";"101";"18518";
"2946";"102";"18522";
"2947";"99";"39075";
"2947";"100";"39076";
"2948";"99";"39307";
"2948";"100";"39308";
"2949";"1";"181";
"2949";"8";"25";
"2949";"10";"30";
"2949";"13";"40";
"2949";"17";"48";
"2949";"32";"87";
"2949";"39";"79";
"2949";"48";"76";
"2949";"54";"176";
"2949";"56";"2407";
"2949";"59";"2410";
"2949";"67";"2418";
"2949";"68";"2419";
"2949";"69";"2420";
"2949";"77";"2430";
"2949";"80";"2450";
"2949";"91";"2473";
"2949";"92";"2472";
"2949";"99";"39319";
"2949";"100";"39320";
"2949";"101";"18517";
"2950";"1";"145";
"2950";"11";"32";
"2950";"13";"40";
"2950";"18";"50";
"2950";"19";"52";
"2950";"47";"77";
"2950";"48";"75";
"2950";"49";"133";
"2950";"54";"177";
"2950";"59";"2410";
"2950";"63";"2414";
"2950";"66";"2417";
"2950";"80";"2443";
"2950";"95";"2476";
"2950";"99";"49986";
"2950";"100";"49987";
"2951";"1";"132";
"2951";"54";"177";
"2951";"99";"57369";
"2951";"100";"57370";
"2951";"101";"18517";
"2951";"102";"18522";
"2952";"1";"23997";
"2952";"54";"176";
"2952";"99";"57711";
"2952";"100";"57712";
"2953";"1";"185";
"2953";"49";"26685";
"2953";"54";"176";
"2953";"99";"64783";
"2953";"100";"64784";
"2953";"101";"18518";
"2953";"102";"18522";
"2954";"99";"66239";
"2954";"100";"66240";
"2955";"1";"130";
"2955";"19";"52";
"2955";"21";"56";
"2955";"49";"128";
"2955";"54";"176";
"2955";"59";"2410";
"2955";"78";"2432";
"2955";"80";"2434";
"2955";"99";"39458";
"2955";"100";"39459";
"2956";"1";"49146";
"2956";"49";"6206";
"2956";"54";"177";
"2956";"99";"58811";
"2956";"100";"58812";
"2956";"101";"18518";
"2956";"102";"18522";
"2957";"1";"49146";
"2957";"49";"6206";
"2957";"54";"177";
"2957";"99";"49809";
"2957";"100";"49810";
"2957";"101";"18518";
"2957";"102";"18522";
"2958";"1";"18668";
"2958";"49";"18506";
"2958";"54";"177";
"2958";"99";"45442";
"2958";"100";"45443";
"2958";"101";"18518";
"2958";"102";"18522";
"2959";"99";"44562";
"2959";"100";"44563";
"2960";"99";"43528";
"2960";"100";"43529";
"2961";"99";"60439";
"2961";"100";"60440";
"2962";"1";"18861";
"2962";"49";"24690";
"2962";"54";"177";
"2962";"80";"2460";
"2962";"99";"49833";
"2962";"100";"49834";
"2962";"101";"18518";
"2962";"102";"18522";
"2963";"99";"39644";
"2963";"100";"39645";
"2964";"1";"134";
"2964";"48";"74";
"2964";"49";"128";
"2964";"54";"177";
"2964";"78";"2432";
"2964";"80";"2445";
"2964";"86";"2468";
"2964";"99";"59084";
"2964";"100";"59085";
"2964";"101";"18519";
"2964";"102";"18522";
"2965";"99";"40780";
"2965";"100";"40781";
"2966";"99";"39740";
"2966";"100";"39741";
"2967";"1";"187";
"2967";"9";"27";
"2967";"49";"6206";
"2967";"54";"178";
"2967";"99";"40416";
"2967";"100";"40417";
"2967";"101";"18518";
"2968";"1";"145";
"2968";"13";"40";
"2968";"49";"6206";
"2968";"54";"176";
"2968";"59";"2410";
"2968";"80";"2436";
"2968";"86";"2468";
"2968";"87";"2467";
"2968";"99";"44366";
"2968";"100";"44367";
"2969";"1";"187";
"2969";"8";"25";
"2969";"14";"42";
"2969";"19";"52";
"2969";"49";"6206";
"2969";"54";"177";
"2969";"59";"2410";
"2969";"67";"2418";
"2969";"69";"2420";
"2969";"80";"2458";
"2969";"91";"2473";
"2969";"99";"59515";
"2969";"100";"59516";
"2969";"101";"18517";
"2969";"103";"18524";
"2970";"1";"187";
"2970";"8";"25";
"2970";"14";"42";
"2970";"19";"52";
"2970";"49";"6206";
"2970";"54";"177";
"2970";"59";"2410";
"2970";"67";"2418";
"2970";"69";"2420";
"2970";"80";"2458";
"2970";"91";"2473";
"2970";"99";"39708";
"2970";"100";"39709";
"2970";"101";"18517";
"2970";"103";"18524";
"2971";"1";"187";
"2971";"8";"25";
"2971";"14";"42";
"2971";"19";"52";
"2971";"49";"6206";
"2971";"54";"177";
"2971";"59";"2410";
"2971";"67";"2418";
"2971";"69";"2420";
"2971";"80";"2458";
"2971";"91";"2473";
"2971";"99";"39726";
"2971";"100";"39727";
"2971";"101";"18517";
"2971";"103";"18524";
"2972";"1";"187";
"2972";"8";"25";
"2972";"14";"42";
"2972";"19";"52";
"2972";"49";"6206";
"2972";"54";"177";
"2972";"59";"2410";
"2972";"67";"2418";
"2972";"69";"2420";
"2972";"80";"2458";
"2972";"91";"2473";
"2972";"99";"48214";
"2972";"100";"48215";
"2972";"101";"18517";
"2972";"103";"18524";
"2973";"1";"187";
"2973";"8";"25";
"2973";"14";"42";
"2973";"19";"52";
"2973";"49";"6206";
"2973";"54";"177";
"2973";"59";"2410";
"2973";"67";"2418";
"2973";"69";"2420";
"2973";"80";"2458";
"2973";"91";"2473";
"2973";"99";"59513";
"2973";"100";"59514";
"2973";"101";"18517";
"2973";"103";"18524";
"2974";"99";"39818";
"2974";"100";"39819";
"2975";"1";"145";
"2975";"49";"18507";
"2975";"54";"177";
"2975";"99";"66021";
"2975";"100";"66022";
"2975";"101";"18518";
"2975";"102";"18522";
"2976";"1";"23997";
"2976";"49";"18507";
"2976";"54";"177";
"2976";"80";"23075";
"2976";"99";"53851";
"2976";"100";"53852";
"2976";"101";"18518";
"2976";"102";"18522";
"2976";"103";"22389";
"2977";"1";"13122";
"2977";"49";"13125";
"2977";"54";"176";
"2977";"80";"2455";
"2977";"99";"50078";
"2977";"100";"50079";
"2977";"101";"18518";
"2977";"102";"18522";
"2977";"123";"44503";
"2978";"1";"123";
"2978";"9";"18669";
"2978";"49";"139";
"2978";"54";"177";
"2978";"80";"2437";
"2978";"99";"55406";
"2978";"100";"55407";
"2978";"101";"18518";
"2978";"102";"18522";
"2979";"99";"50008";
"2979";"100";"50009";
"2980";"99";"44398";
"2980";"100";"44399";
"2981";"99";"40782";
"2981";"100";"40783";
"2982";"99";"40038";
"2982";"100";"40039";
"2983";"1";"10303";
"2983";"48";"76";
"2983";"49";"170";
"2983";"54";"177";
"2983";"99";"58005";
"2983";"100";"58006";
"2983";"101";"18518";
"2983";"102";"18522";
"2984";"99";"40042";
"2984";"100";"40043";
"2985";"1";"127";
"2985";"13";"40";
"2985";"17";"48";
"2985";"18";"50";
"2985";"19";"52";
"2985";"49";"146";
"2985";"54";"180";
"2985";"59";"2410";
"2985";"61";"2412";
"2985";"66";"2417";
"2985";"78";"2432";
"2985";"80";"2436";
"2985";"91";"2473";
"2985";"99";"40379";
"2985";"100";"40380";
"2985";"103";"18524";
"2986";"1";"127";
"2986";"13";"40";
"2986";"32";"87";
"2986";"49";"133";
"2986";"54";"178";
"2986";"59";"2410";
"2986";"80";"2434";
"2986";"86";"2468";
"2986";"87";"2467";
"2986";"99";"46023";
"2986";"100";"46024";
"2986";"101";"18519";
"2987";"1";"187";
"2987";"54";"178";
"2987";"80";"23075";
"2987";"99";"53171";
"2987";"100";"53172";
"2987";"101";"18518";
"2987";"102";"18522";
"2987";"103";"22389";
"2988";"99";"40744";
"2988";"100";"40745";
"2989";"1";"187";
"2989";"54";"177";
"2989";"80";"2460";
"2989";"99";"40738";
"2989";"100";"40739";
"2989";"101";"18517";
"2989";"102";"18522";
"2990";"1";"18861";
"2990";"54";"177";
"2990";"80";"2460";
"2990";"99";"40728";
"2990";"100";"40729";
"2990";"101";"18518";
"2990";"102";"18522";
"2991";"1";"12487";
"2991";"9";"29";
"2991";"54";"177";
"2991";"80";"2450";
"2991";"99";"40714";
"2991";"100";"40715";
"2991";"101";"18518";
"2991";"102";"22451";
"2992";"1";"32597";
"2992";"9";"29";
"2992";"99";"40704";
"2992";"100";"40705";
"2992";"101";"18518";
"2993";"1";"32597";
"2993";"9";"27";
"2993";"80";"2445";
"2993";"99";"40698";
"2993";"100";"40699";
"2993";"101";"22386";
"2993";"102";"18522";
"2994";"1";"187";
"2994";"9";"18614";
"2994";"49";"18507";
"2994";"54";"177";
"2994";"99";"40690";
"2994";"100";"40691";
"2994";"101";"18519";
"2995";"1";"187";
"2995";"9";"18614";
"2995";"48";"75";
"2995";"49";"18507";
"2995";"99";"40682";
"2995";"100";"40683";
"2995";"101";"18519";
"2996";"1";"10394";
"2996";"9";"29";
"2996";"48";"76";
"2996";"80";"2436";
"2996";"99";"40684";
"2996";"100";"40685";
"2996";"101";"22386";
"2997";"1";"181";
"2997";"9";"18614";
"2997";"49";"6206";
"2997";"54";"177";
"2997";"99";"40648";
"2997";"100";"40649";
"2997";"101";"22208";
"2998";"1";"130";
"2998";"9";"18614";
"2998";"49";"6206";
"2998";"80";"2436";
"2998";"99";"40642";
"2998";"100";"40643";
"2998";"101";"18518";
"2999";"1";"130";
"2999";"9";"18614";
"2999";"49";"6206";
"2999";"80";"2436";
"2999";"99";"40636";
"2999";"100";"40637";
"3000";"1";"10394";
"3000";"49";"6206";
"3000";"80";"2438";
"3000";"99";"40630";
"3000";"100";"40631";
"3001";"1";"132";
"3001";"9";"29";
"3001";"80";"2436";
"3001";"99";"40626";
"3001";"100";"40627";
"3001";"102";"22451";
"3002";"1";"13122";
"3002";"9";"18614";
"3002";"49";"13125";
"3002";"54";"178";
"3002";"80";"2446";
"3002";"99";"65989";
"3002";"100";"65990";
"3002";"101";"22388";
"3002";"102";"18522";
"3002";"123";"44502";
"3003";"1";"13122";
"3003";"9";"18614";
"3003";"49";"13125";
"3003";"54";"178";
"3003";"80";"2446";
"3003";"99";"67929";
"3003";"100";"67930";
"3003";"101";"22388";
"3003";"102";"18522";
"3003";"123";"44502";
"3004";"1";"13122";
"3004";"9";"18614";
"3004";"49";"13125";
"3004";"54";"178";
"3004";"80";"2446";
"3004";"99";"54959";
"3004";"100";"54960";
"3004";"101";"22388";
"3004";"102";"18522";
"3004";"123";"44502";
"3005";"99";"52612";
"3005";"100";"52613";
"3005";"123";"44503";
"3006";"1";"35859";
"3006";"49";"139";
"3006";"54";"177";
"3006";"99";"60709";
"3006";"100";"60710";
"3006";"101";"18518";
"3006";"102";"18522";
"3007";"1";"123";
"3007";"49";"117";
"3007";"54";"178";
"3007";"99";"45214";
"3007";"100";"45215";
"3007";"101";"18517";
"3008";"1";"13122";
"3008";"13";"40";
"3008";"14";"42";
"3008";"49";"13125";
"3008";"54";"177";
"3008";"59";"2410";
"3008";"80";"2444";
"3008";"99";"45274";
"3008";"100";"45275";
"3008";"101";"18517";
"3009";"1";"130";
"3009";"13";"40";
"3009";"14";"42";
"3009";"49";"18507";
"3009";"54";"177";
"3009";"59";"2410";
"3009";"66";"2417";
"3009";"99";"45218";
"3009";"100";"45219";
"3010";"1";"13122";
"3010";"13";"40";
"3010";"14";"42";
"3010";"49";"18509";
"3010";"54";"177";
"3010";"59";"2410";
"3010";"66";"2417";
"3010";"80";"2441";
"3010";"84";"2463";
"3010";"99";"45242";
"3010";"100";"45243";
"3010";"101";"18517";
"3011";"1";"13122";
"3011";"49";"18509";
"3011";"54";"178";
"3011";"99";"45236";
"3011";"100";"45237";
"3011";"101";"18517";
"3012";"1";"127";
"3012";"49";"128";
"3012";"54";"178";
"3012";"99";"45226";
"3012";"100";"45227";
"3012";"101";"18518";
"3012";"102";"18522";
"3013";"1";"136";
"3013";"49";"23699";
"3013";"80";"2441";
"3013";"99";"45216";
"3013";"100";"45217";
"3013";"101";"18518";
"3013";"102";"18522";
"3014";"1";"134";
"3014";"13";"40";
"3014";"14";"42";
"3014";"54";"178";
"3014";"59";"2410";
"3014";"66";"2417";
"3014";"80";"2441";
"3014";"99";"45256";
"3014";"100";"45257";
"3014";"101";"18518";
"3014";"102";"18522";
"3015";"1";"13122";
"3015";"13";"40";
"3015";"14";"42";
"3015";"49";"18508";
"3015";"54";"178";
"3015";"59";"2410";
"3015";"99";"45220";
"3015";"100";"45221";
"3015";"101";"18517";
"3016";"1";"13122";
"3016";"13";"40";
"3016";"14";"42";
"3016";"54";"178";
"3016";"59";"2410";
"3016";"80";"2441";
"3016";"81";"2429";
"3016";"99";"45238";
"3016";"100";"45239";
"3016";"101";"18518";
"3016";"102";"18522";
"3017";"1";"13122";
"3017";"13";"40";
"3017";"14";"42";
"3017";"49";"6206";
"3017";"54";"178";
"3017";"59";"2410";
"3017";"81";"2429";
"3017";"99";"45252";
"3017";"100";"45253";
"3017";"101";"18518";
"3017";"102";"18522";
"3018";"1";"13121";
"3018";"13";"40";
"3018";"14";"42";
"3018";"49";"18508";
"3018";"54";"178";
"3018";"59";"2410";
"3018";"66";"2417";
"3018";"81";"2429";
"3018";"99";"45246";
"3018";"100";"45247";
"3018";"101";"18517";
"3019";"1";"15";
"3019";"13";"40";
"3019";"14";"42";
"3019";"49";"18507";
"3019";"54";"178";
"3019";"59";"2410";
"3019";"81";"2429";
"3019";"99";"65609";
"3019";"100";"65610";
"3019";"101";"18518";
"3019";"102";"18522";
"3020";"1";"13122";
"3020";"49";"18509";
"3020";"54";"178";
"3020";"59";"2410";
"3020";"66";"2417";
"3020";"80";"2442";
"3020";"81";"2429";
"3020";"99";"45222";
"3020";"100";"45223";
"3020";"101";"18518";
"3020";"102";"18522";
"3021";"1";"134";
"3021";"13";"40";
"3021";"14";"42";
"3021";"49";"13125";
"3021";"54";"178";
"3021";"59";"2410";
"3021";"81";"2429";
"3021";"99";"45224";
"3021";"100";"45225";
"3021";"101";"18518";
"3021";"102";"18522";
"3022";"1";"136";
"3022";"49";"13125";
"3022";"80";"2441";
"3022";"99";"45254";
"3022";"100";"45255";
"3022";"101";"18518";
"3022";"102";"18522";
"3023";"1";"127";
"3023";"13";"40";
"3023";"14";"42";
"3023";"49";"146";
"3023";"54";"178";
"3023";"59";"2410";
"3023";"81";"2429";
"3023";"99";"45230";
"3023";"100";"45231";
"3023";"101";"18518";
"3023";"102";"18522";
"3024";"1";"134";
"3024";"13";"40";
"3024";"14";"42";
"3024";"49";"128";
"3024";"54";"178";
"3024";"59";"2410";
"3024";"80";"2442";
"3024";"81";"2429";
"3024";"99";"45250";
"3024";"100";"45251";
"3024";"101";"18518";
"3024";"102";"18522";
"3025";"1";"13122";
"3025";"13";"40";
"3025";"14";"42";
"3025";"49";"18508";
"3025";"54";"178";
"3025";"59";"2410";
"3025";"81";"2429";
"3025";"99";"45232";
"3025";"100";"45233";
"3025";"101";"18518";
"3025";"102";"18522";
"3026";"1";"18533";
"3026";"13";"40";
"3026";"14";"42";
"3026";"49";"13125";
"3026";"54";"178";
"3026";"59";"2410";
"3026";"81";"2429";
"3026";"99";"42865";
"3026";"100";"42866";
"3026";"101";"18518";
"3026";"102";"18522";
"3027";"1";"123";
"3027";"13";"40";
"3027";"14";"42";
"3027";"49";"23699";
"3027";"54";"178";
"3027";"59";"2410";
"3027";"81";"2429";
"3027";"99";"45228";
"3027";"100";"45229";
"3027";"101";"18518";
"3027";"102";"18522";
"3028";"1";"135";
"3028";"13";"40";
"3028";"14";"42";
"3028";"49";"124";
"3028";"54";"178";
"3028";"59";"2410";
"3028";"81";"2429";
"3028";"99";"45258";
"3028";"100";"45259";
"3028";"101";"18518";
"3028";"102";"18522";
"3029";"1";"125";
"3029";"13";"40";
"3029";"14";"42";
"3029";"49";"18509";
"3029";"54";"178";
"3029";"59";"2410";
"3029";"81";"2429";
"3029";"99";"45234";
"3029";"100";"45235";
"3030";"1";"136";
"3030";"9";"29";
"3030";"48";"74";
"3030";"49";"117";
"3030";"54";"177";
"3030";"99";"66189";
"3030";"100";"66190";
"3030";"101";"18518";
"3030";"102";"18522";
"3031";"1";"134";
"3031";"9";"18614";
"3031";"49";"117";
"3031";"54";"178";
"3031";"80";"2444";
"3031";"99";"45290";
"3031";"100";"45291";
"3031";"101";"22388";
"3031";"102";"18522";
"3031";"123";"44502";
"3032";"1";"125";
"3032";"49";"124";
"3032";"54";"178";
"3032";"99";"61704";
"3032";"100";"61705";
"3032";"101";"22208";
"3032";"102";"18522";
"3033";"1";"24723";
"3033";"8";"25";
"3033";"13";"40";
"3033";"18";"50";
"3033";"21";"56";
"3033";"49";"139";
"3033";"54";"176";
"3033";"58";"2409";
"3033";"60";"2411";
"3033";"62";"2413";
"3033";"64";"2415";
"3033";"66";"2417";
"3033";"68";"2419";
"3033";"99";"59545";
"3033";"100";"59546";
"3033";"101";"18517";
"3034";"99";"46039";
"3034";"100";"46040";
"3034";"123";"44502";
"3035";"1";"140";
"3035";"49";"139";
"3035";"54";"178";
"3035";"99";"64981";
"3035";"100";"64982";
"3035";"101";"22208";
"3035";"102";"18522";
"3035";"103";"22393";
"3036";"1";"130";
"3036";"9";"18614";
"3036";"54";"176";
"3036";"80";"2442";
"3036";"99";"41210";
"3036";"100";"41211";
"3036";"101";"22388";
"3036";"102";"18522";
"3036";"123";"44502";
"3037";"1";"123";
"3037";"8";"25";
"3037";"48";"74";
"3037";"49";"115";
"3037";"54";"177";
"3037";"73";"2428";
"3037";"75";"2425";
"3037";"85";"2466";
"3037";"91";"2473";
"3037";"99";"50022";
"3037";"100";"50023";
"3037";"101";"18518";
"3038";"1";"123";
"3038";"54";"178";
"3038";"99";"44224";
"3038";"100";"44225";
"3038";"101";"18518";
"3038";"102";"18522";
"3039";"1";"130";
"3039";"49";"117";
"3039";"54";"178";
"3039";"80";"2459";
"3039";"99";"41907";
"3039";"100";"41908";
"3039";"101";"18519";
"3039";"102";"18522";
"3039";"103";"22389";
"3040";"1";"134";
"3040";"49";"117";
"3040";"54";"178";
"3040";"99";"56456";
"3040";"100";"56457";
"3040";"101";"18518";
"3040";"102";"18522";
"3040";"123";"44502";
"3041";"1";"13121";
"3041";"48";"76";
"3041";"54";"178";
"3041";"80";"2454";
"3041";"99";"45332";
"3041";"100";"45333";
"3041";"101";"18517";
"3041";"102";"18522";
"3042";"1";"15";
"3042";"49";"18508";
"3042";"54";"178";
"3042";"99";"58001";
"3042";"100";"58002";
"3042";"101";"18518";
"3042";"102";"18522";
"3043";"99";"44356";
"3043";"100";"44357";
"3044";"1";"123";
"3044";"49";"139";
"3044";"54";"178";
"3044";"99";"63292";
"3044";"100";"63293";
"3044";"101";"18518";
"3044";"102";"18522";
"3045";"1";"23997";
"3045";"49";"23698";
"3045";"54";"177";
"3045";"99";"46124";
"3045";"100";"46125";
"3045";"101";"18518";
"3045";"102";"18522";
"3046";"1";"125";
"3046";"54";"178";
"3046";"80";"2443";
"3046";"99";"42987";
"3046";"100";"42988";
"3046";"101";"18518";
"3046";"102";"18522";
"3046";"123";"44504";
"3047";"1";"18533";
"3047";"49";"23698";
"3047";"54";"178";
"3047";"80";"2444";
"3047";"99";"55214";
"3047";"100";"55215";
"3047";"101";"22208";
"3047";"102";"18522";
"3048";"1";"13122";
"3048";"49";"13125";
"3048";"54";"178";
"3048";"80";"2436";
"3048";"99";"63284";
"3048";"100";"63285";
"3048";"101";"22388";
"3048";"102";"18522";
"3048";"103";"18524";
"3049";"1";"13122";
"3049";"13";"40";
"3049";"14";"42";
"3049";"49";"133";
"3049";"54";"178";
"3049";"59";"2410";
"3049";"81";"2429";
"3049";"99";"45266";
"3049";"100";"45267";
"3050";"1";"130";
"3050";"49";"117";
"3050";"54";"178";
"3050";"80";"2436";
"3050";"99";"61766";
"3050";"100";"61767";
"3050";"101";"22388";
"3050";"102";"18522";
"3050";"103";"18524";
"3051";"1";"130";
"3051";"49";"13125";
"3051";"54";"178";
"3051";"80";"2459";
"3051";"99";"56460";
"3051";"100";"56461";
"3051";"101";"22388";
"3051";"102";"18522";
"3051";"103";"18524";
"3052";"1";"132";
"3052";"49";"23699";
"3052";"54";"178";
"3052";"80";"2439";
"3052";"99";"66921";
"3052";"100";"66922";
"3052";"101";"18518";
"3052";"102";"18522";
"3052";"103";"22389";
"3053";"1";"125";
"3053";"9";"18614";
"3053";"49";"124";
"3053";"54";"178";
"3053";"80";"2444";
"3053";"99";"45779";
"3053";"100";"45780";
"3053";"101";"22388";
"3053";"102";"18522";
"3053";"123";"44502";
"3054";"1";"13121";
"3054";"49";"23699";
"3054";"54";"177";
"3054";"80";"2436";
"3054";"99";"66015";
"3054";"100";"66016";
"3054";"101";"18518";
"3054";"102";"18522";
"3055";"1";"18533";
"3055";"48";"75";
"3055";"49";"23698";
"3055";"54";"178";
"3055";"80";"2459";
"3055";"99";"41624";
"3055";"100";"41625";
"3055";"101";"18519";
"3056";"1";"123";
"3056";"54";"178";
"3056";"80";"2444";
"3056";"99";"55216";
"3056";"100";"55217";
"3056";"101";"18518";
"3056";"102";"18522";
"3057";"1";"123";
"3057";"49";"117";
"3057";"54";"178";
"3057";"99";"53783";
"3057";"100";"53784";
"3057";"101";"18518";
"3057";"102";"18522";
"3058";"1";"134";
"3058";"49";"117";
"3058";"54";"178";
"3058";"80";"2436";
"3058";"99";"42291";
"3058";"100";"42292";
"3058";"101";"18518";
"3058";"102";"18522";
"3059";"99";"63458";
"3059";"100";"63459";
"3060";"48";"74";
"3060";"54";"177";
"3060";"99";"50208";
"3060";"100";"50209";
"3060";"101";"18517";
"3060";"102";"18522";
"3061";"1";"127";
"3061";"54";"178";
"3061";"80";"2439";
"3061";"99";"61688";
"3061";"100";"61689";
"3061";"101";"22208";
"3061";"102";"18522";
"3061";"103";"18524";
"3062";"1";"15";
"3062";"54";"177";
"3062";"99";"42903";
"3062";"100";"42904";
"3062";"101";"18518";
"3062";"102";"18522";
"3063";"1";"18861";
"3063";"9";"18614";
"3063";"54";"178";
"3063";"99";"68019";
"3063";"100";"68020";
"3063";"101";"18518";
"3063";"102";"18522";
"3064";"1";"134";
"3064";"9";"18614";
"3064";"49";"13125";
"3064";"54";"178";
"3064";"80";"2444";
"3064";"99";"56466";
"3064";"100";"56467";
"3064";"101";"18518";
"3064";"102";"22387";
"3064";"103";"22389";
"3064";"123";"44500";
"3065";"1";"134";
"3065";"49";"117";
"3065";"54";"177";
"3065";"99";"50014";
"3065";"100";"50015";
"3065";"101";"18518";
"3065";"102";"18522";
"3066";"1";"125";
"3066";"48";"74";
"3066";"54";"178";
"3066";"80";"2436";
"3066";"99";"52272";
"3066";"100";"52273";
"3066";"101";"22388";
"3066";"102";"18522";
"3066";"103";"18524";
"3067";"1";"15";
"3067";"49";"23699";
"3067";"54";"177";
"3067";"99";"63454";
"3067";"100";"63455";
"3067";"101";"18518";
"3067";"102";"18522";
"3068";"1";"24723";
"3068";"48";"76";
"3068";"49";"124";
"3068";"54";"178";
"3068";"80";"2451";
"3068";"99";"42455";
"3068";"100";"42456";
"3068";"101";"18518";
"3068";"102";"18522";
"3069";"1";"123";
"3069";"9";"27";
"3069";"54";"179";
"3069";"80";"2451";
"3069";"99";"42381";
"3069";"100";"42382";
"3069";"101";"18518";
"3069";"102";"18522";
"3070";"1";"134";
"3070";"49";"117";
"3070";"54";"177";
"3070";"80";"2433";
"3070";"99";"42301";
"3070";"100";"42302";
"3070";"101";"18518";
"3070";"102";"18522";
"3071";"1";"35859";
"3071";"54";"178";
"3071";"99";"57226";
"3071";"100";"57227";
"3071";"101";"18518";
"3071";"102";"18522";
"3072";"1";"145";
"3072";"49";"18507";
"3072";"54";"178";
"3072";"80";"2442";
"3072";"99";"56957";
"3072";"100";"56958";
"3072";"101";"18518";
"3072";"102";"18522";
"3073";"1";"123";
"3073";"49";"124";
"3073";"54";"176";
"3073";"99";"51152";
"3073";"100";"51153";
"3073";"101";"18517";
"3073";"102";"18522";
"3074";"1";"11296";
"3074";"8";"25";
"3074";"9";"28";
"3074";"10";"30";
"3074";"11";"33";
"3074";"18";"50";
"3074";"21";"56";
"3074";"32";"88";
"3074";"39";"79";
"3074";"47";"77";
"3074";"48";"76";
"3074";"49";"139";
"3074";"54";"177";
"3074";"58";"2409";
"3074";"60";"2411";
"3074";"62";"2413";
"3074";"64";"2415";
"3074";"74";"2427";
"3074";"82";"2465";
"3074";"86";"2468";
"3074";"96";"2478";
"3074";"97";"2477";
"3074";"98";"2479";
"3074";"99";"41574";
"3074";"100";"41575";
"3074";"102";"18615";
"3075";"1";"142";
"3075";"8";"25";
"3075";"18";"50";
"3075";"21";"56";
"3075";"48";"76";
"3075";"49";"4318";
"3075";"54";"177";
"3075";"58";"2409";
"3075";"60";"2411";
"3075";"62";"2413";
"3075";"91";"2473";
"3075";"99";"41610";
"3075";"100";"41611";
"3076";"18";"50";
"3076";"19";"52";
"3076";"32";"87";
"3076";"46";"99";
"3076";"59";"2410";
"3076";"60";"2411";
"3076";"82";"2465";
"3076";"86";"2468";
"3076";"98";"2479";
"3076";"99";"61580";
"3076";"100";"61581";
"3077";"1";"4279";
"3077";"49";"117";
"3077";"54";"177";
"3077";"80";"2443";
"3077";"99";"61594";
"3077";"100";"61595";
"3077";"103";"22209";
"3078";"1";"127";
"3078";"8";"25";
"3078";"17";"48";
"3078";"18";"50";
"3078";"19";"52";
"3078";"48";"74";
"3078";"54";"176";
"3078";"58";"2409";
"3078";"59";"2410";
"3078";"60";"2411";
"3078";"63";"2414";
"3078";"67";"2418";
"3078";"85";"2466";
"3078";"91";"2473";
"3078";"99";"42153";
"3078";"100";"42154";
"3078";"101";"18517";
"3079";"99";"41656";
"3079";"100";"41657";
"3080";"1";"13122";
"3080";"21";"56";
"3080";"49";"13125";
"3080";"54";"176";
"3080";"59";"2410";
"3080";"66";"2417";
"3080";"77";"2430";
"3080";"80";"2438";
"3080";"99";"44570";
"3080";"100";"44571";
"3080";"101";"18518";
"3080";"103";"22209";
"3081";"1";"35859";
"3081";"54";"178";
"3081";"99";"42103";
"3081";"100";"42104";
"3081";"101";"18518";
"3081";"102";"18522";
"3082";"1";"123";
"3082";"8";"25";
"3082";"13";"40";
"3082";"18";"50";
"3082";"48";"74";
"3082";"49";"13125";
"3082";"54";"176";
"3082";"58";"2409";
"3082";"60";"2411";
"3082";"63";"2414";
"3082";"65";"2416";
"3082";"67";"2418";
"3082";"68";"2419";
"3082";"85";"2466";
"3082";"91";"2473";
"3082";"99";"63476";
"3082";"100";"63477";
"3082";"101";"18517";
"3083";"1";"35859";
"3083";"54";"178";
"3083";"99";"42111";
"3083";"100";"42112";
"3083";"101";"18518";
"3083";"102";"18522";
"3084";"1";"145";
"3084";"48";"74";
"3084";"49";"146";
"3084";"54";"178";
"3084";"80";"2436";
"3084";"99";"42895";
"3084";"100";"42896";
"3084";"101";"22208";
"3084";"102";"18522";
"3084";"103";"18524";
"3085";"1";"125";
"3085";"49";"124";
"3085";"54";"177";
"3085";"80";"2436";
"3085";"99";"44010";
"3085";"100";"44011";
"3085";"101";"18518";
"3086";"1";"123";
"3086";"9";"18614";
"3086";"48";"76";
"3086";"49";"139";
"3086";"54";"178";
"3086";"57";"2408";
"3086";"59";"2410";
"3086";"80";"2462";
"3086";"99";"42935";
"3086";"100";"42936";
"3086";"101";"18518";
"3086";"102";"18522";
"3087";"1";"134";
"3087";"9";"18669";
"3087";"10";"30";
"3087";"32";"87";
"3087";"47";"77";
"3087";"48";"76";
"3087";"54";"178";
"3087";"59";"2410";
"3087";"66";"2417";
"3087";"80";"2455";
"3087";"83";"2464";
"3087";"84";"2463";
"3087";"86";"2468";
"3087";"87";"2467";
"3087";"91";"2473";
"3087";"95";"2476";
"3087";"96";"2478";
"3087";"99";"42881";
"3087";"100";"42882";
"3087";"101";"18519";
"3087";"102";"18532";
"3087";"103";"18525";
"3088";"1";"24723";
"3088";"8";"25";
"3088";"18";"50";
"3088";"49";"117";
"3088";"54";"177";
"3088";"58";"2409";
"3088";"60";"2411";
"3088";"91";"2473";
"3088";"99";"41756";
"3088";"100";"41757";
"3089";"1";"130";
"3089";"8";"25";
"3089";"9";"27";
"3089";"10";"30";
"3089";"13";"40";
"3089";"14";"42";
"3089";"19";"52";
"3089";"21";"56";
"3089";"39";"79";
"3089";"47";"77";
"3089";"49";"133";
"3089";"54";"178";
"3089";"59";"2410";
"3089";"66";"2417";
"3089";"75";"2425";
"3089";"76";"2424";
"3089";"77";"2430";
"3089";"80";"2441";
"3089";"81";"2429";
"3089";"82";"2465";
"3089";"84";"2463";
"3089";"86";"2468";
"3089";"89";"2471";
"3089";"95";"2476";
"3089";"99";"41800";
"3089";"100";"41801";
"3089";"123";"44505";
"3090";"1";"185";
"3090";"9";"18614";
"3090";"49";"143";
"3090";"54";"176";
"3090";"99";"47457";
"3090";"100";"47458";
"3090";"101";"18517";
"3091";"1";"132";
"3091";"9";"29";
"3091";"49";"18508";
"3091";"80";"2441";
"3091";"99";"42255";
"3091";"100";"42256";
"3091";"101";"18518";
"3091";"102";"18522";
"3092";"1";"13122";
"3092";"49";"23699";
"3092";"54";"177";
"3092";"99";"50140";
"3092";"100";"50141";
"3092";"101";"18518";
"3092";"102";"18522";
"3093";"9";"18614";
"3093";"48";"76";
"3093";"54";"179";
"3093";"80";"2442";
"3093";"99";"47717";
"3093";"100";"47718";
"3093";"101";"18518";
"3093";"102";"18522";
"3094";"1";"13121";
"3094";"49";"13125";
"3094";"54";"177";
"3094";"80";"2434";
"3094";"99";"43888";
"3094";"100";"43889";
"3094";"101";"18518";
"3094";"102";"18522";
"3095";"1";"13121";
"3095";"49";"23699";
"3095";"54";"176";
"3095";"59";"2410";
"3095";"80";"2450";
"3095";"99";"42969";
"3095";"100";"42970";
"3095";"101";"18518";
"3095";"102";"18532";
"3096";"1";"123";
"3096";"49";"124";
"3096";"54";"177";
"3096";"80";"2446";
"3096";"99";"42929";
"3096";"100";"42930";
"3096";"101";"18518";
"3096";"102";"18522";
"3097";"1";"125";
"3097";"9";"29";
"3097";"48";"76";
"3097";"54";"177";
"3097";"99";"44742";
"3097";"100";"44743";
"3097";"101";"18518";
"3097";"102";"18522";
"3098";"13";"40";
"3098";"14";"42";
"3098";"59";"2410";
"3098";"75";"2425";
"3098";"77";"2430";
"3098";"99";"42409";
"3098";"100";"42410";
"3098";"123";"44502";
"3099";"54";"176";
"3099";"99";"42443";
"3099";"100";"42444";
"3099";"101";"18518";
"3099";"102";"18522";
"3100";"1";"23076";
"3100";"8";"25";
"3100";"18";"50";
"3100";"19";"52";
"3100";"36";"92";
"3100";"46";"99";
"3100";"48";"74";
"3100";"49";"13125";
"3100";"54";"176";
"3100";"58";"2409";
"3100";"59";"2410";
"3100";"66";"2417";
"3100";"68";"2419";
"3100";"69";"2420";
"3100";"71";"2423";
"3100";"85";"2466";
"3100";"91";"2473";
"3100";"98";"2479";
"3100";"99";"65937";
"3100";"100";"65938";
"3101";"1";"24723";
"3101";"8";"25";
"3101";"9";"29";
"3101";"11";"32";
"3101";"19";"52";
"3101";"39";"79";
"3101";"48";"76";
"3101";"49";"124";
"3101";"54";"177";
"3101";"57";"2408";
"3101";"66";"2417";
"3101";"80";"2443";
"3101";"81";"2429";
"3101";"99";"43886";
"3101";"100";"43887";
"3101";"101";"18517";
"3101";"103";"22209";
"3102";"1";"130";
"3102";"8";"26";
"3102";"13";"40";
"3102";"14";"42";
"3102";"17";"48";
"3102";"19";"52";
"3102";"32";"87";
"3102";"45";"98";
"3102";"46";"99";
"3102";"48";"74";
"3102";"49";"133";
"3102";"54";"178";
"3102";"59";"2410";
"3102";"63";"2414";
"3102";"66";"2417";
"3102";"67";"2418";
"3102";"68";"2419";
"3102";"69";"2420";
"3102";"80";"2439";
"3102";"82";"2465";
"3102";"86";"2468";
"3102";"87";"2467";
"3102";"89";"2471";
"3102";"91";"2473";
"3102";"99";"61636";
"3102";"100";"61637";
"3102";"101";"22208";
"3102";"102";"18522";
"3102";"103";"18524";
"3103";"1";"127";
"3103";"13";"40";
"3103";"14";"42";
"3103";"17";"48";
"3103";"19";"52";
"3103";"32";"87";
"3103";"45";"98";
"3103";"49";"128";
"3103";"54";"178";
"3103";"59";"2410";
"3103";"63";"2414";
"3103";"65";"2416";
"3103";"66";"2417";
"3103";"67";"2418";
"3103";"68";"2419";
"3103";"69";"2420";
"3103";"80";"2439";
"3103";"82";"2465";
"3103";"86";"2468";
"3103";"87";"2467";
"3103";"89";"2471";
"3103";"99";"44408";
"3103";"100";"44409";
"3103";"101";"22208";
"3103";"102";"18522";
"3103";"103";"18524";
"3104";"1";"171";
"3104";"49";"18507";
"3104";"54";"177";
"3104";"80";"2436";
"3104";"99";"45168";
"3104";"100";"45169";
"3104";"101";"22388";
"3104";"102";"18532";
"3105";"1";"13122";
"3105";"8";"25";
"3105";"18";"50";
"3105";"21";"56";
"3105";"48";"74";
"3105";"49";"13125";
"3105";"54";"176";
"3105";"58";"2409";
"3105";"59";"2410";
"3105";"66";"2417";
"3105";"67";"2418";
"3105";"68";"2419";
"3105";"91";"2473";
"3105";"99";"53901";
"3105";"100";"53902";
"3105";"101";"18518";
"3106";"99";"48904";
"3106";"100";"48905";
"3107";"99";"60625";
"3107";"100";"60626";
"3108";"99";"49246";
"3108";"100";"49247";
"3109";"1";"13122";
"3109";"13";"40";
"3109";"14";"42";
"3109";"17";"48";
"3109";"18";"50";
"3109";"19";"52";
"3109";"49";"13125";
"3109";"54";"178";
"3109";"59";"2410";
"3109";"63";"2414";
"3109";"66";"2417";
"3109";"75";"2425";
"3109";"76";"2424";
"3109";"77";"2430";
"3109";"80";"2455";
"3109";"81";"2429";
"3109";"84";"2463";
"3109";"86";"2468";
"3109";"90";"2470";
"3109";"99";"51572";
"3109";"100";"51573";
"3109";"101";"18518";
"3110";"1";"132";
"3110";"8";"26";
"3110";"13";"40";
"3110";"14";"42";
"3110";"17";"48";
"3110";"23";"60";
"3110";"48";"76";
"3110";"49";"139";
"3110";"54";"179";
"3110";"59";"2410";
"3110";"69";"2420";
"3110";"77";"2430";
"3110";"80";"2438";
"3110";"81";"2429";
"3110";"91";"2473";
"3110";"99";"66877";
"3110";"100";"66878";
"3110";"101";"18518";
"3110";"102";"18522";
"3110";"103";"18525";
"3111";"1";"134";
"3111";"54";"179";
"3111";"80";"2443";
"3111";"99";"45903";
"3111";"100";"45904";
"3111";"101";"18518";
"3111";"102";"18522";
"3112";"1";"123";
"3112";"49";"139";
"3112";"54";"179";
"3112";"99";"42997";
"3112";"100";"42998";
"3112";"101";"22388";
"3112";"102";"18522";
"3112";"103";"18524";
"3113";"1";"123";
"3113";"49";"139";
"3113";"54";"179";
"3113";"99";"63294";
"3113";"100";"63295";
"3113";"101";"22388";
"3113";"102";"18522";
"3113";"103";"18524";
"3114";"99";"60703";
"3114";"100";"60704";
"3115";"99";"42097";
"3115";"100";"42098";
"3116";"1";"24723";
"3116";"49";"143";
"3116";"54";"177";
"3116";"80";"2439";
"3116";"99";"42447";
"3116";"100";"42448";
"3116";"101";"18518";
"3116";"102";"18522";
"3117";"1";"24723";
"3117";"8";"25";
"3117";"11";"32";
"3117";"14";"42";
"3117";"19";"52";
"3117";"48";"76";
"3117";"49";"124";
"3117";"54";"177";
"3117";"57";"2408";
"3117";"66";"2417";
"3117";"80";"2443";
"3117";"81";"2429";
"3117";"99";"43698";
"3117";"100";"43699";
"3117";"101";"18517";
"3117";"103";"22209";
"3118";"1";"13122";
"3118";"49";"18508";
"3118";"54";"179";
"3118";"80";"2443";
"3118";"99";"42941";
"3118";"100";"42942";
"3118";"101";"18518";
"3118";"102";"18522";
"3119";"1";"141";
"3119";"49";"26685";
"3119";"54";"178";
"3119";"80";"2440";
"3119";"99";"42919";
"3119";"100";"42920";
"3119";"101";"18518";
"3119";"102";"18532";
"3120";"99";"42399";
"3120";"100";"42400";
"3125";"99";"43113";
"3125";"100";"43114";
"3128";"1";"132";
"3128";"13";"40";
"3128";"14";"42";
"3128";"49";"128";
"3128";"54";"178";
"3128";"59";"2410";
"3128";"81";"2429";
"3128";"99";"54624";
"3128";"100";"54625";
"3128";"101";"18517";
"3128";"102";"18522";
"3129";"1";"130";
"3129";"13";"40";
"3129";"14";"42";
"3129";"49";"133";
"3129";"54";"178";
"3129";"59";"2410";
"3129";"81";"2429";
"3129";"99";"56171";
"3129";"100";"56172";
"3130";"1";"134";
"3130";"13";"40";
"3130";"14";"42";
"3130";"49";"133";
"3130";"54";"178";
"3130";"59";"2410";
"3130";"81";"2429";
"3130";"99";"54485";
"3130";"100";"54486";
"3131";"1";"127";
"3131";"13";"40";
"3131";"14";"42";
"3131";"54";"178";
"3131";"59";"2410";
"3131";"81";"2429";
"3131";"99";"43700";
"3131";"100";"43701";
"3132";"1";"130";
"3132";"13";"40";
"3132";"14";"42";
"3132";"49";"133";
"3132";"54";"178";
"3132";"59";"2410";
"3132";"80";"2441";
"3132";"81";"2429";
"3132";"99";"56454";
"3132";"100";"56455";
"3133";"99";"47254";
"3133";"100";"47255";
"3133";"123";"44502";
"3134";"99";"54365";
"3135";"99";"43229";
"3137";"60";"2411";
"3137";"99";"47312";
"3137";"100";"47313";
"3137";"104";"19118";
"3138";"60";"2411";
"3138";"99";"47310";
"3138";"100";"47311";
"3138";"104";"19118";
"3139";"60";"2411";
"3139";"99";"49254";
"3139";"100";"49255";
"3139";"104";"19118";
"3140";"1";"184";
"3140";"48";"76";
"3140";"49";"6081";
"3140";"54";"177";
"3140";"99";"49214";
"3140";"100";"49215";
"3141";"99";"47707";
"3141";"100";"47708";
"3142";"1";"123";
"3142";"54";"178";
"3142";"99";"43602";
"3142";"100";"43603";
"3143";"99";"47701";
"3143";"100";"47702";
"3144";"99";"43610";
"3144";"100";"43611";
"3145";"99";"43614";
"3145";"100";"43615";
"3146";"99";"47703";
"3146";"100";"47704";
"3147";"99";"67825";
"3147";"100";"67826";
"3148";"1";"123";
"3148";"54";"179";
"3148";"99";"56903";
"3148";"100";"56904";
"3148";"101";"18518";
"3148";"102";"18522";
"3149";"1";"123";
"3149";"54";"179";
"3149";"99";"57659";
"3149";"100";"57660";
"3149";"101";"18518";
"3149";"102";"18522";
"3150";"1";"134";
"3150";"49";"117";
"3150";"54";"179";
"3150";"99";"52270";
"3150";"100";"52271";
"3151";"1";"134";
"3151";"49";"117";
"3151";"99";"52268";
"3151";"100";"52269";
"3152";"99";"52266";
"3152";"100";"52267";
"3153";"1";"127";
"3153";"21";"56";
"3153";"54";"178";
"3153";"59";"2410";
"3153";"66";"2417";
"3153";"77";"2430";
"3153";"80";"2436";
"3153";"99";"49992";
"3153";"100";"49993";
"3153";"101";"18518";
"3153";"103";"22393";
"3154";"1";"127";
"3154";"21";"56";
"3154";"54";"178";
"3154";"59";"2410";
"3154";"66";"2417";
"3154";"77";"2430";
"3154";"80";"2436";
"3154";"99";"50488";
"3154";"100";"50489";
"3154";"101";"18518";
"3154";"102";"18522";
"3154";"103";"22393";
"3155";"1";"127";
"3155";"21";"56";
"3155";"54";"178";
"3155";"59";"2410";
"3155";"66";"2417";
"3155";"77";"2430";
"3155";"80";"2450";
"3155";"99";"45973";
"3155";"100";"45974";
"3155";"101";"18518";
"3155";"103";"22393";
"3156";"1";"132";
"3156";"21";"56";
"3156";"54";"176";
"3156";"59";"2410";
"3156";"66";"2417";
"3156";"77";"2430";
"3156";"80";"2436";
"3156";"99";"50494";
"3156";"100";"50495";
"3156";"101";"18518";
"3156";"102";"18522";
"3156";"103";"22393";
"3157";"1";"127";
"3157";"21";"56";
"3157";"54";"178";
"3157";"59";"2410";
"3157";"66";"2417";
"3157";"77";"2430";
"3157";"80";"2436";
"3157";"99";"55512";
"3157";"100";"55513";
"3157";"101";"18518";
"3157";"103";"22393";
"3158";"1";"127";
"3158";"21";"56";
"3158";"54";"178";
"3158";"59";"2410";
"3158";"66";"2417";
"3158";"77";"2430";
"3158";"80";"2436";
"3158";"99";"49998";
"3158";"100";"49999";
"3158";"101";"18518";
"3158";"103";"22393";
"3159";"99";"65239";
"3159";"100";"65240";
"3160";"99";"54575";
"3160";"100";"54576";
"3161";"99";"58665";
"3161";"100";"58666";
"3162";"99";"43845";
"3162";"100";"43846";
"3163";"99";"54287";
"3163";"100";"54288";
"3164";"99";"43839";
"3164";"100";"43840";
"3165";"99";"54652";
"3165";"100";"54653";
"3166";"99";"43780";
"3166";"100";"43781";
"3166";"123";"44502";
"3167";"99";"54660";
"3167";"100";"54661";
"3168";"99";"44612";
"3168";"100";"44613";
"3169";"99";"43968";
"3169";"100";"43969";
"3170";"99";"43974";
"3170";"100";"43975";
"3171";"99";"43970";
"3171";"100";"43971";
"3172";"99";"43972";
"3172";"100";"43973";
"3173";"99";"43990";
"3174";"99";"44186";
"3175";"1";"125";
"3175";"49";"117";
"3175";"54";"177";
"3175";"80";"2448";
"3175";"99";"44034";
"3175";"100";"44035";
"3175";"101";"18517";
"3176";"1";"123";
"3176";"49";"124";
"3176";"54";"177";
"3176";"80";"2439";
"3176";"99";"44042";
"3176";"100";"44043";
"3176";"101";"18517";
"3177";"1";"123";
"3177";"49";"124";
"3177";"54";"178";
"3177";"80";"2451";
"3177";"99";"60733";
"3177";"100";"60734";
"3177";"101";"18517";
"3178";"99";"45296";
"3178";"100";"45297";
"3179";"1";"123";
"3179";"9";"27";
"3179";"48";"76";
"3179";"49";"139";
"3179";"54";"178";
"3179";"80";"2444";
"3179";"99";"45326";
"3179";"100";"45327";
"3179";"101";"18518";
"3179";"102";"18522";
"3181";"1";"134";
"3181";"10";"30";
"3181";"11";"32";
"3181";"13";"40";
"3181";"14";"42";
"3181";"48";"75";
"3181";"49";"117";
"3181";"54";"177";
"3181";"59";"2410";
"3181";"67";"2418";
"3181";"68";"2419";
"3181";"80";"2436";
"3181";"81";"2429";
"3181";"85";"2466";
"3181";"88";"2469";
"3181";"89";"2471";
"3181";"99";"45288";
"3181";"100";"45289";
"3182";"1";"123";
"3182";"49";"139";
"3182";"54";"177";
"3182";"99";"67843";
"3182";"100";"67844";
"3182";"101";"18518";
"3183";"1";"123";
"3183";"49";"139";
"3183";"54";"177";
"3183";"80";"2445";
"3183";"99";"61592";
"3183";"100";"61593";
"3183";"101";"18518";
"3183";"102";"18522";
"3184";"1";"18861";
"3184";"49";"18507";
"3184";"54";"177";
"3184";"80";"2446";
"3184";"99";"59342";
"3184";"100";"59343";
"3184";"101";"18517";
"3184";"102";"18522";
"3185";"1";"4279";
"3185";"49";"4318";
"3185";"54";"178";
"3185";"80";"2451";
"3185";"99";"66493";
"3185";"100";"66494";
"3185";"101";"18518";
"3185";"102";"18522";
"3186";"1";"18861";
"3186";"49";"117";
"3186";"54";"177";
"3186";"99";"49873";
"3186";"100";"49874";
"3186";"101";"18517";
"3186";"102";"18522";
"3187";"54";"179";
"3187";"99";"50020";
"3187";"100";"50021";
"3187";"101";"18518";
"3187";"102";"18522";
"3188";"99";"44530";
"3188";"100";"44531";
"3189";"99";"44534";
"3189";"100";"44535";
"3190";"99";"44538";
"3190";"100";"44539";
"3191";"99";"44902";
"3191";"100";"44903";
"3192";"1";"134";
"3192";"49";"13125";
"3192";"54";"178";
"3192";"80";"2445";
"3192";"99";"44694";
"3192";"100";"44695";
"3192";"101";"18518";
"3193";"99";"44692";
"3193";"100";"44693";
"3194";"99";"44696";
"3194";"100";"44697";
"3195";"99";"44684";
"3195";"100";"44685";
"3196";"99";"44688";
"3196";"100";"44689";
"3197";"1";"145";
"3197";"48";"76";
"3197";"49";"23699";
"3197";"54";"176";
"3197";"80";"2446";
"3197";"99";"45907";
"3197";"100";"45908";
"3197";"101";"18518";
"3197";"102";"18522";
"3197";"103";"22391";
"3198";"99";"44708";
"3198";"100";"44709";
"3199";"99";"48978";
"3199";"100";"48979";
"3200";"1";"125";
"3200";"49";"124";
"3200";"54";"177";
"3200";"80";"2451";
"3200";"99";"54841";
"3200";"100";"54842";
"3200";"101";"18518";
"3200";"102";"18522";
"3201";"99";"44772";
"3201";"100";"44773";
"3202";"1";"24723";
"3202";"49";"143";
"3202";"54";"177";
"3202";"80";"2433";
"3202";"99";"66499";
"3202";"100";"66500";
"3202";"101";"18518";
"3202";"102";"18522";
"3203";"1";"6080";
"3203";"49";"4318";
"3203";"54";"177";
"3203";"80";"2440";
"3203";"99";"62646";
"3203";"100";"62647";
"3203";"101";"18518";
"3203";"102";"18522";
"3204";"1";"24723";
"3204";"49";"4318";
"3204";"54";"177";
"3204";"80";"2439";
"3204";"99";"45849";
"3204";"100";"45850";
"3204";"101";"18518";
"3204";"102";"18522";
"3205";"99";"44801";
"3206";"1";"18861";
"3206";"49";"18508";
"3206";"54";"177";
"3206";"99";"49907";
"3206";"100";"49908";
"3206";"101";"18518";
"3206";"102";"18522";
"3207";"1";"135";
"3207";"49";"124";
"3207";"54";"177";
"3207";"80";"2439";
"3207";"99";"45833";
"3207";"100";"45834";
"3207";"101";"18518";
"3207";"102";"18522";
"3208";"99";"44840";
"3208";"100";"44841";
"3209";"99";"44846";
"3209";"100";"44847";
"3210";"1";"24723";
"3210";"54";"179";
"3210";"80";"2456";
"3210";"99";"61728";
"3210";"100";"61729";
"3210";"101";"18518";
"3210";"102";"18522";
"3211";"54";"179";
"3211";"99";"52943";
"3211";"100";"52944";
"3212";"99";"44894";
"3212";"100";"44895";
"3213";"99";"44898";
"3213";"100";"44899";
"3214";"1";"181";
"3214";"49";"18507";
"3214";"54";"177";
"3214";"99";"47055";
"3214";"100";"47056";
"3214";"101";"22208";
"3214";"102";"18522";
"3215";"1";"13122";
"3215";"49";"146";
"3215";"54";"177";
"3215";"99";"46997";
"3215";"100";"46998";
"3215";"101";"18518";
"3215";"102";"18522";
"3216";"1";"13122";
"3216";"49";"23698";
"3216";"54";"179";
"3216";"99";"46109";
"3216";"100";"46110";
"3216";"101";"18517";
"3216";"102";"18522";
"3217";"1";"13121";
"3217";"48";"76";
"3217";"54";"177";
"3217";"99";"45590";
"3217";"100";"45591";
"3217";"101";"18518";
"3217";"102";"18522";
"3218";"1";"13122";
"3218";"13";"40";
"3218";"18";"50";
"3218";"49";"23699";
"3218";"54";"177";
"3218";"59";"2410";
"3218";"67";"2418";
"3218";"68";"2419";
"3218";"80";"2454";
"3218";"99";"45666";
"3218";"100";"45667";
"3218";"101";"18517";
"3218";"102";"18522";
"3219";"1";"2001";
"3219";"9";"29";
"3219";"49";"6206";
"3219";"54";"177";
"3219";"80";"2442";
"3219";"99";"55632";
"3219";"100";"55633";
"3219";"101";"18517";
"3219";"102";"18522";
"3220";"1";"134";
"3220";"13";"40";
"3220";"14";"42";
"3220";"21";"56";
"3220";"49";"117";
"3220";"54";"177";
"3220";"59";"2410";
"3220";"66";"2417";
"3220";"77";"2430";
"3220";"80";"2455";
"3220";"99";"46055";
"3220";"100";"46056";
"3221";"1";"130";
"3221";"13";"40";
"3221";"14";"42";
"3221";"21";"56";
"3221";"49";"13125";
"3221";"54";"177";
"3221";"59";"2410";
"3221";"66";"2417";
"3221";"77";"2430";
"3221";"80";"2455";
"3221";"99";"59871";
"3221";"100";"59872";
"3221";"101";"18517";
"3221";"102";"18522";
"3222";"1";"132";
"3222";"8";"25";
"3222";"9";"27";
"3222";"10";"30";
"3222";"13";"40";
"3222";"17";"48";
"3222";"48";"76";
"3222";"49";"146";
"3222";"54";"177";
"3222";"59";"2410";
"3222";"66";"2417";
"3222";"67";"2418";
"3222";"78";"2432";
"3222";"80";"2443";
"3222";"81";"2429";
"3222";"85";"2466";
"3222";"99";"49300";
"3222";"100";"49301";
"3223";"1";"18861";
"3223";"9";"18669";
"3223";"48";"76";
"3223";"49";"146";
"3223";"54";"179";
"3223";"59";"2410";
"3223";"80";"2442";
"3223";"99";"63197";
"3223";"100";"63198";
"3223";"101";"18517";
"3223";"102";"18522";
"3224";"1";"130";
"3224";"9";"18669";
"3224";"48";"76";
"3224";"49";"6206";
"3224";"54";"179";
"3224";"59";"2410";
"3224";"80";"2446";
"3224";"99";"67903";
"3224";"100";"67904";
"3224";"101";"18517";
"3225";"1";"18861";
"3225";"49";"18507";
"3225";"54";"179";
"3225";"80";"2455";
"3225";"99";"66433";
"3225";"100";"66434";
"3225";"101";"18518";
"3225";"102";"18522";
"3226";"1";"12487";
"3226";"49";"146";
"3226";"54";"177";
"3226";"99";"45917";
"3226";"100";"45918";
"3226";"101";"18518";
"3226";"102";"18522";
"3227";"1";"130";
"3227";"9";"18614";
"3227";"49";"18508";
"3227";"54";"177";
"3227";"80";"2454";
"3227";"99";"45598";
"3227";"100";"45599";
"3227";"101";"18518";
"3227";"102";"18522";
"3228";"1";"33132";
"3228";"49";"18507";
"3228";"54";"177";
"3228";"80";"2442";
"3228";"99";"46049";
"3228";"100";"46050";
"3228";"101";"18517";
"3228";"102";"18522";
"3229";"1";"134";
"3229";"9";"29";
"3229";"48";"76";
"3229";"49";"23699";
"3229";"54";"177";
"3229";"99";"45630";
"3229";"100";"45631";
"3229";"101";"18517";
"3229";"102";"18522";
"3230";"1";"18861";
"3230";"49";"6206";
"3230";"54";"177";
"3230";"80";"2443";
"3230";"99";"47019";
"3230";"100";"47020";
"3230";"101";"18517";
"3230";"102";"18522";
"3231";"1";"181";
"3231";"9";"29";
"3231";"49";"6206";
"3231";"54";"177";
"3231";"80";"2444";
"3231";"99";"46003";
"3231";"100";"46004";
"3231";"101";"18517";
"3231";"102";"18522";
"3232";"1";"10394";
"3232";"49";"18507";
"3232";"54";"177";
"3232";"80";"2436";
"3232";"99";"45975";
"3232";"100";"45976";
"3232";"101";"22208";
"3232";"102";"18522";
"3233";"1";"187";
"3233";"9";"29";
"3233";"48";"76";
"3233";"49";"6206";
"3233";"54";"177";
"3233";"80";"2444";
"3233";"99";"56405";
"3233";"100";"56406";
"3233";"101";"18517";
"3233";"102";"18522";
"3234";"1";"144";
"3234";"49";"18507";
"3234";"54";"177";
"3234";"99";"45749";
"3234";"100";"45750";
"3234";"101";"18519";
"3234";"102";"18522";
"3235";"1";"141";
"3235";"48";"75";
"3235";"49";"6081";
"3235";"54";"177";
"3235";"99";"50532";
"3235";"100";"50533";
"3235";"101";"18517";
"3236";"1";"13121";
"3236";"49";"23699";
"3236";"54";"178";
"3236";"99";"47122";
"3236";"100";"47123";
"3236";"101";"18518";
"3236";"102";"18522";
"3237";"1";"134";
"3237";"49";"117";
"3237";"54";"179";
"3237";"99";"50044";
"3237";"100";"50045";
"3237";"101";"18518";
"3237";"102";"18522";
"3238";"1";"18861";
"3238";"49";"133";
"3238";"54";"178";
"3238";"59";"2410";
"3238";"80";"2436";
"3238";"99";"54993";
"3238";"100";"54994";
"3238";"101";"18518";
"3238";"102";"18522";
"3239";"1";"187";
"3239";"49";"18507";
"3239";"54";"177";
"3239";"99";"45460";
"3239";"100";"45461";
"3239";"101";"18519";
"3239";"102";"18522";
"3240";"1";"130";
"3240";"49";"18506";
"3240";"54";"178";
"3240";"80";"2444";
"3240";"99";"45468";
"3240";"100";"45469";
"3240";"101";"18518";
"3240";"102";"18522";
"3241";"1";"130";
"3241";"49";"13125";
"3241";"54";"177";
"3241";"80";"2450";
"3241";"99";"45452";
"3241";"100";"45453";
"3241";"101";"18519";
"3241";"102";"18522";
"3242";"1";"33132";
"3242";"9";"29";
"3242";"54";"177";
"3242";"99";"45532";
"3242";"100";"45533";
"3242";"101";"18517";
"3242";"102";"22451";
"3243";"1";"18668";
"3243";"49";"6206";
"3243";"54";"177";
"3243";"99";"64839";
"3243";"100";"64840";
"3243";"101";"18519";
"3243";"102";"18522";
"3244";"1";"18668";
"3244";"49";"6206";
"3244";"54";"177";
"3244";"80";"2446";
"3244";"99";"64777";
"3244";"100";"64778";
"3244";"101";"18519";
"3244";"102";"18522";
"3245";"1";"187";
"3245";"49";"23698";
"3245";"54";"177";
"3245";"99";"45476";
"3245";"100";"45477";
"3245";"101";"18519";
"3245";"102";"18522";
"3246";"1";"181";
"3246";"49";"6206";
"3246";"54";"177";
"3246";"99";"45721";
"3246";"100";"45722";
"3246";"101";"18518";
"3246";"102";"18522";
"3247";"1";"187";
"3247";"49";"23699";
"3247";"54";"177";
"3247";"99";"57563";
"3247";"100";"57564";
"3247";"101";"18519";
"3247";"102";"18522";
"3248";"1";"187";
"3248";"9";"18614";
"3248";"49";"18507";
"3248";"54";"177";
"3248";"99";"45725";
"3248";"100";"45726";
"3248";"101";"18519";
"3248";"102";"18522";
"3249";"1";"130";
"3249";"49";"117";
"3249";"54";"177";
"3249";"80";"2450";
"3249";"99";"45739";
"3249";"100";"45740";
"3249";"101";"18519";
"3249";"102";"18522";
"3250";"1";"18861";
"3250";"49";"13125";
"3250";"54";"177";
"3250";"99";"45727";
"3250";"100";"45728";
"3250";"101";"18519";
"3250";"102";"18522";
"3251";"1";"13122";
"3251";"49";"117";
"3251";"54";"177";
"3251";"99";"57567";
"3251";"100";"57568";
"3251";"101";"18519";
"3251";"102";"18522";
"3252";"1";"181";
"3252";"49";"6206";
"3252";"54";"177";
"3252";"99";"47142";
"3252";"100";"47143";
"3252";"101";"18519";
"3252";"102";"18522";
"3253";"1";"18861";
"3253";"49";"13125";
"3253";"54";"177";
"3253";"99";"57565";
"3253";"100";"57566";
"3253";"101";"18519";
"3253";"102";"18522";
"3254";"1";"15";
"3254";"9";"18614";
"3254";"49";"18507";
"3254";"54";"177";
"3254";"99";"66929";
"3254";"100";"66930";
"3254";"101";"22388";
"3254";"102";"18522";
"3255";"1";"130";
"3255";"49";"133";
"3255";"54";"177";
"3255";"99";"45694";
"3255";"100";"45695";
"3255";"101";"18519";
"3255";"102";"18522";
"3256";"1";"13122";
"3256";"49";"23699";
"3256";"54";"178";
"3256";"99";"58061";
"3256";"100";"58062";
"3256";"101";"18518";
"3256";"102";"18522";
"3257";"1";"15";
"3257";"49";"18507";
"3257";"54";"177";
"3257";"80";"2446";
"3257";"99";"46009";
"3257";"100";"46010";
"3257";"101";"18517";
"3257";"102";"18522";
"3258";"1";"171";
"3258";"49";"6206";
"3258";"54";"177";
"3258";"80";"2446";
"3258";"99";"46841";
"3258";"100";"46842";
"3258";"101";"18517";
"3258";"102";"18522";
"3259";"1";"145";
"3259";"49";"18507";
"3259";"54";"177";
"3259";"99";"45698";
"3259";"100";"45699";
"3259";"101";"18519";
"3259";"102";"18522";
"3260";"1";"33132";
"3260";"49";"24690";
"3260";"54";"177";
"3260";"80";"2450";
"3260";"99";"46845";
"3260";"100";"46846";
"3260";"101";"18517";
"3260";"102";"18522";
"3261";"1";"171";
"3261";"49";"18507";
"3261";"54";"177";
"3261";"80";"2446";
"3261";"99";"46847";
"3261";"100";"46848";
"3261";"101";"18517";
"3261";"102";"18522";
"3262";"99";"47486";
"3263";"99";"47819";
"3264";"99";"47463";
"3265";"99";"61524";
"3266";"99";"45939";
"3267";"1";"123";
"3267";"8";"26";
"3267";"48";"76";
"3267";"49";"124";
"3267";"54";"179";
"3267";"85";"2466";
"3267";"91";"2473";
"3267";"99";"45777";
"3267";"100";"45778";
"3268";"1";"49687";
"3268";"9";"29";
"3268";"54";"178";
"3268";"80";"2456";
"3268";"99";"49831";
"3268";"100";"49832";
"3268";"101";"18517";
"3268";"102";"18521";
"3269";"1";"130";
"3269";"49";"18507";
"3269";"54";"177";
"3269";"80";"2443";
"3269";"99";"47655";
"3269";"100";"47656";
"3269";"101";"18517";
"3269";"102";"18522";
"3270";"1";"15";
"3270";"49";"18507";
"3270";"54";"177";
"3270";"80";"2443";
"3270";"99";"46989";
"3270";"100";"46990";
"3270";"101";"18517";
"3270";"102";"18522";
"3271";"1";"127";
"3271";"54";"177";
"3271";"80";"2434";
"3271";"99";"46987";
"3271";"100";"46988";
"3271";"101";"18518";
"3271";"102";"18522";
"3272";"1";"15";
"3272";"49";"18507";
"3272";"54";"179";
"3272";"80";"2444";
"3272";"99";"46791";
"3272";"100";"46792";
"3272";"101";"18518";
"3272";"102";"18522";
"3273";"99";"45895";
"3273";"100";"45896";
"3274";"1";"125";
"3274";"49";"117";
"3274";"54";"177";
"3274";"99";"46103";
"3274";"100";"46104";
"3274";"101";"18517";
"3274";"102";"18522";
"3275";"1";"15";
"3275";"54";"177";
"3275";"80";"2441";
"3275";"99";"60989";
"3275";"100";"60990";
"3275";"101";"18517";
"3275";"102";"18522";
"3276";"1";"130";
"3276";"54";"177";
"3276";"99";"64775";
"3276";"100";"64776";
"3276";"101";"18517";
"3276";"102";"18522";
"3277";"99";"61057";
"3278";"1";"174";
"3278";"49";"6206";
"3278";"54";"177";
"3278";"80";"2460";
"3278";"99";"56007";
"3278";"100";"56008";
"3278";"101";"18517";
"3278";"102";"18522";
"3279";"1";"174";
"3279";"9";"29";
"3279";"49";"6206";
"3279";"54";"177";
"3279";"99";"56865";
"3279";"100";"56866";
"3279";"101";"18517";
"3279";"102";"22451";
"3280";"1";"10394";
"3280";"49";"146";
"3280";"54";"177";
"3280";"80";"2439";
"3280";"99";"46154";
"3280";"100";"46155";
"3280";"101";"18518";
"3280";"102";"18522";
"3281";"1";"33132";
"3281";"49";"6206";
"3281";"54";"177";
"3281";"99";"46150";
"3281";"100";"46151";
"3281";"101";"18518";
"3281";"102";"18522";
"3282";"1";"15";
"3282";"49";"6206";
"3282";"54";"177";
"3282";"80";"2443";
"3282";"99";"47088";
"3282";"100";"47089";
"3282";"101";"18518";
"3282";"102";"18522";
"3283";"1";"187";
"3283";"49";"6206";
"3283";"54";"177";
"3283";"99";"47011";
"3283";"100";"47012";
"3283";"101";"18518";
"3283";"102";"18522";
"3284";"1";"145";
"3284";"49";"18507";
"3284";"54";"177";
"3284";"80";"2441";
"3284";"99";"47082";
"3284";"100";"47083";
"3284";"101";"18517";
"3284";"102";"18522";
"3285";"1";"18668";
"3285";"49";"24690";
"3285";"54";"177";
"3285";"80";"2436";
"3285";"99";"46217";
"3285";"100";"46218";
"3285";"101";"18518";
"3285";"102";"18522";
"3286";"1";"145";
"3286";"49";"6206";
"3286";"54";"177";
"3286";"80";"2443";
"3286";"99";"46851";
"3286";"100";"46852";
"3286";"101";"18517";
"3286";"102";"18522";
"3287";"1";"187";
"3287";"49";"6206";
"3287";"54";"177";
"3287";"80";"2443";
"3287";"99";"46209";
"3287";"100";"46210";
"3287";"101";"18518";
"3287";"102";"18522";
"3288";"99";"47209";
"3289";"1";"187";
"3289";"49";"6206";
"3289";"54";"177";
"3289";"80";"2444";
"3289";"99";"47007";
"3289";"100";"47008";
"3289";"101";"18517";
"3290";"1";"12487";
"3290";"49";"6206";
"3290";"54";"177";
"3290";"99";"46333";
"3290";"100";"46334";
"3290";"101";"18517";
"3290";"102";"18522";
"3291";"1";"187";
"3291";"49";"6206";
"3291";"54";"177";
"3291";"80";"2454";
"3291";"99";"60995";
"3291";"100";"60996";
"3291";"101";"18518";
"3291";"102";"18522";
"3292";"1";"187";
"3292";"49";"18507";
"3292";"54";"177";
"3292";"99";"47070";
"3292";"100";"47071";
"3292";"101";"18518";
"3292";"102";"18522";
"3293";"1";"18668";
"3293";"49";"146";
"3293";"54";"177";
"3293";"99";"46299";
"3293";"100";"46300";
"3293";"101";"22388";
"3293";"102";"18522";
"3294";"1";"181";
"3294";"49";"18507";
"3294";"54";"178";
"3294";"80";"2436";
"3294";"99";"47108";
"3294";"100";"47109";
"3294";"101";"18518";
"3294";"102";"18522";
"3295";"1";"18861";
"3295";"49";"6206";
"3295";"54";"179";
"3295";"80";"2443";
"3295";"99";"46315";
"3295";"100";"46316";
"3295";"101";"18517";
"3295";"102";"18522";
"3296";"9";"18614";
"3296";"48";"76";
"3296";"49";"24690";
"3296";"54";"179";
"3296";"99";"67581";
"3296";"100";"67582";
"3296";"101";"18518";
"3296";"102";"18615";
"3297";"1";"13122";
"3297";"9";"18614";
"3297";"49";"146";
"3297";"54";"177";
"3297";"80";"2443";
"3297";"99";"52801";
"3297";"100";"52802";
"3297";"101";"18518";
"3297";"102";"18615";
"3298";"1";"145";
"3298";"49";"6206";
"3298";"54";"177";
"3298";"80";"2460";
"3298";"99";"46339";
"3298";"100";"46340";
"3298";"101";"22388";
"3298";"102";"18522";
"3299";"1";"2001";
"3299";"54";"177";
"3299";"99";"46341";
"3299";"100";"46342";
"3299";"101";"18518";
"3299";"102";"18522";
"3300";"1";"18861";
"3300";"9";"18614";
"3300";"49";"6206";
"3300";"54";"177";
"3300";"80";"2455";
"3300";"99";"49312";
"3300";"100";"49313";
"3300";"101";"18518";
"3300";"102";"18522";
"3301";"1";"18668";
"3301";"49";"6206";
"3301";"54";"177";
"3301";"99";"46370";
"3301";"100";"46371";
"3301";"101";"22388";
"3301";"102";"18522";
"3302";"99";"47210";
"3303";"99";"47211";
"3304";"1";"134";
"3304";"49";"117";
"3304";"54";"176";
"3304";"80";"2443";
"3304";"99";"48724";
"3304";"100";"48725";
"3304";"101";"18518";
"3304";"102";"18522";
"3305";"1";"6080";
"3305";"9";"18669";
"3305";"54";"177";
"3305";"80";"2433";
"3305";"99";"64849";
"3305";"100";"64850";
"3305";"101";"18518";
"3305";"102";"18522";
"3306";"1";"130";
"3306";"49";"18508";
"3306";"54";"177";
"3306";"80";"2455";
"3306";"99";"67653";
"3306";"100";"67654";
"3306";"101";"18517";
"3306";"102";"18522";
"3307";"1";"187";
"3307";"49";"6206";
"3307";"54";"177";
"3307";"80";"2443";
"3307";"99";"47118";
"3307";"100";"47119";
"3307";"101";"18518";
"3307";"102";"18522";
"3308";"1";"187";
"3308";"49";"6206";
"3308";"54";"177";
"3308";"80";"2454";
"3308";"99";"46505";
"3308";"100";"46506";
"3308";"101";"18518";
"3308";"102";"18522";
"3309";"1";"130";
"3309";"54";"177";
"3309";"80";"2455";
"3309";"99";"47112";
"3309";"100";"47113";
"3309";"101";"18518";
"3309";"102";"18522";
"3310";"1";"18861";
"3310";"49";"18507";
"3310";"54";"178";
"3310";"80";"2455";
"3310";"99";"49306";
"3310";"100";"49307";
"3310";"101";"18518";
"3310";"102";"18522";
"3311";"1";"18861";
"3311";"9";"18614";
"3311";"49";"18507";
"3311";"54";"177";
"3311";"80";"2443";
"3311";"99";"59647";
"3311";"100";"59648";
"3311";"101";"18518";
"3311";"102";"18615";
"3312";"1";"187";
"3312";"9";"29";
"3312";"49";"18507";
"3312";"54";"178";
"3312";"80";"2434";
"3312";"99";"55707";
"3312";"100";"55708";
"3312";"101";"18517";
"3312";"102";"22451";
"3313";"1";"33132";
"3313";"49";"6206";
"3313";"54";"177";
"3313";"80";"2444";
"3313";"99";"47144";
"3313";"100";"47145";
"3313";"101";"18517";
"3313";"102";"18522";
"3314";"1";"187";
"3314";"49";"6206";
"3314";"54";"177";
"3314";"99";"46541";
"3314";"100";"46542";
"3314";"101";"22208";
"3314";"102";"18522";
"3315";"1";"18861";
"3315";"49";"18508";
"3315";"54";"177";
"3315";"80";"2443";
"3315";"99";"46819";
"3315";"100";"46820";
"3315";"101";"18518";
"3315";"102";"18522";
"3316";"1";"18861";
"3316";"49";"18507";
"3316";"54";"179";
"3316";"80";"2436";
"3316";"99";"47128";
"3316";"100";"47129";
"3316";"101";"18518";
"3316";"102";"18522";
"3317";"1";"10394";
"3317";"49";"6206";
"3317";"54";"176";
"3317";"80";"2460";
"3317";"99";"47084";
"3317";"100";"47085";
"3317";"101";"18518";
"3317";"102";"22451";
"3318";"1";"171";
"3318";"9";"29";
"3318";"49";"6206";
"3318";"54";"178";
"3318";"80";"2442";
"3318";"99";"46691";
"3318";"100";"46692";
"3318";"101";"18517";
"3318";"102";"22451";
"3319";"1";"18861";
"3319";"49";"18508";
"3319";"54";"177";
"3319";"80";"2434";
"3319";"99";"46775";
"3319";"100";"46776";
"3319";"101";"18518";
"3319";"102";"18522";
"3320";"1";"18668";
"3320";"49";"6206";
"3320";"54";"177";
"3320";"80";"2455";
"3320";"99";"47003";
"3320";"100";"47004";
"3320";"101";"18518";
"3320";"102";"18522";
"3321";"1";"18861";
"3321";"54";"177";
"3321";"80";"2450";
"3321";"99";"46739";
"3321";"100";"46740";
"3321";"101";"18518";
"3321";"102";"18522";
"3322";"1";"12487";
"3322";"9";"29";
"3322";"49";"6206";
"3322";"54";"177";
"3322";"80";"2444";
"3322";"99";"47076";
"3322";"100";"47077";
"3322";"101";"18517";
"3322";"102";"18521";
"3323";"1";"33132";
"3323";"49";"6206";
"3323";"54";"177";
"3323";"80";"2436";
"3323";"99";"55559";
"3323";"100";"55560";
"3323";"101";"18518";
"3323";"102";"18522";
"3324";"1";"15";
"3324";"54";"177";
"3324";"80";"2443";
"3324";"99";"46797";
"3324";"100";"46798";
"3324";"101";"18518";
"3324";"102";"18522";
"3325";"1";"33132";
"3325";"49";"18507";
"3325";"54";"178";
"3325";"80";"2450";
"3325";"99";"59453";
"3325";"100";"59454";
"3325";"101";"18517";
"3325";"102";"18522";
"3326";"1";"171";
"3326";"49";"13125";
"3326";"54";"179";
"3326";"99";"47116";
"3326";"100";"47117";
"3326";"101";"18517";
"3326";"102";"18522";
"3327";"1";"18861";
"3327";"49";"146";
"3327";"54";"178";
"3327";"80";"2450";
"3327";"99";"66927";
"3327";"100";"66928";
"3327";"101";"18517";
"3327";"102";"18522";
"3328";"1";"18861";
"3328";"49";"23699";
"3328";"54";"177";
"3328";"80";"2446";
"3328";"99";"46749";
"3328";"100";"46750";
"3328";"101";"18518";
"3328";"102";"18522";
"3329";"1";"13121";
"3329";"9";"29";
"3329";"54";"177";
"3329";"80";"2443";
"3329";"99";"49302";
"3329";"100";"49303";
"3329";"101";"18517";
"3329";"102";"18522";
"3330";"1";"130";
"3330";"54";"177";
"3330";"80";"2443";
"3330";"99";"46763";
"3330";"100";"46764";
"3330";"101";"18517";
"3330";"102";"18522";
"3331";"99";"46821";
"3331";"100";"46822";
"3332";"1";"145";
"3332";"49";"146";
"3332";"54";"178";
"3332";"99";"50012";
"3332";"100";"50013";
"3332";"101";"18518";
"3332";"102";"18522";
"3333";"1";"18861";
"3333";"49";"18507";
"3333";"54";"177";
"3333";"80";"2455";
"3333";"99";"47154";
"3333";"100";"47155";
"3333";"101";"18517";
"3333";"102";"18522";
"3334";"1";"130";
"3334";"49";"18507";
"3334";"54";"177";
"3334";"80";"2446";
"3334";"99";"46681";
"3334";"100";"46682";
"3334";"101";"18517";
"3334";"102";"18522";
"3335";"1";"13121";
"3335";"54";"177";
"3335";"80";"2446";
"3335";"99";"47090";
"3335";"100";"47091";
"3335";"101";"18518";
"3335";"102";"18522";
"3336";"1";"33132";
"3336";"9";"29";
"3336";"80";"2456";
"3336";"99";"46923";
"3336";"101";"18517";
"3336";"102";"18522";
"3337";"1";"168";
"3337";"54";"177";
"3337";"99";"46937";
"3337";"101";"22208";
"3337";"102";"18522";
"3338";"1";"127";
"3338";"54";"177";
"3338";"80";"2455";
"3338";"99";"46941";
"3338";"101";"18517";
"3338";"102";"18522";
"3339";"98";"46974";
"3339";"101";"18517";
"3339";"102";"18522";
"3340";"99";"47048";
"3341";"99";"47022";
"3342";"99";"60009";
"3342";"100";"60010";
"3343";"1";"145";
"3343";"49";"6206";
"3343";"54";"177";
"3343";"99";"50002";
"3343";"100";"50003";
"3343";"101";"18518";
"3343";"102";"18522";
"3344";"1";"13122";
"3344";"49";"117";
"3344";"54";"177";
"3344";"80";"2443";
"3344";"99";"47198";
"3344";"100";"47199";
"3344";"101";"18518";
"3344";"102";"18522";
"3345";"1";"187";
"3345";"49";"172";
"3345";"54";"177";
"3345";"99";"59655";
"3345";"100";"59656";
"3345";"101";"18518";
"3345";"102";"18522";
"3346";"1";"18861";
"3346";"8";"25";
"3346";"11";"32";
"3346";"48";"75";
"3346";"49";"18507";
"3346";"54";"177";
"3346";"76";"2424";
"3346";"80";"2446";
"3346";"81";"2429";
"3346";"85";"2466";
"3346";"99";"50010";
"3346";"100";"50011";
"3346";"101";"18517";
"3347";"1";"18861";
"3347";"49";"18508";
"3347";"54";"177";
"3347";"99";"51542";
"3347";"100";"51543";
"3347";"101";"18517";
"3347";"102";"18522";
"3348";"1";"187";
"3348";"49";"6206";
"3348";"54";"178";
"3348";"99";"50054";
"3348";"100";"50055";
"3348";"101";"18518";
"3348";"102";"18522";
"3349";"1";"187";
"3349";"49";"6206";
"3349";"54";"177";
"3349";"80";"2460";
"3349";"99";"50040";
"3349";"100";"50041";
"3349";"101";"18518";
"3349";"102";"18522";
"3350";"1";"145";
"3350";"49";"6206";
"3350";"54";"177";
"3350";"80";"2444";
"3350";"99";"67919";
"3350";"100";"67920";
"3350";"101";"18517";
"3350";"102";"18522";
"3351";"99";"47227";
"3352";"99";"65947";
"3352";"100";"65948";
"3353";"1";"135";
"3353";"48";"75";
"3353";"54";"177";
"3353";"99";"57413";
"3353";"100";"57414";
"3354";"48";"75";
"3354";"54";"177";
"3354";"99";"47555";
"3354";"100";"47556";
"3354";"104";"19118";
"3355";"54";"176";
"3355";"80";"2455";
"3355";"99";"67593";
"3355";"100";"67594";
"3355";"101";"18518";
"3355";"102";"18522";
"3356";"1";"24723";
"3356";"48";"76";
"3356";"49";"124";
"3356";"54";"177";
"3356";"80";"2436";
"3356";"99";"57905";
"3356";"100";"57906";
"3356";"101";"18518";
"3356";"102";"18522";
"3357";"1";"123";
"3357";"48";"74";
"3357";"49";"18508";
"3357";"54";"176";
"3357";"91";"2473";
"3357";"99";"58227";
"3357";"100";"58228";
"3357";"101";"22208";
"3358";"1";"187";
"3358";"8";"25";
"3358";"14";"42";
"3358";"19";"52";
"3358";"49";"6206";
"3358";"54";"177";
"3358";"59";"2410";
"3358";"67";"2418";
"3358";"69";"2420";
"3358";"80";"2458";
"3358";"91";"2473";
"3358";"99";"59511";
"3358";"100";"59512";
"3358";"101";"18517";
"3358";"103";"18524";
"3359";"1";"187";
"3359";"8";"25";
"3359";"14";"42";
"3359";"19";"52";
"3359";"49";"6206";
"3359";"54";"177";
"3359";"59";"2410";
"3359";"67";"2418";
"3359";"69";"2420";
"3359";"80";"2458";
"3359";"91";"2473";
"3359";"99";"48240";
"3359";"100";"48241";
"3359";"101";"18517";
"3359";"103";"18524";
"3360";"1";"11155";
"3360";"48";"75";
"3360";"49";"139";
"3360";"54";"177";
"3360";"80";"2439";
"3360";"99";"65051";
"3360";"100";"65052";
"3360";"101";"18518";
"3361";"1";"123";
"3361";"54";"177";
"3361";"99";"50070";
"3361";"100";"50071";
"3361";"101";"18518";
"3361";"102";"18522";
"3362";"1";"10303";
"3362";"48";"75";
"3362";"49";"139";
"3362";"54";"177";
"3362";"80";"2439";
"3362";"85";"2466";
"3362";"99";"68117";
"3362";"100";"68118";
"3362";"101";"18518";
"3363";"1";"11155";
"3363";"48";"76";
"3363";"49";"122";
"3363";"54";"176";
"3363";"80";"2439";
"3363";"99";"57839";
"3363";"101";"18517";
"3364";"1";"123";
"3364";"13";"40";
"3364";"21";"56";
"3364";"34";"90";
"3364";"48";"76";
"3364";"49";"124";
"3364";"54";"177";
"3364";"80";"2437";
"3364";"99";"50056";
"3364";"100";"50057";
"3364";"101";"18518";
"3364";"102";"18522";
"3365";"1";"181";
"3365";"49";"18508";
"3365";"54";"177";
"3365";"80";"2439";
"3365";"99";"48300";
"3365";"100";"48301";
"3365";"101";"18518";
"3366";"1";"23076";
"3366";"48";"75";
"3366";"49";"139";
"3366";"54";"176";
"3366";"99";"50082";
"3366";"100";"50083";
"3366";"101";"18518";
"3366";"102";"18522";
"3367";"1";"130";
"3367";"48";"76";
"3367";"49";"23699";
"3367";"54";"177";
"3367";"80";"2443";
"3367";"85";"2466";
"3367";"99";"67997";
"3367";"100";"67998";
"3367";"101";"18518";
"3367";"123";"44503";
"3368";"1";"13121";
"3368";"48";"76";
"3368";"49";"18509";
"3368";"54";"176";
"3368";"80";"2443";
"3368";"99";"50080";
"3368";"100";"50081";
"3368";"101";"18518";
"3368";"102";"18522";
"3368";"123";"44503";
"3369";"1";"13122";
"3369";"48";"76";
"3369";"49";"13125";
"3369";"54";"176";
"3369";"80";"2455";
"3369";"85";"2466";
"3369";"99";"50074";
"3369";"100";"50075";
"3369";"101";"18518";
"3369";"123";"44503";
"3370";"1";"134";
"3370";"48";"76";
"3370";"49";"13125";
"3370";"54";"176";
"3370";"80";"2443";
"3370";"85";"2466";
"3370";"99";"49819";
"3370";"100";"49820";
"3370";"101";"18518";
"3370";"102";"18522";
"3370";"123";"44503";
"3371";"1";"13121";
"3371";"48";"76";
"3371";"49";"18509";
"3371";"54";"176";
"3371";"80";"2444";
"3371";"85";"2466";
"3371";"99";"66969";
"3371";"100";"66970";
"3371";"101";"18518";
"3371";"123";"44503";
"3372";"1";"125";
"3372";"9";"18614";
"3372";"48";"76";
"3372";"49";"124";
"3372";"54";"176";
"3372";"80";"2443";
"3372";"85";"2466";
"3372";"99";"49815";
"3372";"100";"49816";
"3372";"101";"18518";
"3372";"102";"18522";
"3372";"123";"44503";
"3373";"1";"13121";
"3373";"8";"25";
"3373";"48";"75";
"3373";"49";"18509";
"3373";"54";"176";
"3373";"58";"2409";
"3373";"85";"2466";
"3373";"91";"2473";
"3373";"99";"64664";
"3373";"100";"64665";
"3373";"101";"18518";
"3374";"1";"132";
"3374";"48";"75";
"3374";"49";"13125";
"3374";"54";"177";
"3374";"80";"2450";
"3374";"99";"50102";
"3374";"100";"50103";
"3374";"101";"22388";
"3374";"102";"18522";
"3375";"1";"127";
"3375";"48";"75";
"3375";"49";"146";
"3375";"54";"178";
"3375";"80";"2436";
"3375";"99";"48520";
"3375";"100";"48521";
"3375";"101";"18518";
"3376";"1";"13122";
"3376";"48";"74";
"3376";"49";"13125";
"3376";"54";"176";
"3376";"99";"60876";
"3376";"100";"60877";
"3376";"101";"18518";
"3377";"1";"23076";
"3377";"54";"177";
"3377";"80";"2455";
"3377";"99";"48532";
"3377";"100";"48533";
"3378";"1";"6026";
"3378";"11";"32";
"3378";"18";"50";
"3378";"21";"56";
"3378";"48";"75";
"3378";"49";"6027";
"3378";"54";"179";
"3378";"58";"2409";
"3378";"60";"2411";
"3378";"85";"2466";
"3378";"91";"2473";
"3378";"99";"60341";
"3378";"100";"60342";
"3378";"101";"18518";
"3379";"1";"13122";
"3379";"49";"23699";
"3379";"54";"178";
"3379";"77";"2430";
"3379";"80";"2443";
"3379";"99";"49851";
"3379";"100";"49852";
"3379";"101";"18518";
"3379";"102";"18522";
"3379";"123";"44502";
"3380";"1";"144";
"3380";"49";"18506";
"3380";"54";"177";
"3380";"80";"2445";
"3380";"99";"48778";
"3380";"100";"48779";
"3380";"101";"18518";
"3381";"1";"10303";
"3381";"49";"13280";
"3381";"54";"177";
"3381";"99";"59421";
"3381";"100";"59422";
"3381";"101";"18518";
"3381";"102";"18522";
"3382";"1";"134";
"3382";"9";"18614";
"3382";"48";"76";
"3382";"49";"117";
"3382";"54";"178";
"3382";"99";"65693";
"3382";"100";"65694";
"3382";"101";"18518";
"3382";"102";"18522";
"3382";"123";"44502";
"3383";"1";"183";
"3383";"49";"124";
"3383";"54";"177";
"3383";"99";"50156";
"3383";"100";"50157";
"3383";"101";"18518";
"3383";"102";"22451";
"3384";"1";"13122";
"3384";"49";"13125";
"3384";"54";"178";
"3384";"80";"2443";
"3384";"99";"49901";
"3384";"100";"49902";
"3384";"101";"18518";
"3384";"102";"18522";
"3384";"123";"44502";
"3385";"1";"33132";
"3385";"49";"18506";
"3385";"54";"176";
"3385";"80";"2436";
"3385";"85";"2466";
"3385";"91";"2473";
"3385";"99";"48810";
"3385";"100";"48811";
"3385";"101";"18518";
"3386";"54";"177";
"3386";"58";"2409";
"3386";"60";"2411";
"3386";"86";"2468";
"3386";"91";"2473";
"3386";"99";"48858";
"3386";"100";"48859";
"3386";"101";"22208";
"3387";"1";"10394";
"3387";"49";"18506";
"3387";"54";"176";
"3387";"80";"2436";
"3387";"99";"48866";
"3387";"100";"48867";
"3387";"101";"18518";
"3388";"99";"59266";
"3389";"1";"12487";
"3389";"49";"122";
"3389";"54";"177";
"3389";"60";"2411";
"3389";"62";"2413";
"3389";"80";"2436";
"3389";"85";"2466";
"3389";"99";"58880";
"3389";"100";"58881";
"3389";"101";"18517";
"3390";"1";"24723";
"3390";"8";"25";
"3390";"11";"32";
"3390";"18";"50";
"3390";"48";"74";
"3390";"49";"139";
"3390";"54";"176";
"3390";"58";"2409";
"3390";"60";"2411";
"3390";"85";"2466";
"3390";"91";"2473";
"3390";"99";"60479";
"3390";"100";"60480";
"3390";"101";"18517";
"3391";"99";"60293";
"3391";"100";"60294";
"3392";"1";"165";
"3392";"8";"25";
"3392";"49";"4318";
"3392";"54";"176";
"3392";"58";"2409";
"3392";"60";"2411";
"3392";"85";"2466";
"3392";"91";"2473";
"3392";"99";"59072";
"3392";"100";"59073";
"3392";"101";"18517";
"3392";"102";"18522";
"3393";"1";"23076";
"3393";"49";"18508";
"3393";"54";"176";
"3393";"59";"2410";
"3393";"80";"2439";
"3393";"99";"49140";
"3393";"100";"49141";
"3393";"101";"18518";
"3394";"1";"49147";
"3394";"49";"146";
"3394";"54";"176";
"3394";"99";"49152";
"3394";"100";"49153";
"3394";"101";"18518";
"3395";"54";"177";
"3395";"99";"49158";
"3395";"100";"49159";
"3396";"1";"18668";
"3396";"49";"18506";
"3396";"54";"176";
"3396";"80";"2434";
"3396";"99";"53968";
"3396";"100";"53969";
"3396";"101";"18518";
"3396";"102";"18522";
"3397";"1";"49148";
"3397";"49";"18506";
"3397";"54";"176";
"3397";"80";"2460";
"3397";"99";"57254";
"3397";"100";"57255";
"3397";"101";"18519";
"3397";"102";"18522";
"3398";"8";"25";
"3398";"54";"177";
"3398";"58";"2409";
"3398";"85";"2466";
"3398";"99";"64757";
"3398";"100";"64758";
"3398";"101";"18517";
"3399";"1";"134";
"3399";"9";"28";
"3399";"19";"52";
"3399";"49";"117";
"3399";"54";"177";
"3399";"59";"2410";
"3399";"77";"2430";
"3399";"80";"2444";
"3399";"81";"2429";
"3399";"99";"66317";
"3399";"100";"66318";
"3399";"101";"18518";
"3399";"102";"18522";
"3399";"123";"44502";
"3400";"99";"49366";
"3402";"1";"123";
"3402";"18";"50";
"3402";"54";"176";
"3402";"60";"2411";
"3402";"80";"2440";
"3402";"99";"49433";
"3402";"100";"49434";
"3402";"101";"18518";
"3403";"1";"49146";
"3403";"9";"18669";
"3403";"48";"75";
"3403";"54";"176";
"3403";"56";"2407";
"3403";"80";"2436";
"3403";"99";"49743";
"3403";"100";"49744";
"3403";"101";"22388";
"3403";"102";"18522";
"3404";"1";"127";
"3404";"13";"40";
"3404";"17";"48";
"3404";"49";"6206";
"3404";"54";"176";
"3404";"56";"2407";
"3404";"59";"2410";
"3404";"80";"2436";
"3404";"86";"2468";
"3404";"87";"2467";
"3404";"99";"49761";
"3404";"100";"49762";
"3404";"101";"18518";
"3404";"102";"18522";
"3405";"1";"181";
"3405";"13";"40";
"3405";"17";"48";
"3405";"54";"176";
"3405";"56";"2407";
"3405";"59";"2410";
"3405";"80";"2436";
"3405";"86";"2468";
"3405";"99";"56101";
"3405";"100";"56102";
"3405";"101";"18518";
"3405";"102";"18522";
"3406";"1";"10394";
"3406";"9";"29";
"3406";"49";"175";
"3406";"54";"179";
"3406";"67";"2418";
"3406";"77";"2430";
"3406";"80";"2439";
"3406";"81";"2429";
"3406";"85";"2466";
"3406";"91";"2473";
"3406";"99";"49771";
"3406";"100";"49772";
"3406";"101";"18518";
"3406";"102";"18522";
"3407";"1";"49146";
"3407";"8";"25";
"3407";"10";"30";
"3407";"13";"40";
"3407";"17";"48";
"3407";"32";"87";
"3407";"39";"79";
"3407";"49";"24690";
"3407";"54";"178";
"3407";"56";"2407";
"3407";"59";"2410";
"3407";"67";"2418";
"3407";"68";"2419";
"3407";"69";"2420";
"3407";"77";"2430";
"3407";"80";"2436";
"3407";"91";"2473";
"3407";"92";"2472";
"3407";"99";"63206";
"3407";"100";"63207";
"3407";"101";"18517";
"3407";"102";"18522";
"3408";"1";"187";
"3408";"8";"25";
"3408";"9";"27";
"3408";"10";"30";
"3408";"13";"40";
"3408";"16";"46";
"3408";"18";"50";
"3408";"39";"79";
"3408";"48";"76";
"3408";"49";"6206";
"3408";"54";"176";
"3408";"59";"2410";
"3408";"66";"2417";
"3408";"68";"2419";
"3408";"80";"2462";
"3408";"99";"59264";
"3408";"100";"59265";
"3408";"101";"18517";
"3408";"102";"18532";
"3409";"1";"130";
"3409";"9";"18669";
"3409";"48";"76";
"3409";"49";"6206";
"3409";"54";"176";
"3409";"80";"2455";
"3409";"99";"49783";
"3409";"100";"49784";
"3409";"101";"18518";
"3409";"102";"18615";
"3410";"1";"187";
"3410";"8";"25";
"3410";"9";"27";
"3410";"10";"30";
"3410";"13";"40";
"3410";"39";"79";
"3410";"48";"75";
"3410";"49";"128";
"3410";"54";"178";
"3410";"59";"2410";
"3410";"68";"2419";
"3410";"69";"2420";
"3410";"91";"2473";
"3410";"99";"63189";
"3410";"100";"63190";
"3411";"1";"49146";
"3411";"9";"18614";
"3411";"49";"18507";
"3411";"54";"176";
"3411";"59";"2410";
"3411";"67";"2418";
"3411";"80";"2444";
"3411";"86";"2468";
"3411";"87";"2467";
"3411";"95";"2476";
"3411";"98";"2479";
"3411";"99";"49781";
"3411";"100";"49782";
"3411";"101";"22208";
"3411";"102";"18522";
"3412";"1";"10394";
"3412";"8";"25";
"3412";"9";"27";
"3412";"10";"30";
"3412";"14";"42";
"3412";"23";"60";
"3412";"32";"87";
"3412";"46";"99";
"3412";"48";"74";
"3412";"54";"176";
"3412";"67";"2418";
"3412";"77";"2430";
"3412";"80";"2436";
"3412";"81";"2429";
"3412";"85";"2466";
"3412";"99";"56478";
"3412";"100";"56479";
"3412";"101";"18518";
"3412";"102";"18522";
"3413";"1";"183";
"3413";"9";"27";
"3413";"47";"77";
"3413";"49";"18506";
"3413";"54";"177";
"3413";"60";"2411";
"3413";"80";"2434";
"3413";"99";"49653";
"3413";"100";"49654";
"3414";"1";"49146";
"3414";"49";"24690";
"3414";"54";"176";
"3414";"59";"2410";
"3414";"66";"2417";
"3414";"67";"2418";
"3414";"69";"2420";
"3414";"80";"2448";
"3414";"99";"49779";
"3414";"100";"49780";
"3414";"101";"18517";
"3414";"102";"18522";
"3415";"1";"171";
"3415";"8";"25";
"3415";"17";"48";
"3415";"49";"49688";
"3415";"54";"178";
"3415";"56";"2407";
"3415";"67";"2418";
"3415";"69";"2420";
"3415";"80";"2451";
"3415";"95";"2476";
"3415";"99";"49757";
"3415";"100";"49758";
"3415";"101";"18518";
"3415";"102";"18522";
"3416";"8";"25";
"3416";"11";"32";
"3416";"39";"79";
"3416";"54";"176";
"3416";"56";"2407";
"3416";"85";"2466";
"3416";"88";"2469";
"3416";"91";"2473";
"3416";"95";"2476";
"3416";"99";"65603";
"3416";"100";"65604";
"3417";"1";"49687";
"3417";"8";"25";
"3417";"11";"32";
"3417";"39";"79";
"3417";"49";"32598";
"3417";"54";"176";
"3417";"56";"2407";
"3417";"85";"2466";
"3417";"88";"2469";
"3417";"91";"2473";
"3417";"95";"2476";
"3417";"99";"50152";
"3417";"100";"50153";
"3417";"101";"18517";
"3417";"102";"22451";
"3418";"1";"171";
"3418";"8";"25";
"3418";"17";"48";
"3418";"19";"52";
"3418";"48";"74";
"3418";"54";"176";
"3418";"56";"2407";
"3418";"59";"2410";
"3418";"66";"2417";
"3418";"67";"2418";
"3418";"69";"2420";
"3418";"80";"2460";
"3418";"91";"2473";
"3418";"99";"65215";
"3418";"100";"65216";
"3418";"101";"18517";
"3418";"102";"18522";
"3420";"1";"49687";
"3420";"8";"25";
"3420";"17";"48";
"3420";"19";"52";
"3420";"48";"74";
"3420";"49";"18506";
"3420";"54";"177";
"3420";"56";"2407";
"3420";"59";"2410";
"3420";"66";"2417";
"3420";"67";"2418";
"3420";"69";"2420";
"3420";"80";"23075";
"3420";"91";"2473";
"3420";"99";"51790";
"3420";"100";"51791";
"3420";"101";"18517";
"3421";"1";"171";
"3421";"54";"176";
"3421";"56";"2407";
"3421";"66";"2417";
"3421";"67";"2418";
"3421";"69";"2420";
"3421";"80";"2446";
"3421";"85";"2466";
"3421";"88";"2469";
"3421";"89";"2471";
"3421";"91";"2473";
"3421";"99";"50146";
"3421";"100";"50147";
"3421";"101";"18517";
"3421";"102";"22451";
"3422";"1";"174";
"3422";"54";"177";
"3422";"56";"2407";
"3422";"66";"2417";
"3422";"67";"2418";
"3422";"69";"2420";
"3422";"80";"2444";
"3422";"85";"2466";
"3422";"88";"2469";
"3422";"99";"50148";
"3422";"100";"50149";
"3422";"101";"18517";
"3422";"102";"22451";
"3423";"1";"10394";
"3423";"49";"18506";
"3423";"54";"177";
"3423";"56";"2407";
"3423";"66";"2417";
"3423";"67";"2418";
"3423";"69";"2420";
"3423";"80";"2462";
"3423";"85";"2466";
"3423";"88";"2469";
"3423";"89";"2471";
"3423";"99";"50016";
"3423";"100";"50017";
"3424";"1";"181";
"3424";"54";"176";
"3424";"69";"2420";
"3424";"86";"2468";
"3424";"87";"2467";
"3424";"98";"2479";
"3424";"99";"59220";
"3424";"100";"59221";
"3425";"1";"134";
"3425";"49";"117";
"3425";"54";"176";
"3425";"80";"2439";
"3425";"99";"55272";
"3425";"100";"55273";
"3425";"101";"18517";
"3425";"102";"18522";
"3425";"103";"22186";
"3426";"1";"145";
"3426";"11";"32";
"3426";"17";"48";
"3426";"19";"52";
"3426";"54";"178";
"3426";"56";"2407";
"3426";"67";"2418";
"3426";"76";"2424";
"3426";"80";"2436";
"3426";"99";"58537";
"3426";"100";"58538";
"3426";"101";"18518";
"3426";"102";"18522";
"3427";"1";"35859";
"3427";"54";"178";
"3427";"99";"57224";
"3427";"100";"57225";
"3427";"101";"18518";
"3427";"102";"18522";
"3428";"1";"145";
"3428";"8";"25";
"3428";"9";"27";
"3428";"10";"30";
"3428";"11";"33";
"3428";"13";"40";
"3428";"17";"48";
"3428";"19";"52";
"3428";"39";"79";
"3428";"49";"146";
"3428";"54";"176";
"3428";"66";"2417";
"3428";"67";"2418";
"3428";"69";"2420";
"3428";"80";"2450";
"3428";"81";"2429";
"3428";"86";"2468";
"3428";"95";"2476";
"3428";"96";"2478";
"3428";"98";"2479";
"3428";"99";"59300";
"3428";"100";"59301";
"3428";"101";"18518";
"3428";"102";"18522";
"3428";"103";"22393";
"3429";"1";"49147";
"3429";"9";"27";
"3429";"10";"31";
"3429";"47";"77";
"3429";"48";"76";
"3429";"49";"18507";
"3429";"54";"176";
"3429";"80";"2436";
"3429";"91";"2473";
"3429";"99";"65645";
"3429";"100";"65646";
"3429";"101";"18518";
"3429";"102";"18522";
"3429";"103";"22389";
"3430";"1";"171";
"3430";"49";"146";
"3430";"54";"177";
"3430";"80";"2439";
"3430";"99";"59621";
"3430";"100";"59622";
"3430";"101";"18518";
"3430";"102";"18522";
"3431";"1";"134";
"3431";"10";"30";
"3431";"14";"42";
"3431";"19";"52";
"3431";"49";"124";
"3431";"54";"178";
"3431";"59";"2410";
"3431";"66";"2417";
"3431";"83";"2464";
"3431";"86";"2468";
"3431";"95";"2476";
"3431";"99";"56943";
"3431";"100";"56944";
"3431";"101";"18518";
"3431";"102";"18522";
"3431";"103";"18527";
"3432";"1";"24723";
"3432";"8";"25";
"3432";"18";"50";
"3432";"21";"56";
"3432";"45";"98";
"3432";"48";"75";
"3432";"49";"139";
"3432";"54";"176";
"3432";"58";"2409";
"3432";"60";"2411";
"3432";"85";"2466";
"3432";"91";"2473";
"3432";"99";"58601";
"3432";"100";"58602";
"3432";"101";"18517";
"3432";"102";"18522";
"3432";"103";"22393";
"3432";"122";"19587";
"3433";"1";"132";
"3433";"13";"40";
"3433";"14";"42";
"3433";"49";"18507";
"3433";"54";"178";
"3433";"59";"2410";
"3433";"80";"2441";
"3433";"81";"2429";
"3433";"99";"53351";
"3433";"100";"53352";
"3433";"101";"18518";
"3433";"102";"18522";
"3434";"1";"125";
"3434";"8";"25";
"3434";"10";"30";
"3434";"18";"50";
"3434";"21";"56";
"3434";"49";"124";
"3434";"54";"177";
"3434";"59";"2410";
"3434";"66";"2417";
"3434";"77";"2430";
"3434";"80";"2450";
"3434";"88";"2469";
"3434";"99";"56576";
"3434";"100";"56577";
"3434";"101";"18518";
"3434";"102";"18522";
"3435";"1";"24723";
"3435";"8";"25";
"3435";"9";"29";
"3435";"11";"32";
"3435";"13";"40";
"3435";"18";"50";
"3435";"36";"92";
"3435";"39";"79";
"3435";"46";"99";
"3435";"49";"133";
"3435";"54";"179";
"3435";"58";"2409";
"3435";"60";"2411";
"3435";"91";"2473";
"3435";"95";"2476";
"3435";"99";"66193";
"3435";"100";"66194";
"3435";"101";"18518";
"3436";"1";"13122";
"3436";"10";"30";
"3436";"11";"32";
"3436";"13";"40";
"3436";"14";"42";
"3436";"48";"75";
"3436";"49";"13125";
"3436";"54";"177";
"3436";"59";"2410";
"3436";"67";"2418";
"3436";"68";"2419";
"3436";"80";"2436";
"3436";"81";"2429";
"3436";"85";"2466";
"3436";"88";"2469";
"3436";"89";"2471";
"3436";"99";"54919";
"3436";"100";"54920";
"3436";"101";"18517";
"3436";"102";"22451";
"3437";"1";"13122";
"3437";"10";"30";
"3437";"11";"32";
"3437";"13";"40";
"3437";"14";"42";
"3437";"48";"75";
"3437";"49";"13125";
"3437";"54";"177";
"3437";"59";"2410";
"3437";"67";"2418";
"3437";"68";"2419";
"3437";"80";"2436";
"3437";"81";"2429";
"3437";"85";"2466";
"3437";"88";"2469";
"3437";"89";"2471";
"3437";"99";"55256";
"3437";"100";"55257";
"3438";"1";"123";
"3438";"54";"177";
"3438";"59";"2410";
"3438";"66";"2417";
"3438";"73";"2428";
"3438";"74";"2427";
"3438";"75";"2425";
"3438";"83";"2464";
"3438";"89";"2471";
"3438";"91";"2473";
"3438";"99";"56578";
"3438";"100";"56579";
"3438";"101";"22208";
"3438";"102";"18522";
"3438";"103";"18524";
"3439";"1";"134";
"3439";"49";"13125";
"3439";"54";"178";
"3439";"59";"2410";
"3439";"80";"2450";
"3439";"99";"55820";
"3439";"100";"55821";
"3439";"101";"18518";
"3439";"102";"18522";
"3440";"1";"145";
"3440";"8";"25";
"3440";"19";"52";
"3440";"32";"88";
"3440";"39";"79";
"3440";"48";"74";
"3440";"49";"18508";
"3440";"54";"176";
"3440";"85";"2466";
"3440";"91";"2473";
"3440";"98";"2479";
"3440";"99";"53865";
"3440";"100";"53866";
"3440";"101";"18518";
"3440";"102";"18522";
"3441";"59";"2410";
"3441";"99";"55282";
"3441";"100";"55283";
"3441";"101";"18518";
"3441";"102";"18522";
"3442";"1";"123";
"3442";"54";"177";
"3442";"57";"2408";
"3442";"80";"2444";
"3442";"99";"67549";
"3442";"100";"67550";
"3442";"101";"18518";
"3442";"102";"18522";
"3443";"1";"134";
"3443";"8";"25";
"3443";"10";"30";
"3443";"13";"40";
"3443";"39";"79";
"3443";"47";"77";
"3443";"49";"23699";
"3443";"54";"176";
"3443";"59";"2410";
"3443";"66";"2417";
"3443";"75";"2425";
"3443";"80";"2450";
"3443";"81";"2429";
"3443";"83";"2464";
"3443";"86";"2468";
"3443";"87";"2467";
"3443";"88";"2469";
"3443";"99";"56873";
"3443";"100";"56874";
"3443";"101";"18518";
"3443";"102";"18522";
"3444";"1";"35859";
"3444";"8";"25";
"3444";"13";"40";
"3444";"16";"46";
"3444";"18";"50";
"3444";"21";"56";
"3444";"39";"79";
"3444";"49";"139";
"3444";"54";"176";
"3444";"59";"2410";
"3444";"60";"2411";
"3444";"62";"2413";
"3444";"66";"2417";
"3444";"77";"2430";
"3444";"78";"2432";
"3444";"81";"2429";
"3444";"85";"2466";
"3444";"90";"2470";
"3444";"99";"68007";
"3444";"100";"68008";
"3444";"101";"18518";
"3444";"102";"18522";
"3445";"1";"135";
"3445";"8";"25";
"3445";"13";"40";
"3445";"16";"46";
"3445";"18";"50";
"3445";"21";"56";
"3445";"39";"79";
"3445";"49";"139";
"3445";"54";"176";
"3445";"59";"2410";
"3445";"60";"2411";
"3445";"62";"2413";
"3445";"66";"2417";
"3445";"77";"2430";
"3445";"78";"2432";
"3445";"80";"2436";
"3445";"81";"2429";
"3445";"85";"2466";
"3445";"90";"2470";
"3445";"99";"55276";
"3445";"100";"55277";
"3445";"101";"18518";
"3445";"102";"18522";
"3446";"1";"23076";
"3446";"9";"18614";
"3446";"49";"117";
"3446";"54";"178";
"3446";"59";"2410";
"3446";"80";"2436";
"3446";"99";"55286";
"3446";"100";"55287";
"3446";"101";"18518";
"3446";"102";"18522";
"3447";"1";"134";
"3447";"49";"23699";
"3447";"54";"177";
"3447";"91";"2473";
"3447";"99";"53869";
"3447";"100";"53870";
"3447";"101";"18518";
"3447";"102";"18522";
"3448";"1";"134";
"3448";"8";"25";
"3448";"48";"74";
"3448";"49";"18509";
"3448";"54";"177";
"3448";"58";"2409";
"3448";"91";"2473";
"3448";"98";"2479";
"3448";"99";"53859";
"3448";"100";"53860";
"3448";"101";"18518";
"3448";"102";"18522";
"3449";"1";"145";
"3449";"8";"25";
"3449";"48";"74";
"3449";"49";"23698";
"3449";"54";"177";
"3449";"58";"2409";
"3449";"91";"2473";
"3449";"98";"2479";
"3449";"99";"53863";
"3449";"100";"53864";
"3449";"101";"18518";
"3449";"102";"18522";
"3450";"1";"132";
"3450";"8";"25";
"3450";"19";"52";
"3450";"32";"88";
"3450";"39";"79";
"3450";"49";"23699";
"3450";"54";"177";
"3450";"91";"2473";
"3450";"98";"2479";
"3450";"99";"53861";
"3450";"100";"53862";
"3450";"101";"18518";
"3450";"102";"18522";
"3451";"59";"2410";
"3451";"99";"57029";
"3451";"100";"57030";
"3452";"1";"132";
"3452";"49";"133";
"3452";"54";"176";
"3452";"59";"2410";
"3452";"80";"2455";
"3452";"85";"2466";
"3452";"99";"56885";
"3452";"100";"56886";
"3452";"101";"18518";
"3452";"102";"18522";
"3452";"123";"44503";
"3453";"1";"15";
"3453";"8";"25";
"3453";"11";"32";
"3453";"49";"13125";
"3453";"54";"176";
"3453";"91";"2473";
"3453";"99";"51154";
"3453";"100";"51155";
"3453";"101";"18517";
"3453";"102";"18522";
"3454";"1";"24723";
"3454";"49";"143";
"3454";"54";"176";
"3454";"58";"2409";
"3454";"60";"2411";
"3454";"83";"2464";
"3454";"85";"2466";
"3454";"91";"2473";
"3454";"99";"51150";
"3454";"100";"51151";
"3454";"101";"18517";
"3454";"102";"18522";
"3455";"1";"123";
"3455";"49";"124";
"3455";"54";"176";
"3455";"58";"2409";
"3455";"60";"2411";
"3455";"83";"2464";
"3455";"85";"2466";
"3455";"91";"2473";
"3455";"99";"51192";
"3455";"100";"51193";
"3455";"101";"18518";
"3455";"102";"18522";
"3456";"1";"125";
"3456";"10";"30";
"3456";"11";"32";
"3456";"13";"40";
"3456";"14";"42";
"3456";"49";"117";
"3456";"54";"177";
"3456";"59";"2410";
"3456";"67";"2418";
"3456";"68";"2419";
"3456";"80";"2460";
"3456";"81";"2429";
"3456";"85";"2466";
"3456";"88";"2469";
"3456";"89";"2471";
"3456";"99";"54917";
"3456";"100";"54918";
"3456";"101";"18517";
"3456";"102";"18522";
"3457";"1";"35859";
"3457";"8";"25";
"3457";"11";"33";
"3457";"54";"177";
"3457";"58";"2409";
"3457";"60";"2411";
"3457";"86";"2468";
"3457";"89";"2471";
"3457";"91";"2473";
"3457";"98";"2479";
"3457";"99";"54114";
"3457";"100";"54115";
"3457";"101";"22390";
"3457";"102";"18522";
"3458";"54";"180";
"3458";"80";"2446";
"3458";"99";"59607";
"3458";"100";"59608";
"3458";"101";"18518";
"3458";"102";"18522";
"3459";"1";"4279";
"3459";"49";"117";
"3459";"54";"177";
"3459";"60";"2411";
"3459";"99";"53557";
"3459";"100";"53558";
"3459";"101";"18518";
"3459";"102";"18522";
"3460";"8";"25";
"3460";"39";"79";
"3460";"54";"179";
"3460";"59";"2410";
"3460";"66";"2417";
"3460";"77";"2430";
"3460";"80";"2443";
"3460";"81";"2429";
"3460";"85";"2466";
"3460";"99";"61047";
"3460";"100";"61048";
"3460";"101";"18518";
"3460";"102";"18522";
"3461";"8";"25";
"3461";"39";"79";
"3461";"54";"178";
"3461";"59";"2410";
"3461";"66";"2417";
"3461";"77";"2430";
"3461";"80";"2443";
"3461";"81";"2429";
"3461";"85";"2466";
"3461";"99";"60769";
"3461";"100";"60770";
"3461";"101";"18518";
"3461";"102";"18522";
"3462";"8";"25";
"3462";"39";"79";
"3462";"54";"177";
"3462";"59";"2410";
"3462";"66";"2417";
"3462";"77";"2430";
"3462";"80";"2455";
"3462";"81";"2429";
"3462";"85";"2466";
"3462";"99";"55981";
"3462";"100";"55982";
"3462";"101";"18518";
"3462";"102";"18522";
"3463";"8";"25";
"3463";"39";"79";
"3463";"54";"179";
"3463";"59";"2410";
"3463";"66";"2417";
"3463";"77";"2430";
"3463";"81";"2429";
"3463";"85";"2466";
"3463";"99";"52600";
"3463";"100";"52601";
"3463";"101";"18518";
"3463";"102";"18522";
"3464";"1";"134";
"3464";"49";"13125";
"3464";"54";"177";
"3464";"59";"2410";
"3464";"99";"55284";
"3464";"100";"55285";
"3464";"101";"18517";
"3464";"102";"18522";
"3464";"103";"22186";
"3465";"1";"49144";
"3465";"49";"23698";
"3465";"54";"176";
"3465";"59";"2410";
"3465";"99";"55450";
"3465";"100";"55451";
"3465";"101";"18518";
"3465";"102";"18522";
"3466";"1";"168";
"3466";"49";"23698";
"3466";"54";"176";
"3466";"59";"2410";
"3466";"99";"55452";
"3466";"100";"55453";
"3466";"101";"18518";
"3466";"102";"18522";
"3467";"1";"4279";
"3467";"49";"139";
"3467";"54";"178";
"3467";"99";"53877";
"3467";"100";"53878";
"3467";"101";"18518";
"3467";"102";"18522";
"3468";"1";"18861";
"3468";"49";"18506";
"3468";"54";"179";
"3468";"59";"2410";
"3468";"80";"2443";
"3468";"99";"67935";
"3468";"100";"67936";
"3468";"101";"18518";
"3468";"102";"18522";
"3469";"1";"10303";
"3469";"49";"4318";
"3469";"54";"177";
"3469";"58";"2409";
"3469";"60";"2411";
"3469";"99";"63596";
"3469";"100";"63597";
"3469";"101";"18517";
"3469";"102";"18522";
"3470";"1";"4279";
"3470";"49";"4318";
"3470";"54";"177";
"3470";"59";"2410";
"3470";"60";"2411";
"3470";"99";"57023";
"3470";"100";"57024";
"3470";"101";"18518";
"3470";"102";"18522";
"3471";"8";"25";
"3471";"10";"30";
"3471";"18";"50";
"3471";"19";"52";
"3471";"54";"178";
"3471";"60";"2411";
"3471";"66";"2417";
"3471";"86";"2468";
"3471";"87";"2467";
"3471";"89";"2471";
"3471";"91";"2473";
"3471";"99";"52598";
"3471";"100";"52599";
"3471";"101";"18518";
"3471";"102";"18522";
"3471";"103";"18524";
"3472";"54";"177";
"3472";"60";"2411";
"3472";"99";"60615";
"3472";"100";"60616";
"3472";"101";"18518";
"3472";"102";"18522";
"3473";"99";"65489";
"3473";"100";"65490";
"3474";"54";"179";
"3474";"80";"2451";
"3474";"99";"66501";
"3474";"100";"66502";
"3474";"101";"18518";
"3474";"102";"18522";
"3475";"54";"178";
"3475";"66";"2417";
"3475";"67";"2418";
"3475";"95";"2476";
"3475";"99";"52590";
"3475";"100";"52591";
"3475";"101";"18518";
"3475";"102";"18522";
"3476";"66";"2417";
"3476";"99";"54229";
"3476";"100";"54230";
"3477";"1";"18861";
"3477";"49";"18507";
"3477";"54";"177";
"3477";"59";"2410";
"3477";"99";"56694";
"3477";"100";"56695";
"3477";"101";"18518";
"3477";"102";"18522";
"3478";"54";"178";
"3478";"59";"2410";
"3478";"99";"56510";
"3478";"100";"56511";
"3478";"101";"18518";
"3478";"102";"18522";
"3479";"54";"178";
"3479";"59";"2410";
"3479";"99";"56480";
"3479";"100";"56481";
"3479";"101";"18518";
"3479";"102";"18522";
"3480";"54";"178";
"3480";"59";"2410";
"3480";"99";"56482";
"3480";"100";"56483";
"3480";"101";"18518";
"3480";"102";"18522";
"3481";"54";"178";
"3481";"59";"2410";
"3481";"99";"56181";
"3481";"100";"56182";
"3481";"101";"18518";
"3481";"102";"18522";
"3483";"8";"26";
"3483";"9";"28";
"3483";"10";"30";
"3483";"19";"52";
"3483";"32";"87";
"3483";"36";"92";
"3483";"39";"79";
"3483";"45";"98";
"3483";"47";"77";
"3483";"48";"74";
"3483";"54";"178";
"3483";"66";"2417";
"3483";"86";"2468";
"3483";"91";"2473";
"3483";"98";"2479";
"3483";"99";"52578";
"3483";"100";"52579";
"3483";"101";"18518";
"3483";"102";"18522";
"3484";"1";"123";
"3484";"49";"124";
"3484";"54";"176";
"3484";"59";"2410";
"3484";"80";"2433";
"3484";"83";"2464";
"3484";"99";"66241";
"3484";"100";"66242";
"3484";"101";"18518";
"3484";"102";"18522";
"3484";"104";"19118";
"3485";"1";"123";
"3485";"49";"117";
"3485";"54";"178";
"3485";"99";"67167";
"3485";"100";"67168";
"3485";"101";"18518";
"3485";"102";"18522";
"3486";"1";"187";
"3486";"23";"60";
"3486";"49";"124";
"3486";"54";"177";
"3486";"66";"2417";
"3486";"69";"2420";
"3486";"80";"2436";
"3486";"99";"51472";
"3486";"100";"51473";
"3486";"101";"18518";
"3486";"102";"18522";
"3487";"1";"4279";
"3487";"49";"139";
"3487";"54";"178";
"3487";"99";"67175";
"3487";"100";"67176";
"3487";"101";"18518";
"3487";"102";"18522";
"3488";"1";"35859";
"3488";"49";"124";
"3488";"54";"178";
"3488";"80";"2439";
"3488";"99";"66369";
"3488";"100";"66370";
"3488";"101";"18518";
"3488";"102";"18522";
"3489";"1";"134";
"3489";"54";"178";
"3489";"66";"2417";
"3489";"80";"2450";
"3489";"95";"2476";
"3489";"99";"51470";
"3489";"100";"51471";
"3489";"101";"18518";
"3489";"102";"18522";
"3490";"1";"123";
"3490";"49";"124";
"3490";"54";"177";
"3490";"80";"2460";
"3490";"99";"52813";
"3490";"100";"52814";
"3490";"101";"18518";
"3490";"102";"18522";
"3491";"1";"35859";
"3491";"49";"139";
"3491";"54";"179";
"3491";"99";"65967";
"3491";"100";"65968";
"3491";"101";"18518";
"3491";"102";"18522";
"3493";"8";"25";
"3493";"39";"79";
"3493";"54";"178";
"3493";"59";"2410";
"3493";"66";"2417";
"3493";"77";"2430";
"3493";"80";"2443";
"3493";"81";"2429";
"3493";"85";"2466";
"3493";"99";"54662";
"3493";"100";"54663";
"3493";"101";"18518";
"3493";"102";"18522";
"3494";"1";"132";
"3494";"49";"23699";
"3494";"54";"176";
"3494";"80";"2442";
"3494";"99";"51666";
"3494";"100";"51667";
"3494";"101";"18518";
"3494";"102";"18522";
"3495";"1";"187";
"3495";"49";"128";
"3495";"54";"178";
"3495";"80";"2439";
"3495";"99";"51772";
"3495";"100";"51773";
"3495";"101";"18518";
"3495";"102";"18522";
"3496";"1";"18533";
"3496";"49";"139";
"3496";"54";"179";
"3496";"80";"2439";
"3496";"99";"53909";
"3496";"100";"53910";
"3496";"101";"18518";
"3496";"102";"18522";
"3497";"1";"134";
"3497";"49";"13125";
"3497";"54";"177";
"3497";"99";"60619";
"3497";"100";"60620";
"3497";"101";"18518";
"3497";"102";"18522";
"3498";"1";"134";
"3498";"49";"117";
"3498";"54";"177";
"3498";"99";"51670";
"3498";"100";"51671";
"3498";"101";"18518";
"3498";"102";"18522";
"3499";"1";"134";
"3499";"49";"23699";
"3499";"54";"178";
"3499";"99";"64884";
"3499";"100";"64885";
"3499";"101";"18518";
"3499";"102";"18522";
"3500";"8";"25";
"3500";"10";"30";
"3500";"18";"50";
"3500";"19";"52";
"3500";"54";"178";
"3500";"60";"2411";
"3500";"66";"2417";
"3500";"86";"2468";
"3500";"87";"2467";
"3500";"89";"2471";
"3500";"91";"2473";
"3500";"99";"66249";
"3500";"100";"66250";
"3500";"101";"18518";
"3500";"102";"18522";
"3500";"103";"18524";
"3501";"8";"25";
"3501";"39";"79";
"3501";"54";"178";
"3501";"59";"2410";
"3501";"66";"2417";
"3501";"77";"2430";
"3501";"80";"2443";
"3501";"81";"2429";
"3501";"85";"2466";
"3501";"99";"57242";
"3501";"100";"57243";
"3501";"101";"18518";
"3501";"102";"18522";
"3502";"8";"25";
"3502";"39";"79";
"3502";"54";"179";
"3502";"59";"2410";
"3502";"66";"2417";
"3502";"77";"2430";
"3502";"81";"2429";
"3502";"85";"2466";
"3502";"99";"51642";
"3502";"100";"51643";
"3502";"101";"18518";
"3502";"102";"18522";
"3503";"8";"25";
"3503";"39";"79";
"3503";"54";"177";
"3503";"59";"2410";
"3503";"66";"2417";
"3503";"77";"2430";
"3503";"80";"2455";
"3503";"81";"2429";
"3503";"85";"2466";
"3503";"99";"55760";
"3503";"100";"55761";
"3503";"101";"18518";
"3503";"102";"18522";
"3504";"9";"27";
"3504";"10";"30";
"3504";"19";"52";
"3504";"39";"79";
"3504";"48";"74";
"3504";"54";"178";
"3504";"61";"2412";
"3504";"77";"2430";
"3504";"80";"2436";
"3504";"81";"2429";
"3504";"86";"2468";
"3504";"87";"2467";
"3504";"89";"2471";
"3504";"91";"2473";
"3504";"98";"2479";
"3504";"99";"55077";
"3504";"100";"55078";
"3504";"101";"18518";
"3504";"102";"18522";
"3504";"103";"22186";
"3505";"1";"127";
"3505";"49";"146";
"3505";"54";"178";
"3505";"80";"2441";
"3505";"99";"51792";
"3505";"100";"51793";
"3505";"101";"18518";
"3505";"102";"18522";
"3506";"1";"18861";
"3506";"8";"25";
"3506";"49";"18507";
"3506";"54";"177";
"3506";"59";"2410";
"3506";"91";"2473";
"3506";"99";"53891";
"3506";"100";"53892";
"3506";"101";"18519";
"3506";"102";"18522";
"3508";"1";"123";
"3508";"49";"139";
"3508";"54";"177";
"3508";"80";"2450";
"3508";"99";"51836";
"3508";"100";"51837";
"3508";"101";"18518";
"3508";"102";"18522";
"3509";"1";"18861";
"3509";"49";"18507";
"3509";"54";"180";
"3509";"80";"2451";
"3509";"99";"53895";
"3509";"100";"53896";
"3509";"101";"18519";
"3509";"102";"18522";
"3509";"103";"22389";
"3510";"1";"130";
"3510";"49";"146";
"3510";"54";"178";
"3510";"80";"2462";
"3510";"99";"61744";
"3510";"100";"61745";
"3510";"101";"18518";
"3510";"102";"18522";
"3511";"1";"134";
"3511";"49";"117";
"3511";"54";"178";
"3511";"99";"51794";
"3511";"100";"51795";
"3511";"101";"18518";
"3511";"102";"18522";
"3512";"1";"15";
"3512";"49";"23699";
"3512";"54";"178";
"3512";"59";"2410";
"3512";"99";"67189";
"3512";"100";"67190";
"3512";"101";"18519";
"3512";"102";"18522";
"3513";"1";"187";
"3513";"54";"177";
"3513";"80";"2452";
"3513";"99";"61628";
"3513";"100";"61629";
"3513";"101";"18519";
"3513";"102";"18522";
"3514";"1";"187";
"3514";"49";"146";
"3514";"54";"178";
"3514";"80";"2441";
"3514";"99";"51872";
"3514";"100";"51873";
"3514";"101";"18517";
"3514";"102";"18522";
"3515";"1";"187";
"3515";"49";"146";
"3515";"54";"179";
"3515";"80";"2441";
"3515";"99";"51864";
"3515";"100";"51865";
"3515";"101";"18518";
"3515";"102";"18522";
"3516";"1";"132";
"3516";"49";"6206";
"3516";"80";"2455";
"3516";"99";"51946";
"3516";"100";"51947";
"3516";"101";"18518";
"3516";"102";"18522";
"3517";"1";"123";
"3517";"49";"139";
"3517";"54";"178";
"3517";"80";"2436";
"3517";"99";"51870";
"3517";"100";"51871";
"3517";"101";"18518";
"3517";"102";"18522";
"3518";"1";"145";
"3518";"49";"146";
"3518";"54";"177";
"3518";"80";"2452";
"3518";"99";"53197";
"3518";"100";"53198";
"3518";"101";"18519";
"3518";"102";"18522";
"3519";"1";"187";
"3519";"49";"146";
"3519";"54";"177";
"3519";"80";"2452";
"3519";"99";"53195";
"3519";"100";"53196";
"3519";"101";"18519";
"3519";"102";"18522";
"3520";"1";"18861";
"3520";"49";"18507";
"3520";"54";"177";
"3520";"99";"66633";
"3520";"100";"66634";
"3520";"101";"18519";
"3520";"102";"18522";
"3521";"1";"13122";
"3521";"49";"139";
"3521";"54";"177";
"3521";"59";"2410";
"3521";"95";"2476";
"3521";"98";"2479";
"3521";"99";"61612";
"3521";"100";"61613";
"3521";"101";"18518";
"3521";"102";"18522";
"3522";"1";"134";
"3522";"49";"117";
"3522";"54";"178";
"3522";"59";"2410";
"3522";"80";"2436";
"3522";"99";"63016";
"3522";"100";"63017";
"3522";"101";"18518";
"3522";"102";"18522";
"3522";"103";"22389";
"3523";"1";"134";
"3523";"49";"117";
"3523";"54";"178";
"3523";"59";"2410";
"3523";"80";"2436";
"3523";"99";"63014";
"3523";"100";"63015";
"3523";"101";"22388";
"3523";"102";"18522";
"3523";"103";"22389";
"3524";"1";"13122";
"3524";"49";"23699";
"3524";"54";"178";
"3524";"59";"2410";
"3524";"80";"2436";
"3524";"99";"63018";
"3524";"100";"63019";
"3524";"101";"22388";
"3524";"102";"18522";
"3524";"103";"22389";
"3525";"59";"2410";
"3525";"99";"63290";
"3525";"100";"63291";
"3526";"59";"2410";
"3526";"99";"62962";
"3526";"100";"62963";
"3527";"1";"127";
"3527";"49";"133";
"3527";"54";"178";
"3527";"59";"2410";
"3527";"80";"2436";
"3527";"99";"52895";
"3527";"100";"52896";
"3527";"101";"22388";
"3527";"102";"18522";
"3527";"103";"22186";
"3528";"1";"23076";
"3528";"49";"23699";
"3528";"54";"178";
"3528";"59";"2410";
"3528";"80";"2436";
"3528";"99";"61772";
"3528";"100";"61773";
"3528";"101";"22388";
"3528";"102";"18522";
"3528";"103";"22389";
"3529";"1";"130";
"3529";"19";"52";
"3529";"49";"23699";
"3529";"54";"177";
"3529";"80";"2436";
"3529";"99";"61810";
"3529";"100";"61811";
"3529";"101";"22388";
"3529";"102";"18522";
"3529";"103";"22389";
"3530";"1";"134";
"3530";"19";"52";
"3530";"49";"117";
"3530";"54";"177";
"3530";"80";"2436";
"3530";"99";"55047";
"3530";"100";"55048";
"3530";"101";"22388";
"3530";"102";"18522";
"3530";"103";"22389";
"3531";"1";"134";
"3531";"19";"52";
"3531";"49";"117";
"3531";"54";"177";
"3531";"80";"2436";
"3531";"99";"63330";
"3531";"100";"63331";
"3531";"101";"22388";
"3531";"102";"18522";
"3531";"103";"22389";
"3532";"1";"134";
"3532";"19";"52";
"3532";"49";"117";
"3532";"54";"177";
"3532";"80";"2436";
"3532";"99";"52546";
"3532";"100";"52547";
"3532";"101";"22388";
"3532";"102";"18522";
"3532";"103";"22389";
"3533";"1";"134";
"3533";"19";"52";
"3533";"49";"117";
"3533";"54";"177";
"3533";"80";"2436";
"3533";"99";"63342";
"3533";"100";"63343";
"3533";"101";"22388";
"3533";"102";"18522";
"3533";"103";"22389";
"3534";"19";"52";
"3534";"54";"177";
"3534";"59";"2410";
"3534";"61";"2412";
"3534";"66";"2417";
"3534";"77";"2430";
"3534";"80";"2436";
"3534";"95";"2476";
"3534";"99";"64570";
"3534";"100";"64571";
"3534";"101";"22388";
"3534";"102";"18522";
"3534";"103";"22389";
"3535";"1";"134";
"3535";"19";"52";
"3535";"49";"117";
"3535";"54";"177";
"3535";"59";"2410";
"3535";"61";"2412";
"3535";"66";"2417";
"3535";"77";"2430";
"3535";"80";"2436";
"3535";"95";"2476";
"3535";"99";"60906";
"3535";"100";"60907";
"3535";"101";"22388";
"3535";"102";"18522";
"3535";"103";"22389";
"3536";"1";"134";
"3536";"19";"52";
"3536";"49";"124";
"3536";"54";"177";
"3536";"59";"2410";
"3536";"61";"2412";
"3536";"66";"2417";
"3536";"77";"2430";
"3536";"80";"2436";
"3536";"95";"2476";
"3536";"99";"52532";
"3536";"100";"52533";
"3536";"101";"22388";
"3536";"102";"18522";
"3536";"103";"22389";
"3537";"1";"134";
"3537";"19";"52";
"3537";"49";"124";
"3537";"54";"177";
"3537";"59";"2410";
"3537";"61";"2412";
"3537";"66";"2417";
"3537";"77";"2430";
"3537";"80";"2436";
"3537";"95";"2476";
"3537";"99";"63352";
"3537";"100";"63353";
"3537";"101";"22388";
"3537";"102";"18522";
"3537";"103";"22389";
"3538";"1";"23076";
"3538";"19";"52";
"3538";"49";"117";
"3538";"54";"177";
"3538";"59";"2410";
"3538";"61";"2412";
"3538";"66";"2417";
"3538";"77";"2430";
"3538";"80";"2436";
"3538";"95";"2476";
"3538";"99";"54837";
"3538";"100";"54838";
"3538";"101";"22388";
"3538";"102";"18522";
"3538";"103";"22389";
"3539";"1";"125";
"3539";"19";"52";
"3539";"49";"117";
"3539";"54";"177";
"3539";"59";"2410";
"3539";"61";"2412";
"3539";"66";"2417";
"3539";"77";"2430";
"3539";"80";"2436";
"3539";"95";"2476";
"3539";"99";"63358";
"3539";"100";"63359";
"3539";"101";"22388";
"3539";"102";"18522";
"3539";"103";"22389";
"3540";"1";"134";
"3540";"19";"52";
"3540";"49";"117";
"3540";"54";"177";
"3540";"59";"2410";
"3540";"61";"2412";
"3540";"66";"2417";
"3540";"77";"2430";
"3540";"80";"2436";
"3540";"95";"2476";
"3540";"99";"63306";
"3540";"100";"63307";
"3540";"101";"22388";
"3540";"102";"18522";
"3540";"103";"22389";
"3541";"1";"134";
"3541";"19";"52";
"3541";"49";"124";
"3541";"54";"177";
"3541";"59";"2410";
"3541";"61";"2412";
"3541";"66";"2417";
"3541";"77";"2430";
"3541";"80";"2436";
"3541";"95";"2476";
"3541";"99";"60880";
"3541";"100";"60881";
"3541";"101";"22388";
"3541";"102";"18522";
"3541";"103";"22389";
"3542";"1";"15";
"3542";"19";"52";
"3542";"49";"18508";
"3542";"54";"177";
"3542";"59";"2410";
"3542";"61";"2412";
"3542";"66";"2417";
"3542";"77";"2430";
"3542";"80";"2436";
"3542";"95";"2476";
"3542";"99";"52526";
"3542";"100";"52527";
"3542";"101";"22388";
"3542";"102";"18522";
"3542";"103";"22389";
"3543";"1";"13121";
"3543";"19";"52";
"3543";"49";"117";
"3543";"54";"177";
"3543";"59";"2410";
"3543";"61";"2412";
"3543";"66";"2417";
"3543";"77";"2430";
"3543";"80";"2436";
"3543";"95";"2476";
"3543";"99";"63308";
"3543";"100";"63309";
"3543";"101";"18518";
"3543";"102";"18522";
"3543";"103";"22389";
"3544";"19";"52";
"3544";"54";"177";
"3544";"59";"2410";
"3544";"61";"2412";
"3544";"66";"2417";
"3544";"77";"2430";
"3544";"80";"2436";
"3544";"95";"2476";
"3544";"99";"55202";
"3544";"100";"55203";
"3544";"101";"22388";
"3544";"102";"18522";
"3544";"103";"22389";
"3545";"1";"125";
"3545";"19";"52";
"3545";"49";"139";
"3545";"54";"177";
"3545";"59";"2410";
"3545";"61";"2412";
"3545";"66";"2417";
"3545";"77";"2430";
"3545";"80";"2436";
"3545";"95";"2476";
"3545";"99";"64616";
"3545";"100";"64617";
"3545";"101";"22388";
"3545";"102";"18522";
"3545";"103";"22186";
"3546";"1";"134";
"3546";"19";"52";
"3546";"49";"124";
"3546";"54";"177";
"3546";"59";"2410";
"3546";"61";"2412";
"3546";"66";"2417";
"3546";"77";"2430";
"3546";"80";"2436";
"3546";"95";"2476";
"3546";"99";"63350";
"3546";"100";"63351";
"3546";"101";"22388";
"3546";"102";"18522";
"3546";"103";"18524";
"3547";"19";"52";
"3547";"54";"177";
"3547";"59";"2410";
"3547";"61";"2412";
"3547";"66";"2417";
"3547";"77";"2430";
"3547";"80";"2436";
"3547";"95";"2476";
"3547";"99";"63368";
"3547";"100";"63369";
"3547";"101";"22388";
"3547";"102";"18522";
"3547";"103";"22389";
"3548";"19";"52";
"3548";"54";"178";
"3548";"59";"2410";
"3548";"61";"2412";
"3548";"66";"2417";
"3548";"77";"2430";
"3548";"95";"2476";
"3548";"99";"55204";
"3548";"100";"55205";
"3548";"101";"18518";
"3548";"102";"18522";
"3548";"103";"22389";
"3549";"19";"52";
"3549";"54";"177";
"3549";"59";"2410";
"3549";"61";"2412";
"3549";"66";"2417";
"3549";"77";"2430";
"3549";"80";"2436";
"3549";"95";"2476";
"3549";"99";"55059";
"3549";"100";"55060";
"3549";"101";"18518";
"3549";"102";"18522";
"3549";"103";"22186";
"3550";"1";"15";
"3550";"49";"23699";
"3550";"54";"177";
"3550";"80";"2441";
"3550";"99";"52825";
"3550";"100";"52826";
"3550";"101";"18518";
"3550";"102";"18522";
"3551";"1";"13122";
"3551";"49";"13125";
"3551";"54";"177";
"3551";"80";"2441";
"3551";"99";"52811";
"3551";"100";"52812";
"3551";"101";"18518";
"3551";"102";"18522";
"3552";"1";"18861";
"3552";"49";"23699";
"3552";"54";"177";
"3552";"80";"2441";
"3552";"99";"52809";
"3552";"100";"52810";
"3552";"101";"18518";
"3552";"102";"18522";
"3553";"1";"145";
"3553";"49";"133";
"3553";"54";"176";
"3553";"80";"2441";
"3553";"99";"52506";
"3553";"100";"52507";
"3553";"101";"18518";
"3553";"102";"18522";
"3554";"1";"134";
"3554";"49";"23699";
"3554";"54";"178";
"3554";"99";"52807";
"3554";"100";"52808";
"3554";"101";"22388";
"3554";"102";"18522";
"3554";"103";"22186";
"3555";"1";"13122";
"3555";"49";"23699";
"3555";"54";"178";
"3555";"99";"52805";
"3555";"100";"52806";
"3555";"101";"22388";
"3555";"102";"18522";
"3555";"103";"22389";
"3556";"1";"15";
"3556";"49";"18509";
"3556";"54";"178";
"3556";"80";"2451";
"3556";"99";"52504";
"3556";"100";"52505";
"3556";"101";"22388";
"3556";"102";"18522";
"3556";"103";"22389";
"3557";"1";"15";
"3557";"49";"18508";
"3557";"54";"178";
"3557";"99";"52486";
"3557";"100";"52487";
"3557";"101";"18518";
"3557";"102";"18522";
"3557";"103";"22389";
"3558";"1";"123";
"3558";"54";"180";
"3558";"80";"2452";
"3558";"99";"52470";
"3558";"100";"52471";
"3558";"101";"22388";
"3558";"102";"18522";
"3558";"103";"18524";
"3559";"1";"125";
"3559";"49";"13125";
"3559";"54";"180";
"3559";"80";"2452";
"3559";"99";"53855";
"3559";"100";"53856";
"3559";"101";"18518";
"3559";"102";"18522";
"3559";"103";"18524";
"3560";"1";"123";
"3560";"54";"180";
"3560";"80";"2452";
"3560";"99";"52474";
"3560";"100";"52475";
"3560";"101";"22388";
"3560";"102";"18522";
"3560";"103";"18524";
"3561";"1";"4279";
"3561";"49";"6081";
"3561";"54";"178";
"3561";"80";"2439";
"3561";"99";"52484";
"3561";"100";"52485";
"3561";"101";"18518";
"3561";"102";"18522";
"3562";"54";"179";
"3562";"80";"2446";
"3562";"99";"67137";
"3562";"100";"67138";
"3562";"101";"18518";
"3562";"102";"18522";
"3563";"54";"179";
"3563";"80";"2444";
"3563";"99";"67143";
"3563";"100";"67144";
"3563";"101";"18518";
"3563";"102";"18522";
"3564";"1";"125";
"3564";"49";"124";
"3564";"54";"177";
"3564";"59";"2410";
"3564";"61";"2412";
"3564";"66";"2417";
"3564";"77";"2430";
"3564";"80";"2439";
"3564";"95";"2476";
"3564";"99";"63304";
"3564";"100";"63305";
"3564";"101";"22388";
"3564";"102";"18522";
"3564";"103";"22186";
"3565";"1";"134";
"3565";"49";"115";
"3565";"54";"177";
"3565";"59";"2410";
"3565";"61";"2412";
"3565";"66";"2417";
"3565";"77";"2430";
"3565";"80";"2439";
"3565";"95";"2476";
"3565";"99";"63316";
"3565";"100";"63317";
"3565";"101";"18518";
"3565";"102";"18522";
"3565";"103";"22389";
"3566";"99";"54670";
"3566";"100";"54671";
"3567";"54";"178";
"3567";"80";"2436";
"3567";"99";"52466";
"3567";"100";"52467";
"3567";"101";"18518";
"3567";"102";"18522";
"3568";"54";"179";
"3568";"57";"2408";
"3568";"99";"52464";
"3568";"100";"52465";
"3568";"101";"18518";
"3568";"102";"18522";
"3568";"104";"19118";
"3569";"1";"13121";
"3569";"9";"18614";
"3569";"54";"177";
"3569";"80";"2455";
"3569";"99";"61678";
"3569";"100";"61679";
"3569";"101";"18518";
"3569";"102";"18522";
"3570";"1";"132";
"3570";"49";"23699";
"3570";"54";"178";
"3570";"99";"67199";
"3570";"100";"67200";
"3570";"101";"18517";
"3570";"102";"18522";
"3571";"1";"23076";
"3571";"54";"178";
"3571";"99";"62696";
"3571";"100";"62697";
"3571";"101";"18518";
"3571";"102";"18522";
"3571";"103";"22393";
"3572";"1";"15";
"3572";"9";"18614";
"3572";"49";"128";
"3572";"54";"177";
"3572";"99";"66631";
"3572";"100";"66632";
"3572";"101";"18519";
"3572";"102";"18522";
"3573";"1";"132";
"3573";"49";"23699";
"3573";"54";"176";
"3573";"80";"2450";
"3573";"99";"61716";
"3573";"100";"61717";
"3573";"101";"18519";
"3573";"102";"18522";
"3573";"103";"22389";
"3574";"1";"18861";
"3574";"9";"18614";
"3574";"49";"18507";
"3574";"54";"177";
"3574";"99";"66629";
"3574";"100";"66630";
"3574";"101";"18519";
"3574";"102";"18522";
"3574";"103";"22393";
"3575";"1";"125";
"3575";"49";"117";
"3575";"54";"176";
"3575";"80";"2439";
"3575";"99";"52823";
"3575";"100";"52824";
"3575";"101";"18517";
"3575";"102";"18522";
"3576";"9";"29";
"3576";"99";"53845";
"3576";"100";"53846";
"3576";"101";"18517";
"3576";"102";"18521";
"3577";"1";"134";
"3577";"49";"117";
"3577";"54";"177";
"3577";"80";"2451";
"3577";"99";"54845";
"3577";"100";"54846";
"3577";"101";"18518";
"3577";"102";"18522";
"3578";"1";"187";
"3578";"49";"146";
"3578";"54";"177";
"3578";"80";"2444";
"3578";"99";"52841";
"3578";"100";"52842";
"3578";"101";"18518";
"3578";"102";"18522";
"3578";"103";"22209";
"3579";"1";"123";
"3579";"49";"124";
"3579";"54";"178";
"3579";"59";"2410";
"3579";"77";"2430";
"3579";"80";"2455";
"3579";"99";"57246";
"3579";"100";"57247";
"3579";"101";"18518";
"3579";"102";"18522";
"3579";"103";"22393";
"3580";"1";"18533";
"3580";"49";"139";
"3580";"54";"178";
"3580";"59";"2410";
"3580";"66";"2417";
"3580";"77";"2430";
"3580";"80";"2455";
"3580";"99";"52845";
"3580";"100";"52846";
"3580";"101";"18518";
"3580";"102";"18522";
"3580";"103";"22393";
"3581";"1";"35859";
"3581";"49";"124";
"3581";"54";"179";
"3581";"80";"2436";
"3581";"99";"52889";
"3581";"100";"52890";
"3581";"101";"18518";
"3581";"102";"18522";
"3581";"103";"22389";
"3582";"99";"52747";
"3582";"100";"52748";
"3583";"1";"141";
"3583";"54";"176";
"3583";"80";"2439";
"3583";"99";"53121";
"3583";"100";"53122";
"3583";"101";"18518";
"3583";"102";"18522";
"3584";"1";"123";
"3584";"54";"179";
"3584";"80";"2438";
"3584";"99";"53141";
"3584";"100";"53142";
"3584";"101";"18518";
"3584";"102";"18522";
"3584";"103";"22393";
"3585";"1";"145";
"3585";"49";"23699";
"3585";"54";"177";
"3585";"99";"61626";
"3585";"100";"61627";
"3585";"101";"18518";
"3585";"102";"18522";
"3586";"1";"13121";
"3586";"9";"18614";
"3586";"54";"176";
"3586";"80";"2443";
"3586";"99";"53135";
"3586";"100";"53136";
"3586";"101";"18518";
"3586";"102";"18615";
"3587";"1";"18861";
"3587";"9";"18614";
"3587";"54";"180";
"3587";"80";"2445";
"3587";"99";"67093";
"3587";"100";"67094";
"3587";"101";"18518";
"3587";"102";"18522";
"3588";"1";"18861";
"3588";"9";"18614";
"3588";"54";"180";
"3588";"80";"2455";
"3588";"99";"67095";
"3588";"100";"67096";
"3588";"101";"18518";
"3588";"102";"18522";
"3589";"1";"18533";
"3589";"54";"178";
"3589";"59";"2410";
"3589";"66";"2417";
"3589";"77";"2430";
"3589";"80";"2443";
"3589";"99";"53145";
"3589";"100";"53146";
"3589";"101";"18518";
"3589";"102";"18522";
"3590";"1";"123";
"3590";"49";"23699";
"3590";"54";"178";
"3590";"59";"2410";
"3590";"66";"2417";
"3590";"77";"2430";
"3590";"80";"2443";
"3590";"99";"53149";
"3590";"100";"53150";
"3590";"101";"18518";
"3590";"102";"18522";
"3591";"1";"123";
"3591";"49";"23699";
"3591";"54";"177";
"3591";"59";"2410";
"3591";"66";"2417";
"3591";"77";"2430";
"3591";"80";"2443";
"3591";"99";"53147";
"3591";"100";"53148";
"3591";"101";"18518";
"3591";"102";"18522";
"3592";"1";"127";
"3592";"54";"179";
"3592";"80";"2441";
"3592";"99";"67115";
"3592";"100";"67116";
"3592";"101";"18518";
"3592";"102";"18522";
"3593";"54";"180";
"3593";"99";"59443";
"3593";"100";"59444";
"3593";"101";"18518";
"3593";"102";"18522";
"3594";"1";"134";
"3594";"54";"177";
"3594";"80";"2436";
"3594";"99";"52939";
"3594";"100";"52940";
"3594";"101";"22388";
"3594";"102";"18522";
"3594";"103";"22389";
"3595";"1";"134";
"3595";"49";"117";
"3595";"54";"177";
"3595";"99";"52941";
"3595";"100";"52942";
"3595";"101";"22386";
"3595";"102";"18522";
"3596";"1";"134";
"3596";"54";"177";
"3596";"99";"52947";
"3596";"100";"52948";
"3596";"101";"18518";
"3596";"102";"18522";
"3597";"1";"138";
"3597";"54";"176";
"3597";"99";"55262";
"3597";"100";"55263";
"3597";"101";"18518";
"3597";"102";"18522";
"3598";"1";"24723";
"3598";"54";"176";
"3598";"99";"52951";
"3598";"100";"52952";
"3598";"101";"18518";
"3598";"102";"18522";
"3599";"99";"52963";
"3599";"100";"52964";
"3600";"99";"53117";
"3600";"100";"53118";
"3601";"9";"27";
"3601";"99";"53133";
"3601";"100";"53134";
"3601";"101";"18518";
"3601";"102";"18522";
"3601";"103";"22389";
"3602";"1";"125";
"3602";"49";"117";
"3602";"54";"178";
"3602";"59";"2410";
"3602";"66";"2417";
"3602";"77";"2430";
"3602";"80";"2443";
"3602";"99";"57453";
"3602";"100";"57454";
"3602";"101";"18518";
"3602";"102";"18522";
"3603";"1";"18533";
"3603";"49";"117";
"3603";"54";"178";
"3603";"59";"2410";
"3603";"66";"2417";
"3603";"77";"2430";
"3603";"80";"2443";
"3603";"99";"53161";
"3603";"100";"53162";
"3603";"101";"18518";
"3603";"102";"18522";
"3604";"1";"18533";
"3604";"54";"178";
"3604";"59";"2410";
"3604";"66";"2417";
"3604";"77";"2430";
"3604";"80";"2443";
"3604";"99";"53143";
"3604";"100";"53144";
"3604";"101";"18518";
"3604";"102";"18522";
"3606";"1";"18533";
"3606";"54";"176";
"3606";"59";"2410";
"3606";"66";"2417";
"3606";"80";"2439";
"3606";"99";"61714";
"3606";"100";"61715";
"3606";"101";"18518";
"3606";"102";"18522";
"3606";"103";"22393";
"3607";"1";"24723";
"3607";"54";"178";
"3607";"80";"2446";
"3607";"99";"67255";
"3607";"100";"67256";
"3607";"101";"18517";
"3607";"102";"18522";
"3607";"103";"22393";
"3608";"48";"76";
"3608";"54";"178";
"3608";"80";"2438";
"3608";"99";"53137";
"3608";"100";"53138";
"3608";"101";"18518";
"3608";"102";"18522";
"3609";"49";"124";
"3609";"54";"180";
"3609";"80";"2444";
"3609";"99";"53175";
"3609";"100";"53176";
"3609";"101";"18518";
"3609";"102";"18522";
"3610";"77";"2430";
"3610";"99";"63386";
"3610";"100";"63387";
"3611";"1";"130";
"3611";"49";"13125";
"3611";"54";"178";
"3611";"99";"53873";
"3611";"100";"53874";
"3611";"101";"18518";
"3611";"102";"18522";
"3611";"103";"22393";
"3612";"1";"134";
"3612";"54";"177";
"3612";"59";"2410";
"3612";"80";"2433";
"3612";"99";"63012";
"3612";"100";"63013";
"3612";"101";"22388";
"3612";"102";"18522";
"3612";"103";"18524";
"3613";"59";"2410";
"3613";"99";"55087";
"3613";"100";"55088";
"3614";"1";"23997";
"3614";"54";"178";
"3614";"80";"2453";
"3614";"99";"53407";
"3614";"100";"53408";
"3614";"101";"18518";
"3614";"102";"18522";
"3614";"103";"22389";
"3615";"99";"53193";
"3615";"100";"53194";
"3616";"1";"49149";
"3616";"49";"146";
"3616";"54";"177";
"3616";"80";"2452";
"3616";"99";"63542";
"3616";"100";"63543";
"3616";"101";"18519";
"3616";"102";"18522";
"3617";"99";"53219";
"3617";"100";"53220";
"3618";"99";"53229";
"3618";"100";"53230";
"3619";"59";"2410";
"3619";"99";"56526";
"3619";"100";"56527";
"3620";"59";"2410";
"3620";"99";"56512";
"3620";"100";"56513";
"3621";"59";"2410";
"3621";"99";"56524";
"3621";"100";"56525";
"3622";"59";"2410";
"3622";"99";"56514";
"3622";"100";"56515";
"3623";"1";"18533";
"3623";"49";"124";
"3623";"54";"176";
"3623";"99";"53915";
"3623";"100";"53916";
"3623";"101";"18517";
"3623";"102";"18522";
"3624";"99";"65327";
"3624";"100";"65328";
"3625";"1";"23076";
"3625";"49";"13125";
"3625";"54";"177";
"3625";"99";"62532";
"3625";"100";"62533";
"3625";"101";"18517";
"3625";"102";"18522";
"3626";"58";"2409";
"3626";"99";"53311";
"3626";"100";"53312";
"3627";"54";"176";
"3627";"99";"55134";
"3627";"100";"55135";
"3627";"101";"18517";
"3627";"102";"18522";
"3628";"49";"23699";
"3628";"54";"176";
"3628";"74";"2427";
"3628";"99";"55553";
"3628";"100";"55554";
"3628";"101";"18518";
"3628";"102";"18522";
"3629";"99";"53405";
"3629";"100";"53406";
"3630";"49";"23699";
"3630";"54";"176";
"3630";"99";"55567";
"3630";"100";"55568";
"3630";"101";"18517";
"3630";"102";"18522";
"3631";"99";"59659";
"3631";"100";"59660";
"3632";"99";"54193";
"3632";"100";"54194";
"3633";"59";"2410";
"3633";"99";"53459";
"3633";"100";"53460";
"3634";"1";"123";
"3634";"54";"178";
"3634";"57";"2408";
"3634";"59";"2410";
"3634";"78";"2432";
"3634";"80";"2444";
"3634";"81";"2429";
"3634";"99";"67047";
"3634";"100";"67048";
"3634";"101";"18517";
"3635";"59";"2410";
"3635";"99";"56522";
"3635";"100";"56523";
"3636";"54";"178";
"3636";"59";"2410";
"3636";"99";"56484";
"3636";"100";"56485";
"3636";"101";"18517";
"3636";"102";"18522";
"3637";"59";"2410";
"3637";"99";"56179";
"3637";"100";"56180";
"3638";"1";"123";
"3638";"54";"178";
"3638";"59";"2410";
"3638";"99";"56520";
"3638";"100";"56521";
"3638";"101";"18517";
"3638";"102";"18522";
"3639";"59";"2410";
"3639";"99";"56516";
"3639";"100";"56517";
"3640";"59";"2410";
"3640";"99";"56486";
"3640";"100";"56487";
"3641";"59";"2410";
"3641";"99";"56518";
"3641";"100";"56519";
"3642";"1";"134";
"3642";"49";"13125";
"3642";"54";"178";
"3642";"59";"2410";
"3642";"99";"56508";
"3642";"100";"56509";
"3642";"101";"18518";
"3642";"102";"18522";
"3643";"1";"134";
"3643";"54";"178";
"3643";"59";"2410";
"3643";"99";"56506";
"3643";"100";"56507";
"3643";"101";"18518";
"3643";"102";"18522";
"3644";"1";"134";
"3644";"49";"133";
"3644";"54";"177";
"3644";"59";"2410";
"3644";"99";"56714";
"3644";"100";"56715";
"3644";"101";"18518";
"3644";"102";"18522";
"3645";"1";"13122";
"3645";"49";"23699";
"3645";"54";"178";
"3645";"59";"2410";
"3645";"99";"56718";
"3645";"100";"56719";
"3645";"101";"18518";
"3645";"102";"18522";
"3646";"49";"117";
"3646";"54";"178";
"3646";"59";"2410";
"3646";"99";"56500";
"3646";"100";"56501";
"3646";"101";"18518";
"3646";"102";"18522";
"3647";"49";"18509";
"3647";"54";"178";
"3647";"59";"2410";
"3647";"99";"56498";
"3647";"100";"56499";
"3647";"101";"18518";
"3647";"102";"18522";
"3648";"1";"13122";
"3648";"49";"146";
"3648";"54";"178";
"3648";"59";"2410";
"3648";"99";"56712";
"3648";"100";"56713";
"3648";"101";"18518";
"3648";"102";"18522";
"3649";"1";"130";
"3649";"49";"18508";
"3649";"54";"178";
"3649";"59";"2410";
"3649";"99";"56728";
"3649";"100";"56729";
"3649";"101";"18518";
"3649";"102";"18522";
"3650";"1";"13122";
"3650";"54";"178";
"3650";"59";"2410";
"3650";"99";"56492";
"3650";"100";"56493";
"3650";"101";"18518";
"3650";"102";"18522";
"3651";"1";"123";
"3651";"54";"178";
"3651";"59";"2410";
"3651";"99";"56726";
"3651";"100";"56727";
"3651";"101";"18518";
"3651";"102";"18522";
"3652";"1";"123";
"3652";"54";"178";
"3652";"59";"2410";
"3652";"99";"56488";
"3652";"100";"56489";
"3652";"101";"18518";
"3652";"102";"18522";
"3653";"1";"24723";
"3653";"49";"124";
"3653";"54";"176";
"3653";"99";"53972";
"3653";"100";"53973";
"3653";"101";"18518";
"3653";"102";"18522";
"3654";"60";"2411";
"3654";"99";"53723";
"3654";"100";"53724";
"3655";"1";"23076";
"3655";"9";"18614";
"3655";"49";"18508";
"3655";"54";"177";
"3655";"80";"2443";
"3655";"99";"59719";
"3655";"100";"59720";
"3655";"101";"22386";
"3655";"102";"18522";
"3656";"99";"53741";
"3656";"100";"53742";
"3657";"99";"59663";
"3657";"100";"59664";
"3658";"99";"53759";
"3658";"100";"53760";
"3659";"59";"2410";
"3659";"99";"53767";
"3659";"100";"53768";
"3660";"99";"53962";
"3660";"100";"53963";
"3662";"19";"52";
"3662";"32";"88";
"3662";"36";"92";
"3662";"45";"98";
"3662";"46";"99";
"3662";"48";"74";
"3662";"49";"18507";
"3662";"54";"176";
"3662";"58";"2409";
"3662";"60";"2411";
"3662";"91";"2473";
"3662";"99";"66031";
"3662";"100";"66032";
"3662";"101";"18518";
"3662";"102";"18522";
"3663";"1";"18668";
"3663";"49";"18506";
"3663";"54";"177";
"3663";"99";"56113";
"3663";"100";"56114";
"3663";"102";"18522";
"3664";"54";"178";
"3664";"60";"2411";
"3664";"99";"54583";
"3664";"100";"54584";
"3664";"101";"18518";
"3664";"102";"18522";
"3665";"99";"54610";
"3665";"100";"54611";
"3666";"1";"13122";
"3666";"19";"52";
"3666";"54";"179";
"3666";"59";"2410";
"3666";"77";"2430";
"3666";"80";"2444";
"3666";"81";"2429";
"3666";"99";"65565";
"3666";"100";"65566";
"3666";"101";"18518";
"3666";"102";"18522";
"3666";"123";"44502";
"3667";"1";"13122";
"3667";"19";"52";
"3667";"54";"179";
"3667";"59";"2410";
"3667";"77";"2430";
"3667";"80";"2444";
"3667";"81";"2429";
"3667";"99";"60441";
"3667";"100";"60442";
"3667";"101";"22388";
"3667";"102";"18522";
"3667";"123";"44502";
"3668";"1";"13122";
"3668";"19";"52";
"3668";"54";"178";
"3668";"59";"2410";
"3668";"77";"2430";
"3668";"80";"2444";
"3668";"81";"2429";
"3668";"99";"67925";
"3668";"100";"67926";
"3668";"101";"22388";
"3668";"102";"18522";
"3668";"123";"44502";
"3669";"1";"13122";
"3669";"19";"52";
"3669";"54";"178";
"3669";"59";"2410";
"3669";"77";"2430";
"3669";"80";"2444";
"3669";"81";"2429";
"3669";"99";"65555";
"3669";"100";"65556";
"3669";"101";"22388";
"3669";"102";"18522";
"3669";"123";"44502";
"3670";"1";"13122";
"3670";"19";"52";
"3670";"54";"178";
"3670";"59";"2410";
"3670";"77";"2430";
"3670";"80";"2444";
"3670";"81";"2429";
"3670";"99";"67931";
"3670";"100";"67932";
"3670";"101";"22388";
"3670";"102";"18522";
"3670";"123";"44502";
"3671";"1";"13122";
"3671";"19";"52";
"3671";"49";"13125";
"3671";"54";"178";
"3671";"59";"2410";
"3671";"77";"2430";
"3671";"80";"2444";
"3671";"81";"2429";
"3671";"99";"67923";
"3671";"100";"67924";
"3671";"101";"22388";
"3671";"102";"18522";
"3671";"103";"22186";
"3671";"123";"44502";
"3672";"1";"13122";
"3672";"19";"52";
"3672";"49";"13125";
"3672";"54";"178";
"3672";"59";"2410";
"3672";"77";"2430";
"3672";"80";"2444";
"3672";"81";"2429";
"3672";"99";"65563";
"3672";"100";"65564";
"3672";"101";"22388";
"3672";"102";"18522";
"3672";"123";"44502";
"3673";"19";"52";
"3673";"59";"2410";
"3673";"77";"2430";
"3673";"80";"2444";
"3673";"81";"2429";
"3673";"99";"55518";
"3673";"100";"55519";
"3673";"102";"18522";
"3673";"123";"44502";
"3674";"19";"52";
"3674";"59";"2410";
"3674";"77";"2430";
"3674";"80";"2444";
"3674";"81";"2429";
"3674";"99";"65559";
"3674";"100";"65560";
"3674";"102";"18522";
"3674";"123";"44502";
"3675";"18";"50";
"3675";"19";"52";
"3675";"60";"2411";
"3675";"91";"2473";
"3675";"99";"67259";
"3675";"100";"67260";
"3676";"18";"50";
"3676";"19";"52";
"3676";"60";"2411";
"3676";"91";"2473";
"3676";"99";"56205";
"3676";"100";"56206";
"3677";"18";"50";
"3677";"19";"52";
"3677";"60";"2411";
"3677";"91";"2473";
"3677";"99";"57279";
"3677";"100";"57280";
"3678";"1";"125";
"3678";"54";"176";
"3678";"99";"54559";
"3678";"100";"54560";
"3678";"101";"18518";
"3678";"102";"18522";
"3678";"103";"18524";
"3679";"1";"134";
"3679";"54";"177";
"3679";"99";"54557";
"3679";"100";"54558";
"3679";"101";"18518";
"3679";"102";"18522";
"3679";"103";"18524";
"3680";"1";"125";
"3680";"54";"177";
"3680";"59";"2410";
"3680";"89";"2471";
"3680";"99";"54626";
"3680";"100";"54627";
"3680";"101";"18517";
"3680";"102";"18522";
"3680";"103";"18524";
"3681";"99";"65247";
"3681";"100";"65248";
"3682";"1";"125";
"3682";"54";"177";
"3682";"59";"2410";
"3682";"89";"2471";
"3682";"99";"65815";
"3682";"100";"65816";
"3682";"101";"18517";
"3682";"102";"18522";
"3682";"103";"18524";
"3683";"1";"125";
"3683";"54";"177";
"3683";"59";"2410";
"3683";"89";"2471";
"3683";"99";"65817";
"3683";"100";"65818";
"3683";"101";"18518";
"3683";"102";"18522";
"3683";"103";"18524";
"3684";"54";"177";
"3684";"59";"2410";
"3684";"89";"2471";
"3684";"99";"65811";
"3684";"100";"65812";
"3684";"101";"18518";
"3684";"102";"18522";
"3684";"103";"18524";
"3686";"100";"54340";
"3687";"100";"54433";
"3688";"100";"54432";
"3689";"100";"54431";
"3690";"100";"54430";
"3691";"100";"54429";
"3692";"99";"54393";
"3692";"100";"54394";
"3693";"99";"54458";
"3693";"100";"54459";
"3694";"54";"178";
"3694";"99";"65245";
"3694";"100";"65246";
"3694";"101";"18518";
"3694";"103";"22393";
"3695";"99";"54444";
"3695";"100";"54445";
"3696";"99";"54470";
"3697";"99";"54476";
"3698";"49";"18508";
"3698";"54";"177";
"3698";"99";"64896";
"3698";"101";"22390";
"3698";"102";"18522";
"3698";"103";"22393";
"3699";"49";"18508";
"3699";"54";"177";
"3699";"99";"64875";
"3699";"101";"18518";
"3699";"102";"18522";
"3699";"103";"22393";
"3700";"100";"54505";
"3701";"100";"54511";
"3702";"100";"54515";
"3703";"100";"54524";
"3705";"99";"54545";
"3706";"49";"117";
"3706";"54";"177";
"3706";"99";"54617";
"3706";"101";"18517";
"3706";"102";"18522";
"3707";"99";"54835";
"3708";"99";"58867";
"3709";"1";"186";
"3709";"49";"139";
"3709";"54";"176";
"3709";"99";"63205";
"3709";"101";"18517";
"3709";"102";"18522";
"3710";"99";"54867";
"3710";"100";"54868";
"3711";"1";"134";
"3711";"48";"74";
"3711";"49";"146";
"3711";"54";"177";
"3711";"99";"67617";
"3711";"100";"67618";
"3711";"101";"18518";
"3711";"102";"18522";
"3712";"99";"55027";
"3712";"100";"55028";
"3713";"99";"63338";
"3713";"100";"63339";
"3714";"99";"58900";
"3714";"100";"58901";
"3715";"99";"55830";
"3716";"8";"25";
"3716";"13";"40";
"3716";"16";"46";
"3716";"18";"50";
"3716";"21";"56";
"3716";"39";"79";
"3716";"54";"176";
"3716";"59";"2410";
"3716";"60";"2411";
"3716";"62";"2413";
"3716";"66";"2417";
"3716";"77";"2430";
"3716";"78";"2432";
"3716";"80";"2436";
"3716";"81";"2429";
"3716";"85";"2466";
"3716";"90";"2470";
"3716";"99";"55547";
"3716";"100";"55548";
"3716";"101";"18518";
"3716";"102";"18522";
"3717";"59";"2410";
"3717";"99";"63516";
"3717";"100";"63517";
"3717";"101";"18518";
"3717";"102";"18522";
"3718";"1";"13121";
"3718";"48";"74";
"3718";"49";"23699";
"3718";"54";"176";
"3718";"59";"2410";
"3718";"80";"2433";
"3718";"99";"56297";
"3718";"100";"56298";
"3718";"101";"18518";
"3718";"102";"18522";
"3719";"10";"30";
"3719";"11";"32";
"3719";"13";"40";
"3719";"14";"42";
"3719";"59";"2410";
"3719";"67";"2418";
"3719";"68";"2419";
"3719";"81";"2429";
"3719";"85";"2466";
"3719";"88";"2469";
"3719";"89";"2471";
"3719";"99";"55332";
"3719";"100";"55333";
"3719";"101";"18517";
"3719";"102";"18522";
"3720";"99";"55342";
"3720";"100";"55343";
"3720";"101";"18518";
"3720";"102";"18522";
"3721";"9";"18614";
"3721";"54";"176";
"3721";"99";"67573";
"3721";"100";"67574";
"3721";"101";"18518";
"3721";"102";"18615";
"3722";"59";"2410";
"3722";"99";"55382";
"3722";"100";"55383";
"3723";"1";"18861";
"3723";"49";"6206";
"3723";"54";"176";
"3723";"59";"2410";
"3723";"80";"2446";
"3723";"99";"68095";
"3723";"100";"68096";
"3723";"101";"18518";
"3723";"102";"18522";
"3724";"1";"127";
"3724";"54";"177";
"3724";"80";"2446";
"3724";"99";"57375";
"3724";"100";"57376";
"3724";"101";"18517";
"3724";"102";"18522";
"3725";"1";"49149";
"3725";"49";"6206";
"3725";"54";"177";
"3725";"80";"2455";
"3725";"99";"61007";
"3725";"100";"61008";
"3725";"101";"18517";
"3725";"102";"18522";
"3726";"99";"55500";
"3726";"100";"55501";
"3726";"101";"18518";
"3726";"102";"18615";
"3727";"1";"127";
"3727";"9";"18669";
"3727";"49";"146";
"3727";"54";"180";
"3727";"59";"2410";
"3727";"80";"2441";
"3727";"99";"67905";
"3727";"100";"67906";
"3727";"101";"18517";
"3727";"102";"18522";
"3728";"99";"57248";
"3728";"100";"57249";
"3728";"101";"18518";
"3728";"102";"18615";
"3729";"1";"49146";
"3729";"49";"24690";
"3729";"54";"178";
"3729";"80";"2446";
"3729";"99";"67627";
"3729";"100";"67628";
"3729";"101";"18518";
"3729";"102";"18522";
"3730";"1";"187";
"3730";"49";"6206";
"3730";"54";"177";
"3730";"80";"2452";
"3730";"99";"63538";
"3730";"100";"63539";
"3730";"101";"18519";
"3730";"102";"18522";
"3731";"1";"187";
"3731";"49";"6206";
"3731";"54";"177";
"3731";"80";"2452";
"3731";"99";"63540";
"3731";"100";"63541";
"3731";"101";"18519";
"3731";"102";"18522";
"3732";"1";"49146";
"3732";"9";"29";
"3732";"11";"32";
"3732";"49";"24690";
"3732";"54";"177";
"3732";"69";"2420";
"3732";"88";"2469";
"3732";"95";"2476";
"3732";"99";"67643";
"3732";"100";"67644";
"3732";"101";"18517";
"3732";"102";"18522";
"3733";"1";"132";
"3733";"8";"26";
"3733";"9";"27";
"3733";"19";"52";
"3733";"49";"18507";
"3733";"54";"179";
"3733";"67";"2418";
"3733";"76";"2424";
"3733";"81";"2429";
"3733";"99";"66617";
"3733";"100";"66618";
"3733";"101";"18517";
"3733";"102";"18522";
"3733";"103";"18527";
"3734";"1";"187";
"3734";"9";"18614";
"3734";"49";"6206";
"3734";"54";"177";
"3734";"99";"67371";
"3734";"100";"67372";
"3734";"101";"22386";
"3734";"102";"18522";
"3734";"103";"18527";
"3735";"59";"2410";
"3735";"99";"66919";
"3735";"100";"66920";
"3735";"101";"18518";
"3735";"102";"18522";
"3736";"1";"10303";
"3736";"54";"178";
"3736";"60";"2411";
"3736";"62";"2413";
"3736";"66";"2417";
"3736";"80";"2445";
"3736";"99";"57371";
"3736";"100";"57372";
"3736";"101";"18517";
"3736";"102";"18522";
"3737";"99";"55993";
"3737";"100";"55994";
"3738";"1";"49146";
"3738";"48";"75";
"3738";"54";"176";
"3738";"80";"2434";
"3738";"99";"57373";
"3738";"100";"57374";
"3738";"101";"18518";
"3738";"102";"18522";
"3739";"1";"18861";
"3739";"9";"18614";
"3739";"54";"177";
"3739";"56";"2407";
"3739";"80";"2454";
"3739";"99";"57389";
"3739";"100";"57390";
"3739";"101";"22388";
"3739";"102";"18522";
"3740";"99";"55863";
"3740";"100";"55864";
"3740";"101";"18517";
"3740";"102";"18522";
"3741";"1";"13122";
"3741";"9";"18669";
"3741";"49";"18507";
"3741";"54";"179";
"3741";"59";"2410";
"3741";"80";"2454";
"3741";"99";"67625";
"3741";"100";"67626";
"3741";"101";"18517";
"3741";"102";"18522";
"3742";"1";"187";
"3742";"49";"146";
"3742";"54";"178";
"3742";"80";"2444";
"3742";"99";"66431";
"3742";"100";"66432";
"3742";"101";"18517";
"3742";"102";"18522";
"3743";"1";"49146";
"3743";"8";"25";
"3743";"9";"18669";
"3743";"14";"42";
"3743";"17";"48";
"3743";"19";"52";
"3743";"32";"87";
"3743";"54";"177";
"3743";"59";"2410";
"3743";"66";"2417";
"3743";"67";"2418";
"3743";"68";"2419";
"3743";"76";"2424";
"3743";"80";"2450";
"3743";"81";"2429";
"3743";"86";"2468";
"3743";"87";"2467";
"3743";"91";"2473";
"3743";"99";"57381";
"3743";"100";"57382";
"3743";"101";"18518";
"3743";"102";"18522";
"3744";"1";"49149";
"3744";"9";"29";
"3744";"49";"146";
"3744";"54";"176";
"3744";"80";"2436";
"3744";"99";"67669";
"3744";"100";"67670";
"3744";"101";"18517";
"3744";"102";"18522";
"3745";"1";"23076";
"3745";"49";"146";
"3745";"54";"178";
"3745";"99";"56782";
"3745";"100";"56783";
"3745";"101";"18517";
"3745";"102";"18522";
"3746";"9";"29";
"3746";"99";"57317";
"3746";"100";"57318";
"3746";"101";"18517";
"3746";"102";"18522";
"3747";"1";"145";
"3747";"49";"6206";
"3747";"54";"176";
"3747";"80";"2446";
"3747";"99";"67271";
"3747";"100";"67272";
"3747";"101";"18517";
"3747";"102";"18522";
"3748";"99";"55945";
"3748";"100";"55946";
"3748";"101";"18517";
"3748";"102";"18522";
"3749";"9";"18669";
"3749";"59";"2410";
"3749";"99";"66933";
"3749";"100";"66934";
"3749";"101";"18517";
"3750";"1";"18861";
"3750";"9";"18669";
"3750";"49";"18506";
"3750";"54";"177";
"3750";"99";"57357";
"3750";"100";"57358";
"3750";"101";"18518";
"3751";"1";"18861";
"3751";"9";"18669";
"3751";"49";"18507";
"3751";"54";"177";
"3751";"99";"57359";
"3751";"100";"57360";
"3751";"101";"18518";
"3751";"102";"18522";
"3752";"1";"145";
"3752";"9";"18669";
"3752";"49";"146";
"3752";"54";"177";
"3752";"80";"2441";
"3752";"99";"57363";
"3752";"100";"57364";
"3752";"101";"18518";
"3752";"102";"18522";
"3753";"99";"66923";
"3753";"100";"66924";
"3753";"101";"18517";
"3753";"102";"18522";
"3754";"1";"145";
"3754";"9";"18669";
"3754";"54";"177";
"3754";"80";"2460";
"3754";"99";"57395";
"3754";"100";"57396";
"3754";"101";"18518";
"3754";"102";"18522";
"3755";"99";"56027";
"3755";"100";"56028";
"3756";"99";"56037";
"3756";"100";"56038";
"3757";"99";"56047";
"3757";"100";"56048";
"3758";"99";"56057";
"3758";"100";"56058";
"3759";"1";"49149";
"3759";"49";"146";
"3759";"54";"177";
"3759";"80";"2452";
"3759";"99";"63536";
"3759";"100";"63537";
"3759";"101";"18519";
"3759";"102";"18522";
"3760";"1";"134";
"3760";"49";"133";
"3760";"54";"177";
"3760";"59";"2410";
"3760";"66";"2417";
"3760";"77";"2430";
"3760";"80";"2443";
"3760";"99";"59623";
"3760";"100";"59624";
"3760";"101";"18518";
"3760";"102";"18522";
"3761";"1";"134";
"3761";"49";"18509";
"3761";"54";"177";
"3761";"59";"2410";
"3761";"66";"2417";
"3761";"77";"2430";
"3761";"80";"2443";
"3761";"99";"59635";
"3761";"100";"59636";
"3761";"101";"18518";
"3761";"102";"18522";
"3762";"13";"40";
"3762";"17";"48";
"3762";"56";"2407";
"3762";"59";"2410";
"3762";"86";"2468";
"3762";"99";"56099";
"3762";"100";"56100";
"3762";"101";"18518";
"3762";"102";"18522";
"3763";"99";"56111";
"3763";"100";"56112";
"3763";"102";"18522";
"3764";"1";"23076";
"3764";"54";"177";
"3764";"80";"2444";
"3764";"99";"67835";
"3764";"100";"67836";
"3764";"101";"18517";
"3764";"102";"18522";
"3765";"1";"187";
"3765";"49";"6206";
"3765";"54";"178";
"3765";"59";"2410";
"3765";"66";"2417";
"3765";"67";"2418";
"3765";"77";"2430";
"3765";"80";"2455";
"3765";"99";"57397";
"3765";"100";"57398";
"3765";"101";"18518";
"3765";"102";"18522";
"3766";"99";"56143";
"3766";"100";"56144";
"3766";"102";"18522";
"3767";"99";"56147";
"3767";"100";"56148";
"3768";"99";"56157";
"3768";"100";"56158";
"3769";"1";"127";
"3769";"54";"176";
"3769";"80";"2443";
"3769";"99";"67031";
"3769";"100";"67032";
"3769";"101";"18517";
"3769";"102";"18521";
"3770";"99";"56167";
"3770";"100";"56168";
"3771";"1";"13121";
"3771";"49";"18508";
"3771";"54";"177";
"3771";"99";"66965";
"3771";"100";"66966";
"3771";"101";"18518";
"3771";"102";"18522";
"3772";"9";"29";
"3772";"99";"57383";
"3772";"100";"57384";
"3772";"101";"18518";
"3772";"102";"22451";
"3773";"8";"25";
"3773";"58";"2409";
"3773";"85";"2466";
"3773";"91";"2473";
"3773";"99";"56255";
"3773";"100";"56256";
"3773";"101";"18518";
"3774";"99";"56296";
"3775";"99";"56295";
"3776";"59";"2410";
"3776";"99";"60657";
"3776";"100";"60658";
"3777";"1";"125";
"3777";"8";"25";
"3777";"49";"146";
"3777";"54";"176";
"3777";"58";"2409";
"3777";"85";"2466";
"3777";"91";"2473";
"3777";"99";"57353";
"3777";"100";"57354";
"3777";"101";"18518";
"3777";"102";"18522";
"3778";"99";"56636";
"3778";"100";"56637";
"3779";"1";"127";
"3779";"49";"146";
"3779";"54";"177";
"3779";"99";"57367";
"3779";"100";"57368";
"3779";"101";"18517";
"3779";"102";"18522";
"3780";"99";"60999";
"3780";"100";"61000";
"3780";"101";"18517";
"3780";"102";"18522";
"3781";"1";"187";
"3781";"9";"18669";
"3781";"49";"6206";
"3781";"54";"177";
"3781";"99";"60993";
"3781";"100";"60994";
"3781";"101";"18518";
"3782";"1";"145";
"3782";"9";"18669";
"3782";"49";"6206";
"3782";"54";"177";
"3782";"99";"61009";
"3782";"100";"61010";
"3782";"101";"18518";
"3782";"102";"18522";
"3783";"48";"75";
"3783";"49";"139";
"3783";"54";"178";
"3783";"99";"56586";
"3783";"100";"56587";
"3784";"1";"49146";
"3784";"8";"25";
"3784";"14";"42";
"3784";"17";"48";
"3784";"19";"52";
"3784";"32";"87";
"3784";"54";"177";
"3784";"59";"2410";
"3784";"66";"2417";
"3784";"67";"2418";
"3784";"68";"2419";
"3784";"76";"2424";
"3784";"81";"2429";
"3784";"86";"2468";
"3784";"87";"2467";
"3784";"91";"2473";
"3784";"99";"57379";
"3784";"100";"57380";
"3784";"101";"18518";
"3784";"102";"18522";
"3785";"1";"49149";
"3785";"8";"25";
"3785";"14";"42";
"3785";"17";"48";
"3785";"19";"52";
"3785";"32";"87";
"3785";"49";"6206";
"3785";"54";"176";
"3785";"59";"2410";
"3785";"66";"2417";
"3785";"67";"2418";
"3785";"68";"2419";
"3785";"76";"2424";
"3785";"80";"2436";
"3785";"81";"2429";
"3785";"86";"2468";
"3785";"87";"2467";
"3785";"91";"2473";
"3785";"99";"67641";
"3785";"100";"67642";
"3785";"101";"22208";
"3785";"102";"18522";
"3786";"99";"57240";
"3786";"100";"57241";
"3786";"101";"18518";
"3786";"102";"18522";
"3787";"1";"145";
"3787";"9";"18669";
"3787";"54";"177";
"3787";"99";"56792";
"3787";"100";"56793";
"3787";"101";"18518";
"3787";"102";"18522";
"3788";"1";"187";
"3788";"8";"25";
"3788";"14";"42";
"3788";"17";"48";
"3788";"19";"52";
"3788";"32";"87";
"3788";"49";"6206";
"3788";"54";"177";
"3788";"59";"2410";
"3788";"66";"2417";
"3788";"67";"2418";
"3788";"68";"2419";
"3788";"76";"2424";
"3788";"81";"2429";
"3788";"86";"2468";
"3788";"87";"2467";
"3788";"91";"2473";
"3788";"99";"56790";
"3788";"100";"56791";
"3788";"101";"22208";
"3788";"102";"18522";
"3789";"8";"25";
"3789";"14";"42";
"3789";"17";"48";
"3789";"19";"52";
"3789";"32";"87";
"3789";"59";"2410";
"3789";"66";"2417";
"3789";"67";"2418";
"3789";"68";"2419";
"3789";"76";"2424";
"3789";"81";"2429";
"3789";"86";"2468";
"3789";"87";"2467";
"3789";"91";"2473";
"3789";"99";"56788";
"3789";"100";"56789";
"3789";"101";"22208";
"3790";"1";"18861";
"3790";"9";"18614";
"3790";"49";"18506";
"3790";"54";"177";
"3790";"99";"56786";
"3790";"100";"56787";
"3790";"101";"18518";
"3790";"102";"18615";
"3791";"1";"23076";
"3791";"54";"177";
"3791";"59";"2410";
"3791";"66";"2417";
"3791";"77";"2430";
"3791";"99";"56784";
"3791";"100";"56785";
"3791";"101";"18518";
"3791";"102";"18522";
"3792";"59";"2410";
"3792";"99";"56704";
"3792";"100";"56705";
"3792";"101";"18518";
"3792";"102";"18522";
"3793";"1";"123";
"3793";"9";"18669";
"3793";"10";"30";
"3793";"11";"32";
"3793";"13";"40";
"3793";"16";"46";
"3793";"21";"56";
"3793";"32";"87";
"3793";"39";"79";
"3793";"47";"77";
"3793";"48";"76";
"3793";"49";"139";
"3793";"54";"176";
"3793";"66";"2417";
"3793";"73";"2428";
"3793";"75";"2425";
"3793";"80";"2446";
"3793";"83";"2464";
"3793";"86";"2468";
"3793";"88";"2469";
"3793";"99";"56750";
"3793";"100";"56751";
"3793";"101";"18518";
"3793";"102";"18615";
"3793";"103";"18524";
"3794";"8";"26";
"3794";"9";"27";
"3794";"19";"52";
"3794";"67";"2418";
"3794";"76";"2424";
"3794";"81";"2429";
"3794";"99";"60888";
"3794";"100";"60889";
"3794";"101";"18517";
"3794";"102";"18522";
"3794";"103";"18527";
"3795";"99";"56770";
"3795";"100";"56771";
"3795";"101";"18517";
"3796";"54";"178";
"3796";"99";"57393";
"3796";"100";"57394";
"3796";"101";"18518";
"3796";"102";"18522";
"3797";"99";"61058";
"3798";"1";"145";
"3798";"49";"18507";
"3798";"54";"177";
"3798";"80";"2443";
"3798";"99";"67265";
"3798";"100";"67266";
"3798";"101";"18517";
"3798";"102";"18522";
"3799";"66";"2417";
"3799";"73";"2428";
"3799";"75";"2425";
"3799";"99";"56955";
"3799";"100";"56956";
"3800";"99";"57232";
"3800";"100";"57233";
"3800";"101";"18518";
"3800";"102";"18522";
"3801";"99";"57305";
"3801";"100";"57306";
"3801";"101";"18518";
"3801";"102";"18522";
"3802";"8";"25";
"3802";"18";"50";
"3802";"19";"52";
"3802";"36";"92";
"3802";"46";"99";
"3802";"58";"2409";
"3802";"59";"2410";
"3802";"66";"2417";
"3802";"85";"2466";
"3802";"91";"2473";
"3802";"98";"2479";
"3802";"99";"63201";
"3802";"100";"63202";
"3803";"59";"2410";
"3803";"99";"57129";
"3803";"100";"57130";
"3804";"58";"2409";
"3804";"66";"2417";
"3804";"98";"2479";
"3804";"99";"57303";
"3804";"100";"57304";
"3805";"99";"63488";
"3805";"100";"63489";
"3806";"91";"2473";
"3806";"99";"57323";
"3806";"100";"57324";
"3806";"101";"22208";
"3807";"99";"57497";
"3807";"100";"57498";
"3807";"102";"18522";
"3808";"99";"57507";
"3808";"100";"57508";
"3809";"1";"187";
"3809";"9";"18614";
"3809";"49";"24690";
"3809";"54";"177";
"3809";"80";"2446";
"3809";"99";"67051";
"3809";"100";"67052";
"3809";"101";"18518";
"3809";"102";"18615";
"3810";"1";"125";
"3810";"49";"124";
"3810";"54";"177";
"3810";"58";"2409";
"3810";"66";"2417";
"3810";"98";"2479";
"3810";"99";"59076";
"3810";"100";"59077";
"3810";"101";"18517";
"3810";"102";"18522";
"3811";"58";"2409";
"3811";"66";"2417";
"3811";"98";"2479";
"3811";"99";"57559";
"3811";"100";"57560";
"3812";"1";"187";
"3812";"9";"29";
"3812";"49";"6206";
"3812";"54";"178";
"3812";"80";"2442";
"3812";"99";"59018";
"3812";"100";"59019";
"3812";"101";"18517";
"3812";"102";"18522";
"3813";"1";"187";
"3813";"49";"6206";
"3813";"54";"177";
"3813";"99";"59078";
"3813";"100";"59079";
"3813";"101";"18517";
"3813";"102";"18522";
"3814";"54";"179";
"3814";"99";"59643";
"3814";"100";"59644";
"3814";"101";"18517";
"3814";"102";"18522";
"3815";"1";"15";
"3815";"9";"18614";
"3815";"49";"13125";
"3815";"54";"177";
"3815";"59";"2410";
"3815";"67";"2418";
"3815";"86";"2468";
"3815";"87";"2467";
"3815";"95";"2476";
"3815";"98";"2479";
"3815";"99";"59080";
"3815";"100";"59081";
"3815";"101";"18519";
"3815";"102";"18522";
"3816";"99";"57641";
"3816";"100";"57642";
"3816";"101";"18517";
"3816";"102";"18522";
"3817";"99";"57651";
"3817";"100";"57652";
"3817";"101";"18517";
"3817";"102";"18522";
"3818";"1";"187";
"3818";"49";"6206";
"3818";"54";"177";
"3818";"80";"2443";
"3818";"99";"59631";
"3818";"100";"59632";
"3818";"101";"18517";
"3818";"102";"18522";
"3819";"9";"18614";
"3819";"99";"62480";
"3819";"100";"62481";
"3819";"101";"22386";
"3819";"102";"18522";
"3820";"1";"145";
"3820";"49";"146";
"3820";"54";"177";
"3820";"80";"2441";
"3820";"99";"59024";
"3820";"100";"59025";
"3820";"101";"18518";
"3820";"102";"18522";
"3821";"1";"49146";
"3821";"49";"24690";
"3821";"54";"177";
"3821";"59";"2410";
"3821";"80";"2443";
"3821";"99";"59026";
"3821";"100";"59027";
"3821";"101";"18518";
"3821";"102";"18522";
"3822";"1";"15";
"3822";"49";"146";
"3822";"54";"177";
"3822";"80";"2455";
"3822";"99";"59028";
"3822";"100";"59029";
"3822";"101";"18517";
"3822";"102";"18522";
"3823";"1";"15";
"3823";"49";"146";
"3823";"54";"177";
"3823";"80";"2443";
"3823";"99";"59030";
"3823";"100";"59031";
"3823";"101";"18517";
"3823";"102";"18522";
"3824";"1";"49149";
"3824";"49";"6206";
"3824";"54";"178";
"3824";"80";"2443";
"3824";"99";"59657";
"3824";"100";"59658";
"3824";"101";"18518";
"3824";"102";"18522";
"3825";"1";"49149";
"3825";"49";"6206";
"3825";"54";"179";
"3825";"59";"2410";
"3825";"66";"2417";
"3825";"67";"2418";
"3825";"77";"2430";
"3825";"80";"2441";
"3825";"99";"59064";
"3825";"100";"59065";
"3825";"101";"18518";
"3825";"102";"18522";
"3826";"1";"18861";
"3826";"49";"172";
"3826";"54";"177";
"3826";"80";"2446";
"3826";"99";"59066";
"3826";"100";"59067";
"3826";"101";"18518";
"3826";"102";"18521";
"3826";"103";"18525";
"3827";"1";"23997";
"3827";"49";"6206";
"3827";"54";"177";
"3827";"80";"2439";
"3827";"99";"59068";
"3827";"100";"59069";
"3827";"101";"18518";
"3827";"102";"18522";
"3828";"1";"145";
"3828";"49";"146";
"3828";"54";"177";
"3828";"80";"2444";
"3828";"99";"59020";
"3828";"100";"59021";
"3828";"101";"18517";
"3828";"102";"18522";
"3829";"1";"187";
"3829";"49";"6206";
"3829";"54";"177";
"3829";"80";"2446";
"3829";"99";"59070";
"3829";"100";"59071";
"3829";"101";"18518";
"3829";"102";"18521";
"3829";"103";"18525";
"3830";"9";"18614";
"3830";"56";"2407";
"3830";"99";"59451";
"3830";"100";"59452";
"3830";"101";"22388";
"3830";"102";"18522";
"3831";"9";"18614";
"3831";"56";"2407";
"3831";"99";"58223";
"3831";"100";"58224";
"3831";"101";"22388";
"3831";"102";"18522";
"3832";"1";"127";
"3832";"49";"146";
"3832";"54";"176";
"3832";"80";"2443";
"3832";"99";"67065";
"3832";"100";"67066";
"3832";"101";"18517";
"3832";"102";"18522";
"3833";"9";"29";
"3833";"99";"58253";
"3833";"100";"58254";
"3833";"101";"18517";
"3833";"102";"22451";
"3834";"91";"2473";
"3834";"99";"59881";
"3834";"100";"59882";
"3834";"101";"22208";
"3835";"1";"130";
"3835";"54";"177";
"3835";"59";"2410";
"3835";"80";"2443";
"3835";"99";"59082";
"3835";"100";"59083";
"3835";"101";"18518";
"3835";"102";"18522";
"3836";"1";"49146";
"3836";"49";"146";
"3836";"54";"176";
"3836";"80";"2439";
"3836";"99";"68089";
"3836";"100";"68090";
"3836";"101";"22388";
"3836";"102";"18522";
"3837";"1";"174";
"3837";"13";"40";
"3837";"14";"42";
"3837";"17";"48";
"3837";"19";"52";
"3837";"39";"79";
"3837";"49";"24690";
"3837";"54";"178";
"3837";"56";"2407";
"3837";"80";"2442";
"3837";"99";"59016";
"3837";"100";"59017";
"3837";"101";"18518";
"3837";"102";"18522";
"3838";"1";"2494";
"3838";"9";"18669";
"3838";"13";"40";
"3838";"14";"42";
"3838";"17";"48";
"3838";"19";"52";
"3838";"39";"79";
"3838";"49";"6206";
"3838";"54";"178";
"3838";"56";"2407";
"3838";"80";"2460";
"3838";"99";"59649";
"3838";"100";"59650";
"3838";"101";"18518";
"3838";"102";"18522";
"3839";"1";"2494";
"3839";"9";"29";
"3839";"13";"40";
"3839";"14";"42";
"3839";"17";"48";
"3839";"19";"52";
"3839";"39";"79";
"3839";"49";"6206";
"3839";"54";"177";
"3839";"56";"2407";
"3839";"80";"2460";
"3839";"99";"59012";
"3839";"100";"59013";
"3839";"101";"18517";
"3839";"102";"18522";
"3840";"1";"132";
"3840";"49";"128";
"3840";"54";"178";
"3840";"80";"2460";
"3840";"99";"59006";
"3840";"100";"59007";
"3840";"101";"18517";
"3840";"102";"18522";
"3841";"1";"132";
"3841";"49";"128";
"3841";"54";"178";
"3841";"80";"2450";
"3841";"99";"58998";
"3841";"100";"58999";
"3841";"101";"18517";
"3841";"102";"18522";
"3842";"1";"187";
"3842";"49";"6206";
"3842";"54";"177";
"3842";"80";"2444";
"3842";"99";"58994";
"3842";"100";"58995";
"3842";"101";"18518";
"3842";"102";"18522";
"3843";"1";"187";
"3843";"49";"146";
"3843";"54";"177";
"3843";"80";"2443";
"3843";"99";"58992";
"3843";"100";"58993";
"3843";"101";"18517";
"3843";"102";"18522";
"3844";"1";"127";
"3844";"54";"179";
"3844";"80";"2441";
"3844";"99";"58990";
"3844";"100";"58991";
"3844";"101";"22388";
"3844";"102";"18522";
"3845";"1";"49149";
"3845";"49";"6206";
"3845";"54";"177";
"3845";"80";"2443";
"3845";"99";"58988";
"3845";"100";"58989";
"3845";"101";"18517";
"3845";"102";"18522";
"3846";"99";"58505";
"3846";"100";"58506";
"3846";"101";"18517";
"3846";"102";"18522";
"3847";"1";"187";
"3847";"49";"146";
"3847";"54";"176";
"3847";"99";"62754";
"3847";"100";"62755";
"3847";"101";"18518";
"3847";"102";"18522";
"3848";"1";"187";
"3848";"49";"6206";
"3848";"54";"178";
"3848";"80";"2446";
"3848";"99";"58986";
"3848";"100";"58987";
"3848";"101";"18517";
"3848";"102";"18522";
"3849";"1";"145";
"3849";"49";"6206";
"3849";"54";"177";
"3849";"99";"58984";
"3849";"100";"58985";
"3849";"101";"18517";
"3849";"102";"18522";
"3850";"1";"49146";
"3850";"11";"32";
"3850";"17";"48";
"3850";"19";"52";
"3850";"56";"2407";
"3850";"67";"2418";
"3850";"76";"2424";
"3850";"80";"2436";
"3850";"99";"58982";
"3850";"100";"58983";
"3850";"101";"18518";
"3850";"102";"18522";
"3851";"1";"13121";
"3851";"49";"18507";
"3851";"54";"177";
"3851";"80";"2444";
"3851";"99";"67915";
"3851";"100";"67916";
"3851";"101";"18517";
"3851";"102";"18522";
"3852";"1";"49687";
"3852";"49";"6206";
"3852";"54";"178";
"3852";"80";"2460";
"3852";"99";"58962";
"3852";"100";"58963";
"3852";"101";"18518";
"3852";"102";"18522";
"3853";"1";"32597";
"3853";"54";"177";
"3853";"80";"2460";
"3853";"99";"59389";
"3853";"100";"59390";
"3853";"101";"18517";
"3853";"102";"18522";
"3854";"1";"2494";
"3854";"9";"29";
"3854";"49";"146";
"3854";"54";"178";
"3854";"80";"2450";
"3854";"99";"59613";
"3854";"100";"59614";
"3854";"101";"18518";
"3854";"102";"18522";
"3855";"1";"187";
"3855";"49";"146";
"3855";"54";"176";
"3855";"80";"2454";
"3855";"99";"58809";
"3855";"100";"58810";
"3855";"101";"18518";
"3855";"102";"18522";
"3856";"9";"29";
"3856";"54";"177";
"3856";"80";"2442";
"3856";"99";"58805";
"3856";"100";"58806";
"3856";"101";"18517";
"3856";"102";"22451";
"3857";"1";"49146";
"3857";"8";"25";
"3857";"14";"42";
"3857";"17";"48";
"3857";"19";"52";
"3857";"32";"87";
"3857";"49";"6206";
"3857";"54";"177";
"3857";"59";"2410";
"3857";"66";"2417";
"3857";"67";"2418";
"3857";"68";"2419";
"3857";"76";"2424";
"3857";"81";"2429";
"3857";"86";"2468";
"3857";"87";"2467";
"3857";"91";"2473";
"3857";"99";"58801";
"3857";"100";"58802";
"3857";"101";"18518";
"3857";"102";"18522";
"3858";"1";"49146";
"3858";"8";"25";
"3858";"14";"42";
"3858";"17";"48";
"3858";"19";"52";
"3858";"32";"87";
"3858";"49";"18506";
"3858";"54";"177";
"3858";"59";"2410";
"3858";"66";"2417";
"3858";"67";"2418";
"3858";"68";"2419";
"3858";"76";"2424";
"3858";"81";"2429";
"3858";"86";"2468";
"3858";"87";"2467";
"3858";"91";"2473";
"3858";"99";"58803";
"3858";"100";"58804";
"3858";"101";"18518";
"3858";"102";"18522";
"3859";"1";"123";
"3859";"10";"30";
"3859";"49";"124";
"3859";"54";"176";
"3859";"58";"2409";
"3859";"60";"2411";
"3859";"99";"58948";
"3859";"100";"58949";
"3859";"101";"18517";
"3859";"102";"18522";
"3860";"99";"59096";
"3860";"100";"59097";
"3860";"101";"18518";
"3860";"102";"18522";
"3861";"54";"176";
"3861";"99";"59106";
"3861";"100";"59107";
"3861";"101";"18518";
"3861";"102";"18522";
"3862";"10";"30";
"3862";"13";"40";
"3862";"58";"2409";
"3862";"59";"2410";
"3862";"66";"2417";
"3862";"69";"2420";
"3862";"85";"2466";
"3862";"91";"2473";
"3862";"99";"59150";
"3862";"100";"59151";
"3862";"101";"18517";
"3862";"102";"18615";
"3863";"99";"59327";
"3864";"1";"10394";
"3864";"49";"6206";
"3864";"54";"177";
"3864";"80";"2460";
"3864";"99";"67029";
"3864";"100";"67030";
"3864";"101";"18518";
"3864";"102";"18522";
"3865";"8";"25";
"3865";"10";"30";
"3865";"13";"40";
"3865";"16";"46";
"3865";"18";"50";
"3865";"39";"79";
"3865";"59";"2410";
"3865";"66";"2417";
"3865";"68";"2419";
"3865";"99";"59401";
"3865";"100";"59402";
"3865";"101";"18518";
"3865";"102";"18522";
"3865";"103";"22392";
"3866";"1";"187";
"3866";"8";"25";
"3866";"14";"42";
"3866";"19";"52";
"3866";"49";"6206";
"3866";"54";"177";
"3866";"59";"2410";
"3866";"67";"2418";
"3866";"69";"2420";
"3866";"80";"2458";
"3866";"91";"2473";
"3866";"99";"59509";
"3866";"100";"59510";
"3866";"101";"18517";
"3866";"103";"18524";
"3867";"1";"187";
"3867";"8";"25";
"3867";"14";"42";
"3867";"19";"52";
"3867";"49";"6206";
"3867";"54";"177";
"3867";"59";"2410";
"3867";"67";"2418";
"3867";"69";"2420";
"3867";"80";"2458";
"3867";"91";"2473";
"3867";"99";"59507";
"3867";"100";"59508";
"3867";"101";"18517";
"3867";"103";"18524";
"3869";"1";"187";
"3869";"8";"25";
"3869";"14";"42";
"3869";"19";"52";
"3869";"49";"6206";
"3869";"54";"177";
"3869";"59";"2410";
"3869";"67";"2418";
"3869";"69";"2420";
"3869";"80";"2458";
"3869";"91";"2473";
"3869";"99";"59505";
"3869";"100";"59506";
"3869";"101";"18517";
"3869";"103";"18524";
"3870";"1";"187";
"3870";"8";"25";
"3870";"14";"42";
"3870";"19";"52";
"3870";"49";"6206";
"3870";"54";"177";
"3870";"59";"2410";
"3870";"67";"2418";
"3870";"69";"2420";
"3870";"80";"2458";
"3870";"91";"2473";
"3870";"99";"59503";
"3870";"100";"59504";
"3870";"101";"18517";
"3870";"103";"18524";
"3871";"1";"15";
"3871";"54";"178";
"3871";"80";"2454";
"3871";"99";"67637";
"3871";"100";"67638";
"3871";"101";"18517";
"3871";"102";"18522";
"3872";"99";"67511";
"3872";"100";"67512";
"3872";"101";"18518";
"3872";"102";"18522";
"3873";"59";"2410";
"3873";"66";"2417";
"3873";"77";"2430";
"3873";"99";"59781";
"3873";"100";"59782";
"3873";"101";"18518";
"3873";"102";"18522";
"3874";"19";"52";
"3874";"59";"2410";
"3874";"77";"2430";
"3874";"81";"2429";
"3874";"99";"66469";
"3874";"100";"66470";
"3874";"102";"18522";
"3874";"123";"44502";
"3875";"8";"25";
"3875";"58";"2409";
"3875";"60";"2411";
"3875";"99";"60057";
"3875";"100";"60058";
"3876";"99";"60069";
"3876";"100";"60070";
"3876";"101";"18518";
"3876";"102";"18522";
"3877";"8";"25";
"3877";"9";"27";
"3877";"10";"30";
"3877";"18";"50";
"3877";"32";"88";
"3877";"36";"92";
"3877";"39";"79";
"3877";"47";"77";
"3877";"48";"74";
"3877";"54";"177";
"3877";"85";"2466";
"3877";"91";"2473";
"3877";"99";"60603";
"3877";"100";"60604";
"3878";"9";"18614";
"3878";"99";"60189";
"3878";"100";"60190";
"3878";"101";"18518";
"3878";"102";"18522";
"3879";"59";"2410";
"3879";"99";"61005";
"3879";"100";"61006";
"3879";"101";"18518";
"3879";"102";"18522";
"3880";"99";"65213";
"3880";"100";"65214";
"3880";"101";"18518";
"3880";"102";"18522";
"3881";"99";"60221";
"3881";"100";"60222";
"3882";"60";"2411";
"3882";"99";"60231";
"3882";"100";"60232";
"3882";"104";"19118";
"3883";"8";"25";
"3883";"9";"27";
"3883";"10";"30";
"3883";"11";"32";
"3883";"18";"50";
"3883";"21";"56";
"3883";"23";"60";
"3883";"32";"88";
"3883";"36";"92";
"3883";"39";"79";
"3883";"83";"2464";
"3883";"85";"2466";
"3883";"88";"2469";
"3883";"89";"2471";
"3883";"90";"2470";
"3883";"91";"2473";
"3883";"99";"60261";
"3883";"100";"60262";
"3884";"54";"176";
"3884";"99";"66011";
"3884";"100";"66012";
"3884";"101";"18518";
"3884";"102";"18522";
"3885";"8";"25";
"3885";"18";"50";
"3885";"58";"2409";
"3885";"60";"2411";
"3885";"91";"2473";
"3885";"99";"60363";
"3885";"100";"60364";
"3886";"8";"25";
"3886";"18";"50";
"3886";"58";"2409";
"3886";"60";"2411";
"3886";"91";"2473";
"3886";"99";"60377";
"3886";"100";"60378";
"3887";"8";"25";
"3887";"9";"18669";
"3887";"10";"30";
"3887";"18";"50";
"3887";"19";"52";
"3887";"32";"88";
"3887";"45";"98";
"3887";"46";"99";
"3887";"54";"176";
"3887";"85";"2466";
"3887";"88";"2469";
"3887";"91";"2473";
"3887";"99";"65063";
"3887";"100";"65064";
"3887";"101";"18517";
"3887";"102";"18532";
"3888";"99";"60405";
"3888";"100";"60406";
"3889";"99";"60431";
"3889";"100";"60432";
"3890";"1";"18861";
"3890";"49";"6206";
"3890";"54";"177";
"3890";"80";"2443";
"3890";"99";"67871";
"3890";"100";"67872";
"3890";"101";"18518";
"3890";"102";"18522";
"3891";"19";"52";
"3891";"59";"2410";
"3891";"77";"2430";
"3891";"81";"2429";
"3891";"99";"66313";
"3891";"100";"66314";
"3891";"102";"18522";
"3891";"123";"44502";
"3892";"99";"60525";
"3892";"100";"60526";
"3893";"99";"67081";
"3893";"100";"67082";
"3894";"99";"60791";
"3894";"100";"60792";
"3895";"99";"65675";
"3895";"100";"65676";
"3896";"99";"60967";
"3896";"100";"60968";
"3896";"101";"18518";
"3896";"102";"18522";
"3897";"1";"186";
"3897";"9";"27";
"3897";"13";"40";
"3897";"18";"50";
"3897";"49";"124";
"3897";"54";"178";
"3897";"58";"2409";
"3897";"60";"2411";
"3897";"91";"2473";
"3897";"99";"67621";
"3897";"100";"67622";
"3897";"101";"18517";
"3897";"102";"18522";
"3898";"54";"178";
"3898";"99";"61578";
"3898";"100";"61579";
"3898";"101";"18518";
"3898";"102";"18522";
"3899";"8";"25";
"3899";"9";"27";
"3899";"10";"30";
"3899";"32";"87";
"3899";"36";"92";
"3899";"39";"79";
"3899";"46";"99";
"3899";"47";"77";
"3899";"54";"176";
"3899";"58";"2409";
"3899";"60";"2411";
"3899";"63";"2414";
"3899";"86";"2468";
"3899";"89";"2471";
"3899";"95";"2476";
"3899";"98";"2479";
"3899";"99";"66513";
"3899";"100";"66514";
"3900";"54";"177";
"3900";"59";"2410";
"3900";"66";"2417";
"3900";"73";"2428";
"3900";"74";"2427";
"3900";"75";"2425";
"3900";"83";"2464";
"3900";"89";"2471";
"3900";"91";"2473";
"3900";"99";"66511";
"3900";"100";"66512";
"3900";"101";"22208";
"3900";"102";"18522";
"3900";"103";"18524";
"3901";"54";"178";
"3901";"99";"66503";
"3901";"100";"66504";
"3901";"101";"18518";
"3901";"102";"18522";
"3902";"54";"178";
"3902";"80";"2439";
"3902";"99";"65501";
"3902";"100";"65502";
"3902";"101";"18518";
"3903";"8";"26";
"3903";"9";"27";
"3903";"18";"50";
"3903";"48";"75";
"3903";"54";"177";
"3903";"78";"2432";
"3903";"80";"2436";
"3903";"81";"2429";
"3903";"85";"2466";
"3903";"89";"2471";
"3903";"98";"2479";
"3903";"99";"61209";
"3903";"100";"61210";
"3903";"101";"18518";
"3904";"48";"75";
"3904";"54";"178";
"3904";"80";"2440";
"3904";"99";"61664";
"3904";"100";"61665";
"3904";"101";"18518";
"3905";"99";"66505";
"3905";"100";"66506";
"3906";"54";"178";
"3906";"99";"64951";
"3906";"100";"64952";
"3906";"101";"18518";
"3906";"102";"18522";
"3907";"1";"125";
"3907";"54";"178";
"3907";"99";"62630";
"3907";"100";"62631";
"3907";"101";"18518";
"3907";"102";"18522";
"3908";"8";"25";
"3908";"9";"27";
"3908";"10";"30";
"3908";"11";"32";
"3908";"39";"79";
"3908";"78";"2432";
"3908";"83";"2464";
"3908";"85";"2466";
"3908";"99";"67595";
"3908";"100";"67596";
"3909";"48";"75";
"3909";"99";"61301";
"3909";"100";"61302";
"3909";"101";"18518";
"3910";"99";"67537";
"3910";"100";"67538";
"3910";"101";"18518";
"3910";"102";"18522";
"3911";"99";"61303";
"3911";"100";"61304";
"3911";"101";"18518";
"3911";"102";"18522";
"3912";"1";"24723";
"3912";"49";"4318";
"3912";"54";"178";
"3912";"80";"2451";
"3912";"99";"63322";
"3912";"100";"63323";
"3912";"101";"18518";
"3912";"102";"18615";
"3913";"54";"177";
"3913";"60";"2411";
"3913";"99";"62626";
"3913";"100";"62627";
"3913";"101";"18518";
"3913";"102";"18522";
"3915";"9";"29";
"3915";"48";"76";
"3915";"49";"139";
"3915";"54";"177";
"3915";"99";"63324";
"3915";"100";"63325";
"3915";"101";"18517";
"3915";"102";"18522";
"3915";"103";"18525";
"3915";"104";"19118";
"3916";"18";"50";
"3916";"19";"52";
"3916";"54";"178";
"3916";"80";"2441";
"3916";"99";"64604";
"3916";"100";"64605";
"3916";"101";"18517";
"3916";"102";"18522";
"3917";"18";"50";
"3917";"19";"52";
"3917";"54";"178";
"3917";"99";"65959";
"3917";"100";"65960";
"3917";"101";"18517";
"3917";"102";"18522";
"3918";"18";"50";
"3918";"19";"52";
"3918";"54";"178";
"3918";"99";"65961";
"3918";"100";"65962";
"3918";"101";"18517";
"3918";"102";"18522";
"3919";"99";"61379";
"3920";"1";"132";
"3920";"9";"18669";
"3920";"48";"76";
"3920";"54";"176";
"3920";"59";"2410";
"3920";"66";"2417";
"3920";"67";"2418";
"3920";"68";"2419";
"3920";"73";"2428";
"3920";"75";"2425";
"3920";"80";"2444";
"3920";"82";"2465";
"3920";"86";"2468";
"3920";"99";"61392";
"3920";"100";"61393";
"3920";"101";"18518";
"3920";"102";"18532";
"3920";"103";"18527";
"3921";"1";"125";
"3921";"49";"124";
"3921";"54";"177";
"3921";"80";"2451";
"3921";"99";"61402";
"3921";"100";"61403";
"3921";"101";"18518";
"3921";"102";"18522";
"3922";"1";"184";
"3922";"9";"18669";
"3922";"10";"30";
"3922";"32";"87";
"3922";"47";"77";
"3922";"48";"76";
"3922";"49";"124";
"3922";"54";"178";
"3922";"57";"2408";
"3922";"69";"2420";
"3922";"80";"2458";
"3922";"83";"2464";
"3922";"84";"2463";
"3922";"86";"2468";
"3922";"87";"2467";
"3922";"91";"2473";
"3922";"95";"2476";
"3922";"96";"2478";
"3922";"99";"61832";
"3922";"100";"61833";
"3922";"101";"18519";
"3922";"102";"18532";
"3922";"103";"18525";
"3923";"1";"134";
"3923";"9";"18614";
"3923";"48";"76";
"3923";"49";"117";
"3923";"54";"177";
"3923";"80";"2441";
"3923";"99";"61462";
"3923";"100";"61463";
"3923";"101";"18518";
"3923";"102";"22387";
"3923";"103";"18524";
"3923";"123";"44503";
"3924";"1";"127";
"3924";"19";"52";
"3924";"48";"76";
"3924";"54";"179";
"3924";"59";"2410";
"3924";"67";"2418";
"3924";"95";"2476";
"3924";"99";"61422";
"3924";"100";"61423";
"3924";"101";"18518";
"3924";"102";"18521";
"3924";"103";"18525";
"3925";"1";"145";
"3925";"9";"18669";
"3925";"48";"75";
"3925";"49";"146";
"3925";"54";"176";
"3925";"80";"2446";
"3925";"99";"61844";
"3925";"100";"61845";
"3925";"101";"18518";
"3925";"102";"18532";
"3925";"103";"18527";
"3926";"1";"145";
"3926";"48";"76";
"3926";"49";"23699";
"3926";"54";"176";
"3926";"80";"2446";
"3926";"99";"61438";
"3926";"100";"61439";
"3926";"101";"18518";
"3926";"102";"18522";
"3926";"103";"22391";
"3927";"1";"130";
"3927";"9";"18669";
"3927";"48";"75";
"3927";"49";"13125";
"3927";"54";"177";
"3927";"80";"2446";
"3927";"99";"61834";
"3927";"100";"61835";
"3927";"101";"18518";
"3927";"102";"18532";
"3927";"103";"18527";
"3928";"1";"134";
"3928";"9";"18614";
"3928";"48";"75";
"3928";"49";"117";
"3928";"54";"176";
"3928";"66";"2417";
"3928";"73";"2428";
"3928";"75";"2425";
"3928";"77";"2430";
"3928";"80";"2446";
"3928";"81";"2429";
"3928";"82";"2465";
"3928";"85";"2466";
"3928";"99";"61466";
"3928";"100";"61467";
"3928";"101";"18518";
"3928";"102";"18532";
"3928";"103";"18527";
"3929";"9";"27";
"3929";"10";"30";
"3929";"11";"32";
"3929";"13";"40";
"3929";"18";"50";
"3929";"39";"79";
"3929";"54";"176";
"3929";"59";"2410";
"3929";"60";"2411";
"3929";"66";"2417";
"3929";"74";"2427";
"3929";"75";"2425";
"3929";"81";"2429";
"3929";"85";"2466";
"3929";"88";"2469";
"3929";"99";"61458";
"3929";"100";"61459";
"3930";"1";"127";
"3930";"8";"25";
"3930";"9";"27";
"3930";"10";"30";
"3930";"13";"40";
"3930";"14";"42";
"3930";"17";"48";
"3930";"19";"52";
"3930";"23";"60";
"3930";"32";"87";
"3930";"39";"79";
"3930";"47";"77";
"3930";"48";"74";
"3930";"49";"117";
"3930";"54";"178";
"3930";"66";"2417";
"3930";"68";"2419";
"3930";"69";"2420";
"3930";"83";"2464";
"3930";"86";"2468";
"3930";"95";"2476";
"3930";"99";"61476";
"3930";"100";"61477";
"3930";"101";"18518";
"3931";"1";"187";
"3931";"49";"23698";
"3931";"54";"178";
"3931";"66";"2417";
"3931";"67";"2418";
"3931";"69";"2420";
"3931";"73";"2428";
"3931";"76";"2424";
"3931";"78";"2432";
"3931";"80";"2436";
"3931";"81";"2429";
"3931";"83";"2464";
"3931";"86";"2468";
"3931";"87";"2467";
"3931";"90";"2470";
"3931";"91";"2473";
"3931";"95";"2476";
"3931";"99";"61836";
"3931";"100";"61837";
"3931";"101";"18518";
"3931";"102";"18522";
"3932";"8";"25";
"3932";"9";"27";
"3932";"10";"30";
"3932";"17";"48";
"3932";"19";"52";
"3932";"21";"56";
"3932";"23";"60";
"3932";"36";"92";
"3932";"39";"79";
"3932";"47";"77";
"3932";"48";"74";
"3932";"66";"2417";
"3932";"67";"2418";
"3932";"69";"2420";
"3932";"83";"2464";
"3932";"86";"2468";
"3932";"90";"2470";
"3932";"95";"2476";
"3932";"99";"61838";
"3932";"100";"61839";
"3934";"1";"123";
"3934";"8";"25";
"3934";"9";"27";
"3934";"10";"30";
"3934";"11";"32";
"3934";"13";"40";
"3934";"16";"46";
"3934";"21";"56";
"3934";"39";"79";
"3934";"41";"94";
"3934";"47";"77";
"3934";"48";"75";
"3934";"49";"124";
"3934";"54";"178";
"3934";"66";"2417";
"3934";"75";"2425";
"3934";"83";"2464";
"3934";"86";"2468";
"3934";"87";"2467";
"3934";"90";"2470";
"3934";"91";"2473";
"3934";"99";"61840";
"3934";"100";"61841";
"3935";"1";"135";
"3935";"48";"75";
"3935";"54";"177";
"3935";"99";"61522";
"3935";"100";"61523";
"3936";"58";"2409";
"3936";"66";"2417";
"3936";"68";"2419";
"3936";"69";"2420";
"3936";"83";"2464";
"3936";"85";"2466";
"3936";"86";"2468";
"3936";"88";"2469";
"3936";"89";"2471";
"3936";"91";"2473";
"3936";"95";"2476";
"3936";"98";"2479";
"3936";"99";"61546";
"3936";"100";"61547";
"3937";"1";"125";
"3937";"8";"25";
"3937";"10";"30";
"3937";"18";"50";
"3937";"19";"52";
"3937";"36";"92";
"3937";"39";"79";
"3937";"45";"98";
"3937";"46";"99";
"3937";"47";"77";
"3937";"48";"74";
"3937";"54";"177";
"3937";"58";"2409";
"3937";"59";"2410";
"3937";"60";"2411";
"3937";"65";"2416";
"3937";"66";"2417";
"3937";"67";"2418";
"3937";"68";"2419";
"3937";"73";"2428";
"3937";"85";"2466";
"3937";"86";"2468";
"3937";"91";"2473";
"3937";"95";"2476";
"3937";"96";"2478";
"3937";"98";"2479";
"3937";"99";"61842";
"3937";"100";"61843";
"3938";"1";"123";
"3938";"8";"25";
"3938";"9";"27";
"3938";"10";"30";
"3938";"13";"40";
"3938";"18";"50";
"3938";"36";"92";
"3938";"39";"79";
"3938";"49";"128";
"3938";"54";"176";
"3938";"58";"2409";
"3938";"60";"2411";
"3938";"66";"2417";
"3938";"67";"2418";
"3938";"83";"2464";
"3938";"85";"2466";
"3938";"88";"2469";
"3938";"89";"2471";
"3938";"91";"2473";
"3938";"99";"61780";
"3938";"100";"61781";
"3939";"1";"123";
"3939";"8";"25";
"3939";"9";"27";
"3939";"10";"30";
"3939";"13";"40";
"3939";"39";"79";
"3939";"48";"75";
"3939";"54";"176";
"3939";"58";"2409";
"3939";"66";"2417";
"3939";"72";"2422";
"3939";"73";"2428";
"3939";"75";"2425";
"3939";"86";"2468";
"3939";"87";"2467";
"3939";"90";"2470";
"3939";"91";"2473";
"3939";"95";"2476";
"3939";"96";"2478";
"3939";"98";"2479";
"3939";"99";"61782";
"3939";"100";"61783";
"3940";"1";"15";
"3940";"49";"18507";
"3940";"54";"178";
"3940";"80";"2444";
"3940";"99";"67921";
"3940";"100";"67922";
"3940";"101";"18518";
"3940";"102";"18522";
"3941";"1";"145";
"3941";"9";"29";
"3941";"48";"75";
"3941";"49";"18506";
"3941";"54";"178";
"3941";"67";"2418";
"3941";"69";"2420";
"3941";"76";"2424";
"3941";"77";"2430";
"3941";"78";"2432";
"3941";"80";"2460";
"3941";"81";"2429";
"3941";"85";"2466";
"3941";"88";"2469";
"3941";"91";"2473";
"3941";"95";"2476";
"3941";"99";"66309";
"3941";"100";"66310";
"3941";"101";"18517";
"3941";"102";"18522";
"3942";"1";"35859";
"3942";"49";"23698";
"3942";"54";"178";
"3942";"99";"62882";
"3942";"100";"62883";
"3942";"101";"18518";
"3942";"102";"18522";
"3943";"1";"187";
"3943";"49";"6206";
"3943";"54";"178";
"3943";"67";"2418";
"3943";"69";"2420";
"3943";"76";"2424";
"3943";"77";"2430";
"3943";"78";"2432";
"3943";"80";"2443";
"3943";"81";"2429";
"3943";"85";"2466";
"3943";"88";"2469";
"3943";"91";"2473";
"3943";"95";"2476";
"3943";"99";"66307";
"3943";"100";"66308";
"3943";"101";"18517";
"3944";"1";"187";
"3944";"49";"146";
"3944";"54";"178";
"3944";"80";"2441";
"3944";"99";"62758";
"3944";"100";"62759";
"3944";"101";"18518";
"3944";"102";"18522";
"3945";"1";"10303";
"3945";"54";"177";
"3945";"99";"62876";
"3945";"100";"62877";
"3945";"101";"18518";
"3946";"1";"123";
"3946";"49";"124";
"3946";"54";"178";
"3946";"99";"62854";
"3946";"100";"62855";
"3946";"101";"22388";
"3946";"102";"18522";
"3946";"103";"22393";
"3947";"1";"4279";
"3947";"49";"4318";
"3947";"54";"178";
"3947";"80";"2446";
"3947";"99";"62796";
"3947";"100";"62797";
"3947";"101";"18517";
"3947";"102";"18522";
"3947";"103";"22393";
"3948";"1";"123";
"3948";"19";"52";
"3948";"91";"2473";
"3948";"99";"64867";
"3948";"100";"64868";
"3948";"101";"18518";
"3948";"102";"18522";
"3949";"1";"132";
"3949";"49";"133";
"3949";"54";"177";
"3949";"59";"2410";
"3949";"80";"2439";
"3949";"99";"65517";
"3949";"100";"65518";
"3949";"101";"18518";
"3949";"102";"18522";
"3949";"103";"18524";
"3950";"1";"132";
"3950";"49";"23699";
"3950";"54";"178";
"3950";"59";"2410";
"3950";"80";"2436";
"3950";"99";"63378";
"3950";"100";"63379";
"3950";"101";"18518";
"3950";"102";"18615";
"3950";"103";"22389";
"3951";"1";"127";
"3951";"49";"23698";
"3951";"54";"178";
"3951";"59";"2410";
"3951";"80";"2440";
"3951";"99";"63392";
"3951";"100";"63393";
"3951";"101";"18518";
"3951";"102";"18522";
"3951";"103";"22389";
"3952";"1";"23076";
"3952";"49";"23698";
"3952";"54";"178";
"3952";"59";"2410";
"3952";"80";"2436";
"3952";"99";"64538";
"3952";"100";"64539";
"3952";"101";"22386";
"3952";"102";"18522";
"3952";"103";"22389";
"3953";"1";"23076";
"3953";"49";"13125";
"3953";"54";"178";
"3953";"59";"2410";
"3953";"80";"2439";
"3953";"99";"64534";
"3953";"100";"64535";
"3953";"101";"22386";
"3953";"102";"18522";
"3953";"103";"22389";
"3954";"1";"18861";
"3954";"49";"18508";
"3954";"54";"178";
"3954";"59";"2410";
"3954";"80";"2439";
"3954";"99";"64530";
"3954";"100";"64531";
"3954";"101";"18518";
"3954";"102";"18522";
"3954";"103";"22389";
"3955";"1";"35859";
"3955";"49";"139";
"3955";"54";"179";
"3955";"99";"64949";
"3955";"100";"64950";
"3955";"101";"22388";
"3955";"102";"18522";
"3955";"103";"18524";
"3956";"1";"123";
"3956";"49";"124";
"3956";"54";"179";
"3956";"99";"64602";
"3956";"100";"64603";
"3956";"101";"22388";
"3956";"102";"18522";
"3956";"103";"18524";
"3957";"1";"18533";
"3957";"49";"124";
"3957";"54";"179";
"3957";"99";"64598";
"3957";"100";"64599";
"3957";"101";"22388";
"3957";"102";"18522";
"3957";"103";"18524";
"3958";"1";"18533";
"3958";"49";"139";
"3958";"54";"179";
"3958";"80";"2453";
"3958";"99";"64536";
"3958";"100";"64537";
"3958";"101";"22388";
"3958";"102";"18522";
"3958";"103";"18524";
"3959";"1";"125";
"3959";"49";"117";
"3959";"54";"179";
"3959";"80";"2452";
"3959";"99";"64933";
"3959";"100";"64934";
"3959";"101";"22388";
"3959";"102";"18522";
"3959";"103";"18524";
"3960";"1";"125";
"3960";"49";"124";
"3960";"54";"179";
"3960";"99";"64528";
"3960";"100";"64529";
"3960";"101";"22388";
"3960";"102";"18522";
"3960";"103";"18524";
"3961";"1";"121";
"3961";"8";"25";
"3961";"18";"50";
"3961";"21";"56";
"3961";"39";"79";
"3961";"49";"170";
"3961";"54";"177";
"3961";"60";"2411";
"3961";"82";"2465";
"3961";"83";"2464";
"3961";"85";"2466";
"3961";"88";"2469";
"3961";"99";"66519";
"3961";"100";"66520";
"3961";"101";"18517";
"3961";"102";"18522";
"3962";"1";"134";
"3962";"49";"117";
"3962";"54";"176";
"3962";"59";"2410";
"3962";"80";"2436";
"3962";"99";"64526";
"3962";"100";"64527";
"3962";"101";"18518";
"3963";"1";"134";
"3963";"9";"27";
"3963";"10";"30";
"3963";"11";"33";
"3963";"13";"40";
"3963";"14";"42";
"3963";"16";"46";
"3963";"17";"48";
"3963";"18";"50";
"3963";"32";"88";
"3963";"36";"92";
"3963";"47";"77";
"3963";"48";"75";
"3963";"49";"18507";
"3963";"54";"177";
"3963";"58";"2409";
"3963";"60";"2411";
"3963";"68";"2419";
"3963";"72";"2422";
"3963";"85";"2466";
"3963";"91";"2473";
"3963";"93";"2475";
"3963";"99";"64524";
"3963";"100";"64525";
"3963";"101";"18518";
"3963";"102";"18522";
"3964";"1";"123";
"3964";"54";"177";
"3964";"57";"2408";
"3964";"80";"2444";
"3964";"99";"67247";
"3964";"100";"67248";
"3964";"101";"18518";
"3964";"102";"18522";
"3965";"1";"123";
"3965";"49";"139";
"3965";"54";"177";
"3965";"57";"2408";
"3965";"99";"64520";
"3965";"100";"64521";
"3965";"101";"18518";
"3965";"102";"18522";
"3966";"1";"134";
"3966";"49";"23699";
"3966";"54";"178";
"3966";"99";"67203";
"3966";"100";"67204";
"3966";"101";"18518";
"3966";"102";"18522";
"3967";"1";"125";
"3967";"49";"23699";
"3967";"54";"178";
"3967";"99";"67201";
"3967";"100";"67202";
"3967";"101";"22386";
"3967";"102";"18522";
"3968";"1";"35859";
"3968";"49";"124";
"3968";"54";"178";
"3968";"99";"64514";
"3968";"100";"64515";
"3968";"101";"18518";
"3968";"102";"18522";
"3969";"1";"35859";
"3969";"9";"18614";
"3969";"49";"124";
"3969";"54";"178";
"3969";"99";"64500";
"3969";"100";"64501";
"3969";"101";"18518";
"3969";"102";"18522";
"3970";"1";"123";
"3970";"49";"124";
"3970";"54";"177";
"3970";"99";"63526";
"3970";"100";"63527";
"3970";"101";"22208";
"3970";"102";"18522";
"3971";"1";"49149";
"3971";"49";"146";
"3971";"54";"177";
"3971";"80";"2452";
"3971";"99";"63530";
"3971";"100";"63531";
"3971";"101";"18519";
"3971";"102";"18522";
"3972";"1";"49149";
"3972";"49";"146";
"3972";"54";"177";
"3972";"80";"2452";
"3972";"99";"63532";
"3972";"100";"63533";
"3972";"101";"18519";
"3972";"102";"18522";
"3973";"1";"49149";
"3973";"49";"146";
"3973";"54";"177";
"3973";"80";"2452";
"3973";"99";"63534";
"3973";"100";"63535";
"3973";"101";"18519";
"3973";"102";"18522";
"3974";"1";"187";
"3974";"49";"6206";
"3974";"54";"177";
"3974";"80";"2452";
"3974";"99";"63144";
"3974";"100";"63145";
"3974";"101";"18519";
"3974";"102";"18522";
"3975";"1";"24723";
"3975";"49";"4318";
"3975";"54";"178";
"3975";"99";"67551";
"3975";"100";"67552";
"3975";"101";"18518";
"3975";"102";"18522";
"3976";"1";"145";
"3976";"49";"146";
"3976";"54";"179";
"3976";"80";"2456";
"3976";"99";"63600";
"3976";"100";"63601";
"3976";"101";"18517";
"3976";"102";"18522";
"3977";"1";"187";
"3977";"49";"6206";
"3977";"54";"178";
"3977";"80";"2445";
"3977";"99";"64392";
"3977";"100";"64394";
"3977";"101";"18518";
"3977";"102";"18522";
"3978";"1";"187";
"3978";"49";"6206";
"3978";"54";"178";
"3978";"99";"63550";
"3978";"100";"63551";
"3978";"101";"18519";
"3978";"102";"18522";
"3979";"1";"187";
"3979";"54";"178";
"3979";"80";"2445";
"3979";"99";"63046";
"3979";"100";"63047";
"3979";"101";"18519";
"3979";"102";"18522";
"3980";"1";"24723";
"3980";"49";"124";
"3980";"54";"178";
"3980";"80";"2436";
"3980";"99";"63042";
"3980";"100";"63043";
"3980";"101";"18517";
"3980";"102";"18522";
"3981";"1";"121";
"3981";"49";"122";
"3981";"54";"179";
"3981";"80";"2444";
"3981";"99";"66497";
"3981";"100";"66498";
"3981";"101";"18517";
"3981";"102";"18522";
"3982";"1";"138";
"3982";"49";"170";
"3982";"54";"178";
"3982";"80";"2439";
"3982";"99";"66495";
"3982";"100";"66496";
"3982";"101";"18518";
"3982";"102";"18522";
"3983";"1";"184";
"3983";"54";"177";
"3983";"80";"2436";
"3983";"99";"63040";
"3983";"100";"63041";
"3983";"101";"18518";
"3983";"102";"18522";
"3984";"1";"132";
"3984";"21";"56";
"3984";"49";"133";
"3984";"54";"177";
"3984";"59";"2410";
"3984";"66";"2417";
"3984";"77";"2430";
"3984";"80";"2436";
"3984";"99";"63038";
"3984";"100";"63039";
"3984";"101";"18518";
"3984";"102";"18522";
"3984";"103";"22209";
"3985";"1";"125";
"3985";"49";"13125";
"3985";"54";"177";
"3985";"80";"2436";
"3985";"99";"63036";
"3985";"100";"63037";
"3985";"101";"18518";
"3985";"102";"18522";
"3986";"1";"134";
"3986";"49";"117";
"3986";"54";"177";
"3986";"80";"2433";
"3986";"99";"65795";
"3986";"100";"65796";
"3986";"101";"18518";
"3986";"102";"18522";
"3987";"1";"134";
"3987";"49";"117";
"3987";"54";"177";
"3987";"80";"2433";
"3987";"99";"63032";
"3987";"100";"63033";
"3987";"101";"18518";
"3987";"102";"18522";
"3988";"1";"134";
"3988";"49";"117";
"3988";"54";"176";
"3988";"80";"2439";
"3988";"99";"62972";
"3988";"100";"62973";
"3988";"101";"18517";
"3988";"102";"18522";
"3989";"1";"125";
"3989";"49";"117";
"3989";"54";"177";
"3989";"80";"2439";
"3989";"99";"62970";
"3989";"100";"62971";
"3989";"101";"18517";
"3989";"102";"18522";
"3990";"1";"35859";
"3990";"54";"180";
"3990";"99";"62958";
"3990";"100";"62959";
"3990";"101";"18518";
"3990";"102";"18522";
"3991";"1";"13122";
"3991";"9";"18614";
"3991";"49";"128";
"3991";"54";"177";
"3991";"99";"62910";
"3991";"100";"62911";
"3991";"101";"22386";
"3991";"102";"18522";
"3992";"1";"130";
"3992";"9";"18614";
"3992";"49";"18507";
"3992";"54";"177";
"3992";"99";"62896";
"3992";"100";"62897";
"3992";"101";"22386";
"3992";"102";"18522";
"3993";"1";"123";
"3993";"49";"124";
"3993";"54";"178";
"3993";"99";"62894";
"3993";"100";"62895";
"3993";"101";"18518";
"3993";"102";"18522";
"3994";"1";"23076";
"3994";"54";"178";
"3994";"99";"62892";
"3994";"100";"62893";
"3994";"101";"18518";
"3994";"102";"18522";
"3994";"103";"22389";
"3995";"1";"23076";
"3995";"49";"13125";
"3995";"54";"178";
"3995";"99";"62890";
"3995";"100";"62891";
"3995";"101";"22388";
"3995";"102";"18522";
"3995";"103";"22389";
"3996";"1";"134";
"3996";"49";"124";
"3996";"54";"178";
"3996";"80";"2433";
"3996";"99";"64516";
"3996";"100";"64517";
"3996";"101";"18519";
"3996";"102";"18522";
"3996";"103";"22389";
"3997";"1";"13122";
"3997";"49";"117";
"3997";"54";"178";
"3997";"80";"2433";
"3997";"99";"64512";
"3997";"100";"64513";
"3997";"101";"18519";
"3997";"102";"18522";
"3997";"103";"22389";
"3998";"1";"13121";
"3998";"49";"23699";
"3998";"54";"178";
"3998";"80";"2436";
"3998";"99";"64498";
"3998";"100";"64499";
"3998";"101";"22388";
"3998";"102";"18522";
"3998";"103";"22186";
"3999";"1";"134";
"3999";"49";"124";
"3999";"54";"178";
"3999";"80";"2433";
"3999";"99";"64396";
"3999";"100";"64397";
"3999";"101";"22388";
"3999";"102";"18522";
"3999";"103";"22389";
"4000";"1";"18533";
"4000";"54";"178";
"4000";"80";"2436";
"4000";"99";"63052";
"4000";"100";"63053";
"4000";"101";"22388";
"4000";"102";"18522";
"4000";"103";"18524";
"4001";"1";"125";
"4001";"49";"124";
"4001";"54";"178";
"4001";"80";"2436";
"4001";"99";"63050";
"4001";"100";"63051";
"4001";"102";"18522";
"4001";"103";"18524";
"4002";"1";"134";
"4002";"49";"13125";
"4002";"54";"179";
"4002";"80";"2433";
"4002";"99";"64390";
"4002";"100";"64391";
"4002";"101";"22388";
"4002";"102";"18522";
"4002";"103";"22389";
"4003";"1";"23076";
"4003";"49";"23698";
"4003";"54";"178";
"4003";"80";"2439";
"4003";"99";"63546";
"4003";"100";"63547";
"4003";"101";"22388";
"4003";"102";"18522";
"4003";"103";"22389";
"4004";"1";"134";
"4004";"49";"117";
"4004";"54";"178";
"4004";"80";"2453";
"4004";"99";"63548";
"4004";"100";"63549";
"4004";"101";"18518";
"4004";"102";"18522";
"4005";"1";"125";
"4005";"49";"124";
"4005";"54";"177";
"4005";"80";"2436";
"4005";"99";"63470";
"4005";"100";"63471";
"4005";"101";"18518";
"4005";"102";"18522";
"4005";"103";"22389";
"4006";"1";"145";
"4006";"49";"18508";
"4006";"54";"178";
"4006";"80";"2439";
"4006";"99";"63396";
"4006";"100";"63397";
"4006";"101";"18518";
"4006";"102";"18522";
"4006";"103";"22389";
"4007";"1";"13122";
"4007";"49";"117";
"4007";"54";"178";
"4007";"80";"2436";
"4007";"99";"63220";
"4007";"100";"63221";
"4007";"101";"22388";
"4007";"102";"18522";
"4007";"103";"18524";
"4008";"1";"134";
"4008";"49";"124";
"4008";"54";"178";
"4008";"80";"2436";
"4008";"99";"63360";
"4008";"100";"63361";
"4008";"101";"22388";
"4008";"102";"18522";
"4008";"103";"18524";
"4009";"1";"125";
"4009";"49";"124";
"4009";"54";"177";
"4009";"80";"2436";
"4009";"99";"63136";
"4009";"100";"63137";
"4009";"101";"22388";
"4009";"102";"18522";
"4009";"103";"18524";
"4010";"1";"134";
"4010";"49";"124";
"4010";"54";"178";
"4010";"80";"2436";
"4010";"99";"63364";
"4010";"100";"63365";
"4010";"101";"22388";
"4010";"102";"18522";
"4010";"103";"18524";
"4011";"1";"145";
"4011";"49";"133";
"4011";"54";"177";
"4011";"80";"2439";
"4011";"99";"63130";
"4011";"100";"63131";
"4011";"101";"22388";
"4011";"102";"18522";
"4011";"103";"18524";
"4012";"1";"4279";
"4012";"49";"6081";
"4012";"54";"178";
"4012";"80";"2436";
"4012";"99";"63128";
"4012";"100";"63129";
"4012";"101";"18518";
"4012";"102";"18522";
"4012";"103";"18524";
"4013";"1";"187";
"4013";"49";"6206";
"4013";"54";"179";
"4013";"80";"2441";
"4013";"99";"63126";
"4013";"100";"63127";
"4013";"101";"18518";
"4013";"102";"18522";
"4014";"1";"187";
"4014";"49";"6206";
"4014";"54";"179";
"4014";"80";"2441";
"4014";"99";"63122";
"4014";"100";"63123";
"4014";"101";"18518";
"4014";"102";"18522";
"4015";"1";"4279";
"4015";"8";"25";
"4015";"13";"40";
"4015";"16";"46";
"4015";"18";"50";
"4015";"21";"56";
"4015";"39";"79";
"4015";"49";"6081";
"4015";"54";"176";
"4015";"59";"2410";
"4015";"60";"2411";
"4015";"62";"2413";
"4015";"66";"2417";
"4015";"77";"2430";
"4015";"78";"2432";
"4015";"80";"2436";
"4015";"81";"2429";
"4015";"85";"2466";
"4015";"90";"2470";
"4015";"99";"63112";
"4015";"100";"63113";
"4015";"101";"18518";
"4015";"102";"18522";
"4016";"1";"35859";
"4016";"8";"25";
"4016";"13";"40";
"4016";"16";"46";
"4016";"18";"50";
"4016";"21";"56";
"4016";"39";"79";
"4016";"49";"139";
"4016";"54";"178";
"4016";"59";"2410";
"4016";"60";"2411";
"4016";"62";"2413";
"4016";"66";"2417";
"4016";"77";"2430";
"4016";"78";"2432";
"4016";"80";"2436";
"4016";"81";"2429";
"4016";"85";"2466";
"4016";"90";"2470";
"4016";"99";"63104";
"4016";"100";"63105";
"4016";"101";"18518";
"4016";"102";"18522";
"4017";"1";"187";
"4017";"49";"146";
"4017";"54";"178";
"4017";"80";"2452";
"4017";"99";"63060";
"4017";"100";"63061";
"4017";"101";"18518";
"4017";"102";"18522";
"4017";"103";"22389";
"4018";"1";"125";
"4018";"49";"124";
"4018";"54";"177";
"4018";"80";"2439";
"4018";"99";"62888";
"4018";"100";"62889";
"4018";"101";"18518";
"4018";"102";"18522";
"4019";"1";"141";
"4019";"54";"178";
"4019";"80";"2436";
"4019";"99";"63056";
"4019";"100";"63057";
"4019";"101";"18518";
"4019";"102";"18522";
"4020";"1";"141";
"4020";"54";"178";
"4020";"80";"2436";
"4020";"99";"63100";
"4020";"100";"63101";
"4020";"101";"18518";
"4020";"102";"18522";
"4021";"1";"49146";
"4021";"9";"18614";
"4021";"49";"146";
"4021";"54";"177";
"4021";"80";"2443";
"4021";"99";"63096";
"4021";"100";"63097";
"4021";"101";"22386";
"4021";"102";"18522";
"4022";"1";"13121";
"4022";"54";"178";
"4022";"80";"2436";
"4022";"99";"63062";
"4022";"100";"63063";
"4022";"101";"18518";
"4022";"102";"18522";
"4023";"1";"23076";
"4023";"49";"133";
"4023";"54";"179";
"4023";"59";"2410";
"4023";"80";"2436";
"4023";"99";"65805";
"4023";"100";"65806";
"4023";"101";"22388";
"4023";"102";"18522";
"4023";"103";"22186";
"4024";"1";"23076";
"4024";"49";"23699";
"4024";"54";"178";
"4024";"59";"2410";
"4024";"80";"2436";
"4024";"99";"63208";
"4024";"100";"63209";
"4024";"101";"22388";
"4024";"102";"18522";
"4024";"103";"22389";
"4025";"54";"178";
"4025";"80";"2433";
"4025";"99";"63181";
"4025";"100";"63182";
"4025";"101";"22388";
"4025";"102";"18522";
"4025";"103";"22392";
"4026";"1";"130";
"4026";"19";"52";
"4026";"49";"23699";
"4026";"54";"178";
"4026";"59";"2410";
"4026";"61";"2412";
"4026";"80";"2436";
"4026";"91";"2473";
"4026";"99";"65533";
"4026";"100";"65534";
"4026";"101";"18518";
"4026";"102";"18522";
"4026";"103";"18524";
"4027";"1";"13121";
"4027";"54";"178";
"4027";"80";"2436";
"4027";"81";"2429";
"4027";"91";"2473";
"4027";"99";"63177";
"4027";"100";"63178";
"4027";"101";"18518";
"4027";"102";"18522";
"4027";"103";"22392";
"4028";"1";"13122";
"4028";"54";"178";
"4028";"59";"2410";
"4028";"80";"2439";
"4028";"99";"65801";
"4028";"100";"65802";
"4028";"101";"22388";
"4028";"102";"18522";
"4028";"103";"18524";
"4029";"1";"13122";
"4029";"54";"179";
"4029";"59";"2410";
"4029";"80";"2433";
"4029";"99";"63134";
"4029";"100";"63135";
"4029";"101";"22388";
"4029";"102";"18522";
"4029";"103";"18524";
"4030";"1";"145";
"4030";"49";"146";
"4030";"54";"180";
"4030";"59";"2410";
"4030";"80";"2448";
"4030";"99";"63218";
"4030";"100";"63219";
"4030";"101";"22386";
"4030";"102";"18522";
"4030";"103";"18524";
"4031";"1";"15";
"4031";"49";"18508";
"4031";"54";"179";
"4031";"59";"2410";
"4031";"80";"2436";
"4031";"99";"63374";
"4031";"100";"63375";
"4031";"101";"18518";
"4031";"102";"18522";
"4031";"103";"22389";
"4032";"1";"15";
"4032";"49";"18508";
"4032";"54";"179";
"4032";"59";"2410";
"4032";"80";"2436";
"4032";"99";"63376";
"4032";"100";"63377";
"4032";"101";"18518";
"4032";"102";"18522";
"4032";"103";"22389";
"4033";"1";"125";
"4033";"49";"117";
"4033";"54";"179";
"4033";"59";"2410";
"4033";"80";"2452";
"4033";"99";"63280";
"4033";"100";"63281";
"4033";"101";"18518";
"4033";"102";"18522";
"4034";"1";"134";
"4034";"49";"117";
"4034";"54";"178";
"4034";"59";"2410";
"4034";"91";"2473";
"4034";"99";"67171";
"4034";"100";"67172";
"4034";"101";"18518";
"4034";"102";"18522";
"4035";"1";"49146";
"4035";"49";"6206";
"4035";"54";"177";
"4035";"99";"64935";
"4035";"100";"64936";
"4035";"101";"18519";
"4035";"102";"18522";
"4036";"1";"33132";
"4036";"8";"25";
"4036";"9";"29";
"4036";"11";"32";
"4036";"39";"79";
"4036";"54";"176";
"4036";"56";"2407";
"4036";"85";"2466";
"4036";"88";"2469";
"4036";"91";"2473";
"4036";"99";"63270";
"4036";"100";"63271";
"4036";"101";"18517";
"4036";"102";"22451";
"4037";"1";"49687";
"4037";"8";"25";
"4037";"9";"29";
"4037";"11";"32";
"4037";"39";"79";
"4037";"54";"176";
"4037";"56";"2407";
"4037";"85";"2466";
"4037";"88";"2469";
"4037";"91";"2473";
"4037";"99";"63394";
"4037";"100";"63395";
"4037";"101";"18517";
"4037";"102";"22451";
"4038";"1";"33132";
"4038";"8";"25";
"4038";"9";"29";
"4038";"11";"32";
"4038";"39";"79";
"4038";"54";"177";
"4038";"56";"2407";
"4038";"85";"2466";
"4038";"88";"2469";
"4038";"91";"2473";
"4038";"99";"65605";
"4038";"100";"65606";
"4038";"101";"18518";
"4038";"102";"18521";
"4039";"1";"183";
"4039";"9";"27";
"4039";"47";"77";
"4039";"49";"18506";
"4039";"54";"177";
"4039";"60";"2411";
"4039";"80";"2434";
"4039";"99";"63320";
"4039";"100";"63321";
"4039";"101";"18518";
"4039";"102";"18522";
"4040";"59";"2410";
"4040";"99";"63406";
"4040";"100";"63407";
"4040";"101";"18518";
"4040";"102";"18522";
"4040";"103";"22389";
"4041";"59";"2410";
"4041";"99";"63428";
"4041";"100";"63429";
"4041";"101";"18518";
"4041";"102";"18522";
"4041";"103";"22389";
"4042";"59";"2410";
"4042";"99";"63426";
"4042";"100";"63427";
"4042";"101";"18518";
"4042";"102";"18522";
"4042";"103";"22389";
"4043";"59";"2410";
"4043";"99";"63604";
"4043";"100";"63605";
"4044";"59";"2410";
"4044";"99";"63614";
"4044";"100";"63615";
"4044";"101";"18518";
"4044";"102";"18522";
"4044";"103";"22389";
"4045";"59";"2410";
"4045";"99";"63624";
"4045";"100";"63625";
"4045";"101";"18518";
"4045";"102";"18522";
"4045";"103";"22389";
"4046";"59";"2410";
"4046";"99";"63634";
"4046";"100";"63635";
"4046";"101";"18518";
"4046";"102";"18522";
"4046";"103";"22389";
"4047";"1";"15";
"4047";"49";"13125";
"4047";"54";"178";
"4047";"59";"2410";
"4047";"80";"2441";
"4047";"99";"67671";
"4047";"100";"67672";
"4047";"101";"18518";
"4047";"102";"18522";
"4048";"1";"141";
"4048";"49";"139";
"4048";"54";"177";
"4048";"99";"67363";
"4048";"100";"67364";
"4048";"101";"18518";
"4048";"102";"18522";
"4049";"99";"63672";
"4049";"100";"63673";
"4049";"101";"22388";
"4049";"102";"18522";
"4049";"103";"18524";
"4050";"99";"63684";
"4050";"100";"63685";
"4050";"101";"22388";
"4050";"102";"18522";
"4050";"103";"18524";
"4051";"99";"63696";
"4051";"100";"63697";
"4051";"101";"22388";
"4051";"102";"18522";
"4051";"103";"18524";
"4052";"99";"63706";
"4052";"100";"63707";
"4052";"101";"22388";
"4052";"102";"18522";
"4052";"103";"18524";
"4053";"99";"63716";
"4053";"100";"63717";
"4053";"101";"22388";
"4053";"102";"18522";
"4053";"103";"18524";
"4054";"99";"63726";
"4054";"100";"63727";
"4054";"101";"22388";
"4054";"102";"18522";
"4054";"103";"18524";
"4055";"10";"30";
"4055";"13";"40";
"4055";"17";"48";
"4055";"18";"50";
"4055";"19";"52";
"4055";"39";"79";
"4055";"61";"2412";
"4055";"77";"2430";
"4055";"81";"2429";
"4055";"86";"2468";
"4055";"87";"2467";
"4055";"89";"2471";
"4055";"91";"2473";
"4055";"98";"2479";
"4055";"99";"63736";
"4055";"100";"63737";
"4056";"99";"63746";
"4056";"100";"63747";
"4056";"101";"22388";
"4056";"102";"18522";
"4056";"103";"18524";
"4057";"77";"2430";
"4057";"99";"63758";
"4057";"100";"63759";
"4058";"77";"2430";
"4058";"99";"63774";
"4058";"100";"63775";
"4059";"77";"2430";
"4059";"99";"63810";
"4059";"100";"63811";
"4060";"77";"2430";
"4060";"99";"63812";
"4060";"100";"63813";
"4061";"77";"2430";
"4061";"99";"63814";
"4061";"100";"63815";
"4062";"99";"63828";
"4062";"100";"63829";
"4063";"99";"63842";
"4063";"100";"63843";
"4064";"99";"66297";
"4064";"100";"66298";
"4065";"1";"4279";
"4065";"49";"117";
"4065";"54";"178";
"4065";"91";"2473";
"4065";"99";"67519";
"4065";"100";"67520";
"4065";"101";"18518";
"4065";"102";"18522";
"4066";"59";"2410";
"4066";"99";"63882";
"4066";"100";"63883";
"4067";"59";"2410";
"4067";"99";"67989";
"4067";"100";"67990";
"4068";"59";"2410";
"4068";"99";"68015";
"4068";"100";"68016";
"4069";"59";"2410";
"4069";"99";"63916";
"4069";"100";"63917";
"4070";"59";"2410";
"4070";"99";"63926";
"4070";"100";"63927";
"4071";"59";"2410";
"4071";"99";"63936";
"4071";"100";"63937";
"4072";"59";"2410";
"4072";"99";"67937";
"4072";"100";"67938";
"4073";"59";"2410";
"4073";"99";"67939";
"4073";"100";"67940";
"4074";"1";"18861";
"4074";"49";"18507";
"4074";"54";"177";
"4074";"59";"2410";
"4074";"80";"2444";
"4074";"99";"67301";
"4074";"100";"67302";
"4074";"101";"18518";
"4074";"102";"18522";
"4075";"99";"63976";
"4075";"100";"63977";
"4075";"101";"22388";
"4075";"102";"18522";
"4075";"103";"18524";
"4076";"99";"63986";
"4076";"100";"63987";
"4076";"101";"22388";
"4076";"102";"18522";
"4076";"103";"18524";
"4077";"99";"63996";
"4077";"100";"63997";
"4077";"101";"22388";
"4077";"102";"18522";
"4077";"103";"18524";
"4078";"99";"64010";
"4078";"100";"64011";
"4078";"101";"22388";
"4078";"102";"18522";
"4078";"103";"18524";
"4079";"99";"67979";
"4079";"100";"67980";
"4079";"101";"18518";
"4079";"102";"18522";
"4080";"99";"67981";
"4080";"100";"67982";
"4080";"101";"18518";
"4080";"102";"18522";
"4081";"8";"25";
"4081";"13";"40";
"4081";"16";"46";
"4081";"18";"50";
"4081";"21";"56";
"4081";"39";"79";
"4081";"59";"2410";
"4081";"60";"2411";
"4081";"62";"2413";
"4081";"66";"2417";
"4081";"77";"2430";
"4081";"78";"2432";
"4081";"81";"2429";
"4081";"85";"2466";
"4081";"90";"2470";
"4081";"99";"66257";
"4081";"100";"66258";
"4081";"101";"18518";
"4081";"102";"18522";
"4082";"1";"18533";
"4082";"8";"25";
"4082";"13";"40";
"4082";"16";"46";
"4082";"18";"50";
"4082";"21";"56";
"4082";"39";"79";
"4082";"54";"176";
"4082";"59";"2410";
"4082";"60";"2411";
"4082";"62";"2413";
"4082";"66";"2417";
"4082";"77";"2430";
"4082";"78";"2432";
"4082";"80";"2433";
"4082";"81";"2429";
"4082";"85";"2466";
"4082";"90";"2470";
"4082";"99";"67183";
"4082";"100";"67184";
"4082";"101";"18518";
"4082";"102";"18522";
"4083";"1";"18533";
"4083";"49";"117";
"4083";"54";"177";
"4083";"80";"2436";
"4083";"99";"64640";
"4083";"100";"64641";
"4083";"101";"18518";
"4083";"102";"18522";
"4084";"1";"23076";
"4084";"8";"25";
"4084";"10";"31";
"4084";"11";"33";
"4084";"18";"50";
"4084";"19";"52";
"4084";"36";"92";
"4084";"46";"99";
"4084";"49";"117";
"4084";"54";"177";
"4084";"67";"2418";
"4084";"73";"2428";
"4084";"74";"2427";
"4084";"86";"2468";
"4084";"87";"2467";
"4084";"89";"2471";
"4084";"91";"2473";
"4084";"99";"64638";
"4084";"100";"64639";
"4084";"101";"22388";
"4084";"102";"18522";
"4085";"1";"123";
"4085";"54";"177";
"4085";"80";"2443";
"4085";"99";"66099";
"4085";"100";"66100";
"4085";"101";"18517";
"4085";"102";"18522";
"4086";"1";"125";
"4086";"49";"117";
"4086";"54";"177";
"4086";"80";"2443";
"4086";"99";"66191";
"4086";"100";"66192";
"4086";"101";"18517";
"4086";"102";"18522";
"4087";"1";"134";
"4087";"49";"124";
"4087";"54";"179";
"4087";"80";"2436";
"4087";"99";"66243";
"4087";"100";"66244";
"4087";"101";"18518";
"4087";"102";"18522";
"4088";"1";"23076";
"4088";"49";"6081";
"4088";"54";"179";
"4088";"99";"64622";
"4088";"100";"64623";
"4088";"101";"18518";
"4088";"102";"18522";
"4089";"1";"18533";
"4089";"54";"179";
"4089";"99";"64612";
"4089";"100";"64613";
"4089";"101";"18518";
"4089";"102";"18522";
"4090";"1";"24723";
"4090";"8";"25";
"4090";"10";"30";
"4090";"18";"50";
"4090";"19";"52";
"4090";"49";"6081";
"4090";"54";"178";
"4090";"60";"2411";
"4090";"66";"2417";
"4090";"86";"2468";
"4090";"87";"2467";
"4090";"89";"2471";
"4090";"91";"2473";
"4090";"99";"64610";
"4090";"100";"64611";
"4090";"101";"18518";
"4090";"102";"18522";
"4090";"103";"18524";
"4091";"1";"24723";
"4091";"8";"25";
"4091";"10";"30";
"4091";"18";"50";
"4091";"19";"52";
"4091";"49";"6081";
"4091";"54";"178";
"4091";"60";"2411";
"4091";"66";"2417";
"4091";"86";"2468";
"4091";"87";"2467";
"4091";"89";"2471";
"4091";"91";"2473";
"4091";"99";"64542";
"4091";"100";"64543";
"4091";"101";"18518";
"4091";"102";"18522";
"4091";"103";"18524";
"4092";"1";"123";
"4092";"49";"6081";
"4092";"54";"177";
"4092";"80";"2436";
"4092";"99";"66263";
"4092";"100";"66264";
"4092";"101";"18518";
"4092";"102";"18522";
"4093";"1";"12487";
"4093";"8";"25";
"4093";"10";"31";
"4093";"11";"33";
"4093";"18";"50";
"4093";"19";"52";
"4093";"36";"92";
"4093";"46";"99";
"4093";"49";"122";
"4093";"54";"177";
"4093";"67";"2418";
"4093";"73";"2428";
"4093";"74";"2427";
"4093";"86";"2468";
"4093";"87";"2467";
"4093";"89";"2471";
"4093";"91";"2473";
"4093";"99";"64550";
"4093";"100";"64551";
"4093";"101";"18518";
"4093";"102";"18522";
"4093";"103";"22389";
"4094";"1";"23076";
"4094";"49";"23698";
"4094";"54";"177";
"4094";"80";"2436";
"4094";"99";"64548";
"4094";"100";"64549";
"4094";"101";"22388";
"4094";"102";"18522";
"4094";"103";"18524";
"4095";"1";"13122";
"4095";"49";"13125";
"4095";"54";"177";
"4095";"80";"2436";
"4095";"99";"64552";
"4095";"100";"64553";
"4095";"101";"18518";
"4095";"102";"18522";
"4095";"103";"18524";
"4096";"1";"18861";
"4096";"8";"25";
"4096";"9";"27";
"4096";"10";"30";
"4096";"13";"40";
"4096";"14";"42";
"4096";"19";"52";
"4096";"21";"56";
"4096";"39";"79";
"4096";"47";"77";
"4096";"49";"13125";
"4096";"54";"177";
"4096";"59";"2410";
"4096";"66";"2417";
"4096";"75";"2425";
"4096";"76";"2424";
"4096";"77";"2430";
"4096";"80";"2443";
"4096";"81";"2429";
"4096";"86";"2468";
"4096";"89";"2471";
"4096";"95";"2476";
"4096";"99";"67975";
"4096";"100";"67976";
"4096";"101";"22208";
"4096";"102";"18522";
"4096";"123";"44505";
"4097";"1";"35859";
"4097";"49";"6081";
"4097";"54";"178";
"4097";"69";"2420";
"4097";"95";"2476";
"4097";"99";"66251";
"4097";"100";"66252";
"4097";"101";"22386";
"4097";"102";"18522";
"4098";"1";"24723";
"4098";"49";"139";
"4098";"54";"177";
"4098";"99";"66553";
"4098";"100";"66554";
"4098";"101";"18518";
"4098";"102";"18522";
"4099";"1";"4279";
"4099";"49";"6081";
"4099";"54";"177";
"4099";"80";"2439";
"4099";"99";"64482";
"4099";"100";"64483";
"4099";"101";"18517";
"4099";"102";"18522";
"4100";"1";"24723";
"4100";"49";"139";
"4100";"54";"178";
"4100";"99";"66429";
"4100";"100";"66430";
"4100";"101";"18518";
"4100";"102";"18522";
"4100";"103";"22393";
"4101";"1";"13122";
"4101";"54";"177";
"4101";"80";"2450";
"4101";"99";"64486";
"4101";"100";"64487";
"4101";"101";"18519";
"4101";"102";"18522";
"4101";"103";"22389";
"4102";"1";"18861";
"4102";"49";"146";
"4102";"54";"177";
"4102";"80";"2444";
"4102";"99";"64488";
"4102";"100";"64489";
"4102";"101";"18517";
"4102";"102";"18522";
"4103";"1";"125";
"4103";"49";"124";
"4103";"54";"178";
"4103";"66";"2417";
"4103";"80";"2434";
"4103";"95";"2476";
"4103";"99";"64490";
"4103";"100";"64491";
"4103";"101";"18518";
"4103";"102";"18522";
"4104";"1";"125";
"4104";"49";"117";
"4104";"54";"177";
"4104";"80";"2433";
"4104";"99";"67943";
"4104";"100";"67944";
"4104";"101";"18518";
"4104";"102";"18522";
"4105";"1";"49147";
"4105";"49";"6206";
"4105";"54";"177";
"4105";"80";"2436";
"4105";"99";"64496";
"4105";"100";"64497";
"4105";"101";"18518";
"4105";"102";"18522";
"4106";"1";"49146";
"4106";"49";"23698";
"4106";"54";"177";
"4106";"99";"64592";
"4106";"100";"64593";
"4106";"101";"18519";
"4106";"102";"18522";
"4106";"103";"22389";
"4107";"1";"18861";
"4107";"49";"18507";
"4107";"54";"178";
"4107";"99";"66627";
"4107";"100";"66628";
"4107";"101";"18519";
"4107";"102";"18522";
"4108";"1";"132";
"4108";"9";"18614";
"4108";"49";"133";
"4108";"54";"177";
"4108";"99";"66625";
"4108";"100";"66626";
"4108";"101";"18519";
"4108";"102";"18522";
"4109";"1";"13122";
"4109";"49";"13125";
"4109";"54";"177";
"4109";"80";"2436";
"4109";"99";"64596";
"4109";"100";"64597";
"4109";"101";"22388";
"4109";"102";"18522";
"4109";"103";"22389";
"4110";"1";"49146";
"4110";"9";"18614";
"4110";"49";"146";
"4110";"54";"177";
"4110";"99";"66639";
"4110";"100";"66640";
"4110";"101";"18519";
"4110";"102";"18522";
"4111";"1";"132";
"4111";"49";"23698";
"4111";"54";"178";
"4111";"101";"18518";
"4111";"102";"18522";
"4113";"1";"49146";
"4113";"9";"18614";
"4113";"49";"24690";
"4113";"54";"178";
"4113";"99";"66623";
"4113";"100";"66624";
"4113";"101";"18519";
"4113";"102";"18522";
"4114";"1";"23076";
"4114";"49";"23698";
"4114";"54";"178";
"4114";"99";"64468";
"4114";"100";"64469";
"4114";"101";"22208";
"4114";"102";"18615";
"4115";"1";"125";
"4115";"49";"117";
"4115";"54";"179";
"4115";"80";"2445";
"4115";"99";"64480";
"4115";"100";"64481";
"4115";"101";"18518";
"4115";"102";"18522";
"4116";"1";"49146";
"4116";"49";"24690";
"4116";"54";"178";
"4116";"99";"66461";
"4116";"100";"66462";
"4116";"101";"18518";
"4116";"102";"18522";
"4117";"99";"64855";
"4117";"100";"64856";
"4118";"99";"64853";
"4118";"100";"64854";
"4119";"99";"64851";
"4119";"100";"64852";
"4120";"1";"145";
"4120";"49";"146";
"4120";"54";"179";
"4120";"80";"2451";
"4120";"99";"64504";
"4120";"100";"64505";
"4120";"101";"18519";
"4120";"102";"18522";
"4120";"103";"22389";
"4121";"1";"18668";
"4121";"13";"40";
"4121";"17";"48";
"4121";"49";"6206";
"4121";"54";"178";
"4121";"56";"2407";
"4121";"59";"2410";
"4121";"80";"2436";
"4121";"86";"2468";
"4121";"99";"64508";
"4121";"100";"64509";
"4121";"101";"18518";
"4121";"102";"18522";
"4122";"1";"171";
"4122";"49";"172";
"4122";"54";"177";
"4122";"56";"2407";
"4122";"66";"2417";
"4122";"67";"2418";
"4122";"69";"2420";
"4122";"80";"2460";
"4122";"85";"2466";
"4122";"88";"2469";
"4122";"89";"2471";
"4122";"91";"2473";
"4122";"99";"64506";
"4122";"100";"64507";
"4122";"101";"18517";
"4122";"102";"22451";
"4123";"19";"52";
"4123";"54";"177";
"4123";"59";"2410";
"4123";"61";"2412";
"4123";"66";"2417";
"4123";"77";"2430";
"4123";"80";"2436";
"4123";"95";"2476";
"4123";"99";"64572";
"4123";"100";"64573";
"4123";"101";"22388";
"4123";"102";"18522";
"4123";"103";"22389";
"4124";"54";"180";
"4124";"80";"2439";
"4124";"99";"64584";
"4124";"100";"64585";
"4124";"101";"18518";
"4124";"103";"18525";
"4126";"99";"66905";
"4126";"100";"66906";
"4127";"54";"178";
"4127";"99";"65013";
"4127";"100";"65014";
"4127";"101";"18517";
"4127";"102";"18522";
"4128";"99";"66907";
"4128";"100";"66908";
"4128";"101";"18519";
"4128";"102";"18522";
"4128";"103";"22389";
"4129";"99";"65033";
"4129";"100";"65034";
"4129";"101";"18519";
"4129";"102";"18522";
"4130";"59";"2410";
"4130";"99";"65043";
"4130";"100";"65044";
"4130";"101";"18518";
"4130";"102";"18522";
"4130";"103";"22389";
"4131";"59";"2410";
"4131";"99";"66909";
"4131";"100";"66910";
"4131";"101";"18518";
"4131";"102";"18522";
"4131";"103";"22389";
"4132";"59";"2410";
"4132";"99";"66911";
"4132";"100";"66912";
"4132";"101";"18518";
"4132";"102";"18522";
"4132";"103";"22389";
"4133";"99";"65111";
"4133";"100";"65112";
"4133";"101";"22388";
"4133";"102";"18522";
"4133";"103";"18524";
"4134";"99";"65123";
"4134";"100";"65124";
"4134";"101";"22388";
"4134";"102";"18522";
"4134";"103";"18524";
"4135";"99";"65137";
"4135";"100";"65138";
"4135";"101";"22388";
"4135";"102";"18522";
"4135";"103";"18524";
"4136";"99";"67823";
"4136";"100";"67824";
"4137";"99";"67153";
"4137";"100";"67154";
"4137";"101";"18518";
"4137";"102";"18522";
"4137";"103";"22389";
"4138";"19";"52";
"4138";"59";"2410";
"4138";"61";"2412";
"4138";"66";"2417";
"4138";"77";"2430";
"4138";"95";"2476";
"4138";"99";"65211";
"4138";"100";"65212";
"4138";"101";"22388";
"4138";"102";"18522";
"4138";"103";"22389";
"4139";"99";"65267";
"4139";"100";"65268";
"4139";"101";"18518";
"4139";"103";"22393";
"4140";"99";"65277";
"4140";"100";"65278";
"4140";"101";"18518";
"4140";"103";"22393";
"4141";"99";"65287";
"4141";"100";"65288";
"4141";"101";"18518";
"4141";"103";"22393";
"4142";"99";"65305";
"4142";"100";"65306";
"4143";"99";"65905";
"4143";"100";"65906";
"4144";"59";"2410";
"4144";"99";"65325";
"4144";"100";"65326";
"4144";"104";"19118";
"4145";"99";"65793";
"4145";"100";"65794";
"4145";"101";"18518";
"4145";"102";"18522";
"4145";"103";"22393";
"4146";"99";"65357";
"4146";"100";"65358";
"4146";"101";"18517";
"4146";"102";"18522";
"4147";"8";"25";
"4147";"18";"50";
"4147";"39";"79";
"4147";"66";"2417";
"4147";"77";"2430";
"4147";"78";"2432";
"4147";"81";"2429";
"4147";"85";"2466";
"4147";"99";"65377";
"4147";"100";"65378";
"4147";"101";"18518";
"4147";"102";"18522";
"4148";"8";"25";
"4148";"10";"30";
"4148";"18";"50";
"4148";"19";"52";
"4148";"32";"88";
"4148";"45";"98";
"4148";"46";"99";
"4148";"85";"2466";
"4148";"88";"2469";
"4148";"91";"2473";
"4148";"99";"65387";
"4148";"100";"65388";
"4148";"101";"18517";
"4148";"102";"18532";
"4149";"13";"40";
"4149";"17";"48";
"4149";"19";"52";
"4149";"39";"79";
"4149";"61";"2412";
"4149";"82";"2465";
"4149";"86";"2468";
"4149";"87";"2467";
"4149";"89";"2471";
"4149";"92";"2472";
"4149";"95";"2476";
"4149";"98";"2479";
"4149";"99";"65425";
"4149";"100";"65426";
"4150";"8";"25";
"4150";"10";"30";
"4150";"13";"40";
"4150";"17";"48";
"4150";"19";"52";
"4150";"39";"79";
"4150";"61";"2412";
"4150";"82";"2465";
"4150";"86";"2468";
"4150";"87";"2467";
"4150";"89";"2471";
"4150";"92";"2472";
"4150";"95";"2476";
"4150";"98";"2479";
"4150";"99";"65427";
"4150";"100";"65428";
"4151";"8";"25";
"4151";"10";"30";
"4151";"13";"40";
"4151";"17";"48";
"4151";"19";"52";
"4151";"39";"79";
"4151";"61";"2412";
"4151";"82";"2465";
"4151";"86";"2468";
"4151";"87";"2467";
"4151";"89";"2471";
"4151";"92";"2472";
"4151";"95";"2476";
"4151";"98";"2479";
"4151";"99";"65803";
"4151";"100";"65804";
"4152";"8";"25";
"4152";"10";"30";
"4152";"13";"40";
"4152";"17";"48";
"4152";"19";"52";
"4152";"39";"79";
"4152";"61";"2412";
"4152";"82";"2465";
"4152";"86";"2468";
"4152";"87";"2467";
"4152";"89";"2471";
"4152";"92";"2472";
"4152";"95";"2476";
"4152";"98";"2479";
"4152";"99";"65797";
"4152";"100";"65798";
"4153";"91";"2473";
"4153";"99";"65809";
"4153";"100";"65810";
"4154";"91";"2473";
"4154";"99";"65473";
"4154";"100";"65474";
"4155";"1";"35859";
"4155";"49";"139";
"4155";"54";"179";
"4155";"99";"65491";
"4155";"100";"65492";
"4155";"101";"18518";
"4156";"99";"66903";
"4156";"100";"66904";
"4156";"101";"18518";
"4156";"102";"18522";
"4156";"103";"18524";
"4157";"99";"65799";
"4157";"100";"65800";
"4157";"101";"18518";
"4157";"102";"18522";
"4157";"103";"18524";
"4158";"8";"25";
"4158";"18";"50";
"4158";"39";"79";
"4158";"66";"2417";
"4158";"77";"2430";
"4158";"78";"2432";
"4158";"81";"2429";
"4158";"85";"2466";
"4158";"99";"65667";
"4158";"100";"65668";
"4158";"101";"18518";
"4158";"102";"18522";
"4159";"1";"145";
"4159";"49";"146";
"4159";"54";"177";
"4159";"56";"2407";
"4159";"99";"67591";
"4159";"100";"67592";
"4159";"101";"18519";
"4159";"102";"18522";
"4160";"56";"2407";
"4160";"99";"66621";
"4160";"100";"66622";
"4161";"1";"18861";
"4161";"49";"18507";
"4161";"54";"177";
"4161";"56";"2407";
"4161";"99";"67589";
"4161";"100";"67590";
"4161";"101";"18519";
"4161";"102";"18522";
"4162";"18";"50";
"4162";"66";"2417";
"4162";"78";"2432";
"4162";"81";"2429";
"4162";"99";"65749";
"4162";"100";"65750";
"4162";"101";"18518";
"4162";"102";"18522";
"4163";"18";"50";
"4163";"60";"2411";
"4163";"62";"2413";
"4163";"99";"65867";
"4163";"100";"65868";
"4163";"101";"18518";
"4164";"60";"2411";
"4164";"85";"2466";
"4164";"99";"65865";
"4164";"100";"65866";
"4165";"59";"2410";
"4165";"89";"2471";
"4165";"99";"65903";
"4165";"100";"65904";
"4165";"101";"18518";
"4165";"102";"18522";
"4165";"103";"18524";
"4166";"99";"66041";
"4166";"100";"66042";
"4166";"101";"18518";
"4166";"102";"18522";
"4167";"8";"25";
"4167";"9";"27";
"4167";"10";"30";
"4167";"19";"52";
"4167";"23";"60";
"4167";"32";"88";
"4167";"36";"92";
"4167";"39";"79";
"4167";"58";"2409";
"4167";"60";"2411";
"4167";"74";"2427";
"4167";"83";"2464";
"4167";"86";"2468";
"4167";"91";"2473";
"4167";"99";"66915";
"4167";"100";"66916";
"4168";"8";"25";
"4168";"18";"50";
"4168";"58";"2409";
"4168";"60";"2411";
"4168";"91";"2473";
"4168";"99";"66065";
"4168";"100";"66066";
"4169";"99";"66917";
"4169";"100";"66918";
"4169";"101";"22208";
"4169";"102";"18522";
"4170";"1";"187";
"4170";"49";"6206";
"4170";"54";"177";
"4170";"80";"2444";
"4170";"99";"67357";
"4170";"100";"67358";
"4170";"101";"18518";
"4170";"102";"18522";
"4171";"1";"130";
"4171";"11";"32";
"4171";"19";"52";
"4171";"49";"13125";
"4171";"54";"176";
"4171";"59";"2410";
"4171";"76";"2424";
"4171";"86";"2468";
"4171";"95";"2476";
"4171";"99";"67579";
"4171";"100";"67580";
"4171";"101";"18518";
"4171";"102";"18615";
"4172";"1";"49146";
"4172";"49";"24690";
"4172";"54";"176";
"4172";"80";"2446";
"4172";"99";"67295";
"4172";"100";"67296";
"4172";"101";"18517";
"4172";"102";"18522";
"4173";"1";"18861";
"4173";"49";"146";
"4173";"54";"177";
"4173";"80";"2455";
"4173";"99";"67293";
"4173";"100";"67294";
"4173";"101";"18517";
"4173";"102";"18522";
"4174";"1";"187";
"4174";"9";"29";
"4174";"49";"6206";
"4174";"54";"179";
"4174";"80";"2444";
"4174";"99";"67287";
"4174";"100";"67288";
"4174";"101";"18517";
"4174";"102";"18522";
"4175";"1";"49146";
"4175";"49";"24690";
"4175";"54";"178";
"4175";"80";"2441";
"4175";"99";"67279";
"4175";"100";"67280";
"4175";"101";"18518";
"4175";"102";"18522";
"4176";"1";"49146";
"4176";"49";"24690";
"4176";"54";"178";
"4176";"80";"2446";
"4176";"99";"67629";
"4176";"100";"67630";
"4176";"101";"18518";
"4176";"102";"18522";
"4177";"1";"132";
"4177";"49";"146";
"4177";"54";"177";
"4177";"80";"2441";
"4177";"99";"67281";
"4177";"100";"67282";
"4177";"101";"18518";
"4177";"102";"18522";
"4179";"1";"49149";
"4179";"80";"2444";
"4179";"99";"66945";
"4179";"100";"66946";
"4179";"101";"18517";
"4179";"102";"18522";
"4180";"1";"13122";
"4180";"54";"177";
"4180";"80";"2443";
"4180";"99";"66943";
"4180";"100";"66944";
"4180";"101";"18517";
"4180";"102";"18522";
"4181";"1";"15";
"4181";"49";"18508";
"4181";"54";"176";
"4181";"80";"2444";
"4181";"99";"67263";
"4181";"100";"67264";
"4181";"101";"18517";
"4181";"102";"18522";
"4182";"1";"134";
"4182";"49";"117";
"4182";"54";"177";
"4182";"80";"2443";
"4182";"99";"67299";
"4182";"100";"67300";
"4182";"101";"18517";
"4182";"102";"18522";
"4183";"1";"49146";
"4183";"49";"6206";
"4183";"54";"177";
"4183";"99";"67283";
"4183";"100";"67284";
"4183";"101";"18518";
"4183";"102";"18522";
"4184";"54";"177";
"4184";"99";"66273";
"4184";"100";"66274";
"4184";"101";"18517";
"4184";"102";"18522";
"4185";"1";"187";
"4185";"9";"29";
"4185";"49";"6206";
"4185";"54";"179";
"4185";"80";"2444";
"4185";"99";"67067";
"4185";"100";"67068";
"4185";"101";"18517";
"4185";"102";"18522";
"4186";"1";"49146";
"4186";"49";"24690";
"4186";"54";"176";
"4186";"80";"2443";
"4186";"99";"67063";
"4186";"100";"67064";
"4186";"101";"18517";
"4186";"102";"18522";
"4187";"1";"130";
"4187";"9";"18614";
"4187";"49";"18508";
"4187";"54";"176";
"4187";"80";"2441";
"4187";"99";"67061";
"4187";"100";"67062";
"4187";"101";"22386";
"4187";"102";"18522";
"4188";"1";"49146";
"4188";"49";"24690";
"4188";"54";"180";
"4188";"80";"2459";
"4188";"99";"67055";
"4188";"100";"67056";
"4188";"101";"18517";
"4188";"102";"18522";
"4189";"1";"134";
"4189";"49";"117";
"4189";"54";"177";
"4189";"59";"2410";
"4189";"99";"67365";
"4189";"100";"67366";
"4189";"101";"18518";
"4189";"102";"18522";
"4190";"54";"177";
"4190";"99";"67665";
"4190";"100";"67666";
"4190";"101";"18517";
"4190";"102";"18522";
"4191";"1";"49149";
"4191";"49";"6206";
"4191";"54";"177";
"4191";"99";"67057";
"4191";"100";"67058";
"4191";"101";"18517";
"4191";"102";"18522";
"4192";"1";"49148";
"4192";"9";"29";
"4192";"54";"177";
"4192";"80";"2450";
"4192";"99";"67667";
"4192";"100";"67668";
"4192";"101";"18517";
"4192";"102";"22451";
"4193";"54";"177";
"4193";"99";"66549";
"4193";"100";"66550";
"4193";"101";"18518";
"4193";"102";"18522";
"4194";"9";"18669";
"4194";"48";"76";
"4194";"54";"177";
"4194";"58";"2409";
"4194";"66";"2417";
"4194";"68";"2419";
"4194";"69";"2420";
"4194";"71";"2423";
"4194";"83";"2464";
"4194";"85";"2466";
"4194";"86";"2468";
"4194";"88";"2469";
"4194";"89";"2471";
"4194";"91";"2473";
"4194";"95";"2476";
"4194";"98";"2479";
"4194";"99";"66545";
"4194";"100";"66546";
"4194";"101";"18518";
"4194";"103";"18524";
"4195";"1";"145";
"4195";"49";"6206";
"4195";"54";"177";
"4195";"67";"2418";
"4195";"69";"2420";
"4195";"76";"2424";
"4195";"77";"2430";
"4195";"78";"2432";
"4195";"80";"2444";
"4195";"81";"2429";
"4195";"85";"2466";
"4195";"88";"2469";
"4195";"91";"2473";
"4195";"95";"2476";
"4195";"99";"67361";
"4195";"100";"67362";
"4195";"101";"18517";
"4196";"8";"25";
"4196";"11";"32";
"4196";"13";"40";
"4196";"18";"50";
"4196";"32";"88";
"4196";"39";"79";
"4196";"60";"2411";
"4196";"91";"2473";
"4196";"99";"66591";
"4196";"100";"66592";
"4196";"101";"18517";
"4196";"102";"18521";
"4196";"103";"18527";
"4197";"99";"67807";
"4197";"100";"67808";
"4198";"99";"67805";
"4198";"100";"67806";
"4199";"1";"15";
"4199";"49";"146";
"4199";"54";"176";
"4199";"80";"2443";
"4199";"99";"67053";
"4199";"100";"67054";
"4199";"101";"18517";
"4199";"102";"18522";
"4200";"99";"66653";
"4200";"100";"66654";
"4201";"99";"66665";
"4201";"100";"66666";
"4202";"1";"187";
"4202";"49";"146";
"4202";"54";"177";
"4202";"80";"2453";
"4202";"99";"66963";
"4202";"100";"66964";
"4202";"101";"18519";
"4203";"99";"66685";
"4203";"100";"66686";
"4204";"99";"66695";
"4204";"100";"66696";
"4205";"1";"132";
"4205";"49";"6206";
"4205";"54";"176";
"4205";"80";"2446";
"4205";"99";"67037";
"4205";"100";"67038";
"4205";"101";"18517";
"4205";"102";"18522";
"4206";"1";"187";
"4206";"54";"178";
"4206";"80";"2439";
"4206";"99";"67025";
"4206";"100";"67026";
"4206";"101";"18517";
"4206";"102";"18522";
"4207";"1";"145";
"4207";"49";"6206";
"4207";"54";"177";
"4207";"59";"2410";
"4207";"80";"2434";
"4207";"99";"67019";
"4207";"100";"67020";
"4207";"101";"18518";
"4207";"102";"18522";
"4208";"1";"134";
"4208";"49";"13125";
"4208";"54";"178";
"4208";"59";"2410";
"4208";"66";"2417";
"4208";"77";"2430";
"4208";"80";"2443";
"4208";"99";"67017";
"4208";"100";"67018";
"4208";"101";"18518";
"4208";"102";"18522";
"4209";"1";"187";
"4209";"9";"29";
"4209";"11";"32";
"4209";"49";"6206";
"4209";"54";"176";
"4209";"69";"2420";
"4209";"88";"2469";
"4209";"95";"2476";
"4209";"99";"67681";
"4209";"100";"67682";
"4209";"101";"18518";
"4209";"102";"18522";
"4210";"1";"145";
"4210";"49";"6206";
"4210";"54";"177";
"4210";"80";"2444";
"4210";"99";"67001";
"4210";"100";"67002";
"4210";"101";"18517";
"4210";"102";"18522";
"4211";"1";"10394";
"4211";"49";"6206";
"4211";"54";"176";
"4211";"80";"2439";
"4211";"99";"67071";
"4211";"100";"67072";
"4211";"101";"18518";
"4211";"102";"18522";
"4212";"1";"10394";
"4212";"49";"6206";
"4212";"54";"176";
"4212";"80";"2439";
"4212";"99";"67049";
"4212";"100";"67050";
"4212";"101";"18518";
"4212";"102";"18522";
"4213";"1";"10394";
"4213";"49";"18506";
"4213";"54";"176";
"4213";"80";"2439";
"4213";"99";"66999";
"4213";"100";"67000";
"4213";"101";"18518";
"4213";"102";"18522";
"4214";"1";"10394";
"4214";"49";"18506";
"4214";"54";"176";
"4214";"80";"2439";
"4214";"99";"66997";
"4214";"100";"66998";
"4214";"101";"18518";
"4214";"102";"18522";
"4215";"1";"10394";
"4215";"8";"25";
"4215";"49";"18506";
"4215";"54";"176";
"4215";"67";"2418";
"4215";"77";"2430";
"4215";"80";"2439";
"4215";"81";"2429";
"4215";"85";"2466";
"4215";"91";"2473";
"4215";"99";"66987";
"4215";"100";"66988";
"4215";"101";"18517";
"4215";"102";"18522";
"4216";"1";"187";
"4216";"49";"6206";
"4216";"54";"178";
"4216";"99";"66985";
"4216";"100";"66986";
"4216";"101";"22208";
"4216";"102";"18522";
"4217";"58";"2409";
"4217";"66";"2417";
"4217";"98";"2479";
"4217";"99";"66895";
"4217";"100";"66896";
"4218";"1";"18861";
"4218";"49";"18507";
"4218";"54";"180";
"4218";"80";"2443";
"4218";"99";"66967";
"4218";"100";"66968";
"4218";"101";"18517";
"4218";"102";"18522";
"4219";"9";"27";
"4219";"10";"30";
"4219";"18";"50";
"4219";"19";"52";
"4219";"32";"88";
"4219";"48";"74";
"4219";"54";"177";
"4219";"58";"2409";
"4219";"86";"2468";
"4219";"91";"2473";
"4219";"98";"2479";
"4219";"99";"66891";
"4219";"100";"66892";
"4220";"99";"67097";
"4220";"100";"67098";
"4221";"99";"67099";
"4221";"100";"67100";
"4222";"99";"67101";
"4222";"100";"67102";
"4223";"99";"67103";
"4223";"100";"67104";
"4224";"1";"35859";
"4224";"49";"139";
"4224";"54";"176";
"4224";"80";"2439";
"4224";"99";"67513";
"4224";"100";"67514";
"4224";"101";"18518";
"4225";"1";"18533";
"4225";"48";"76";
"4225";"49";"124";
"4225";"54";"176";
"4225";"80";"2436";
"4225";"85";"2466";
"4225";"99";"67515";
"4225";"100";"67516";
"4225";"101";"18518";
"4226";"1";"13122";
"4226";"49";"13125";
"4226";"54";"177";
"4226";"80";"2444";
"4226";"85";"2466";
"4226";"99";"67509";
"4226";"100";"67510";
"4226";"101";"18518";
"4226";"123";"44502";
"4227";"1";"4279";
"4227";"49";"117";
"4227";"54";"180";
"4227";"80";"2453";
"4227";"99";"67497";
"4227";"100";"67498";
"4227";"101";"18518";
"4228";"1";"134";
"4228";"49";"13125";
"4228";"54";"178";
"4228";"80";"2436";
"4228";"99";"67567";
"4228";"100";"67568";
"4228";"101";"18518";
"4228";"102";"18522";
"4229";"1";"18533";
"4229";"49";"124";
"4229";"54";"178";
"4229";"80";"2436";
"4229";"99";"67521";
"4229";"100";"67522";
"4229";"101";"18518";
"4229";"102";"18522";
"4230";"1";"123";
"4230";"49";"124";
"4230";"54";"177";
"4230";"80";"2436";
"4230";"99";"67389";
"4230";"100";"67390";
"4230";"101";"18518";
"4231";"1";"49146";
"4231";"9";"18669";
"4231";"54";"178";
"4231";"99";"67523";
"4231";"100";"67524";
"4231";"101";"18518";
"4231";"102";"18615";
"4232";"57";"2408";
"4232";"99";"67325";
"4232";"100";"67326";
"4232";"101";"18518";
"4232";"102";"18522";
"4233";"57";"2408";
"4233";"99";"67335";
"4233";"100";"67336";
"4233";"101";"18518";
"4233";"102";"18522";
"4234";"1";"141";
"4234";"49";"6081";
"4234";"54";"178";
"4234";"57";"2408";
"4234";"99";"67677";
"4234";"100";"67678";
"4234";"101";"18518";
"4234";"102";"18522";
"4235";"1";"141";
"4235";"49";"6081";
"4235";"54";"178";
"4235";"57";"2408";
"4235";"99";"67679";
"4235";"100";"67680";
"4235";"101";"18518";
"4235";"102";"18522";
"4236";"1";"2494";
"4236";"54";"177";
"4236";"80";"2439";
"4236";"99";"67377";
"4236";"100";"67378";
"4236";"101";"18519";
"4237";"1";"13122";
"4237";"48";"75";
"4237";"49";"117";
"4237";"54";"178";
"4237";"80";"2436";
"4237";"99";"67381";
"4237";"100";"67382";
"4237";"101";"18518";
"4238";"1";"18861";
"4238";"49";"18507";
"4238";"54";"179";
"4238";"80";"2450";
"4238";"99";"67387";
"4238";"100";"67388";
"4238";"101";"18517";
"4239";"1";"125";
"4239";"49";"117";
"4239";"85";"2466";
"4239";"99";"67395";
"4239";"100";"67396";
"4239";"101";"18517";
"4240";"1";"4279";
"4240";"54";"178";
"4240";"79";"2431";
"4240";"80";"2436";
"4240";"81";"2429";
"4240";"83";"2464";
"4240";"86";"2468";
"4240";"89";"2471";
"4240";"98";"2479";
"4240";"99";"67583";
"4240";"100";"67584";
"4240";"101";"18518";
"4240";"102";"18522";
"4241";"1";"33296";
"4241";"9";"18614";
"4241";"54";"176";
"4241";"99";"67561";
"4241";"100";"67562";
"4241";"101";"18518";
"4241";"102";"18615";
"4242";"99";"67433";
"4242";"100";"67434";
"4242";"101";"18518";
"4242";"102";"18522";
"4242";"123";"44504";
"4243";"99";"67443";
"4243";"100";"67444";
"4243";"101";"18518";
"4243";"102";"18522";
"4243";"123";"44504";
"4244";"1";"18533";
"4244";"49";"139";
"4244";"99";"67495";
"4244";"100";"67496";
"4244";"101";"18518";
"4244";"102";"18522";
"4244";"123";"44504";
"4245";"1";"4279";
"4245";"54";"180";
"4245";"80";"2434";
"4245";"99";"67493";
"4245";"100";"67494";
"4245";"101";"18518";
"4245";"102";"18522";
"4246";"9";"18614";
"4246";"48";"75";
"4246";"54";"177";
"4246";"99";"67599";
"4246";"100";"67600";
"4246";"101";"18518";
"4246";"102";"18615";
"4246";"123";"44503";
"4247";"1";"49146";
"4247";"49";"24690";
"4247";"54";"179";
"4247";"80";"2438";
"4247";"99";"67491";
"4247";"100";"67492";
"4247";"101";"18517";
"4248";"99";"67663";
"4248";"100";"67664";
"4248";"101";"18517";
"4248";"102";"18522";
"4249";"1";"187";
"4249";"49";"6206";
"4249";"54";"176";
"4249";"80";"2442";
"4249";"99";"67913";
"4249";"100";"67914";
"4249";"101";"18517";
"4249";"102";"18522";
"4250";"1";"145";
"4250";"8";"26";
"4250";"9";"27";
"4250";"19";"52";
"4250";"49";"24690";
"4250";"54";"179";
"4250";"67";"2418";
"4250";"76";"2424";
"4250";"80";"2441";
"4250";"81";"2429";
"4250";"99";"67911";
"4250";"100";"67912";
"4250";"101";"18517";
"4250";"102";"18522";
"4250";"103";"18527";
"4251";"8";"26";
"4251";"9";"27";
"4251";"19";"52";
"4251";"67";"2418";
"4251";"76";"2424";
"4251";"81";"2429";
"4251";"99";"67847";
"4251";"100";"67848";
"4251";"101";"18517";
"4251";"102";"18522";
"4251";"103";"18527";
"4252";"1";"18861";
"4252";"49";"18507";
"4252";"54";"179";
"4252";"59";"2410";
"4252";"66";"2417";
"4252";"67";"2418";
"4252";"77";"2430";
"4252";"80";"2441";
"4252";"99";"67909";
"4252";"100";"67910";
"4252";"101";"18518";
"4252";"102";"18522";
"4253";"99";"67737";
"4253";"100";"67738";
"4253";"101";"18517";
"4254";"1";"132";
"4254";"9";"18669";
"4254";"54";"177";
"4254";"59";"2410";
"4254";"80";"2441";
"4254";"99";"67907";
"4254";"100";"67908";
"4254";"101";"18518";
"4254";"102";"18522";
"4255";"1";"127";
"4255";"49";"146";
"4255";"54";"176";
"4255";"80";"2443";
"4255";"99";"67899";
"4255";"100";"67900";
"4255";"101";"18517";
"4255";"102";"18522";
"4256";"1";"132";
"4256";"49";"18507";
"4256";"54";"176";
"4256";"80";"2443";
"4256";"99";"67887";
"4256";"100";"67888";
"4256";"101";"18517";
"4256";"102";"18522";
"4257";"99";"67779";
"4257";"100";"67780";
"4257";"101";"18517";
"4257";"102";"18522";
"4258";"59";"2410";
"4258";"99";"67791";
"4258";"100";"67792";
"4258";"101";"18518";
"4258";"102";"18522";
"4259";"1";"134";
"4259";"49";"13125";
"4259";"54";"180";
"4259";"59";"2410";
"4259";"99";"67881";
"4259";"100";"67882";
"4259";"101";"18517";
"4259";"102";"18522";
"4260";"1";"49149";
"4260";"9";"18669";
"4260";"49";"6206";
"4260";"54";"177";
"4260";"80";"2450";
"4260";"99";"67969";
"4260";"100";"67970";
"4260";"101";"18517";
"4260";"102";"18522";
"4261";"1";"132";
"4261";"49";"18507";
"4261";"54";"177";
"4261";"80";"2443";
"4261";"99";"67875";
"4261";"100";"67876";
"4261";"101";"18517";
"4261";"102";"18522";
"4262";"1";"134";
"4262";"9";"18614";
"4262";"49";"23699";
"4262";"54";"176";
"4262";"80";"2443";
"4262";"84";"2463";
"4262";"86";"2468";
"4262";"96";"2478";
"4262";"99";"67963";
"4262";"100";"67964";
"4262";"101";"22388";
"4262";"102";"18615";
"4263";"58";"2409";
"4263";"60";"2411";
"4263";"91";"2473";
"4263";"99";"67897";
"4263";"100";"67898";
"4264";"59";"2410";
"4264";"66";"2417";
"4264";"67";"2418";
"4264";"99";"67953";
"4264";"100";"67954";
"4265";"1";"187";
"4265";"8";"25";
"4265";"14";"42";
"4265";"17";"48";
"4265";"19";"52";
"4265";"32";"87";
"4265";"49";"6206";
"4265";"54";"177";
"4265";"59";"2410";
"4265";"66";"2417";
"4265";"67";"2418";
"4265";"68";"2419";
"4265";"76";"2424";
"4265";"81";"2429";
"4265";"86";"2468";
"4265";"87";"2467";
"4265";"99";"68085";
"4265";"100";"68086";
"4265";"101";"18518";
"4265";"102";"18522";
"4266";"1";"49146";
"4266";"49";"24690";
"4266";"54";"178";
"4266";"67";"2418";
"4266";"69";"2420";
"4266";"76";"2424";
"4266";"77";"2430";
"4266";"78";"2432";
"4266";"80";"2462";
"4266";"81";"2429";
"4266";"85";"2466";
"4266";"88";"2469";
"4266";"95";"2476";
"4266";"99";"68083";
"4266";"100";"68084";
"4266";"101";"18517";
"4266";"102";"18522";
"4267";"1";"18861";
"4267";"49";"18507";
"4267";"54";"179";
"4267";"59";"2410";
"4267";"66";"2417";
"4267";"67";"2418";
"4267";"77";"2430";
"4267";"80";"2441";
"4267";"99";"68081";
"4267";"100";"68082";
"4267";"101";"18518";
"4267";"102";"18522";
"4268";"1";"121";
"4268";"49";"26685";
"4268";"54";"177";
"4268";"60";"2411";
"4268";"66";"2417";
"4268";"80";"2440";
"4268";"82";"2465";
"4268";"99";"68077";
"4268";"100";"68078";
"4268";"101";"18518";
"4268";"102";"18522";