"Comment ID";Customer;Rating;"Product ID";"Order detail ID";"Parent ID";Status;comment;"Add time"
"3802";"Анастасія";"5";"3294";"0";"0";"0";"Неперевершений сорт вербозілля. Дуже довго на нього ”полювала” і нарешті знайшла. Безмежно вдячна розпліднику Зелені Янголи за здійснену мрію ???? Дуже рекомендую до співпраці. Рослинка повністю відповідає актуальним фото на сайті. Все чудово доїхало, пакування - більше ніж надійне. Гарних Вам продажів та процвітання Вашій справі ???????? ";"2026-07-11 22:08:02"
"3800";"Ігор";"1";"3384";"0";"0";"0";"В минулому році замовляли крупнолисту гортензію Пешн, в цьому році зацвіла і виявилось це геть не те що ми замовляли, після такої співпраці відгук негативний.";"2026-07-07 15:07:08"
"3799";"Людмила ";"1";"0";"0";"0";"0";"Замовляла сакури 2 штуки, прийшли гарно упаковані, але після посадки обидві засохли. Нажаль не можу рекомендувати цей розсадник. ";"2026-07-06 20:21:25"
"3798";"Юлия";"1";"0";"0";"0";"0";"Поверніть будь ласка передоплату, якщо ви не збираєтесь відправляти замовлення";"2026-07-06 14:15:33"
"3797";"Юлия";"1";"0";"0";"0";"0";"Підкажіть по замовленню 73834, вже тиждень сплатила передоплату, і немає повідомлень чи дзвінків";"2026-07-05 19:12:35"
"3796";"Юлия";"5";"1729";"0";"0";"0";"Підкажіть по відправці, вже тиждень як оплатила і ніяких повідомлень чи дзвінків від вас";"2026-07-05 19:09:50"
"3795";"Ольга";"5";"0";"0";"0";"0";"Заказывала будлею. Когда стала подрастать , то обнаружила, что это эхинацея. У молодых растений листья очень похожи. На моё обращение не отреагировали. ";"2026-07-03 01:42:18"
"3794";"Катерина Голуб";"5";"1467";"0";"0";"0";"просто прекрасні саджанці, такого шикарного розміру ви не знайдете в Україні ніде,крім 'Зелених янголів', я посадила 2 тижні назад,прекрасно прийнялося. Попередньо замовляла в 'Агромаркеті' прийшло сіно,розміром 5 см, а ціна дорожче була чим тут. Замовляйте-не пожалієте. ";"2026-07-02 10:32:10"
"3793";"Катерина Голуб";"5";"104";"0";"0";"0";"Купувала на розсаднику півтора місяця назад, рослинки гарні, високі, всі прийнялися, ціна дуже приємна, все сподобалось, за майбутніми рослинками тільки сюди.  ";"2026-07-02 10:27:26"
"3792";"Лариса";"5";"0";"0";"0";"1";"Доброго дня! Хочу подякувати всім співробітникам розсадника 'Зелені Янголи' за чудові, красиві рослинки. Замовляла у різних продавців, але Зелені Янголи-самі найкращі. Завжди рослинки великі, здорові, гарно, з турботою і любов'ю упаковані. Відчувається, що у розсаднику все робиться з душею!
Вже не перший раз замовляю у вас рослинки і все, як завжди, на висоті!  
Цей раз замовляла цеанотус, 2 білі гаури, 3 дейції і сонях. Рослинки до мене їхали 4 дні(робила переадресацію), але всі живі! Дякую-дяк";"2026-06-29 15:09:47"
"3791";"Карина";"5";"0";"0";"0";"1";"Дякую велике за рослини, вони вдуже гарному стані та дуже гарно були упаковані і влажні ще навіть були при +37!я чесно кажучи дуже переживала і дарма. Буду замовляти тільки у вас???? Я знайшла свій найкращий магазин з рослинами. Дякую ";"2026-06-29 00:00:00"
"3790";"Ірина";"5";"0";"0";"0";"1";"Перший раз замовляла в цьому розсаднику.Сьогодні отримала рослини,дуже дякую!Приємно вражена станом рослин,упаковкою.Не дивлячись на доставку до Дніпра в два дні,спеку-рослини в чудовому стані.Зараз приймають ванночки перед висадкою.Я дуже задоволена.";"2026-06-27 21:51:54"
"3789";"Бажо Тамара";"5";"0";"0";"0";"1";"Це чудовий розсадник. Замовляла кілька разів рослини, декілька рослин виграла, прийиаючи участь в зборах на ЗСУ. Рослини розкішні, упаковані надійно. Рекомендую.";"2026-06-27 13:42:22"
"3788";"Марта ";"5";"3942";"0";"0";"0";"Добрий день 
Цікавлять кущі лавровишні висотою +-80 см
Які маєте в наявності?
0634320405
Надішліть мені фото ";"2026-06-26 17:47:19"
"3787";"Олена Бурма";"5";"3607";"0";"0";"1";"Екзотична рослина, яскрава і ніжна.
Давно було бажання придбати як згадку про море, де ростуть подібні, але зелені. З незвичним листям, що закривається на ніч, із  солодкавим парфумом квітів.
Сподіваюся, що переживе зиму, буду вкривати";"2026-06-26 13:36:55"
"3786";"Інна";"5";"0";"0";"0";"1";"У 'Зелених янголів' купуємо рослини вже декілька років. Саджанці завжди гарні й пакування на висоті - незалежно від розмірів горщиків. Якщо ми маємо питання щодо рослин - менеджер завжди пояснює. Якщо на сайті примітка ' потребує погодження' - декілька фото рослин обов'язково надсилають. Дякуємо за зелених янголяток та вашу працю;";"2026-06-25 17:34:49"
"3785";"Інна";"5";"0";"0";"0";"1";"У 'Зелених янголів' замовляємо рослини для свого саду вже декілька років. Рослини завжди гарної якості та добре запаковані - незалежно від розміру горщика. Якщо ми маємо  запитання щодо замовлення - менеджер ввічливо розказує що і як. Завжди надсилають фото , якщо на сайті примітка ' погодження'. Дякуємо за зелених янголяток й вашу працю!";"2026-06-25 17:05:01"
"3784";"Харчук Наталія ";"5";"0";"0";"0";"1";"Дякую за рослини. Пакування - професіонали. Рослини -здорові та красиві.Я у захваті.Наснаги Вам та здоров'я усім вашим співробітникам.";"2026-06-25 10:41:25"
"3783";"Ольга";"5";"4074";"0";"0";"1";"Чудова троянда. Повноцінний кущик в горщику. Вже підготувала для неї місце на клумбі)";"2026-06-24 20:19:41"
"3782";"Olena SMOLIARENKO";"5";"3733";"0";"0";"1";"Багато років замовляю рослини ! Дуже задоволена якістю та сервісом ! ";"2026-06-24 18:46:34"
"3781";"Юлія";"5";"0";"0";"0";"1";"Рослини прийшли в плачевному стані, мабуть їм ті горщики давно були за малі, тож рослини в них мучались. Гортензія зовсім не сформовані, листя маленьке, жовтого кольору. Видно, що давно не було ніяких підживок. Ділюся фото, для порівняння мої дві Петіт Чері та Петіт Стар та ваші.";"2026-06-24 16:31:10"
"3780";"Оксана Кучер";"5";"1763";"0";"0";"0";"Дуже задоволена якістю рослинок????";"2026-06-23 15:52:52"
"3779";"Оксана Кучер";"5";"1744";"0";"0";"0";"????❤️ неймовірні рослинки";"2026-06-23 15:50:06"
"3778";"Оксана";"5";"2264";"0";"0";"1";"Отримувала з різних розплідників різні рослини: і слабкі, і нормальні, і хороші. Але ваші - довершені. Шавлія міцна, яскрава, блискуча, прекрасно вкорінена. Дякую! ";"2026-06-21 12:11:11"
"3777";"Олена";"5";"0";"0";"0";"1";"Величезне дякую за отриману красу. Замовляла туі Смарагд, Бробекс Тауер та цеанотус Блу Маунд. Я в захваті від якості рослин, все гарно запаковано, нічого не пошкодилось, не зім'ялось ще прмємною несподіванкою були вирізані в коробці віконця, щоб рослинки дихали. Дякую команді Янголів - Ви неймовірні. ";"2026-06-21 06:46:47"
"3776";"Людмила";"5";"3673";"0";"0";"1";"Писала вище, отримала гарний кущик.Пересадила в свіжу грунтосуміш ,але вона так і не почала розвиватись, поступово чахла і вмерла.Цікаво,як в інших покупців склалась історія з цим сортом?";"2026-06-21 06:41:21"
"3775";"Олена";"5";"0";"0";"0";"1";"Доброго дня! Отримала саджанці сосни веймутової та гімалайської. Чудові сосни. Веймутова навіть більша ніж замовляла. Саджанці в горщиках, гарно запаковані, доїхали свіженькі, ціленькі. Дякую Вам за доставлену радість. Процвітання садовому центру, більше задоволенних клієнтів і Миру нам всім! ";"2026-06-20 11:46:11"
"3774";"Нерушенко Тетяна Вікторівна ";"5";"0";"0";"0";"1";"Замовляла три сорти гортензії, саджанці просто неймовірно шикарні кущики, і пакування на вищому рівні, я досі в легкому шоці). Дуже приємно отримувати такі посилки, від всього серця щиро  дякую всій вашій команді!!";"2026-06-19 14:38:22"
"3773";"Брюшкова Людмила ";"5";"0";"0";"0";"1";"Вчора отримала свої рослинки . Замовляла шавлії та вероніки . Розлини чудові , всі доїхали цілі , хоча в дорозі були 30 годин.
Пакування супер , доставка швидка , від замовлення до отримання пройшло меньше тижня. Я в ЗАХВАТІ . Всім дуже ДЯКУЮ, Розсадник рекомендую.
Дійно розлинки вирощені з душею .";"2026-06-19 08:41:07"
"3772";"HelenPoimi";"5";"572";"0";"0";"0";"[b]Beautiful hot bodies![/b] 
[b]Complete freedom of action![/b] 
[url=https://is.gd/6KHCaG][b]Feel like a big boss right now![/b][/url]";"2026-06-18 07:16:10"
"3771";"Олена Варич";"5";"0";"0";"0";"1";"Доброго дня, отримала замовлення , дуже задоволена, рослини гарно упаковані у відмінному стані. Надалі буду замовляти у вас, бо ви надійні, оперативні. Щиро дякую.";"2026-06-16 08:23:01"
"3770";"Ірина Дегусар ";"5";"3366";"0";"0";"1";"Ялівці прийшли в ідеальному стані,ком землі не розсипався при транспортуванні, відмінне пакування.
Дякую усій команді Зелених Янголів!";"2026-06-13 19:58:53"
"3768";"Віктор Поляков ";"5";"0";"0";"0";"1";"Хотів не писати,АЛЕ я знову попав на заздалегідь викопаний саджанець (який мені впарили за 1800 гр)а через два дні на свіжо викопані ціна чомусь стала різко майже на 1000гр дорожче….
Резюме…як і колись з купресоципарісами,туя тупо здохла за 10 днів,хоча висаджена по технології і заливалася радіфармом,як сказав мій агроном,що на ній навіть не було видно цьогорічної точки росту.
Я поспішив з попереднім відгуком,не завжди в гарній упаковці ,якісний товар.
Це звичайний розвод.";"2026-06-11 13:15:40"
"3769";"Тетяна ";"5";"0";"0";"0";"1";"Щиро вдячна за саджанці гортензії. Замовляла Лайм Лайт і Кендл. Всі саджанці гарно запаковані і прийшли неушкоджені. Двохрічні навіть цвіт починають розпускати .Рекомендую продавця!";"2026-06-11 00:00:00"
"3767";"Тарасенко Валентина";"5";"0";"0";"0";"1";"Сьогодні зробила вже третє замовлення цього року (по мірі готовності ділянок під висадку рослин). Рослини з двох попередніх  замовлень - здорові саджанці з розвиненою кореневою системою та гарними паростками, деякі з бутонами та квітими. Пакування рослин - з розумінням, доставка досить швидка.  Дякую за відповідальне ставлення до своєї роботи! Бажаю компанії процвітання, персоналу - задоволення від своєї роботи, морального і матеріального. Всім МИРУ, міцного здоров’я!";"2026-06-09 13:20:41"
"3766";"Наталія";"5";"0";"0";"0";"1";"Доброго дня! Хочу висловити вам щиру вдячність за квіти які мені прислали.  Мені дуже сподобалось якість та цілісність . ДЯКУЮ ! здоровʼя вашим рукам)";"2026-06-09 00:00:00"
"3765";"Тетяна Савченко";"2";"1802";"0";"0";"1";"Добрий день. У минулому році 2025 купила та висадила, але нажаль вимерз у Київській обл. Всі 10 штук загинули, нажаль. Тому не рекомендую для тих, хто хоче не заморочуватись. ";"2026-06-08 18:55:25"
"3764";"Софія Бондарева";"5";"2737";"0";"0";"1";"Приїхали два гарних кущики. Добре переносить посуху і яскраве пекуче сонце. Якщо занадто сухо - починає в'янути але одразу повертає тугор як тільки полити. Єдине - через вітер отримує механічні кошкодження листя ( чорні цятки на полоски) коли листя та гілки труться один об одного. ";"2026-06-08 13:01:12"
"3763";"Софія Бондарева";"5";"30";"0";"0";"1";"Приїхав гарний саджанець, десь 1м. заввишки на 2 гілки. Гарно тримається на яскравому сонці ( не горить і не в'яне листя)  - поки вкорінюється тож більше сказати не можу.";"2026-06-08 12:54:55"
"3762";"Софія Бондарева";"5";"1467";"0";"0";"1";"Гарно запаковані саджанці приїхали. Вже пишні невеличкі кущики - завжди подобалось як їх колихає вітер. На східній Україні наче добре переживають зиму і без вкривання ( пережили -26). Замовила доповнити композіцію та посадила біля Гаури.";"2026-06-08 12:48:22"
"3761";"Софія Бондарева";"5";"3729";"0";"0";"1";"Дуже гарні саджанці з розвиненою кореневою. Квітне і росте до самих морозів, пишний охайний кущ з багатьма квітами, насичені темні кольори - дуже радує око! Едине - не переживає заморозків на східній Україні, треба вкривати на зиму.";"2026-06-08 12:44:12"
"3760";"Ольга ";"5";"0";"0";"0";"1";"Получила и уже посадила Вейгелу. Была  хорошо упакована и доехала в хорошем состоянии. Очень нравятся качество растений, не первый год покупаю. Хорошо приживаются.  Мирного Вам неба.";"2026-06-04 19:52:11"
"3759";"Луценко Ірина";"5";"0";"0";"0";"1";"Замовляла 5 туй Аурея Нана.Сьогодні нарешти іх отримала.Які ж вони гарні! Дякую всім хто виростів таку красу.Запаковані ж вони були добротно.Мені все сподобалось.Бажаю процвітання цьому розсаднику.";"2026-05-29 20:35:47"
"3758";"Віктор";"5";"723";"0";"0";"1";"Добрий день!
Щиро Вам дякую,за такі чудові садженці,якість на вищому рівні!
Туя і ялівці приїхали  чудово,туя взагалі як тільки викопана,дякую за пакування !
";"2026-05-26 00:00:00"
"3757";"Alisia ";"5";"467";"0";"0";"1";"Замовляла троянду Вайт фейрі, неймовірно задоволена якістю! Рослини чудово виглядають, немає пошкоджених або захворівших гілок, гарне пакування. 
";"2026-05-25 23:00:16"
"3756";"Шкуропат Віта ";"5";"0";"0";"0";"1";"Дякую!!! Вейгели чудові! Так надійно гарно запаковано!!! Рекомендую покупцям! Процвітання Вам під мирним небом!";"2026-05-25 12:11:53"
"3755";"Марина";"5";"0";"0";"0";"1";"Щиро дякую Вам за вашу працю! Багато років замовляю рослини для власного саду і на подарунок. Всі рослини гарної якості, добре запаковані. Ви найкращі! Мирного неба та перемоги!";"2026-05-21 12:16:56"
"3754";"Катерина Фурсова";"5";"2195";"0";"0";"1";"Вперше замовила у вас рослинки. Я в повному захваті! Неймовірно гарні рослини, пакування дуже якісне, стан рослин на висоті. Сподіваюсь, що буду замовляти ще. На жаль, робила перше замовлення без реєстрації на сайті. Замовляла три спіреї, вейгелу, форзицію, тирлич. Дуже вам дякую!";"2026-05-19 11:04:25"
"3753";"Євген";"5";"3258";"0";"0";"1";"Довго я полював на цей сорт, замовляв в інших продавцв 3 рази до цьго. І отримував кволе розчарування.
І в цей раз садженець прийшов не такий як на фото. А на здивування, ще кращий: великий густий, сповза пагонами з горщика. Невисокий та щільний - ідеал. Квіти насиченого кольору. 10/10! Навіть не очікував. Однозначно раджу!";"2026-05-16 21:27:55"
"3750";"Свiтлана";"5";"0";"0";"0";"1";"Велике,вклике Вам Дякую!!!Дуже гарнi росинки жимолостi, Врни наче и не буди в далекий дорозi.";"2026-05-16 15:56:56"
"3749";"Лариса";"5";"0";"0";"0";"1";"Замовила кольквіцію, рослина була надійно запакована у гарному стані.
Дякую за вашу працю";"2026-05-14 20:29:31"
"3748";"Оксана";"5";"0";"0";"0";"1";"Вперше скористалась послугами цього розсадника, дочекалась посилочку і була дуже вражена : рослинки неймовірно гарні, пакування архінадійне)))), інструкція щодо подальшого поводження з ними - то окрема подяка). Вдячна Вам за нелегку працю, що дарує людям красуі радість). Сподіваюсь на подальшу співпрацю).";"2026-05-07 12:21:10"
"3747";"Наталія Дзюбак";"3";"2115";"0";"0";"1";"Замовляла 2 саджанці.
Один прийшов гарний, а другий сумнівної якості.  Листя було світло-салатове (на фото видно), і цей садженець, на жаль, не прижився.";"2026-05-06 19:01:15"
"3746";"Анна ";"5";"3942";"0";"0";"1";"Замовлення лавровишні (Genolia) залишило дуже приємне враження.
Саджанці якісні, з міцною кореневою системою, добре запаковані та відповідають опису.
Сервіс уважний";"2026-05-04 08:04:34"
"3745";"Andrey Ivanchenko";"5";"2510";"0";"0";"0";"Recently I needed detailed information about my laptop model. While 
looking for answers I discovered https://znayka.com.ua. 
I couldn’t find accurate hardware information on most websites. Many sources were too general. 
On this site I found a detailed description of the laptop model, along with illustrations that made everything much easier to understand. 
I can confidently recommend this resource if you want reliable information about laptops and hardware upgrades.";"2026-04-25 15:26:18"
"3744";"Carolynscate";"5";"572";"0";"0";"0";"Want the girl you've wanted your whole life? 
Make her your own and fuck her however you want! 
[url=https://is.gd/7msenw]Try it right now![/url]";"2026-04-25 06:02:36"
"3743";"Любов";"5";"561";"0";"0";"0";"Краса сукуленти";"2026-04-24 11:44:43"
"3742";"Марина";"5";"0";"0";"0";"1";"Купила 3 кущі даванди з доставкою до м. Буча. Перше приємне здивування було від надійного пакування, рослини не мали жодного шансу пошкодитися. Друге - інструкція щодо правильної висадки рослин на постійне місце. Ну і головне - якість рослин і кореневої. Коріння повністю заповнило горщик, видно, що рослина здорова, міцна й чудово виглядає. Єдиний мінус - це те, що я раніше не знала про цей розплідник. 
Тепер я буду постійною клієнткою. 
";"2026-04-22 18:11:48"
"3741";"Павло ";"5";"0";"0";"0";"1";"Купував Купресоципарис Лейланда, залишився дуже задоволений! Рослина була у відмінному стані: здорова, доглянута й справді дуже красива. Видно, що за рослинами тут добре слідкують і дбають про якість.

Окремо хочу відзначити приємне обслуговування, допомогли з вибором і дали корисні поради щодо догляду. Однозначно рекомендую цей садовий центр усім, хто шукає якісні рослини та хороший сервіс.";"2026-04-18 18:57:36"
"3740";"Галина";"5";"0";"0";"0";"1";"Дякую за надійність, оперативність, порядність і бездоганну якість рослинок! Замовила тирлич (горечавку), азореллу, криптомерію японську і айстру верескову. Коли відкрила посилку на Новій пошті  - нестримно, по-дитячому захотілося показати всім, які рослинки прийшли всі красуньки, міцненькі і яскравенькі Ледь стрималася, щоб не похвастатися. Особливо ультрамаринового кольору тирличом) світилася від щастя, як той тирлич) 
Щиро дякую!  ";"2026-04-17 21:14:23"
"3739";"Юлія";"5";"0";"0";"0";"1";"Дуже шкода, але 'Зелені янголи' вже не ті. Сервіс, комунікація, підхід до клієнта на 0.";"2026-04-16 19:11:03"
"3738";"Марина";"5";"2188";"0";"0";"1";"Дуже гарниі рослинки,приїхали швидко, класно упаковані, дякую і рекомендую";"2026-04-16 07:42:16"
"3737";"Марина";"5";"2882";"0";"0";"1";"Дуже гарний саджанець,приїхав швидко,класно упакований. Дуже красива азалія, дякую";"2026-04-16 07:38:20"
"3736";"Жанна";"5";"3853";"0";"0";"1";"Чесно кажучи не очікувала таких шикарних горщиків! З них не 2 пагони а вони прям густі і пишні! Дуже здивована, величезне дякую!";"2026-04-15 18:19:20"
"3732";"Аліна ";"5";"0";"0";"0";"1";"Дякую  за гарний товар. Брала гортензію Втікачка. Гарно упакована, адекватна ціна. Можу тільки побажати розквітання вам.";"2026-04-11 11:03:47"
"3731";"Ірина ";"5";"0";"0";"0";"1";"Замовила рослини кипариси Фастігіата та Тотем, османтус ,бересклет японський. Рослини дуже якісні,  гарно запаковані. Дякую за вашу працю. ";"2026-04-10 15:19:41"
"3729";"Олексій Єгоров";"5";"3562";"0";"0";"1";"Жасмин Бісу - великий добре розвинений саджанець, купував у минулрму році. Протягом сезону добре виріс, приріст порядку 2 метрів, старі гілки квітували маленькими червоними яскравими квітками але поки без аромату. Кажуть, що мають слабкий аромат. Найприємніше - ВИТРИМАВ ЗИМУ 2025-26 у місті Запоріжжі (тривале заморожування грунту - 5 тижнів), зараз почалося відростання пагонів";"2026-04-09 08:45:52"
"3727";"Юлія Купчинська";"5";"3763";"0";"0";"1";"Замовляла в березні 2026 року. Рослина приїхала в гарному стані, гарна коренева, листя крупні, соковиті, а особливо порадували квіти- дуже яскраві, малинового кольору! Дякую! ";"2026-04-07 13:27:14"
"3725";"Тетяна";"5";"3764";"0";"0";"0";"рослини гарні, продавець непорядний, предоплату одержав, а не врахував її при розрахунку на пошті";"2026-04-06 21:13:38"
"3724";"Оксана ";"5";"820";"0";"0";"1";"Гарний прийшов, великий для 5 л.горщика, коренева велика, розвинена. Дякую!";"2026-04-06 19:35:46"
"3723";"Оксана ";"5";"1195";"0";"0";"1";"Барбариси прийшли прекрасні, доглянуті, з великою кореневою, дуже дбайливо запаковані. Дякую за красу";"2026-04-06 18:09:43"
"3722";"Олексій Єгоров";"1";"0";"0";"0";"0";"ЗА ЯКОЮ АДРЕСОЮ ВІДПРАВЛЕНЕ ЗАМОВЛЕННЯ 3095 ???????
";"2026-04-03 19:20:43"
"3721";"Ольга";"1";"3635";"0";"0";"1";"Троянда не пережила зиму в перший рік після посадки при укритті садовим бинтом. джутовим пристволовим колом та ковпаку з агроволокна- всі інші троянди пережили нормально. а ця засохла до точки підвою. Квітла влітку чудово і рясно. але тепер доведеться шукати заміну";"2026-04-02 17:41:05"
"3720";"Олена";"5";"0";"0";"0";"1";"Дякую за чудову рослину! Замовила рододендрон грандіфлорум. Прийшов гарний кущ вчасно,  відмінно запакований, жодна брунька при транспортуванні не постраждала. Дуже задоволена якістю роботи та зовнішнім видом рослини. Дякую.";"2026-03-31 07:44:22"
"3719";"Наталя";"5";"0";"0";"0";"0";"Доброго дня. Отримала дуже чудові рослини ялівець скельний «Блу Ароу». Дякую за швидку доставку, гарну упаковку та чудові рослини????Буду замовляти ще.";"2026-03-30 13:31:57"
"3718";"Наталія";"5";"3414";"0";"0";"1";"Отримала рослинки. Пакування супер! Доїхали чудово, та окремо дяка за різні кольори! Ви найкращі!";"2026-03-27 16:46:41"
"3717";"Юлія";"5";"0";"0";"0";"0";"Отримала посилку з рослинами на НП. Геть усе перевернуто, рослини випали з горщиків. Думаю при відправці слід писати де верх";"2026-03-25 20:33:03"
"3716";"Володимир";"5";"1180";"0";"0";"0";"Замовляв в минулому році дейцію варієгата восени, прийшла без листя. Дивним було те що навіть на молодому прирості листя не було, як наче його хтось обдер.
Зараз відросла, як виявилось з звичайним зеленим листям. Більше замовляти не буде вже другий раз таке кидалово, розсадний перевівся.";"2026-03-25 13:45:28"
"3715";"Javiddet";"5";"1068";"0";"0";"0";"Мережевий простір України отримав черговий корисний ресурс — [url=https://iophoi.icu/]каталог веб-сайтів[/url], покликаний об'єднати різнопланові українські сайти. 
 
Новостворений портал акумулює адреси веб-сторінок, що розкривають чимало різних напрямків. Каталог включає сайти загальнодержавного значення, а також ті, що концентруються на розвитку локальних територій. 
 
Місія проєкту — запропонувати простий стартовий майданчик для інтернет-аудиторії, які полюють на якісний вітчизняний контент на будь-яку вподобану тематику: від новинної стрічки та політики до матеріалів з історії, молодіжних питань, стилю життя, активізму та публіцистики. 
 
Представлений навігатор націлений на пересічних громадян та запрошує до партнерства з редакціями, представниками преси та рекламодавцями, які прагнуть бути помітними в українському інформаційному полі";"2026-03-19 00:42:14"
"3714";"OliveaTix";"5";"3002";"0";"0";"0";"Як я подружилася з мультиваркою 
 
Зовсім недавно мої стосунки з кухнею були, м'яко кажучи, напруженими. Я могла спалити яєчню або зіпсувати найпростіші страви. Тому, коли на день народження мені подарували мультиварку, я подивилася на це скептично. 
 
Перші два тижні я боялася її навіть увімкнути. Вона стояла на стільниці, чорна та блискуча, наче літаюча тарілка. Але голод не зважає на страхи, і я таки наважилася її увімкнути. 
 
На [url=https://recepti-dlya-multivarki.icu/]блозі[/url] знайшла найпростіший рецепт 'Ліниві голубці'. Назва мене підбадьорила. Я завантажила в чашу фарш, капусту, рис і додала томатним соком. Натиснула кнопку 'Гасіння' — і затамувала подих. 
 
За годину квартирою поплив такий запах, що чоловік визирнув із кімнати в подиві: 'Ти що, справді готуєш?'. 
 
Коли я зазирнула всередину, то була вражена. Це була справжня страва! Пахуча, гаряча і дуже апетитна! Ми поласували нею за лічені хвилини. 
 
Тепер ми з мультиваркою - найкращі подруги. Вона пробачає мені всі помилки: у ній нічого не горить і не втікає і не стріляє олією. Я навчилася розуміти її мову — мову таймерів і режимів. І хоч друзі жартують, що я не готую, а 'натискаю кнопки', я знаю: справжня магія починається саме тоді, коли ти перестаєш боятися спробувати.";"2026-03-12 21:51:24"
"3713";"Валентина Евсікова";"5";"2249";"0";"0";"1";"Трясунка середня, яка ж вона прекрасна. Замовляла у вас, посадила і тепер милуюся нею";"2026-03-05 08:19:10"
"3712";"Галина";"5";"805";"0";"0";"1";"Велике спасибі Артуру за культуру обслуговування. Він на своєму місці. Хочеться  іще у вас зробити замовлення. Це буде весною. ";"2025-12-26 15:53:07"
"3711";"Ірина Курилюк ";"5";"0";"0";"0";"1";"На цьому сайті замовляла перший раз, і не помилилася. Довго шукала плющ колоновидний Еректа, ціна не дорого, але рослинки прийшли неймовірні, гарне, міцне упакування. Я дуже задоволена, інші рослинки також гарні. Бажаю Зеленим янголам процвітання, нових рослин, нових ідей, здоров'я працівникам. При нагоді вітаю усіх вас з наступаючим Різдвом Христовим та новим роком. Дякую.";"2025-12-15 20:49:45"
"3710";"Альона";"5";"0";"0";"0";"1";"Замовила барбарис та мюленбергію. Рослини приїхали гарно запаковані, сильні, здорові. Щиро дякую! ";"2025-12-11 13:11:39"
"3709";"Olga";"5";"3296";"0";"0";"1";"Замовляла восени 2024, зараз така
Дуже чарівний кущик. Світиться на сонці. ";"2025-12-08 17:33:43"
"3708";"Олександра  Лапко";"5";"0";"0";"0";"1";"Зробила вже декілька покупок: гортензії, ірги на штамбі. Обслуговування на висоті! Рослини доглянуті, якісно запаковані, доставка швидка! Дуже подобається асортимент! Звертатимусь ще не одну сотню разів)) Величезне дякую!!!";"2025-12-07 07:44:26"
"3707";"Наталія Бикова";"5";"966";"0";"0";"1";"Вражена ,приїхали красені майже метрового розміру.Вони неймовірні,дякую за мрію!";"2025-11-26 11:17:37"
"3706";"Тетяна";"5";"1751";"0";"0";"1";"Добрий день. Замовила у вас в травні цей сорт: 4 горщики. Саджанці наче були гарні, дорослі, розвинута коренева система. Посадила її на сонячній ділянці, гарно поливала все літо. Вона не квітувала, вигнала ботву см. 50, розрослася в діаметрі в 40см, і пустила   по всій клумбі поросль на відстані 40-60см. Я все чекала, думала, може не ті умови. Викопала її восени, викорчувала всю поросль, ще наступного року вистачить з нею боротись. Ви хоч попереджайте, що це агресор покруче колосняка.";"2025-11-20 23:07:48"
"3705";"Татьяна";"5";"3087";"0";"0";"0";" Меня интересуют  плюш.
Хочу купить или забронировать.
Арборесцена кустовой.";"2025-11-13 09:58:01"
"3704";"Світлана Тітенко";"5";"2034";"0";"0";"1";"Це дерево я хотіла давно. Багато часу пішло на те, щоб  визначитися, яке саме мені потрібне, щоб відповідало всім необхідним вимогам до дерева, яке буде рости в визначеному місці. Коли натрапила на фото і опис глоду ‘Paul`s Scarlet’, зрозуміла, що це саме те, що мені треба. Та виділити кошти на його покупку все не виходило. Весною син, який приїхав з війни у відпустку, сказав: «Я подарую тобі те дерево. Замовляй». Тоді я вирішила, що це буде наше сімейне дерево, яке буде рости в центі двору і бі";"2025-11-08 12:37:33"
"3703";"Виктория Кришун";"5";"0";"0";"0";"1";"Замовляла Верес Тріо та Сніжноягідник Доренбоза.Сьогодні отримала своє замовлення. Рослинки прийшли гарно запаковані, живенькі, наживо виглядають ще краще чим на фото та до рослин додана інструкція по посадці  . Дякую за вашу роботу ";"2025-11-05 10:21:26"
"3702";"Алла Плєшко";"5";"1802";"0";"0";"1";"Днями отримала пенісетум східний Рубрум. Рослинами дуже задоволена, окрема подяка за дбайливе пакування. Вже висадила в клумбу і милуюся їх грайливим танком - легким і повітряним. Дякую, Зелені Янголи!";"2025-11-03 19:07:12"
"3701";"Інеса";"5";"2274";"0";"0";"1";"В мене вот така рослинка!";"2025-10-31 00:00:00"
"3700";"Ірина";"3";"0";"0";"0";"1";"Замовляла туї 30.09.2025.Дерева гарні.Дякую. Але (!) є зауваження щодо обслуговування.Викопані дерева мали бути орієнтовно через 3-5 робочих днів, до двох тижнів максимум. Повідомлення про готовність дерев не отримала. Перетелефонувала сама в кінці жовтня, виявилось дерева давно готові. Про те, що будемо забирати дерева попередила заздалегідь. Час і день підтвердила за день. Приїхали забирати, а там обідня перерва, Ніхто не попереджав. батько вимушений сам вантажити дерева. Дуже неприємно. ";"2025-10-30 10:40:20"
"3699";"Людила";"5";"2189";"0";"0";"1";"Вчора отримала посилку з мшанкою шилолистою 'ЛАЙМ МОСС'. Рослини дуже ретельно упаковані, у відмінному стані. Дуже надіюсь, що так же добре приживуться, як виглядають. ";"2025-10-24 12:32:41"
"3698";"Олена";"5";"0";"0";"0";"1";"Маю свій топ улюблених розсадників України -Лізгард, дендрарій Бережнюків та Зелені Янголи. Хочу сказати, що в цьому році віддам перевагу Янголам. Такі гарні, такі чудові рослини, просто казкові! Дякую за таке величезне задоволення, за чудовий вибір!";"2025-10-20 05:04:06"
"3697";"Тетяна ";"5";"0";"0";"0";"1";"Купила Кортадерію Селло Розеа.
Саджанці великі, десь 1м у висоту. В горщику не одна стеблина, а здоровий кущ. Рослини сподобались. Буду чекати цвітіння. Дякую продавцю.";"2025-10-09 12:19:32"
"3696";"Алла";"5";"0";"0";"0";"1";"Дякую за Ваше відношення та чудові ромлини";"2025-10-03 17:06:46"
"3695";"Людмила";"5";"3442";"0";"0";"1";"Отримали рослини. Дуже гарні! Пакування- на вищому рівні..Велике дякую!";"2025-10-02 12:25:00"
"3694";"Руденко Світлана Василівна ";"5";"2125";"0";"0";"1";"Супер ";"2025-09-29 13:02:29"
"3693";"Татьяна";"5";"1819";"0";"0";"1";"Получила своц заказ - два кустика проса Шенандоа. Все прибыло в отличном виде. К моей радости кустики пришли довольно большие, в очень хорошем состоянии. Это не три волосинки, а вполне хорошее растение, готовое к высадке на клумбу. Посадила и теперь любуюсь, как ветерок качает колоски и шелестит зернышками! Спасибо за прекрасные растения и хорошее обслуживание!)))";"2025-09-28 20:00:17"
"3692";"Тетяна";"5";"0";"0";"0";"1";"Замовляла актинідію і маслинку зонтичну у контейнері С2. Садженці чудові. Прийшли гарно запаковані не пошкоджені. В Зелених Янголах замовляла вперше. Такого якісного посадкового матеріалу я ще не отримувала. Дякую!!!";"2025-09-15 11:41:25"
"3691";"Алла";"5";"1357";"0";"0";"1";"Замовляю у «Зелених янголів» постійно - на сьогодні це мій улюблений садовий центр: рослинки приїздять швидко, гарно запаковані, чудової якості.
Замовляла вербену, котовник, кизильник, спірею, куничники, гортензіі- все чудової якості????????????

";"2025-09-14 20:43:27"
"3690";"Тетяна";"5";"0";"0";"0";"1";"Вже неодноразово купую  в розсаднику рослини, в цей раз замовила 3 шт на сайті Кореопсіс Ruby Frost, сьогодні отримала і дещо засмучена якістю, таке враження що це всі три різні рослини. З трьох рослин тільки одна відповідає заявленому. Написала у Вайбер але дівчинка менеджер перестала відповідати.";"2025-09-12 22:28:03"
"3689";"Майя Міщишина";"5";"3733";"0";"0";"1";"Цей пенісетум неймовірний !";"2025-09-10 00:00:00"
"3688";"Дарія";"5";"0";"0";"0";"1";"Щиро вдячна,як завжди, все  турботливо запаковане!  Отримала Саджанці Перовскія відмінної якості! Хай вам щастить у вашій барвистій справі!";"2025-09-09 00:00:00"
"3687";"Скиданенко Михайло";"5";"0";"0";"0";"1";"Замовляв фотінію Ред Робін 3шт. Прислали скумпію. Після мого дзвінка з проханням заміни рослин та отримання фотопідтвердження менеджер Іван вибачився за помилку та організував коштом компанії заміну саджанців. Все зайняло три дні. Дякую за гарне ставлення до клієнтів та оперативність. В моєму досвіді розсадник 'Зелені Янголи' єдиний, працівники якого беззаперечно визнали помилку і виправили її з своєї ініциативи. Дякую!";"2025-09-04 15:03:41"
"3686";"Павло Данілевич";"5";"3742";"0";"0";"1";"Чудово цвіте, довгий період цвітіння";"2025-09-04 00:49:59"
"3685";"Тетяна Бутенко";"5";"1945";"0";"0";"1";"Придбала та посадила Клен горщик P9 у перших числах вересня 2023. Чудово росте - був як бонсай, зараз 1,5 м і розлогий. Дякую за якісний саджанець!

Була б рада лаконічним порадам коли можна обрізати, щоб утворити штамб, і чим обробляти зрізи. Поки жодної гілочки не чіпала. ";"2025-08-31 12:31:51"
"3684";"Менеджер, розсадник \'Зелені Янголи\'";"5";"814";"0";"0";"1";"Актуальне фото саджанця в горщику С2 (характеристика 'потребує погодження') станом на кінець серпня 2025 р.";"2025-08-29 16:46:36"
"3683";"Менеджер, розсадник \'Зелені Янголи\'";"5";"980";"0";"0";"1";"Актуальне фото саджанця в горщику С2 (характеристика 'потребує погодження') станом на кінець серпня 2025 р.";"2025-08-29 16:46:05"
"3682";"Менеджер, розсадник \'Зелені Янголи\'";"5";"1690";"0";"0";"1";"Актуальне фото саджанця в горщику С2 (характеристика 'потребує погодження') станом на кінець серпня 2025 р.";"2025-08-29 16:45:27"
"3681";"Менеджер, розсадник \'Зелені Янголи\'";"5";"2319";"0";"0";"1";"Актуальне фото саджанця в горщику С5 (характеристика 'потребує погодження') станом на кінець серпня 2025 р.";"2025-08-29 16:45:03"
"3680";"Менеджер, розсадник \'Зелені Янголи\'";"5";"1944";"0";"0";"1";"Актуальне фото саджанця в горщику С5 (характеристика 'потребує погодження') станом на кінець серпня 2025 р.";"2025-08-29 16:44:30"
"3679";"Менеджер, розсадник \'Зелені Янголи\'";"5";"2214";"0";"0";"1";"Актуальне фото саджанця в горщику С2 (характеристика 'потребує погодження') станом на кінець серпня 2025 р.";"2025-08-29 16:43:48"
"3678";"Менеджер, розсадник \'Зелені Янголи\'";"5";"1512";"0";"0";"1";"Актуальне фото саджанця в горщику С2 (характеристика 'потребує погодження') станом на кінець серпня 2025 р.";"2025-08-29 16:43:17"
"3677";"Менеджер, розсадник \'Зелені Янголи\'";"5";"1979";"0";"0";"1";"Актуальне фото саджанця в горщику С2 (характеристика 'потребує погодження') станом на кінець серпня 2025 р.";"2025-08-29 16:42:41"
"3676";"Менеджер, розсадник \'Зелені Янголи\'";"5";"2586";"0";"0";"1";"Актуальне фото саджанця в горщику С7.5 (характеристика 'потребує погодження') станом на кінець серпня 2025 р.";"2025-08-29 16:42:06"
"3674";"Менеджер, розсадник \'Зелені Янголи\'";"5";"1734";"0";"0";"1";"Актуальне фото саджанця в горщику С2 (характеристика 'потребує погодження') станом на кінець серпня 2025 р.";"2025-08-29 16:40:37"
"3673";"Маргарита Піскун";"5";"973";"0";"0";"0";"Вітаю! 

Прошу актуальне фото C20 - горщик 20л, H160-180см в наявності: 10 шт 1870,00 грн. А також вагу з горщиком.";"2025-08-27 15:11:08"
"3672";"Маргарита Піскун";"5";"973";"0";"0";"0";"Вітаю! 

Підкажіть, будь ласка, рослину якого найвищого розміру можна взяти, щоб вона важила не більше 100 кг з комом при відправці поштою? ";"2025-08-27 14:32:37"
"3671";"Ольга ";"5";"2934";"0";"0";"1";"Чепер рік на новому місці буддлея чудово почувається, наростила кущики, добре цвіте, колір неймовірний ,яскраво фіолетовий аж чорничний,відповідає опису";"2025-08-25 15:11:59"
"3670";"олена";"5";"1217";"0";"0";"0";"отримана гортензія “ pinky winki» виглядає дуже не привабливо. розчарована., бо до цього моменту всі рослини які я замовляла були якісні і відповідали фото";"2025-08-24 17:39:08"
"3669";"Вікторія ";"1";"0";"0";"0";"0";"Не рекомендую цю компанію ! Чому ?
Замовляла тую Янтар  1,5 м + під індивідуальне замовлення з конкретним запитом та побажаннями для топіарної стрижки для своєї замовниці . Уточнила усі нюанси мененджеру та зазначила , якщо на полі не знайдеться конкретго екземпляру , або буде з якимсь нюансом обов'язково зі мною зв'язатися та уточнити . Або я беру , або оформлюємо скасування замовлення . Про те , мені надіслали рослину без уточнення . Замовляла двостовбурну від кореня , а приїхала 'рогатка'. ";"2025-08-23 10:35:05"
"3668";"Менеджер, розсадник \'Зелені Янголи\'";"5";"614";"0";"0";"1";"Актуальне фото саджанця в горщику С5 (характеристика 'потребує погодження') станом на середину серпня 2025 р.";"2025-08-22 11:04:56"
"3667";"Менеджер, розсадник \'Зелені Янголи\'";"5";"49";"0";"0";"1";"Актуальне фото саджанця в горщику С5 (характеристика 'потребує погодження') станом на середину серпня 2025 р.";"2025-08-22 11:03:55"
"3666";"Менеджер, розсадник \'Зелені Янголи\'";"5";"980";"0";"0";"1";"Актуальне фото саджанця в горщику С5 (характеристика 'потребує погодження') станом на середину серпня 2025 р.";"2025-08-22 11:02:45"
"3665";"Менеджер, розсадник \'Зелені Янголи\'";"5";"1692";"0";"0";"1";"Актуальне фото саджанця в горщику С2 (характеристика 'потребує погодження') станом на середину серпня 2025 р.";"2025-08-22 11:01:38"
"3664";"Менеджер, розсадник \'Зелені Янголи\'";"5";"2274";"0";"0";"1";"Актуальне фото саджанця в горщику С5 (характеристика 'потребує погодження') станом на середину серпня 2025 р.";"2025-08-22 11:01:06"
"3663";"Менеджер, розсадник \'Зелені Янголи\'";"5";"41";"0";"0";"1";"Актуальне фото саджанця в горщику С5 (характеристика 'потребує погодження') станом на середину серпня 2025 р.";"2025-08-22 11:00:21"
"3662";"Менеджер, розсадник \'Зелені Янголи\'";"5";"1342";"0";"0";"1";"Актуальне фото саджанця в горщику С5 (характеристика 'потребує погодження') станом на середину серпня 2025 р.";"2025-08-22 10:59:43"
"3661";"Менеджер, розсадник \'Зелені Янголи\'";"5";"1821";"0";"0";"1";"Актуальне фото саджанця в горщику С5 (характеристика 'потребує погодження') станом на середину серпня 2025 р.";"2025-08-22 10:59:00"
"3660";"Менеджер, розсадник \'Зелені Янголи\'";"5";"1023";"0";"0";"1";"Актуальне фото саджанця в горщику С5 (характеристика 'потребує погодження') станом на середину серпня 2025 р.";"2025-08-22 10:58:20"
"3659";"Менеджер, розсадник \'Зелені Янголи\'";"5";"2891";"0";"0";"1";"Актуальне фото саджанця в горщику С2 (характеристика 'потребує погодження') станом на середину серпня 2025 р.";"2025-08-22 10:57:35"
"3658";"Менеджер, розсадник \'Зелені Янголи\'";"5";"1505";"0";"0";"1";"Актуальне фото саджанця в горщику С2 (характеристика 'потребує погодження') станом на середину серпня 2025 р.";"2025-08-22 10:56:51"
"3657";"Менеджер, розсадник \'Зелені Янголи\'";"5";"672";"0";"0";"1";"Актуальне фото саджанця в горщику С5 (характеристика 'потребує погодження') станом на середину серпня 2025 р.";"2025-08-22 10:56:15"
"3656";"Менеджер, розсадник \'Зелені Янголи\'";"5";"3003";"0";"0";"1";"Актуальне фото саджанця в горщику С5 (характеристика 'потребує погодження') станом на середину серпня 2025 р.";"2025-08-22 10:55:19"
"3655";"Менеджер, розсадник \'Зелені Янголи\'";"5";"1013";"0";"0";"1";"Актуальне фото саджанця в горщику С2 (характеристика 'потребує погодження') станом на середину серпня 2025 р.";"2025-08-22 10:54:44"
"3654";"Менеджер, розсадник \'Зелені Янголи\'";"5";"2141";"0";"0";"1";"Актуальне фото саджанця в горщику С5 (характеристика 'потребує погодження') станом на середину серпня 2025 р.";"2025-08-22 10:53:55"
"3653";"Менеджер, розсадник \'Зелені Янголи\'";"5";"2833";"0";"0";"1";"Актуальне фото саджанця в горщику С5 (характеристика 'потребує погодження') станом на середину серпня 2025 р.";"2025-08-22 10:53:22"
"3652";"Менеджер, розсадник \'Зелені Янголи\'";"5";"2921";"0";"0";"1";"Актуальне фото саджанця в горщику С2 (характеристика 'потребує погодження') станом на середину серпня 2025 р.";"2025-08-22 10:52:32"
"3651";"Менеджер, розсадник \'Зелені Янголи\'";"5";"3002";"0";"0";"1";"Актуальне фото саджанця в горщику С5 (характеристика 'потребує погодження') станом на середину серпня 2025 р.";"2025-08-22 10:52:02"
"3650";"Менеджер, розсадник \'Зелені Янголи\'";"5";"1072";"0";"0";"1";"Актуальне фото саджанця в горщику С3 (характеристика 'потребує погодження') станом на середину серпня 2025 р.";"2025-08-22 10:51:22"
"3649";"Менеджер, розсадник \'Зелені Янголи\'";"5";"1801";"0";"0";"1";"Актуальне фото саджанця в горщику С7.5 (характеристика 'потребує погодження') станом на середину серпня 2025 р.";"2025-08-22 10:50:15"
"3648";"Менеджер, розсадник \'Зелені Янголи\'";"5";"1301";"0";"0";"1";"Актуальне фото саджанця в горщику С5 (характеристика 'потребує погодження') станом на середину серпня 2025 р.";"2025-08-22 10:49:43"
"3647";"Менеджер, розсадник \'Зелені Янголи\'";"5";"1092";"0";"0";"1";"Актуальне фото саджанця в горщику р9 (характеристика 'потребує погодження') станом на середину серпня 2025 р.";"2025-08-20 15:41:57"
"3646";"Менеджер, розсадник \'Зелені Янголи\'";"5";"982";"0";"0";"1";"Актуальне фото саджанця в горщику р9 (характеристика 'потребує погодження') станом на середину серпня 2025 р.";"2025-08-20 15:41:25"
"3645";"Менеджер, розсадник \'Зелені Янголи\'";"5";"1120";"0";"0";"1";"Актуальне фото саджанця в горщику с2 (характеристика 'потребує погодження') станом на середину серпня 2025 р.";"2025-08-20 15:40:38"
"3644";"Менеджер, розсадник \'Зелені Янголи\'";"5";"834";"0";"0";"1";"Актуальне фото саджанця в горщику р9 (характеристика 'потребує погодження') станом на середину серпня 2025 р.";"2025-08-20 15:40:05"
"3642";"Менеджер, розсадник \'Зелені Янголи\'";"5";"1733";"0";"0";"1";"Актуальне фото саджанця в горщику С2 (характеристика 'потребує погодження') станом на середину серпня 2025 р.";"2025-08-20 15:38:15"
"3641";"Менеджер, розсадник \'Зелені Янголи\'";"5";"1108";"0";"0";"1";"Актуальне фото саджанця в горщику С2 (характеристика 'потребує погодження') станом на середину серпня 2025 р.";"2025-08-20 15:37:44"
"3640";"Менеджер, розсадник \'Зелені Янголи\'";"5";"1109";"0";"0";"1";"Актуальне фото саджанця в горщику С2 (характеристика 'потребує погодження') станом на середину серпня 2025 р.";"2025-08-20 15:37:09"
"3639";"Менеджер, розсадник \'Зелені Янголи\'";"5";"2633";"0";"0";"1";"Актуальне фото саджанця в горщику С2 (характеристика 'потребує погодження') станом на середину серпня 2025 р.";"2025-08-20 15:36:39"
"3638";"Менеджер, розсадник \'Зелені Янголи\'";"5";"49";"0";"0";"1";"Актуальне фото саджанця в горщику С2 (характеристика 'потребує погодження') станом на середину серпня 2025 р.";"2025-08-20 15:36:04"
"3637";"Менеджер, розсадник \'Зелені Янголи\'";"5";"1782";"0";"0";"1";"Актуальне фото саджанця в горщику С2 (характеристика 'потребує погодження') станом на середину серпня 2025 р.";"2025-08-20 15:35:24"
"3636";"Менеджер, розсадник \'Зелені Янголи\'";"5";"1498";"0";"0";"1";"Актуальне фото саджанця в горщику С2 (характеристика 'потребує погодження') станом на середину серпня 2025 р.";"2025-08-20 15:34:41"
"3635";"Менеджер, розсадник \'Зелені Янголи\'";"5";"33";"0";"0";"1";"Актуальне фото саджанця в горщику С2 (характеристика 'потребує погодження') станом на середину серпня 2025 р.";"2025-08-20 15:33:52"
"3634";"Менеджер, розсадник \'Зелені Янголи\'";"5";"1349";"0";"0";"1";"Актуальне фото саджанця в горщику С2 (характеристика 'потребує погодження') станом на середину серпня 2025 р.";"2025-08-20 15:33:16"
"3633";"Менеджер, розсадник \'Зелені Янголи\'";"5";"46";"0";"0";"1";"Актуальне фото саджанця в горщику С2 (характеристика 'потребує погодження') станом на середину серпня 2025 р.";"2025-08-20 15:32:44"
"3632";"Менеджер, розсадник \'Зелені Янголи\'";"5";"2285";"0";"0";"1";"Актуальне фото саджанця в горщику С2 (характеристика 'потребує погодження') станом на середину серпня 2025 р.";"2025-08-20 15:32:06"
"3631";"Менеджер, розсадник \'Зелені Янголи\'";"5";"1491";"0";"0";"1";"Актуальне фото саджанця в горщику С2 (характеристика 'потребує погодження') станом на середину серпня 2025 р.";"2025-08-20 15:31:05"
"3630";"Менеджер, розсадник \'Зелені Янголи\'";"5";"1217";"0";"0";"1";"Актуальне фото саджанця в горщику С2 (характеристика 'потребує погодження') станом на середину серпня 2025 р.";"2025-08-20 15:30:19"
"3629";"Менеджер, розсадник \'Зелені Янголи\'";"5";"1779";"0";"0";"1";"Актуальне фото саджанця в горщику С2 (характеристика 'потребує погодження') станом на середину серпня 2025 р.";"2025-08-20 15:29:11"
"3628";"Менеджер, розсадник \'Зелені Янголи\'";"5";"1734";"0";"0";"1";"Актуальне фото саджанця в горщику р9 (характеристика 'потребує погодження') станом на середину серпня 2025 р.";"2025-08-20 15:27:25"
"3627";"Менеджер, розсадник \'Зелені Янголи\'";"5";"1233";"0";"0";"1";"Актуальне фото саджанця в горщику С2 (характеристика 'потребує погодження') станом на середину серпня 2025 р.";"2025-08-20 15:26:34"
"3626";"Менеджер, розсадник \'Зелені Янголи\'";"5";"1251";"0";"0";"1";"Актуальне фото саджанця в горщику С2 (характеристика 'потребує погодження') станом на середину серпня 2025 р.";"2025-08-20 15:25:57"
"3625";"Менеджер, розсадник \'Зелені Янголи\'";"5";"1126";"0";"0";"1";"Актуальне фото саджанця в горщику С2 (характеристика 'потребує погодження') станом на середину серпня 2025 р.";"2025-08-20 15:25:17"
"3624";"Менеджер, розсадник \'Зелені Янголи\'";"5";"1220";"0";"0";"1";"Актуальне фото саджанця в горщику С2 (характеристика 'потребує погодження') станом на середину серпня 2025 р.";"2025-08-20 15:24:46"
"3623";"Менеджер, розсадник \'Зелені Янголи\'";"5";"3052";"0";"0";"1";"Актуальне фото саджанця в горщику С12 (характеристика 'потребує погодження') станом на середину серпня 2025 р.";"2025-08-20 15:24:14"
"3622";"Менеджер, розсадник \'Зелені Янголи\'";"5";"1971";"0";"0";"1";"Актуальне фото саджанця в горщику С2 (характеристика 'потребує погодження') станом на середину серпня 2025 р.";"2025-08-20 15:23:20"
"3621";"Менеджер, розсадник \'Зелені Янголи\'";"5";"1590";"0";"0";"1";"Актуальне фото саджанця в горщику С2 (характеристика 'потребує погодження') станом на середину серпня 2025 р.";"2025-08-20 15:22:52"
"3620";"Менеджер, розсадник \'Зелені Янголи\'";"5";"1965";"0";"0";"1";"Актуальне фото саджанця в горщику С2 (характеристика 'потребує погодження') станом на середину серпня 2025 р.";"2025-08-20 15:22:21"
"3619";"Менеджер, розсадник \'Зелені Янголи\'";"5";"2169";"0";"0";"1";"Актуальне фото саджанця в горщику С2 (характеристика 'потребує погодження') станом на середину серпня 2025 р.";"2025-08-20 15:21:47"
"3618";"Наталія ";"5";"1819";"0";"0";"1";"Замовляла вперше, від отриманої посилки з рослинами надзвичайно приємне враження! Замовлення відправлене дуже швидко, пакування - це окрема вдячність, бо не зважаючи на висоту рослин, але нічого не пошкоджено, не зігнуто, не зламане , кожен росточок і листочок як тільки з поля! Дякую!";"2025-08-20 07:07:57"
"3617";"Наталія Каменська";"5";"2813";"0";"0";"1";"Пакування товару дуже надійне, а сам кущик - це диво!!! Гарний, живий, з відмінною кореневою системою! Дуже дякую! Дуже приємне враження від отриманого замовлення!";"2025-08-20 07:00:28"
"3616";"Оксана";"5";"2319";"0";"0";"1";"Найкращий сорт лаванди, для тих хто хоче великі кущі і швидко. При посадці в піщаний грунт на повному сонці на 3й рік від моменту посадки 90-100 см в діаметрі при умові що двічі на рік стрижеться коротко, захоплюючи здеревʼянілі частини і вже була одна омолоджуюча обрізка. При цвітінні квітоноси великі і на високих ніжках, загальний розмір куща збільшується практично вдвічі. Майте на увазі при плануванні посадки. ";"2025-08-17 19:04:46"
"3615";"Галина Кудрявцева";"5";"3222";"0";"0";"1";"Дуже сподобався каріоптеріс Хінт оф Голд. Не очикувала, що у каріоптеріса може бути таке неймовірно  красиве листя, ще й дуже приємне на дотик. Хочеться його торкатися. Колір чудовий. Не загубиться у квітнику. Замовила ще один, вже в дорозі. Чекаю. Дякую розсаднику за такі приємні новинки!";"2025-08-15 21:29:32"
"3614";"Галина Кудрявцева";"5";"2466";"0";"0";"1";"Я в захваті від отриманої дієрвіли Кодіяк Оранж. Тільки відкрила посилку і побачила це ніжно-помаранчеве красивої витянутої форми листя - зразу закохалася у цю рослину. Замовила ще одну таку ж. Однієї такої краси буде замало у квітнику. Чекаю! Вже в дорозі. Дякую розсаднику!";"2025-08-15 21:21:27"
"3613";"Ірина";"5";"0";"0";"0";"0";"Гортензія приїхала з жовто-коричневим листям. Пропадаюча ! Листя половину опало! Такого не було ще. Замовляла раніше були завжди  шикарні !";"2025-08-15 16:05:05"
"3612";"Менеджер, розсадник \'Зелені Янголи\'";"5";"1442";"0";"0";"1";"Актуальне фото саджанця в горщику С2 (потребує погодження) станом на середину серпня 2025.";"2025-08-14 10:52:35"
"3611";"Менеджер, розсадник \'Зелені Янголи\'";"5";"1244";"0";"0";"1";"Актуальне фото саджанця в горщику С2 (потребує погодження) станом на середину серпня 2025.";"2025-08-14 10:51:27"
"3610";"Менеджер, розсадник \'Зелені Янголи\'";"5";"1243";"0";"0";"1";"Актуальне фото саджанця в горщику С2 (потребує погодження) станом на середину серпня 2025.";"2025-08-14 10:32:08"
"3609";"Менеджер, розсадник \'Зелені Янголи\'";"5";"2195";"0";"0";"1";"Актуальне фото саджанця в горщику С2 (потребує погодження) станом на середину серпня 2025 року.";"2025-08-14 09:53:32"
"3607";"Менеджер, розсадник \'Зелені Янголи\'";"5";"673";"0";"0";"1";"Актуальне фото саджанця в горщику С2 (потребує погодження) станом на середину серпня 2025 року. ";"2025-08-14 09:23:47"
"3606";"Менеджер, розсадник \'Зелені Янголи\'";"5";"1812";"0";"0";"1";"Актуальне фото саджанця в горщику С2 (потребує погодження) станом на середину серпня 2025 року.";"2025-08-14 09:23:11"
"3605";"Менеджер, розсадник \'Зелені Янголи\'";"5";"1801";"0";"0";"1";"Актуальне фото саджанця в горщику С2 (потребує погодження) станом на середину серпня 2025 року";"2025-08-14 09:06:57"
"3604";"Менеджер, розсадник \'Зелені Янголи\'";"5";"2580";"0";"0";"1";"Актуальне фото саджанця в горщику С2 (потребує погодження) на середину серпня 2025 року.";"2025-08-14 09:05:56"
"3603";"Сирбу Катерина ";"5";"0";"0";"0";"1";"Замовляла в ,,Зелених янголів'' вербу Хакуро Нікіші весною.Зараз середина серпня.Верба була гарна, упакована добротно, зараз розрослася, задоволені покупкою.Дякую магазину, раджу робити покупки , все якісно та добросовісно.Гарних вам продаж, та вдячних клієнтів.";"2025-08-12 07:12:18"
"3602";"Світлана ";"5";"1467";"0";"0";"1";"Швидко доставили. Дякую гарно все упаковано. Рослини як на фото з гарною кореневою вже радують цвітінням. ";"2025-08-08 16:01:47"
"3601";"Олена Каратова";"5";"3334";"0";"0";"1";"Дякую,  отримала  чудові саджанці. Кожен, без винятку, має сильну кореневу систему.  Ви найкращі!!!";"2025-08-07 14:55:06"
"3600";"Людмила";"5";"0";"0";"0";"1";"Отримала шикарний клен,за дуже приємною ціною.Упаковка чудова,хоч і високий,а нічого не зламалося)))) Дуже дякую!";"2025-08-07 11:49:49"
"3599";"Ольга";"5";"0";"0";"0";"1";"Отримала чергове замовлення від мого улюбленого розсадника - вейгелу, будлею та діцентру. Враження неймовірні! Рослини гарні, здорові, доглянуті. Пакування настільки якісне, що склалося враження, що рослини 'не подорожували', а ніби їх передали з рук в руки. Щиро вдячна Вам за повагу до покупців! Для мене Ви - найкращий розсадник на теренах України! Успіхів Вам і процвітання!";"2025-08-04 08:45:59"
"3598";"Сергій ";"5";"0";"0";"0";"1";"Замовляв саджанці Голд Райдер. Приїхали гарно запаковані, з інструкцією. Саджанці дуже гарні, навіть не очікував. Дякую.";"2025-08-01 19:04:14"
"3597";"Оленп";"5";"0";"0";"0";"1";"Дуже якісні рослини, швидка відправка, окрема вдячність за надійне пакування, навіть знадобилось  прикласти зусиль, щоб все відокремити, все доїхало в прекрасному стані!
Буду замовляти ще!";"2025-07-28 11:19:43"
"3596";"Світлана Пронько";"5";"0";"0";"0";"1";"Замовляла деревій та гравілат. Щиро дякую за чудоові рослини. Міцні, доглянуті, упаковка надійна. Чудоовий сервіс - все швидко та зручно. Приємно вразили.  Дякую.";"2025-07-26 23:18:42"
"3595";"Борис ";"1";"0";"0";"0";"1";"Дуже не гарно обманювати людей, подивіться що Ви шановні прислали";"2025-07-22 16:27:24"
"3594";"Борис";"5";"0";"0";"0";"0";"Придбав я 10 липні інжир Ficus carica рослина приїхала зовсім ні те що показують та пишуть у відгуках. Росла бідненька в мух декілька рокі  дуже замучена без приростів. Дуже шкода !";"2025-07-22 16:23:18"
"3593";"Наталія";"5";"673";"0";"0";"0";"Вітаю. Розчарована. Пересорт. Із 7 гортензій 3 не лайм лайт. Як таке можливо у такому поважному розпліднику. Коли передзвонила, то мені сказали що порадяться з якимось ботаніком. Це жах";"2025-07-19 18:22:24"
"3592";"Олена";"5";"0";"0";"0";"1";"Замовила гайлардію. Дуже гарні, доглянуті кущики. Дякую ";"2025-07-19 17:46:32"
"3591";"Тетяна Харченко";"5";"3739";"0";"0";"1";"Дякую за шикарні кущики анемони !!! ";"2025-07-17 22:40:13"
"3590";"Ірина  Тищенко ";"5";"0";"0";"0";"1";"Дуже вдячна працівникам за чудові кввти. Прийшли просто розкішні - міцні і каітучі! Замовляла багато, так буле таке рітельне пакування, що я 2 години розпаковувала! Дуже дякую, Зелені янголи!????";"2025-07-17 16:04:00"
"3589";"Олена";"5";"0";"0";"0";"1";"Замовила Перовскія лебедолиста «Блу Спвйр». Отримала швидко. Рослина в гарному стані. Надійне пакування. Дякую.";"2025-07-05 11:15:35"
"3588";"Ірина ";"5";"0";"0";"0";"1";"Замовила перший раз три рослини ( подруга порекомендувала). Це просто неймовірна краса, рослини дуже якісні, гарно перенесли дорогу, і дуже гарно запаковані( на пошті коробка перевернулася, але рослини були так закріплені, що не постраждали анітрохи). Рекомендую!!! Дуже гарне обслуговування та приємні покупки. Процвітання Вам!!!Дякую:)
Неймовірна робота всієї команди, і назва просто в серце:)Тепер я ваш клієнт:)";"2025-06-30 17:18:24"
"3587";"Богдан ЮлIя";"1";"2125";"0";"0";"0";"Ось яке нещастечко мені прийшло";"2025-06-30 10:06:57"
"3586";"Вовк";"5";"0";"0";"0";"1";"Щиро дякуемо за якісні здорові рослини, які ми отримали в бездоганній упаковці. Дуже вразив фаховий підхід. ";"2025-06-26 16:03:04"
"3584";"Мар\'яна ";"5";"58";"0";"0";"0";"Які актуальні на даний час є саджанці, можливо є більші по розміру або на штамбі?";"2025-06-20 22:38:03"
"3583";"Тамара";"5";"0";"0";"0";"1";"Щиро дякую за турботу та відданість вашій справі) Всі рослини, котрі отримала від вас, прекрасно прижилися. Цвітуть і милують око. Вони прийшли дбайливо упакованими, в дуже хорошому стані. Відчувається відповідальність працівників.Рослинки чудові.
Обовязково буду замовляти у вас і надалі)";"2025-06-19 13:36:02"
"3582";"Андрій";"5";"0";"0";"0";"0";"Замовив 4 рослини в розділі рослини на штамбі. Прийшли 2 на штамбі 2 звичайні. Як це? І навіщо вони мені?";"2025-06-15 21:07:35"
"3581";"Анна";"5";"2188";"0";"0";"1";"Чудова рослинка. Замовляли у жовтні 2023 року, приїхали в хорошому стані, з вологим ґрунтом, надійно запаковані. Зараз дуже гарно розрослися і квітнуть.  ";"2025-06-13 12:20:04"
"3580";"Христина ";"5";"3109";"0";"0";"0";"Цеанотус????????????????";"2025-06-12 18:35:21"
"3579";"Jrotjam";"5";"3254";"0";"0";"0";"Важливо використовувати м’яку воду – відстоянну або дощову. Жорстка вода з водогону може спричинити накопичення солей у ґрунті, що негативно вплине на здоров’я рослини. Якщо іншого варіанту немає, можна пропустити воду через фільтр або дати їй відстоятися протягом дня. 
 
[url=https://jnpcqfmeqos.wordpress.com/2025/05/27/jak-virostiti-kalanhoe-shhob-vono-pishalosja/]Каланхое[/url]";"2025-06-11 20:59:33"
"3578";"Office Landshaft";"5";"966";"0";"0";"1";"Актуальне фото саджанця в горщику 5л, зроблене на початку червня 2025 року";"2025-06-10 09:07:17"
"3577";"Office Landshaft";"5";"1195";"0";"0";"1";"Актуальне фото саджанця в горщику 2л, зроблене на початку червня 2025 року";"2025-06-10 09:04:49"
"3576";"Office Landshaft";"5";"2648";"0";"0";"1";"Актуальне фото саджанця в горщику 2л, зроблене на початку червня 2025 року";"2025-06-10 09:03:50"
"3575";"Office Landshaft";"5";"21";"0";"0";"1";"Актуальне фото саджанця в горщику 2л, зроблене на початку червня 2025 року";"2025-06-10 09:01:39"
"3574";"Office Landshaft";"5";"3717";"0";"0";"1";"Актуальне фото саджанця в горщику 2л, зроблене на початку червня 2025 року";"2025-06-10 08:59:42"
"3573";"Office Landshaft";"5";"618";"0";"0";"1";"Актуальне фото саджанця в горщику 2л, зроблене на початку червня 2025 року";"2025-06-10 08:58:50"
"3572";"Office Landshaft";"5";"2670";"0";"0";"1";"Актуальне фото саджанця в горщику 2л, зроблене на початку червня 2025 року";"2025-06-10 08:57:49"
"3571";"Office Landshaft";"5";"656";"0";"0";"1";"Актуальне фото саджанця в горщику 2л, зроблене на початку червня 2025 року";"2025-06-10 08:57:22"
"3570";"Office Landshaft";"5";"642";"0";"0";"1";"Актуальне фото саджанця в горщику 2л, зроблене на початку червня 2025 року";"2025-06-10 08:34:04"
"3568";"Office Landshaft";"5";"3441";"0";"0";"1";"Актуальне фото саджанця в горщику 2л, зроблене на початку червня 2025 року";"2025-06-10 08:32:26"
"3567";"Office Landshaft";"5";"1340";"0";"0";"1";"Актуальне фото саджанця в горщику 2л, зроблене на початку червня 2025 року";"2025-06-10 08:31:47"
"3566";"Office Landshaft";"5";"3718";"0";"0";"1";"Актуальне фото саджанця в горщику 2л, зроблене на початку червня 2025 року";"2025-06-10 08:29:33"
"3565";"Office Landshaft";"5";"1957";"0";"0";"1";"Актуальне фото саджанця в горщику 2л, зроблене на початку червня 2025 року";"2025-06-10 08:24:54"
"3564";"Office Landshaft";"5";"1829";"0";"0";"1";"Актуальне фото саджанця в горщику 2л, зроблене на початку червня 2025 року";"2025-06-10 08:23:49"
"3563";"Office Landshaft";"5";"15";"0";"0";"1";"Актуальне фото саджанця в горщику 2л, зроблене на початку червня 2025 року";"2025-06-10 08:21:47"
"3561";"Office Landshaft";"5";"14";"0";"0";"1";"Актуальне фото саджанця в горщику 2л, зроблене на початку червня 2025 року";"2025-06-10 08:19:06"
"3560";"Office Landshaft";"5";"2260";"0";"0";"1";"Актуальне фото саджанця в горщику 2л, зроблене на початку червня 2025 року";"2025-06-10 08:18:28"
"3558";"Office Landshaft";"5";"1341";"0";"0";"1";"Актуальне фото саджанця в горщику 2л, зроблене на початку червня 2025 року";"2025-06-10 08:16:57"
"3556";"Office Landshaft";"5";"335";"0";"0";"1";"Актуальне фото саджанця в горщику 2л, зроблене на початку червня 2025 року";"2025-06-10 08:14:55"
"3555";"Office Landshaft";"5";"1298";"0";"0";"1";"Актуальне фото саджанця в горщику 2л, зроблене на початку червня 2025 року";"2025-06-10 08:13:56"
"3554";"Office Landshaft";"5";"19";"0";"0";"1";"Актуальне фото саджанця в горщику 2л, зроблене на початку червня 2025 року";"2025-06-10 08:13:06"
"3553";"Office Landshaft";"5";"1297";"0";"0";"1";"Актуальне фото саджанця в горщику 2л, зроблене на початку червня 2025 року";"2025-06-10 08:12:07"
"3550";"Володимир ";"5";"1538";"0";"0";"0";"Дуже чекаю на саджанець";"2025-06-09 09:03:28"
"3549";"Irina Marushchak";"5";"3193";"0";"0";"0";"Добрий день! Замовлений клематис не відповідає сорту! Не завантажується зображення. Фото можу відправити на вайбер.Чекаю на відповідь!";"2025-06-09 06:25:32"
"3548";"Вікторія";"5";"0";"0";"0";"1";"Вчора замовила - сьогодні забрала! Всі 4 хости в чудовому стані, вже висаджені у ґрунт, коренева система міцна і здорова. Дякую за оперативність. Рекомендую !";"2025-06-06 22:32:18"
"3547";"Кужель Олександра ";"5";"0";"0";"0";"0";"Звертаюсь до керівництва!4 дні я не можу зробити замовлення!На зв’язку був від вас Артур.Прошу керівництво мені зателефонувати (050)4696391";"2025-06-05 15:31:51"
"3546";"Andrianna";"5";"3052";"0";"0";"1";"Актуальне станом на 05.06.25";"2025-06-05 14:31:31"
"3545";"Andrianna";"5";"3052";"0";"0";"0";"Свіже фото станом на 05.06.2025";"2025-06-05 14:11:22"
"3544";"Andrianna";"5";"467";"0";"0";"1";"Актуальне фото в с2 05.06.25";"2025-06-05 14:09:15"
"3543";"Andrianna";"5";"3052";"0";"0";"0";"Фото 05.06.25";"2025-06-05 13:16:02"
"3542";"Андріанна";"5";"3052";"0";"0";"0";"Актуальне фото станом на 05.06.25";"2025-06-05 12:24:54"
"3541";"Андріанна";"5";"2322";"0";"0";"1";"Актуальне фото станом на 04.06.25";"2025-06-04 19:41:02"
"3540";"Менеджер Зелені Янголи ";"5";"3511";"0";"0";"0";"Актуальне фото саджанця в горщику 3 л зроблене на початку червня 2025 року.";"2025-06-04 19:39:37"
"3539";"Office Landshaft";"5";"78";"0";"0";"1";"актуальне фото бересклету в горщику 2л (потребує погодження), зроблене на початку червня 2025";"2025-06-04 14:17:36"
"3538";"Office Landshaft";"5";"2735";"0";"0";"1";"Актуальне фото бузку в горщику 2л, зроблене в кінці травня 2025 року";"2025-05-29 16:31:02"
"3537";"Марина";"5";"0";"0";"0";"1";"Замовлення від Зелених янголів приємно вразило — рослини якісні, здорові, акуратно запаковані. Видно, що команда вкладає душу в свою справу.
Бажаю вам ще більше вдячних клієнтів, зеленого натхнення та процвітання! Продовжуйте нести красу в домівки людей! ✨";"2025-05-29 00:00:00"
"3536";"Office Landshaft";"5";"2274";"0";"0";"1";"актуальне фото саджанця в с5 (потребує погодження) зроблене в травні 2025 року";"2025-05-28 16:38:44"
"3535";"Office Landshaft";"5";"1782";"0";"0";"1";"актуальне фото саджанця в горщику 2л (потребує погодження) станом на кінець травня 2025 року.";"2025-05-28 16:38:06"
"3534";"Олена ";"5";"2682";"0";"0";"1";"Мені подарували декілька на початку війни. Дуже гарні рослини! Сорт 'Пілу' квітне рясно та довго. В цьому році лише нещодавно почали розкриватися у мене бутони. Проте їх буде багато)) Квітне рожевими квітами, досить насиченого кольору. У мене вони на шпалерах, розростається цей сорт досить непогано. Но фото трирічний, але на цьому місті він два роки. Минуле місцеперебування не сподобалося, ріс мляво, лише декілька бутонів було. Місце та грунт - важливий!";"2025-05-28 09:31:46"
"3533";"Костянтин";"5";"104";"0";"0";"1";"Доїхало норм. Пакування супер.";"2025-05-28 00:16:05"
"3532";"Костянтин";"5";"111";"0";"0";"1";"Все спододалось. Гарні растюхі. Пакування на висоті.";"2025-05-28 00:13:38"
"3531";"Олена Федієнко";"5";"3573";"0";"0";"1";"Неймовірно гарна рослина, її листя зачаровує) 
Рослини всі добре запаковані, швидка відправка і професійна консультація! ";"2025-05-27 11:08:16"
"3530";"Маріна";"5";"2366";"0";"0";"0";"Можна фото саджанців?";"2025-05-23 22:15:23"
"3529";"Олена Бойко";"5";"2170";"0";"0";"0";"Це листопадна чи вічнозелена азалія?";"2025-05-17 22:08:51"
"3528";"Леся";"5";"0";"0";"0";"1";"Дуже гарні рослинки в чудовому пакуванні. Ввічлива оператор, яка все тримає на котролі.
Дякую за сервіс та розуміння.
Нехай квітне Україна!!!";"2025-05-16 20:34:10"
"3527";"Инна Головнич";"5";"1590";"0";"0";"0";"Хочу такая ";"2025-05-16 20:05:37"
"3526";"Наталья, г. Днепр ";"5";"0";"0";"0";"1";"Не первый год делаю заказы в этом питомнике. Хочу поблагодарить за отличный посадочный материал. Покупала здесь бересклет золотистого цвета, барбарисы, кизильник, туйки. За добротную упаковку и быструю доставку, за внешний вид саженцев огромное спасибо. Приятного и то, что всегда можно получить консультацию и добрый совет по особенностям посадки. Так держать! Считаю Вас лучшими на сегодняшний день, вы профессионалы, люди с большим сердцем. Удачи и процветания на многие годы вперёд!!";"2025-05-15 14:54:06"
"3525";"Надія Семенцул";"5";"2195";"0";"0";"1";"Дякую!Рослини чудові.";"2025-05-14 14:55:09"
"3524";"Тетяна";"5";"0";"0";"0";"1";"Дуже вдячні, зробили замовлення із доволі великої кількості позицій, отримали все в чудовому стані, після замовлення вирішили трохи змінити замовлення, і з цим допомогли оперативно. Висадили перед багадоквартирним будинком. Всі задоволені. Дякую!!!";"2025-05-14 14:13:08"
"3523";"Тетяна";"5";"0";"0";"0";"1";"Всім доброго дня! Я пишу цей відгук для тих хто ще не вирішив , чи замовляти тут рослини, чи доїдуть вони до вас цілі і неушкоджені . Я багато років купляю тут рослини з пересилкою НП і завжди рослини упаковують бездоганно. Дякую всім працівникам розплідника за вашу працю.";"2025-05-14 12:21:01"
"3522";"Світлана Огребчук";"5";"0";"0";"0";"1";"Вітаю, замовляла вперше, була настільки приємно вражена, що так все дбайливо запаковано і якість рослин бездоганна!!! Дуже вдячна за таке ставлення до своєї праці! Однозначно можу сказати, що я Ваш клієнт!!! Гарних продажів і мирного неба!!!";"2025-05-12 00:00:00"
"3521";"Тетяна Харченко";"5";"1781";"0";"0";"1";"Дякую Зеленим янголам за рослинки ! Гортензіі приїхали хороші - будемо вирощувати і ще купувати інші рослини! Купувала багато рослин- всі прижилися і ростуть , радуючи нас ! Дякую вам за працю і гарний посадковий матеріал ";"2025-05-11 15:49:48"
"3520";"Менеджер розсадника \'Зелені Янголи\'";"5";"2635";"0";"0";"1";"Актуальне фото саджанця в горщику С2 (характеристика = потребує погодження) , станом на початок травня 2025.";"2025-05-07 14:15:36"
"3519";"Менеджер розсадника \'Зелені Янголи\'";"5";"3002";"0";"0";"1";"Актуальне фото саджанця в горщику С5 (характеристика = потребує погодження) , станом на початок травня 2025.";"2025-05-07 14:13:08"
"3518";"Менеджер розсадника \'Зелені Янголи\'";"5";"3004";"0";"0";"1";"Актуальне фото саджанця в горщику С5 (характеристика = потребує погодження) , станом на початок травня 2025.";"2025-05-07 14:10:47"
"3517";"Менеджер розсадника \'Зелені Янголи\'";"5";"1801";"0";"0";"1";"Актуальне фото саджанця в горщику С7,5 (характеристика = потребує погодження) , станом на початок травня 2025.";"2025-05-07 14:05:31"
"3516";"Менеджер розсадника \'Зелені Янголи\'";"5";"1301";"0";"0";"1";"Актуальне фото саджанця в горщику С5, станом на початок травня 2025.";"2025-05-07 14:04:30"
"3515";"Менеджер розсадника \'Зелені Янголи\'";"5";"3003";"0";"0";"1";"Актуальне фото саджанця в горщику С5 (характеристика = потребує погодження) , станом на початок травня 2025.";"2025-05-07 14:02:52"
"3514";"Менеджер розсадника \'Зелені Янголи\'";"5";"2833";"0";"0";"1";"Актуальне фото саджанця в горщику С5 (характеристика = потребує погодження) , станом на початок травня 2025.";"2025-05-07 12:46:06"
"3513";"Менеджер розсадника \'Зелені Янголи\'";"5";"1217";"0";"0";"1";"Актуальне фото саджанця в горщику С5 (характеристика = потребує погодження) , станом на початок травня 2025.";"2025-05-07 12:43:47"
"3512";"Менеджер розсадника \'Зелені Янголи\'";"5";"2281";"0";"0";"1";"Актуальне фото саджанця в горщику С7,5, станом на початок травня 2025.";"2025-05-07 12:43:10"
"3510";"Менеджер розсадника \'Зелені Янголи\'";"5";"1491";"0";"0";"1";"Актуальне фото саджанця в горщику С5, станом на початок травня 2025.";"2025-05-07 09:55:54"
"3509";"Менеджер розсадника \'Зелені Янголи\'";"5";"2586";"0";"0";"1";"Актуальне фото саджанця в горщику С7,5, станом на початок травня 2025.";"2025-05-07 09:53:17"
"3507";"Менеджер розсадника \'Зелені Янголи\'";"5";"2901";"0";"0";"1";"Актуальне фото саджанця в горщику С2, станом на кінець квітня 2025.";"2025-05-02 09:09:48"
"3506";"Менеджер розсадника \'Зелені Янголи\'";"5";"3221";"0";"0";"1";"Актуальне фото саджанця в горщику С2, станом на кінець квітня 2025.";"2025-05-02 09:09:12"
"3505";"Менеджер розсадника \'Зелені Янголи\'";"5";"1390";"0";"0";"1";"Актуальне фото саджанця в горщику С2, станом на кінець квітня 2025.";"2025-05-02 09:08:26"
"3504";"Менеджер розсадника \'Зелені Янголи\'";"5";"1999";"0";"0";"1";"Актуальне фото саджанця в горщику С2, станом на кінець квітня 2025.";"2025-05-02 09:06:53"
"3503";"Менеджер розсадника \'Зелені Янголи\'";"5";"3276";"0";"0";"1";"Актуальне фото саджанця в горщику С2, станом на кінець квітня 2025.";"2025-05-02 09:03:45"
"3502";"Менеджер розсадника \'Зелені Янголи\'";"5";"2285";"0";"0";"1";"Актуальне фото саджанця в горщику С2 (характеристика = потребує погодження) , станом на кінець квітня 2025.";"2025-05-02 08:56:49"
"3501";"Менеджер розсадника \'Зелені Янголи\'";"5";"1976";"0";"0";"1";"Актуальне фото саджанця в горщику С2 (характеристика = потребує погодження) , станом на кінець квітня 2025.";"2025-05-02 08:55:59"
"3500";"Менеджер розсадника \'Зелені Янголи\'";"5";"1349";"0";"0";"1";"Актуальне фото саджанця в горщику С2 (характеристика = потребує погодження) , станом на кінець квітня 2025.";"2025-05-02 08:54:50"
"3499";"Менеджер розсадника \'Зелені Янголи\'";"5";"1361";"0";"0";"1";"Актуальне фото саджанця в горщику С2 (характеристика = потребує погодження) , станом на кінець квітня 2025.";"2025-05-02 08:53:06"
"3498";"Менеджер розсадника \'Зелені Янголи\'";"5";"1251";"0";"0";"1";"Актуальне фото саджанця в горщику С2 (характеристика = потребує погодження) , станом на кінець квітня 2025.";"2025-05-02 08:52:24"
"3497";"Менеджер розсадника \'Зелені Янголи\'";"5";"1443";"0";"0";"1";"Актуальне фото саджанця в горщику С2, станом на кінець квітня 2025.";"2025-05-02 08:50:28"
"3496";"Менеджер розсадника \'Зелені Янголи\'";"5";"3217";"0";"0";"1";"Актуальне фото саджанця в горщику С2, станом на кінець квітня 2025.";"2025-05-02 08:48:34"
"3495";"Менеджер розсадника \'Зелені Янголи\'";"5";"2950";"0";"0";"1";"Актуальне фото саджанця в горщику С2, станом на кінець квітня 2025.";"2025-05-02 08:47:55"
"3494";"Менеджер розсадника \'Зелені Янголи\'";"5";"3549";"0";"0";"1";"Актуальне фото саджанця в горщику С7,5 на штамбі (характеристика = потребує погодження) , станом на кінець квітня 2025.";"2025-05-02 08:33:24"
"3493";"Менеджер розсадника \'Зелені Янголи\'";"5";"3533";"0";"0";"1";"Актуальне фото саджанця в горщику С5 (характеристика = потребує погодження) , станом на кінець квітня 2025.";"2025-05-02 08:31:42"
"3492";"Менеджер розсадника \'Зелені Янголи\'";"5";"3530";"0";"0";"1";"Актуальне фото саджанця в горщику С5 (характеристика = потребує погодження) , станом на кінець квітня 2025.";"2025-05-02 08:30:33"
"3491";"Менеджер розсадника \'Зелені Янголи\'";"5";"3529";"0";"0";"1";"Актуальне фото саджанця в горщику С3 (характеристика = потребує погодження) , станом на кінець квітня 2025.";"2025-05-02 08:29:25"
"3490";"Менеджер розсадника \'Зелені Янголи\'";"5";"3712";"0";"0";"1";"Актуальне фото саджанця в горщику С2 (характеристика = потребує погодження) , станом на кінець квітня 2025.";"2025-05-02 08:28:27"
"3489";"Менеджер розсадника \'Зелені Янголи\'";"5";"3535";"0";"0";"1";"Актуальне фото саджанця в горщику С5 (характеристика = потребує погодження) , станом на кінець квітня 2025.";"2025-05-02 08:26:34"
"3508";"Олена";"5";"2533";"0";"0";"1";"Швидко доставлено,гарно запаковане.якість і вигляд рослини перевершив очікування.величезне дякую Зеленим Янголам!";"2025-05-02 00:00:00"
"3488";"Менеджер розсадника \'Зелені Янголи\'";"5";"2455";"0";"0";"1";"Актуальне фото саджанця в горщику С20 (характеристика = потребує погодження) , станом на кінець квітня 2025.";"2025-05-01 18:03:35"
"3487";"Менеджер розсадника \'Зелені Янголи\'";"5";"3541";"0";"0";"1";"Актуальне фото саджанця в горщику С5 (характеристика = потребує погодження) , станом на кінець квітня 2025.";"2025-05-01 18:01:12"
"3486";"Yeva";"5";"3035";"0";"0";"1";"Причудові рослинки! Приїхали запаковані з любов'ю* Дорогу витримали всі гарненьки. Дякую Галині за співпрацю!";"2025-05-01 15:59:16"
"3484";"Менеджер розсадника \'Зелені Янголи\'";"5";"2153";"0";"0";"1";"Актуальне фото саджанця в горщику С2, станом на кінець квітня 2025.";"2025-05-01 11:11:40"
"3483";"Менеджер розсадника \'Зелені Янголи\'";"5";"1971";"0";"0";"1";"Актуальне фото саджанця в горщику С2 (характеристика = потребує погодження) , станом на кінець квітня 2025.";"2025-05-01 11:00:33"
"3482";"Менеджер розсадника \'Зелені Янголи\'";"5";"1032";"0";"0";"1";"Актуальне фото саджанця в горщику С2 (характеристика = потребує погодження) , станом на кінець квітня 2025.";"2025-05-01 10:59:49"
"3481";"Менеджер розсадника \'Зелені Янголи\'";"5";"1970";"0";"0";"1";"Актуальне фото саджанця в горщику С2 (характеристика = потребує погодження) , станом на кінець квітня 2025.";"2025-05-01 10:59:06"
"3480";"Менеджер розсадника \'Зелені Янголи\'";"5";"1965";"0";"0";"1";"Актуальне фото саджанця в горщику С2 (характеристика = потребує погодження) , станом на кінець квітня 2025.";"2025-05-01 10:58:03"
"3479";"Менеджер розсадника \'Зелені Янголи\'";"5";"1964";"0";"0";"1";"Актуальне фото саджанця в горщику С2 (характеристика = потребує погодження) , станом на кінець квітня 2025.";"2025-05-01 10:56:52"
"3478";"Менеджер розсадника \'Зелені Янголи\'";"5";"1031";"0";"0";"1";"Актуальне фото саджанця в горщику С2, станом на кінець квітня 2025.";"2025-05-01 10:55:07"
"3477";"Менеджер розсадника \'Зелені Янголи\'";"5";"2363";"0";"0";"1";"Актуальне фото саджанця в горщику С2, станом на кінець квітня 2025.";"2025-05-01 10:54:14"
"3476";"Менеджер розсадника \'Зелені Янголи\'";"5";"2169";"0";"0";"1";"Актуальне фото саджанця в горщику С2 (характеристика = потребує погодження) , станом на кінець квітня 2025.";"2025-05-01 10:53:24"
"3475";"Менеджер розсадника \'Зелені Янголи\'";"5";"1030";"0";"0";"1";"Актуальне фото саджанця в горщику С2 (характеристика = потребує погодження) , станом на кінець квітня 2025.";"2025-05-01 10:52:35"
"3474";"Менеджер розсадника \'Зелені Янголи\'";"5";"2170";"0";"0";"1";"Актуальне фото саджанця в горщику С2 (характеристика = потребує погодження) , станом на кінець квітня 2025.";"2025-05-01 10:51:44"
"3473";"Менеджер розсадника \'Зелені Янголи\'";"5";"1040";"0";"0";"1";"Актуальне фото саджанця в горщику С2, станом на кінець квітня 2025.";"2025-05-01 10:50:51"
"3472";"Менеджер розсадника \'Зелені Янголи\'";"5";"1029";"0";"0";"1";"Актуальне фото саджанця в горщику С2 (характеристика = потребує погодження) , станом на кінець квітня 2025.";"2025-05-01 10:49:38"
"3471";"Менеджер розсадника \'Зелені Янголи\'";"5";"2566";"0";"0";"1";"Актуальне фото саджанця в горщику С2 (характеристика = потребує погодження) , станом на кінець квітня 2025.";"2025-05-01 10:48:42"
"3470";"Менеджер розсадника \'Зелені Янголи\'";"5";"2890";"0";"0";"1";"Актуальне фото саджанця в горщику С2 (характеристика = потребує погодження) , станом на кінець квітня 2025.";"2025-05-01 10:48:03"
"3469";"Менеджер розсадника \'Зелені Янголи\'";"5";"2221";"0";"0";"1";"Актуальне фото саджанця в горщику С2 (характеристика = потребує погодження) , станом на кінець квітня 2025.";"2025-05-01 10:47:20"
"3468";"Менеджер розсадника \'Зелені Янголи\'";"5";"2849";"0";"0";"1";"Актуальне фото саджанця в горщику С2 , станом на кінець квітня 2025.";"2025-05-01 10:46:31"
"3485";"Yeva";"5";"0";"0";"0";"1";"Дівчата, дякую, як завжди бездоганна робота! Одне задоволення витрати свої кошти у вас ! Починаючи зі спілкування, порад що до кількості і доставки! Дякую за співпрацю, мій відгук, ви зробили мій день чудовим!!!
Не можу не написати пару теплих слів, моя вдячність співробітникам які опікувались пакуванням. Гарна  робота!!! Запаковано і доставлено у чудовому стані! Доставлено з любов'ю* !";"2025-05-01 00:00:00"
"3466";"Менеджер розсадника \'Зелені Янголи\'";"5";"1779";"0";"0";"1";"Актуальне фото саджанця в горщику 2л, станом на кінець квітня 2025.";"2025-04-30 16:06:59"
"3465";"Менеджер розсадника \'Зелені Янголи\'";"5";"1801";"0";"0";"1";"Актуальне фото саджанця в горщику 2л, станом на кінець квітня 2025.";"2025-04-30 15:34:15"
"3464";"Менеджер розсадника \'Зелені Янголи\'";"5";"1984";"0";"0";"1";"Актуальне фото саджанця в горщику 2л, 2021 , станом на кінець квітня 2025.";"2025-04-30 15:33:06"
"3463";"Менеджер розсадника \'Зелені Янголи\'";"5";"1491";"0";"0";"1";"Актуальне фото саджанця в горщику С2 (характеристика = потребує погодження), станом на кінець квітня 2025.";"2025-04-30 15:32:13"
"3462";"Менеджер розсадника \'Зелені Янголи\'";"5";"976";"0";"0";"1";"Актуальне фото саджанця в горщику 2л, станом на кінець квітня 2025.";"2025-04-30 15:30:30"
"3461";"Менеджер розсадника \'Зелені Янголи\'";"5";"1217";"0";"0";"1";"Актуальне фото саджанця в горщику С2, станом на кінець квітня 2025.";"2025-04-30 15:29:52"
"3460";"Менеджер розсадника \'Зелені Янголи\'";"5";"2281";"0";"0";"1";"Актуальне фото саджанця в горщику 2л (2021), станом на кінець квітня 2025.";"2025-04-30 15:29:01"
"3458";"Менеджер розсадника \'Зелені Янголи\'";"5";"1779";"0";"0";"1";"Актуальне фото саджанця в горщику 2л (2021), станом на кінець квітня 2025.";"2025-04-30 15:26:53"
"3457";"Менеджер розсадника \'Зелені Янголи\'";"5";"1812";"0";"0";"1";"Актуальне фото саджанця в горщику 2л, станом на кінець квітня 2025.";"2025-04-30 15:25:29"
"3456";"Менеджер розсадника \'Зелені Янголи\'";"5";"1376";"0";"0";"1";"Актуальне фото саджанця в горщику , станом на кінець квітня 2025.";"2025-04-30 15:24:36"
"3455";"Менеджер розсадника \'Зелені Янголи\'";"5";"2004";"0";"0";"1";"Актуальне фото саджанця в горщику 3л, станом на кінець квітня 2025.";"2025-04-30 15:23:43"
"3454";"Менеджер розсадника \'Зелені Янголи\'";"5";"2004";"0";"0";"1";"Актуальне фото саджанця в горщику 2л, станом на кінець квітня 2025.";"2025-04-30 15:22:04"
"3453";"Менеджер розсадника \'Зелені Янголи\'";"5";"1980";"0";"0";"1";"Актуальне фото саджанця в горщику 2л, станом на кінець квітня 2025.";"2025-04-30 15:21:24"
"3452";"Менеджер розсадника \'Зелені Янголи\'";"5";"2580";"0";"0";"1";"Актуальне фото саджанця в горщику 2л, станом на кінець квітня 2025.";"2025-04-30 15:20:34"
"3451";"Менеджер розсадника \'Зелені Янголи\'";"5";"2836";"0";"0";"1";"Актуальне фото саджанця в горщику 2л, станом на кінець квітня 2025.";"2025-04-30 15:19:51"
"3450";"Менеджер розсадника \'Зелені Янголи\'";"5";"1800";"0";"0";"1";"Актуальне фото саджанця в горщику 2л, станом на кінець квітня 2025.";"2025-04-30 15:19:13"
"3449";"Менеджер розсадника \'Зелені Янголи\'";"5";"1046";"0";"0";"1";"Актуальне фото саджанця в горщику 2л, станом на кінець квітня 2025.";"2025-04-30 15:18:34"
"3448";"Менеджер розсадника \'Зелені Янголи\'";"5";"1267";"0";"0";"1";"Актуальне фото саджанця в горщику 2л, станом на кінець квітня 2025.";"2025-04-30 15:17:20"
"3446";"Менеджер розсадника \'Зелені Янголи\'";"5";"2646";"0";"0";"1";"Актуальне фото саджанця в горщику 2л, станом на кінець квітня 2025.";"2025-04-30 15:16:01"
"3445";"Менеджер розсадника \'Зелені Янголи\'";"5";"2586";"0";"0";"1";"Актуальне фото саджанця в горщику , станом на кінець квітня 2025.";"2025-04-30 15:15:22"
"3444";"Менеджер розсадника \'Зелені Янголи\'";"5";"1781";"0";"0";"1";"Актуальне фото саджанця в горщику С2 (характеристика = потребує погодження) , станом на кінець квітня 2025.";"2025-04-30 15:14:07"
"3447";"Менеджер розсадника 'Зелені Янголи'";"5";"2817";"0";"0";"1";"Актуальне фото саджанця в горщику 2л (характеристика = потребує погодження), станом на кінець квітня 2025.";"2025-04-30 00:00:00"
"3443";"Мосьпан Людмила";"5";"0";"0";"0";"1";"Не вперше замовляю рослини в Зелених Янголах.  На днях отримала чудові мітловидні гортензії ❤️ Щиро дякую. Замовила сьогодні ще декілька гортензій в свою колекцію. Успіхів вам! ";"2025-04-29 18:24:20"
"3442";"Толкачова Тетяна";"5";"2274";"0";"0";"1";"Отримала нандіну.Дякую Вам велике! Чудовий, великий, гарний кущик! Запаковано з любов'ю. Буду завжди замовляти у Вас! Раджу всім!";"2025-04-29 10:11:29"
"3441";"Соля";"5";"3003";"0";"0";"0";"Можна фото в горшку на 5л?";"2025-04-26 19:01:39"
"3440";"Менеджер розсадника \'Зелені Янголи\'";"5";"582";"0";"0";"1";"Актуальне фото саджанця в горщику 3л, 30-40 см, станом на кінець квітня 2025.";"2025-04-26 13:04:58"
"3439";"Менеджер розсадника \'Зелені Янголи\'";"5";"790";"0";"0";"1";"Актуальне фото саджанця в горщику с2, Н30-40 см, станом на кінець квітня 2025.";"2025-04-26 13:03:24"
"3438";"Менеджер розсадника \'Зелені Янголи\'";"5";"821";"0";"0";"1";"Актуальне фото саджанця в горщику2л , станом на кінець квітня 2025.";"2025-04-26 09:01:36"
"3437";"Менеджер розсадника \'Зелені Янголи\'";"5";"979";"0";"0";"1";"Актуальне фото саджанця в горщику 2л, станом на кінець квітня 2025.";"2025-04-26 09:00:33"
"3436";"Менеджер розсадника \'Зелені Янголи\'";"5";"845";"0";"0";"1";"Актуальне фото саджанця в горщику 2л, станом на кінець квітня 2025.";"2025-04-26 08:58:25"
"3435";"Менеджер розсадника \'Зелені Янголи\'";"5";"1003";"0";"0";"1";"Актуальне фото саджанця в горщику , станом на кінець квітня 2025.";"2025-04-26 08:56:53"
"3434";"Менеджер розсадника \'Зелені Янголи\'";"5";"2040";"0";"0";"1";"Актуальне фото саджанця в горщику 2л, станом на кінець квітня 2025.";"2025-04-26 08:55:59"
"3433";"Менеджер розсадника \'Зелені Янголи\'";"5";"812";"0";"0";"1";"Актуальне фото саджанця в горщику 2л (характеристика = потребує погодження) , станом на кінець квітня 2025.";"2025-04-26 08:53:10"
"3432";"Менеджер розсадника \'Зелені Янголи\'";"5";"98";"0";"0";"1";"Актуальне фото саджанця в горщику с2, станом на кінець квітня 2025.";"2025-04-26 08:50:38"
"3431";"Менеджер розсадника \'Зелені Янголи\'";"5";"826";"0";"0";"1";"Актуальне фото саджанця в горщику 2л, станом на кінець квітня 2025.";"2025-04-26 08:49:10"
"3429";"Менеджер розсадника \'Зелені Янголи\'";"5";"1087";"0";"0";"1";"Актуальне фото саджанця в горщику 2л, станом на кінець квітня 2025.";"2025-04-25 17:13:47"
"3428";"Менеджер розсадника \'Зелені Янголи\'";"5";"1018";"0";"0";"1";"Актуальне фото саджанця в горщику 2л, станом на кінець квітня 2025.";"2025-04-25 17:12:23"
"3427";"Менеджер розсадника \'Зелені Янголи\'";"5";"680";"0";"0";"1";"Актуальне фото саджанця в горщику 2л, станом на кінець квітня 2025.";"2025-04-25 17:11:06"
"3426";"Менеджер розсадника \'Зелені Янголи\'";"5";"1343";"0";"0";"1";"Актуальне фото саджанця в горщику 2л, станом на кінець квітня 2025.";"2025-04-25 17:00:01"
"3425";"Менеджер розсадника \'Зелені Янголи\'";"5";"693";"0";"0";"1";"Актуальне фото саджанця в горщику 2л, станом на кінець квітня 2025.";"2025-04-25 16:56:19"
"3424";"Менеджер розсадника \'Зелені Янголи\'";"5";"716";"0";"0";"1";"Актуальне фото саджанця в горщику 2л, станом на кінець квітня 2025.";"2025-04-25 16:55:17"
"3423";"Менеджер розсадника \'Зелені Янголи\'";"5";"2663";"0";"0";"1";"Актуальне фото саджанця в горщику 2л, станом на кінець квітня 2025.";"2025-04-25 16:54:14"
"3422";"Менеджер розсадника \'Зелені Янголи\'";"5";"1060";"0";"0";"1";"Актуальне фото саджанця в горщику 2л, станом на кінець квітня 2025.";"2025-04-25 16:53:13"
"3421";"Менеджер розсадника \'Зелені Янголи\'";"5";"2655";"0";"0";"1";"Актуальне фото саджанця в горщику 2л, станом на кінець квітня 2025.";"2025-04-25 16:52:13"
"3420";"Менеджер розсадника \'Зелені Янголи\'";"5";"579";"0";"0";"1";"Актуальне фото саджанця в горщику 2л, станом на кінець квітня 2025.";"2025-04-25 16:48:56"
"3419";"Менеджер розсадника \'Зелені Янголи\'";"5";"3627";"0";"0";"1";"Актуальне фото саджанця в горщику 3л, станом на кінець квітня 2025.";"2025-04-25 16:47:59"
"3418";"Менеджер розсадника \'Зелені Янголи\'";"5";"2654";"0";"0";"1";"Актуальне фото саджанця в горщику 2л, станом на кінець квітня 2025.";"2025-04-25 16:47:12"
"3417";"Менеджер розсадника \'Зелені Янголи\'";"5";"2661";"0";"0";"1";"Актуальне фото саджанця в горщику 2л, станом на кінець квітня 2025.";"2025-04-25 16:46:28"
"3416";"Менеджер розсадника \'Зелені Янголи\'";"5";"1596";"0";"0";"1";"Актуальне фото саджанця в горщику 5л, станом на кінець квітня 2025.";"2025-04-25 16:45:34"
"3415";"Менеджер розсадника \'Зелені Янголи\'";"5";"816";"0";"0";"1";"Актуальне фото саджанця в горщику 2л, станом на кінець квітня 2025.";"2025-04-25 16:44:41"
"3413";"Менеджер розсадника \'Зелені Янголи\'";"5";"1067";"0";"0";"1";"Актуальне фото саджанця в горщику 2л, станом на кінець квітня 2025.";"2025-04-25 16:43:01"
"3412";"Менеджер розсадника \'Зелені Янголи\'";"5";"1078";"0";"0";"1";"Актуальне фото саджанця в горщику 2л, станом на кінець квітня 2025.";"2025-04-25 16:41:44"
"3411";"Менеджер розсадника \'Зелені Янголи\'";"5";"820";"0";"0";"1";"Актуальне фото саджанця в горщику 2л, станом на кінець квітня 2025.";"2025-04-25 16:40:47"
"3410";"Менеджер розсадника \'Зелені Янголи\'";"5";"631";"0";"0";"1";"Актуальне фото саджанця в горщику 2л (характеристика = потребує погодження), станом на кінець квітня 2025.";"2025-04-25 16:40:00"
"3409";"Менеджер розсадника \'Зелені Янголи\'";"5";"675";"0";"0";"1";"Актуальне фото саджанця в горщику 2л, станом на кінець квітня 2025.";"2025-04-25 16:38:30"
"3408";"Менеджер розсадника \'Зелені Янголи\'";"5";"1387";"0";"0";"1";"Актуальне фото саджанця в горщику 2л, станом на кінець квітня 2025.";"2025-04-25 16:35:20"
"3407";"Менеджер розсадника \'Зелені Янголи\'";"5";"1969";"0";"0";"1";"Актуальне фото саджанця в горщику 2л , станом на кінець квітня 2025.";"2025-04-25 16:34:28"
"3406";"Менеджер розсадника \'Зелені Янголи\'";"5";"586";"0";"0";"1";"Актуальне фото саджанця в горщику 2л, станом на кінець квітня 2025.";"2025-04-25 16:33:11"
"3405";"Менеджер розсадника \'Зелені Янголи\'";"5";"111";"0";"0";"1";"Актуальне фото саджанця в горщику 2л (40-60 см) , станом на кінець квітня 2025.";"2025-04-25 16:32:03"
"3404";"Менеджер розсадника \'Зелені Янголи\'";"5";"617";"0";"0";"1";"Актуальне фото саджанця в горщику 2л, станом на кінець квітня 2025.";"2025-04-25 16:30:59"
"3403";"Менеджер розсадника \'Зелені Янголи\'";"5";"1313";"0";"0";"1";"Актуальне фото саджанця в горщику 60л, 160-180 см заввишки, станом на кінець квітня 2025.";"2025-04-25 16:30:04"
"3402";"Менеджер розсадника \'Зелені Янголи\'";"5";"513";"0";"0";"1";"Актуальне фото саджанця в горщику р9, станом на кінець квітня 2025.";"2025-04-25 16:28:29"
"3401";"Менеджер розсадника \'Зелені Янголи\'";"5";"2917";"0";"0";"1";"Актуальне фото саджанця в горщику 2л, станом на кінець квітня 2025.";"2025-04-25 16:27:33"
"3400";"Менеджер розсадника \'Зелені Янголи\'";"5";"3414";"0";"0";"1";"Актуальне фото саджанця в горщику р9, станом на кінець квітня 2025.";"2025-04-25 16:26:32"
"3399";"Менеджер розсадника \'Зелені Янголи\'";"5";"1319";"0";"0";"1";"Актуальне фото саджанця в горщику 2л, станом на кінець квітня 2025.";"2025-04-25 16:25:39"
"3398";"Менеджер розсадника \'Зелені Янголи\'";"5";"66";"0";"0";"1";"Актуальне фото саджанця в горщику 2л, станом на кінець квітня 2025.";"2025-04-25 16:24:32"
"3397";"Менеджер розсадника \'Зелені Янголи\'";"5";"712";"0";"0";"1";"Актуальне фото саджанця в горщику 2л , станом на кінець квітня 2025.";"2025-04-25 16:23:36"
"3396";"Менеджер розсадника \'Зелені Янголи\'";"5";"3456";"0";"0";"1";"Актуальне фото саджанця в горщику 2л, станом на кінець квітня 2025.";"2025-04-25 16:21:19"
"3395";"Менеджер розсадника \'Зелені Янголи\'";"5";"3436";"0";"0";"1";"Актуальне фото саджанця в горщику 2л, станом на кінець квітня 2025.";"2025-04-25 16:20:16"
"3394";"Менеджер розсадника \'Зелені Янголи\'";"5";"3534";"0";"0";"1";"Актуальне фото саджанця в горщику с7,5 на штамбі , станом на кінець квітня 2025.";"2025-04-25 16:19:12"
"3393";"Менеджер розсадника \'Зелені Янголи\'";"5";"3548";"0";"0";"1";"Актуальне фото саджанця в горщику с7,5 на штамбі, станом на кінець квітня 2025.";"2025-04-25 16:17:25"
"3392";"Менеджер розсадника \'Зелені Янголи\'";"5";"2104";"0";"0";"1";"Актуальне фото саджанця в горщику 18 л (характеристика = потребує погодження), станом на кінець квітня 2025.";"2025-04-25 16:12:37"
"3391";"Менеджер розсадника \'Зелені Янголи\'";"5";"3544";"0";"0";"1";"Актуальне фото саджанця в горщику с7,5 л на штамбі , станом на кінець квітня 2025.";"2025-04-25 16:10:43"
"3390";"Менеджер розсадника \'Зелені Янголи\'";"5";"2447";"0";"0";"1";"Актуальне фото саджанця в горщику 5л (характеристика = потребує погодження), станом на кінець квітня 2025.";"2025-04-25 16:09:31"
"3389";"Менеджер розсадника \'Зелені Янголи\'";"5";"2633";"0";"0";"1";"Актуальне фото саджанця в горщику , станом на кінець квітня 2025.";"2025-04-25 16:08:06"
"3388";"Менеджер розсадника \'Зелені Янголи\'";"5";"3153";"0";"0";"1";"Актуальне фото саджанця в горщику 5л, станом на кінець квітня 2025.";"2025-04-25 16:07:06"
"3387";"Менеджер розсадника \'Зелені Янголи\'";"5";"83";"0";"0";"1";"Актуальне фото саджанця в горщику 5л (висота 120-140 см), станом на кінець квітня 2025.";"2025-04-25 16:06:00"
"3386";"Менеджер розсадника \'Зелені Янголи\'";"5";"3155";"0";"0";"1";"Актуальне фото саджанця в горщику 5л, станом на кінець квітня 2025.";"2025-04-25 16:05:00"
"3385";"Менеджер розсадника \'Зелені Янголи\'";"5";"3157";"0";"0";"1";"Актуальне фото саджанця в горщику 5л, станом на кінець квітня 2025.";"2025-04-25 16:04:02"
"3384";"Менеджер розсадника \'Зелені Янголи\'";"5";"1810";"0";"0";"1";"Актуальне фото саджанця в горщику 2л, станом на кінець квітня 2025.";"2025-04-25 16:03:05"
"3383";"Менеджер розсадника \'Зелені Янголи\'";"5";"3158";"0";"0";"1";"Актуальне фото саджанця в горщику 5л, станом на кінець квітня 2025.";"2025-04-25 16:01:46"
"3382";"Менеджер розсадника \'Зелені Янголи\'";"5";"1007";"0";"0";"1";"Актуальне фото саджанця в горщику 2л, станом на кінець квітня 2025.";"2025-04-25 15:54:54"
"3381";"Менеджер розсадника \'Зелені Янголи\'";"5";"709";"0";"0";"1";"Актуальне фото саджанця в горщику , станом на кінець квітня 2025.";"2025-04-25 15:53:33"
"3380";"Менеджер розсадника \'Зелені Янголи\'";"5";"3332";"0";"0";"1";"Актуальне фото саджанця в горщику 2л, станом на кінець квітня 2025.";"2025-04-25 15:52:00"
"3379";"Менеджер розсадника \'Зелені Янголи\'";"5";"523";"0";"0";"1";"Актуальне фото саджанця в горщику 2л, станом на кінець квітня 2025.";"2025-04-25 15:50:24"
"3378";"Менеджер розсадника \'Зелені Янголи\'";"5";"3327";"0";"0";"1";"Актуальне фото саджанця в горщику 2л, станом на кінець квітня 2025.";"2025-04-25 15:47:58"
"3377";"Менеджер розсадника \'Зелені Янголи\'";"5";"3710";"0";"0";"1";"Актуальне фото саджанця в горщику 4л, станом на кінець квітня 2025.";"2025-04-25 15:46:07"
"3376";"Менеджер розсадника \'Зелені Янголи\'";"5";"2303";"0";"0";"1";"Актуальне фото саджанця в горщику р9, станом на кінець квітня 2025.";"2025-04-25 14:22:50"
"3375";"Менеджер розсадника \'Зелені Янголи\'";"5";"1148";"0";"0";"1";"Актуальне фото саджанця в горщику р9, станом на кінець квітня 2025.";"2025-04-25 14:21:29"
"3374";"Менеджер розсадника \'Зелені Янголи\'";"5";"2455";"0";"0";"1";"Актуальне фото саджанця в горщику 18л (потребує погодження) , станом на кінець квітня 2025.";"2025-04-25 14:19:47"
"3373";"Менеджер розсадника \'Зелені Янголи\'";"5";"2455";"0";"0";"1";"Актуальне фото саджанця в горщику 5л (потребує погодження), станом на кінець квітня 2025.";"2025-04-25 14:18:38"
"3372";"Менеджер розсадника \'Зелені Янголи\'";"5";"2443";"0";"0";"1";"Актуальне фото саджанця в горщику 10 л (на першому плані) та 5 л (позаду), станом на кінець квітня 2025.";"2025-04-25 14:17:09"
"3371";"Менеджер розсадника \'Зелені Янголи\'";"5";"2443";"0";"0";"1";"Актуальне фото саджанця в горщику 40л , станом на кінець квітня 2025.";"2025-04-25 14:16:09"
"3370";"Менеджер розсадника \'Зелені Янголи\'";"5";"2835";"0";"0";"1";"Актуальне фото саджанця в горщику с1,5, станом на кінець квітня 2025.";"2025-04-25 14:00:28"
"3369";"Менеджер розсадника \'Зелені Янголи\'";"5";"3674";"0";"0";"1";"Актуальне фото саджанця в горщику с1, станом на кінець квітня 2025.";"2025-04-25 13:59:31"
"3368";"Менеджер розсадника \'Зелені Янголи\'";"5";"2796";"0";"0";"1";"Актуальне фото саджанця в горщику с1,5, станом на кінець квітня 2025.";"2025-04-25 13:58:26"
"3367";"Менеджер розсадника \'Зелені Янголи\'";"5";"3673";"0";"0";"1";"Актуальне фото саджанця в горщику с1,5, станом на кінець квітня 2025.";"2025-04-25 13:57:25"
"3366";"Менеджер розсадника \'Зелені Янголи\'";"5";"3666";"0";"0";"1";"Актуальне фото саджанця в горщику с1,5, станом на кінець квітня 2025.";"2025-04-25 13:56:27"
"3365";"Менеджер розсадника \'Зелені Янголи\'";"5";"3672";"0";"0";"1";"Актуальне фото саджанця в горщику с1,5, станом на кінець квітня 2025.";"2025-04-25 13:55:32"
"3364";"Менеджер розсадника \'Зелені Янголи\'";"5";"2795";"0";"0";"1";"Актуальне фото саджанця в горщику с1,5, станом на кінець квітня 2025.";"2025-04-25 13:54:26"
"3363";"Менеджер розсадника \'Зелені Янголи\'";"5";"3003";"0";"0";"1";"Актуальне фото саджанця в горщику с1,5, станом на кінець квітня 2025.";"2025-04-25 13:53:16"
"3362";"Менеджер розсадника \'Зелені Янголи\'";"5";"2833";"0";"0";"1";"Актуальне фото саджанця в горщику с1, станом на кінець квітня 2025.";"2025-04-25 13:52:18"
"3361";"Менеджер розсадника \'Зелені Янголи\'";"5";"3668";"0";"0";"1";"Актуальне фото саджанця в горщику с1, станом на кінець квітня 2025.";"2025-04-25 13:48:43"
"3360";"Менеджер розсадника \'Зелені Янголи\'";"5";"3669";"0";"0";"1";"Актуальне фото саджанця в горщику с1, станом на кінець квітня 2025.";"2025-04-25 13:47:51"
"3359";"Менеджер розсадника \'Зелені Янголи\'";"5";"3667";"0";"0";"1";"Актуальне фото саджанця в горщику с1,5, станом на кінець квітня 2025.";"2025-04-25 13:46:54"
"3358";"Менеджер розсадника \'Зелені Янголи\'";"5";"2834";"0";"0";"1";"Актуальне фото саджанця в горщику с1,5 , станом на кінець квітня 2025.";"2025-04-25 13:45:43"
"3357";"Наталія Костриба";"5";"2048";"0";"0";"1";"Купувала айвочку в 2021 р. Ну дуже гарно квітує!!!";"2025-04-25 10:15:44"
"3356";"Менеджер розсадника \'Зелені Янголи\'";"5";"58";"0";"0";"1";"Актуальне фото саджанця в горщику 2л, станом на кінець квітня 2025.";"2025-04-25 09:58:18"
"3355";"Менеджер розсадника \'Зелені Янголи\'";"5";"1341";"0";"0";"1";"Актуальне фото саджанця в горщику 5л, станом на кінець квітня 2025.";"2025-04-25 09:57:23"
"3354";"Менеджер розсадника \'Зелені Янголи\'";"5";"3487";"0";"0";"1";"Актуальне фото саджанця в горщику с7,5, станом на кінець квітня 2025.";"2025-04-25 09:56:43"
"3353";"Менеджер розсадника \'Зелені Янголи\'";"5";"1165";"0";"0";"1";"Актуальне фото саджанця в горщику р9, станом на кінець квітня 2025.";"2025-04-25 09:56:04"
"3352";"Менеджер розсадника \'Зелені Янголи\'";"5";"2514";"0";"0";"1";"Актуальне фото саджанця в горщику 12л, станом на кінець квітня 2025.";"2025-04-25 09:55:26"
"3351";"Менеджер розсадника \'Зелені Янголи\'";"5";"3538";"0";"0";"1";"Актуальне фото саджанця в горщику 5л, станом на кінець квітня 2025.";"2025-04-25 09:54:47"
"3350";"Лариса";"1";"0";"0";"0";"0";"Восени 2024 року купувала рослини у Зелених янголів. Під час оформлення і оплати товарів, все було чудово: консультації, зворотний звʼязок, швидкість. Отримала товар, але вже тоді звернула увагу на колір ялівців Спартан (брала 5 од. 160-180 см, та 2 140-160 см) лише один з них був яскраво зеленого кольору, інші більш темніші з іншим відтінком. Навесні стався шок, коли зрозуміла, що лише цей один і  живий. На запит в вайбері ніякої реакції по сьогоднішній день. Розчарована. Не рекомендую!!!";"2025-04-22 10:01:59"
"3349";"Олена Топалова";"5";"3573";"0";"0";"0";"Замовляла різні рослини, й цю роджерсію. Приїхав горщик вказаного розміру. Рослина вологолюбива, тому вона полита та замульчована! Все по протоколу). Обрізана під нуль, нічого не видно було. Я чекала якогось руху. І десь, через днів 8 почали з'являтись бруньки та розкручуватись в маленькі листочки її характерного 'шоколадного' кольору! Сподіваюсь рослинка мене порадує! Дякую 'Зеленим Янголам'. Це було моє перше в них замовлення. Сподіваюсь, з подальшими замовленнями теж, все буде добре!))";"2025-04-21 21:05:25"
"3348";"Каніщенко Галина";"5";"0";"0";"0";"0";"Була приємно вражена якістю рослін і пакуванням. Дякую. Це був мій перший досвіт контактів з вами, не пошкодувала. Замовляю рослини по всій Україні, дуже рідко стикаєшся зі справжньою якістю. Ще раз дякую.";"2025-04-20 08:02:42"
"3347";"Менеджер, \"Зелені Янголи\"";"5";"2047";"0";"0";"1";"Актуальне фото саджанця в горщику 2л, зроблене на розсаднику 'Зелені Янголи' 17.04.2025";"2025-04-18 10:14:31"
"3346";"Менеджер, \"Зелені Янголи\"";"5";"335";"0";"0";"1";"Актуальне фото саджанця в горщику 2л, зроблене на розсаднику 'Зелені Янголи' 17.04.2025";"2025-04-18 10:13:50"
"3345";"Менеджер, \"Зелені Янголи\"";"5";"19";"0";"0";"1";"Актуальне фото саджанця в горщику 2л, зроблене на розсаднику 'Зелені Янголи' 17.04.2025";"2025-04-18 10:12:59"
"3344";"Менеджер, \"Зелені Янголи\"";"5";"1957";"0";"0";"1";"Актуальне фото саджанця в горщику 2л, зроблене на розсаднику 'Зелені Янголи' 17.04.2025";"2025-04-18 10:12:16"
"3343";"Менеджер, \"Зелені Янголи\"";"5";"1297";"0";"0";"1";"Актуальне фото саджанця в горщику 2л, зроблене на розсаднику 'Зелені Янголи' 17.04.2025";"2025-04-18 10:11:29"
"3342";"Менеджер, \"Зелені Янголи\"";"5";"76";"0";"0";"1";"Актуальне фото саджанця в горщику 2л, зроблене на розсаднику 'Зелені Янголи' 17.04.2025";"2025-04-18 10:10:44"
"3341";"Менеджер, \"Зелені Янголи\"";"5";"77";"0";"0";"1";"Актуальне фото саджанця в горщику 2л, зроблене на розсаднику 'Зелені Янголи' 17.04.2025";"2025-04-18 10:09:31"
"3340";"Менеджер, \"Зелені Янголи\"";"5";"641";"0";"0";"1";"Актуальне фото саджанця в горщику 2л, зроблене на розсаднику 'Зелені Янголи' 17.04.2025";"2025-04-18 10:08:07"
"3339";"Менеджер, \"Зелені Янголи\"";"5";"3372";"0";"0";"1";"Актуальне фото саджанця в горщику 2л, зроблене на розсаднику 'Зелені Янголи' 17.04.2025";"2025-04-18 10:07:21"
"3338";"Менеджер, \"Зелені Янголи\"";"5";"3370";"0";"0";"1";"Актуальне фото саджанця в горщику 2л, зроблене на розсаднику 'Зелені Янголи' 17.04.2025";"2025-04-18 10:06:37"
"3337";"Менеджер, \"Зелені Янголи\"";"5";"3369";"0";"0";"1";"Актуальне фото саджанця в горщику 2л, зроблене на розсаднику 'Зелені Янголи' 17.04.2025";"2025-04-18 10:05:45"
"3336";"Менеджер, \"Зелені Янголи\"";"5";"3371";"0";"0";"1";"Актуальне фото саджанця в горщику 2л, зроблене на розсаднику 'Зелені Янголи' 17.04.2025";"2025-04-18 10:02:59"
"3335";"Менеджер, \"Зелені Янголи\"";"5";"3368";"0";"0";"1";"Актуальне фото саджанця в горщику 2л, зроблене на розсаднику 'Зелені Янголи' 17.04.2025";"2025-04-18 10:01:43"
"3334";"Менеджер, \"Зелені Янголи\"";"5";"2977";"0";"0";"1";"Актуальне фото саджанця в горщику 2л, зроблене на розсаднику 'Зелені Янголи' 17.04.2025";"2025-04-18 10:00:35"
"3333";"Менеджер, \"Зелені Янголи\"";"5";"1213";"0";"0";"1";"Актуальне фото саджанця в горщику 2л, зроблене на розсаднику 'Зелені Янголи' 17.04.2025";"2025-04-18 09:59:51"
"3332";"Менеджер, \"Зелені Янголи\"";"5";"1344";"0";"0";"1";"Актуальне фото саджанця в горщику 2л, зроблене на розсаднику 'Зелені Янголи' 17.04.2025";"2025-04-18 09:59:10"
"3331";"Менеджер, \"Зелені Янголи\"";"5";"2349";"0";"0";"1";"Актуальне фото саджанця в горщику 2л, зроблене на розсаднику 'Зелені Янголи' 17.04.2025";"2025-04-18 09:58:20"
"3330";"Менеджер, \"Зелені Янголи\"";"5";"1305";"0";"0";"1";"Актуальне фото саджанця в горщику 2л, зроблене на розсаднику 'Зелені Янголи' 17.04.2025";"2025-04-18 09:57:34"
"3329";"Менеджер, \"Зелені Янголи\"";"5";"710";"0";"0";"1";"Актуальне фото саджанця в горщику 2л, зроблене на розсаднику 'Зелені Янголи' 17.04.2025";"2025-04-18 09:56:45"
"3328";"Менеджер, \"Зелені Янголи\"";"5";"1436";"0";"0";"1";"Актуальне фото саджанця в горщику 2л, зроблене на розсаднику 'Зелені Янголи' 17.04.2025";"2025-04-18 09:55:59"
"3327";"Менеджер, \"Зелені Янголи\"";"5";"973";"0";"0";"1";"Актуальне фото саджанця в горщику 2л, зроблене на розсаднику 'Зелені Янголи' 17.04.2025";"2025-04-18 09:54:44"
"3326";"Менеджер, \"Зелені Янголи\"";"5";"3367";"0";"0";"1";"Актуальне фото саджанця в горщику 2л, зроблене на розсаднику 'Зелені Янголи' 17.04.2025";"2025-04-18 09:53:57"
"3325";"Менеджер, \"Зелені Янголи\"";"5";"2492";"0";"0";"1";"Актуальне фото саджанця в горщику 2л, зроблене на розсаднику 'Зелені Янголи' 17.04.2025";"2025-04-18 09:52:42"
"3324";"Менеджер, \"Зелені Янголи\"";"5";"1315";"0";"0";"1";"Актуальне фото саджанця в горщику 2л, зроблене на розсаднику 'Зелені Янголи' 17.04.2025";"2025-04-18 09:51:53"
"3323";"Менеджер, \"Зелені Янголи\"";"5";"2368";"0";"0";"1";"Актуальне фото саджанця в горщику 2л, зроблене на розсаднику 'Зелені Янголи' 17.04.2025";"2025-04-18 09:50:52"
"3322";"Менеджер, \"Зелені Янголи\"";"5";"1319";"0";"0";"1";"Актуальне фото саджанця в горщику 2л, зроблене на розсаднику 'Зелені Янголи' 17.04.2025";"2025-04-18 09:50:07"
"3321";"Менеджер, \"Зелені Янголи\"";"5";"1994";"0";"0";"1";"Актуальне фото саджанця в горщику 2л, зроблене на розсаднику 'Зелені Янголи' 17.04.2025";"2025-04-18 09:49:23"
"3320";"Менеджер, \"Зелені Янголи\"";"5";"1245";"0";"0";"1";"Актуальне фото саджанця в горщику 2л, зроблене на розсаднику 'Зелені Янголи' 17.04.2025";"2025-04-18 09:48:34"
"3319";"Менеджер, \"Зелені Янголи\"";"5";"1369";"0";"0";"1";"Актуальне фото саджанця в горщику 2л, зроблене на розсаднику 'Зелені Янголи' 17.04.2025";"2025-04-18 09:46:47"
"3318";"Менеджер, \"Зелені Янголи\"";"5";"3373";"0";"0";"1";"Актуальне фото саджанця в горщику 2л, зроблене на розсаднику 'Зелені Янголи' 17.04.2025";"2025-04-18 09:37:52"
"3317";"Менеджер, \"Зелені Янголи\"";"5";"830";"0";"0";"1";"Актуальне фото саджанця в горщику 2л, зроблене на розсаднику 'Зелені Янголи' 17.04.2025";"2025-04-18 09:37:04"
"3316";"Менеджер, \"Зелені Янголи\"";"5";"113";"0";"0";"1";"Актуальне фото саджанця в горщику 2л, зроблене на розсаднику 'Зелені Янголи' 17.04.2025";"2025-04-18 09:35:34"
"3315";"Менеджер, \"Зелені Янголи\"";"5";"712";"0";"0";"1";"Актуальне фото саджанця в горщику 2л, зроблене на розсаднику 'Зелені Янголи' 17.04.2025";"2025-04-18 09:34:47"
"3314";"Менеджер, \"Зелені Янголи\"";"5";"108";"0";"0";"1";"Актуальне фото саджанця в горщику 2л, зроблене на розсаднику 'Зелені Янголи' 17.04.2025";"2025-04-18 09:33:58"
"3313";"Менеджер, \"Зелені Янголи\"";"5";"863";"0";"0";"1";"Актуальне фото саджанця в горщику 2л, зроблене на розсаднику 'Зелені Янголи' 17.04.2025";"2025-04-18 09:33:02"
"3312";"Менеджер, \"Зелені Янголи\"";"5";"832";"0";"0";"1";"Актуальне фото саджанця в горщику 2л, зроблене на розсаднику 'Зелені Янголи' 17.04.2025";"2025-04-18 09:32:17"
"3311";"Менеджер, \"Зелені Янголи\"";"5";"834";"0";"0";"1";"Актуальне фото саджанця в горщику 2л, зроблене на розсаднику 'Зелені Янголи' 17.04.2025";"2025-04-18 09:31:15"
"3310";"Менеджер, \"Зелені Янголи\"";"5";"111";"0";"0";"1";"Актуальне фото саджанця в горщику 2л, зроблене на розсаднику 'Зелені Янголи' 17.04.2025";"2025-04-18 09:30:21"
"3309";"Менеджер, \"Зелені Янголи\"";"5";"716";"0";"0";"1";"Актуальне фото саджанця в горщику 2л, зроблене на розсаднику 'Зелені Янголи' 17.04.2025";"2025-04-18 09:29:09"
"3308";"Менеджер, \"Зелені Янголи\"";"5";"1092";"0";"0";"1";"Актуальне фото саджанця в горщику 2л, зроблене на розсаднику 'Зелені Янголи' 17.04.2025";"2025-04-18 09:28:08"
"3307";"Менеджер, \"Зелені Янголи\"";"5";"815";"0";"0";"1";"Актуальне фото саджанця в горщику 2л, зроблене на розсаднику 'Зелені Янголи' 17.04.2025";"2025-04-18 09:27:03"
"3306";"Менеджер, \"Зелені Янголи\"";"5";"104";"0";"0";"1";"Актуальне фото саджанця в горщику 2л, зроблене на розсаднику 'Зелені Янголи' 17.04.2025";"2025-04-18 09:25:58"
"3305";"Менеджер, \"Зелені Янголи\"";"5";"100";"0";"0";"1";"Актуальне фото саджанця в горщику 2л, зроблене на розсаднику 'Зелені Янголи' 17.04.2025";"2025-04-18 09:23:38"
"3304";"office@landshaft.info";"5";"681";"0";"0";"1";"Актуальне фото саджанця в горщику 2л, зроблене на розсаднику 'Зелені Янголи' 17.04.2025";"2025-04-18 09:22:00"
"3303";"Менеджер, \"Зелені Янголи\"";"5";"1095";"0";"0";"1";"Актуальне фото саджанця в горщику 2л, зроблене на розсаднику 'Зелені Янголи' 17.04.2025";"2025-04-18 09:21:09"
"3302";"Менеджер, \"Зелені Янголи\"";"5";"806";"0";"0";"1";"Актуальне фото саджанця в горщику 2л, зроблене на розсаднику 'Зелені Янголи' 17.04.2025";"2025-04-18 09:20:21"
"3301";"Менеджер, \"Зелені Янголи\"";"5";"1005";"0";"0";"1";"Актуальне фото саджанця в горщику 2л, зроблене на розсаднику 'Зелені Янголи' 17.04.2025";"2025-04-18 09:19:36"
"3300";"Менеджер, \"Зелені Янголи\"";"5";"706";"0";"0";"1";"Актуальне фото саджанця в горщику 2л, зроблене на розсаднику 'Зелені Янголи' 17.04.2025";"2025-04-18 09:18:54"
"3299";"Менеджер, \"Зелені Янголи\"";"5";"1501";"0";"0";"1";"Актуальне фото саджанця в горщику 2л, зроблене на розсаднику 'Зелені Янголи' 17.04.2025";"2025-04-18 09:18:09"
"3298";"Менеджер, \"Зелені Янголи\"";"5";"682";"0";"0";"1";"Актуальне фото саджанця в горщику 2л, зроблене на розсаднику 'Зелені Янголи' 17.04.2025";"2025-04-18 09:16:58"
"3297";"Менеджер, \"Зелені Янголи\"";"5";"824";"0";"0";"1";"Актуальне фото саджанця в горщику 2л, зроблене на розсаднику 'Зелені Янголи' 17.04.2025";"2025-04-18 09:16:07"
"3296";"Менеджер, \"Зелені Янголи\"";"5";"631";"0";"0";"1";"Актуальне фото саджанця в горщику 2л, зроблене на розсаднику 'Зелені Янголи' 17.04.2025";"2025-04-18 09:15:05"
"3295";"Менеджер, \"Зелені Янголи\"";"5";"846";"0";"0";"1";"Актуальне фото саджанця в горщику 2л, зроблене на розсаднику 'Зелені Янголи' 17.04.2025";"2025-04-18 09:11:55"
"3294";"Менеджер, \"Зелені Янголи\"";"5";"826";"0";"0";"1";"Актуальне фото саджанця в горщику 2л, зроблене на розсаднику 'Зелені Янголи' 17.04.2025";"2025-04-18 09:11:04"
"3293";"Менеджер, \"Зелені Янголи\"";"5";"828";"0";"0";"1";"Актуальне фото саджанця в горщику 2л, зроблене на розсаднику 'Зелені Янголи' 17.04.2025";"2025-04-18 09:09:38"
"3292";"Менеджер, \"Зелені Янголи\"";"5";"812";"0";"0";"1";"Актуальне фото саджанця в горщику 2л, зроблене на розсаднику 'Зелені Янголи' 17.04.2025";"2025-04-18 09:08:18"
"3291";"Менеджер, \"Зелені Янголи\"";"5";"822";"0";"0";"1";"Актуальне фото саджанця в горщику 2л, зроблене на розсаднику 'Зелені Янголи' 17.04.2025";"2025-04-18 09:07:29"
"3290";"Менеджер, \"Зелені Янголи\"";"5";"817";"0";"0";"1";"Актуальне фото саджанця в горщику 2л, зроблене на розсаднику 'Зелені Янголи' 17.04.2025";"2025-04-18 09:06:48"
"3289";"Менеджер, \"Зелені Янголи\"";"5";"1500";"0";"0";"1";"Актуальне фото саджанця в горщику 2л, зроблене на розсаднику 'Зелені Янголи' 17.04.2025";"2025-04-18 09:06:15"
"3288";"Менеджер, \"Зелені Янголи\"";"5";"99";"0";"0";"1";"Актуальне фото саджанця в горщику 2л, зроблене на розсаднику 'Зелені Янголи' 17.04.2025";"2025-04-18 09:05:32"
"3287";"Менеджер, \"Зелені Янголи\"";"5";"3383";"0";"0";"1";"Актуальне фото саджанця в горщику 2л, зроблене на розсаднику 'Зелені Янголи' 17.04.2025";"2025-04-18 09:03:05"
"3286";"Менеджер, \"Зелені Янголи\"";"5";"786";"0";"0";"1";"Актуальне фото саджанця в горщику 2л, зроблене на розсаднику 'Зелені Янголи' 17.04.2025";"2025-04-18 09:02:30"
"3285";"Менеджер, \"Зелені Янголи\"";"5";"3366";"0";"0";"1";"Актуальне фото саджанця в горщику 2л, зроблене на розсаднику 'Зелені Янголи' 17.04.2025";"2025-04-18 09:01:51"
"3284";"Менеджер, \"Зелені Янголи\"";"5";"2639";"0";"0";"1";"Актуальне фото саджанця в горщику 2л, зроблене на розсаднику 'Зелені Янголи' 17.04.2025";"2025-04-18 09:01:13"
"3283";"Менеджер, \"Зелені Янголи\"";"5";"821";"0";"0";"1";"Актуальне фото саджанця в горщику 2л, зроблене на розсаднику 'Зелені Янголи' 17.04.2025";"2025-04-18 08:59:58"
"3282";"Менеджер, \"Зелені Янголи\"";"5";"1025";"0";"0";"1";"Актуальне фото саджанця в горщику 2л, зроблене на розсаднику 'Зелені Янголи' 17.04.2025";"2025-04-18 08:59:04"
"3281";"Менеджер, \"Зелені Янголи\"";"5";"1002";"0";"0";"1";"Актуальне фото саджанця в горщику 2л, зроблене на розсаднику 'Зелені Янголи' 17.04.2025";"2025-04-18 08:57:40"
"3280";"Людмила Николин";"5";"3673";"0";"0";"1";"Замовила, попросила щоб відправили після заморозків.Сьогодні отримала.Гарний кущик, є зачатки суцвіть.В описі написано імпорт, але на горщику жодної бірки чи назви.Як знати, що це точно вона?";"2025-04-15 18:41:22"
"3279";"Татьяна";"5";"86";"0";"0";"1";"Замовляла акебію і отримала дуже гарну рослину, прийшла гарно запакована і не пошкоджена. Велике дякую, гарних продаж ! ";"2025-04-12 07:53:35"
"3278";"Алла";"5";"0";"0";"0";"1";"Отримала посилку. Ніяк не очікувала побачити  гарненький саджанець з квітами! Дуже задоволена.Дякую від душі!!";"2025-04-11 18:14:38"
"3277";"Ірина";"5";"0";"0";"0";"0";"Довго дивилась на фото реальних саджанців в спільноті Телеграм, вивчала сайт та нарешті зробила замовлення. Відправили рослинки швидко. Прийшло моє замовлення дуже гарно упаковане. На цьому позитив закінчується. Дві рослини  покриті пліснявою на листях; гортензія дуже маленька, з якимись чорними плямками на дуже дрібних листях, папороть-взагалі поки порожній горщик (стверджують, що поки спить). Про це повідоммила менеджерів, але у відповідь повне мовчання. Не рекомендую!";"2025-04-11 12:30:13"
"3276";"Тося";"5";"3441";"0";"0";"1";"Дуже задоволена замовленням.!.Гарнючий барбарис! Добре запаковані растюшки, тому доїхали без ушкоджень через всю країну..пройшло мало часу, але вже бачу,що прийнялись.. Дякую Вам велике!";"2025-04-04 17:29:21"
"3275";"Татьяна";"5";"0";"0";"0";"1";"Сегодня получила мои цветочки. Все в прекрасном состоянии, хорошо упакованы. Спасибо за вашу работу и внимание к клиентам. Советую этот магазин!";"2025-04-01 15:58:06"
"3274";"Катерина";"5";"0";"0";"0";"1";"Щиро вдячна за вашу роботу!!! 
Моє замовлення було складним і обємним - 7 великих дерев. Команда спрацювала на 100 - від приємного спілкування до забезпечення доставки під будинок. Дерева в відмінному стані, відповідають опису і дбайливо запаковані.  Зелені Янголи  - ви найкращі!!! ";"2025-03-31 21:32:49"
"3273";"Тетяна ";"4";"340";"0";"0";"1";"Рослини прийшли гарно запаковані, все нормально доїхало, досить швидко. Замовлення робила заради Фотінії (горщик с5 ) і ось з нею не все ок виявилось: молоде  листя на верхівках, те що має бути червоним,  було чорне - наче від морозу пошкоджене. А може і інша причина. Це дуже засмутило(  Писала магазину через бот та форму зв'язку на сайті - відповіді не отримала, тому пишу у відгуки. Фото прикладаю";"2025-03-30 09:45:21"
"3272";"Олена Федієнко";"5";"0";"0";"0";"1";"Дякую розсаднику за рослини, а співробітникам за якість пакування! Рослини здорові і дуже гарної якості по хорошій ціні. Замовлення складалося з 4 (більше 30 шт), доставка була як і домовлялися. Все сподобалося, раджу 100%))) ";"2025-03-24 15:44:31"
"3271";"Олена Жукова";"5";"2434";"0";"0";"1";"Замовила на початку червня, бо з іншого розплідника отримала пересорт. Посадила саме перед  спекою, Та ваші рлслини живучі. Трояндочка неймовірна. Мало що лобре прижилась, та ще й цвіла, не дуже шаленно, бо мала ще, але постійно з початку липня всеньке літо. Й осінь. Й зиму ????, бо зима ж тільки всередині лютого почалась. На сьогодні, середина березня, з морозів в-17 вийшла гарно, хоч не вкривав її ніхто. ";"2025-03-19 23:31:55"
"3270";"Олена Жукова";"5";"805";"0";"0";"1";"Минулої весни замовила в Р9. Та чи мені у вас щастить, чи у вас всі такі хврйні. Що Спартан, що Мунлайт очікувала трішки меншимии отримати. Дуже гарні саджанці, і доволі добре наросли за минулий рік. Правду кажучи, я їх і поливала добре і проливала радіфірмом кілька разів. У Спартана дуже гарний глибокий зелений колір.";"2025-03-19 23:13:36"
"3269";"Олена Жукова";"5";"1087";"0";"0";"1";"Може мені пощастило, та в Р9 приїхала і не зовсім маленька рослина. За літо гарненько виріс. Та не це головне. Жодне фото, що я бачила, не передає його неймовірний колір. Це щось фантастичне! Назва повністю відповілає.";"2025-03-19 23:03:56"
"3268";"Олена Жукова";"5";"0";"0";"0";"1";"Якщо не найкпащі, то одні з небагатьох найкращих в Україні! Асортимент, наявність різних розмірів, якість обслуоовування, якість пакування, приємнмй сайт, що ще похвалити, не знаю???? Все просто суперово! Зрозуміло, що любите свою справу. Дякую за гарну робоиу, за отримане моє замовоення! Порахувала щойно- це шосте. Рослинки, як завжди добре попаковані, в гарному стані. Особливо сподобаолсь, що розділили на два ящичка, щоб рослини не давили одне одного. Успіху вам і гарного розвитку!";"2025-03-19 22:50:53"
"3267";"Наталія ";"5";"1550";"0";"0";"0";"Фото саджанця будь ласка ";"2025-03-14 14:58:07"
"3266";"Наталія Камінська";"5";"0";"0";"0";"1";"Замовляю вже вдруге рослини і знову відмінна якість і обслуговування! Рослинки чудові, відправили швидко. Окрема подяка за великий вибір рослин в Р9 - це прекрасна можливість отримати красу за невеликі кошти. Щиро дякую, натхнення вам, процвітання і миру!";"2025-03-13 09:26:56"
"3265";"Менеджер розсадника \'Зелені Янголи\'";"5";"3474";"0";"0";"1";"Актуальне фото саджанця в горщику 3л (штамб 50 см) станом на початок березня 2025";"2025-03-10 08:43:55"
"3264";"Менеджер розсадника \'Зелені Янголи\'";"5";"2534";"0";"0";"1";"Актуальне фото саджанця в гощику 35 л станом на початок березня";"2025-03-10 08:42:45"
"3263";"Менеджер розсадника \'Зелені Янголи\'";"5";"3513";"0";"0";"1";"Актуальне фото саджанця станом на початок березня 2025 ";"2025-03-10 08:41:11"
"3262";"Менеджер розсадника \'Зелені Янголи\'";"5";"3465";"0";"0";"1";"Актуальне фото саджанця в горщику р9 станом на початок березня";"2025-03-10 08:39:43"
"3261";"Менеджер розсадника \'Зелені Янголи\'";"5";"2976";"0";"0";"1";"Актуальне фото саджанця станом на початок березня";"2025-03-10 08:38:36"
"3260";"Менеджер розсадника \'Зелені Янголи\'";"5";"692";"0";"0";"1";"Актуальне фото саджанця в горщику р10,5 станом на початок березня";"2025-03-10 08:37:22"
"3259";"Менеджер розсадника \'Зелені Янголи\'";"5";"3571";"0";"0";"1";"Актуальне фото саджанця в горщику р11 станом на початок березня";"2025-03-10 08:36:16"
"3258";"Менеджер розсадника \'Зелені Янголи\'";"5";"651";"0";"0";"1";"Актуальне фото саджанця в горщику 3л станом на початок березняk ";"2025-03-10 08:34:30"
"3257";"Менеджер, розсадник \'Зелені Янголи\'";"5";"3576";"0";"0";"1";"Актуальне фото саджанця авонії станом на початок березня";"2025-03-10 08:30:13"
"3256";"Менеджер, розсадник \'Зелені Янголи\'";"5";"3523";"0";"0";"1";"Актуальне фото саджанця станом на 07.03.2025 -  Азалія м'яка 'Наранха'
C3, import
";"2025-03-08 14:59:20"
"3255";"Менеджер, розсадник \'Зелені Янголи\'";"5";"3052";"0";"0";"1";"Актуальне фото саджанця станом на 07.03.2025 -  Азалія японська 'Тореадор'
C12, H60+, import
";"2025-03-08 14:56:41"
"3254";"Менеджер, розсадник \'Зелені Янголи\'";"5";"3610";"0";"0";"1";"Актуальне фото саджанця станом на 07.03.2025  Рододендронс якушиманський 'Ред Джек'
C10, H50-60,, import
";"2025-03-08 14:54:20"
"3253";"Менеджер, розсадник \'Зелені Янголи\'";"5";"3610";"0";"0";"1";"Актуальне фото саджанця станом на 07.03.2025 -  Рододендронс якушиманський 'Ред Джек'
C40, H70-80, IMP
";"2025-03-08 14:52:28"
"3252";"Менеджер, розсадник \'Зелені Янголи\'";"5";"3529";"0";"0";"1";"Актуальне фото саджанця станом на 07.03.2025 -  Рододендрон 'Прінцес Анне', C3, H25-30, import

";"2025-03-08 14:49:39"
"3251";"Менеджер, розсадник \'Зелені Янголи\'";"5";"1158";"0";"0";"1";"Актуальне фото саджанця станом на 07.03.2025 -  Рододендрон якушиманський 'Персі Вайсман'
C5, H30-40, import
";"2025-03-08 14:47:04"
"3250";"Менеджер, розсадник \'Зелені Янголи\'";"5";"3537";"0";"0";"1";"Актуальне фото саджанця станом на 07.03.2025 -  Рододендрон 'Оракул'
C10, H50-60,  Темно-Фіол., import
";"2025-03-08 14:36:22"
"3249";"Менеджер, розсадник \'Зелені Янголи\'";"5";"3534";"0";"0";"1";"Актуальне фото саджанця станом на 07.03.2025 -  Рододендрон якушиманський 'Поларіс', штамб
C7.5, PA50-60, IMP
";"2025-03-08 14:34:28"
"3248";"Менеджер, розсадник \'Зелені Янголи\'";"5";"3548";"0";"0";"1";"Актуальне фото саджанця станом на 07.03.2025 -  Рододендрон якушиманський 'Калінка', штамб
C7.5, PA50-60, IMP
";"2025-03-08 14:31:57"
"3247";"Менеджер, розсадник \'Зелені Янголи\'";"5";"3549";"0";"0";"1";"Актуальне фото саджанця станом на 07.03.2025  Рододендрон якушиманський 'Едельвейс', штамб
C7.5, PA50-60, IMP
";"2025-03-08 14:29:27"
"3246";"Менеджер, розсадник \'Зелені Янголи\'";"5";"2105";"0";"0";"1";"Актуальне фото саджанця станом на 07.03.2025 -  Рододендрон 'Космополітан', C5, H30-40, Рож., import

";"2025-03-08 14:20:34"
"3245";"Менеджер, розсадник \'Зелені Янголи\'";"5";"2105";"0";"0";"1";"Актуальне фото саджанця станом на 07.03.2025 -  Рододендрон 'Космополітан'  C10, H50-60,  Рож., import

";"2025-03-08 14:19:54"
"3244";"Менеджер, розсадник \'Зелені Янголи\'";"5";"3547";"0";"0";"1";"Актуальне фото саджанця станом на 07.03.2025 - Рододендрон якушиманський 'Керолайн Албрук', C5, PA30-40, IMP

";"2025-03-08 14:14:27"
"3243";"Менеджер, розсадник \'Зелені Янголи\'";"5";"2443";"0";"0";"1";"Актуальне фото саджанця станом на 07.03.2025 -  Рододендрон 'Каннінгемс Вайт', C10, H40-50, Біл., import
";"2025-03-08 14:09:11"
"3242";"Менеджер, розсадник \'Зелені Янголи\'";"5";"2443";"0";"0";"1";"Актуальне фото саджанця станом на 07.03.2025 -  Рододендрон 'Каннінгемс Вайт'  C40, H70-80, Біл., import
";"2025-03-08 14:06:24"
"3241";"Менеджер, розсадник \'Зелені Янголи\'";"5";"2443";"0";"0";"1";"Актуальне фото саджанця станом на 07.03.2025 -  Рододендрон 'Каннінгемс Вайт' C5, H30-40,  Біл., import

";"2025-03-08 14:05:47"
"3240";"Менеджер, розсадник \'Зелені Янголи\'";"5";"3565";"0";"0";"1";" Актуальне фото саджанця станом на 07.03.2025 - Рододендрон 'Елізабет Ред Фолідж'
, C10, H50-60, Черв., import
";"2025-03-08 14:01:49"
"3239";"Менеджер, розсадник \'Зелені Янголи\'";"5";"2447";"0";"0";"1";"Актуальне фото саджанця станом на 07.03.2025 -  Рододендрон 'Граціелла', C5, H30-40, import

";"2025-03-08 13:59:53"
"3238";"Менеджер, розсадник \'Зелені Янголи\'";"5";"3531";"0";"0";"1";"Актуальне фото саджанця станом на 07.03.2025 -  Рододендрон 'Граффіто' C20, H60-70, IMP

";"2025-03-08 13:54:46"
"3237";"Менеджер, розсадник \'Зелені Янголи\'";"5";"3545";"0";"0";"1";"Актуальне фото саджанця станом на 07.03.2025 -  Рододендрон 'Грааль-Мюріц', C10, H50-60, import

";"2025-03-08 13:52:36"
"3236";"Менеджер, розсадник \'Зелені Янголи\'";"5";"3504";"0";"0";"1";"Актуальне фото саджанця станом на 07.03.2025 - Рододендрон якушиманський 'Голден Торч', штамб C5, PA30-40, IMP

";"2025-03-08 13:47:57"
"3235";"Менеджер, розсадник \'Зелені Янголи\'";"5";"2104";"0";"0";"1";"Актуальне фото саджанця станом на 07.03.2025 -  Рододендрон 'Германія' C10, H50-60, Рож., import

";"2025-03-08 13:41:21"
"3234";"Менеджер, розсадник \'Зелені Янголи\'";"5";"2724";"0";"0";"1";"Актуальне фото саджанця станом на 07.03.2025 - Рододендрон 'Вілгенс Рубі', C40, H70-80, import
";"2025-03-08 13:37:15"
"3233";"Менеджер, розсадник \'Зелені Янголи\'";"5";"3544";"0";"0";"1";"Актуальне фото саджанця станом на 07.03.2025 -  Рододендрон 'Болкенс Люпіненберг Лагуна', штамб, горщик C7.5, висота штамбу PA50-60, Фіол., import

";"2025-03-08 13:34:38"
"3232";"Менеджер, розсадник \'Зелені Янголи\'";"5";"3543";"0";"0";"1";"Актуальне фото саджанця станом на 07.03.2025 - Рододендрон 'Болкенс Кронювел' в горщику C5, висота H30-40, (імпорт 2025)

";"2025-03-08 13:28:33"
"3231";"Менеджер, розсадник \'Зелені Янголи\'";"5";"3564";"0";"0";"1";"Актуальне фото саджанця  - Рододендрон 'Ана Крушке' в горщику C20, висота H60-70";"2025-03-08 13:13:18"
"3230";"Антоніна ";"5";"0";"0";"0";"1";"Замовляю тут рослини не перший раз.Зараз отримала свої пієріси, все, як завжди чудово: гарні рослини, пакування, швидко відправили. Дякую за вашу працю! Миру нам усім!";"2025-03-06 18:16:17"
"3229";"Олена Бойченко";"5";"3197";"0";"0";"1";"Чудовий саджанець. Гарне обслуговування. Швидка відправка.";"2025-03-06 18:00:59"
"3228";"Олена Бойченко";"5";"1998";"0";"0";"1";"Дуже задоволена якістю саджанців. Швидка доставка. Обслуговування на висоті.";"2025-03-06 17:57:07"
"3227";"Людмила ";"5";"2274";"0";"0";"1";"Купувала у вас нандіну восени в тому році.Перезимувала дуже добре,без укриття(Київська обл)Має дуже красивий окрас листочків червоного кольору.На днях планую пересадити у постійний горщик";"2025-03-06 11:53:16"
"3225";"Наталія Ціодик";"5";"104";"0";"0";"1";"Замовлення забрала із магазину: рослини гарні і здорові, чудове обслуговування, персонал приємний і компетентний.";"2025-02-23 17:35:45"
"3224";"Наталія Ціодик";"5";"1998";"0";"0";"1";"Забрала замовлення, як попередньо було домовлено : гарні рослини, чудове обслуговування, персонал привітний і компетентний.Дякую";"2025-02-23 17:32:36"
"3223";"Jessica Langdon";"1";"1675";"0";"0";"0";"Hi there,

We run a YouTube growth service, which increases your number of subscribers both safely and practically.

- We guarantee to gain you 700-1500+ subscribers per month.
- People subscribe because they are interested in your channel/videos, increasing likes, comments and interaction.
- All actions are made manually by our team. We do not use any 'bots'.

The price is just $60 (USD) per month, and we can start immediately.
 
If you do not have a Youtube channel, we can create one for you.

Further info: https://furtherinfo.info/youtube

If you have any questions, let me know, and we can discuss further.

Kind Regards,
Jess";"2025-02-15 18:08:21"
"3222";"Дмитро";"3";"2215";"0";"0";"0";"Отримав замовлення, але чомусь листя жовте з коричневими плямами. Це нормально?";"2025-02-13 20:11:28"
"3221";"Горбачева Валентина";"5";"0";"0";"0";"1";"Замовлення прийшло ) радості стільки!хороші гарні великі кущики гарна коренева система, дуже все сподобалось замовляю вже вдруге і як завжди задоволена) раджу цей розсадник! дякую вам за вашу працю!";"2025-02-06 00:00:00"
"3220";"Алла";"4";"1781";"0";"0";"1";"Ця гортензія не виносить прямого сонячного світла, мені довелося пересадити її в інше місце, суцвіття погоріли. Одеса ";"2025-01-28 07:57:00"
"3219";"Юрій";"5";"1185";"0";"0";"1";"Вже відпрацювала Свята на висаджена на постійне місце проживання, дякую вам ";"2025-01-18 11:30:37"
"3218";"Юрій";"5";"1185";"0";"0";"1";"Пару днів тому отримали НП, була чудово запакована, адаптували в прохолодному приміщені та перенесли в вітальню, дуже подобається родині, особливо дітям, попрацює пару тижнів Різдвяною ялинкою, та буде висаджена біля будинку, дякую та веселих Свят";"2024-12-21 13:32:50"
"3217";" Катерина ";"5";"0";"0";"0";"1";" Дуже рекомендую Зелених Янголiв, як нижче писала Надiя з Одеси, не лякайтесь замовляти великi дерева - якiсть рослини, доставки та обслуговування на вищому рiвнi!
 Замовляла Каштан Iстiвний - 4м з доставкою в Одесу, прийшов красень в обрештуваннi, дуже добре запакований та не пошкоджений, цiна доставки вийшла в цiну самого дерева але це однозначно стоiть того-в Одесi та й по всiй Украiнi не знайшла Каштана iстiвного на продаж такого розмiру! 
 Дуже дякую Вам Зеленi Янголи за вашу професiйнicть!";"2024-12-13 00:16:08"
"3216";"Олена";"5";"0";"0";"0";"1";"Швидко отримала якісні саджанці з гарною кореневою системою, замовлення Зеленої п'ятниці від 1 грудня, вже 8 грудня було доставлено. Рослинки якісно і компактно запаковані. Дякую, Зелені Янголи.";"2024-12-10 21:20:40"
"3215";"Отримала нандіну в чудовому стані 8 .12 .2024. Щиро дякую !!!!!";"5";"2274";"0";"0";"1";"Отримала нандіну в чудовому стані 8 .12 .2024. Щиро дякую !!!!!";"2024-12-08 16:53:23"
"3214";"Алла Плешко";"5";"2274";"0";"0";"1";"Минулого року (2023) придбала в Янголах в листопаді дві такі рослини. Чудово перезимували без укриття (Одеса), ростуть в садочку, наростають, червоніють додають барв. Дуже раджу!";"2024-12-03 10:56:40"
"3213";"Петрова Олега";"5";"826";"0";"0";"1";"Дякую за море задоволення від отриманих ялівців! Такі гарні, такі пахучі! Дуже гарно запаковані, прийшли від вас аж до мене у Краматорськ. Дякую за вашу працю! Всупереч всюму жахіттю -ми саджаємо квіти!";"2024-12-02 21:15:51"
"3212";"Наталія";"5";"1755";"0";"0";"0";"Доброго дня. Підкажіть, дерен Ред Гноум якщо зараз замовити, відправка коли планується? На весну?";"2024-12-02 14:08:39"
"3211";"Ірина";"5";"3352";"0";"0";"1";"Прийшла пухнаста, здорова, красива рослина.Пакування з обрешітки для збереження цієї краси .Дякую Зеленим Янголам за їх нелегку працю .";"2024-11-30 09:28:52"
"3210";"Надія";"5";"0";"0";"0";"1";"Замовляла Іргу Ламарка розміром 2.0 - 2.50 м. Мене одразу попередили, що буде потрібна обрешітка, бо дерева великі і мають декілька стволів. Заказ оплатила у вересні, а викопка була з першого листопада. Про викопку попередили. Пакування було дуже якісне. Дерева доїхали за два дні у дуже доброму стані і вже звикають до нового місця. В нашому регіоні (Одеса) такі екзепляри тільки імпортні і коштують втричі дорожче,  навіть з урахуванням доставки. Рекомендую не боятися замовляти великі дерева.";"2024-11-29 20:32:59"
"3209";"Пьянов Ивае";"5";"0";"0";"0";"1";"Заказал лох зонтичный 2шт в контейнере С2. Растения приехали шикарные. Спасибо за работу и респект! ";"2024-11-20 18:15:08"
"3208";"Приватне підприємство Ренесанс (Рівне)";"5";"0";"0";"0";"1";"Рекомендуємо!
Якісні рослини. Все прижилося. 
Дякую менеджеру за швидку обробку замовлення. 
Все приїхало таке, яке було на фото.
";"2024-11-13 14:34:42"
"3207";"Роман Дмитрович Масло";"5";"0";"0";"0";"1";"Замовив ялівець в вазонах і викопний.
Залишився задоволений. Все якісно запаковано,  рослинки в гарному стані.
Є інструкція з правил висадки та догляду - це дуже корисно.
Дякую !";"2024-11-13 10:45:09"
"3205";"Світлана Кочальчук";"5";"2047";"0";"0";"1";"Щиро і";"2024-11-10 16:51:54"
"3206";"Світлана Ковальчук";"5";"2047";"0";"0";"1";"Щиро дякую 'Зеленим янголам' за чудові рослинки і подарунок! В черговий раз переконуюсь,що це найкращий розсадник в Україні!";"2024-11-10 00:00:00"
"3204";"Олена";"1";"0";"0";"0";"0";"Дуже жаль що на моє питання як врятувати придбану рослину так ніхто і не відповів, і рослина так і не прижилась, хоча вартість магнолій чимала а гарантії приживаємості немає(((";"2024-11-04 16:17:14"
"3203";"Юлія";"5";"3246";"0";"0";"1";"Отримала чері колу 02.11. Вона з квіткою приїхала, квітка в листопаді підняла настрій, дякую.  ";"2024-11-02 23:12:22"
"3202";"Галина";"5";"3019";"0";"0";"1";"Купувала весною 2024. Прислали досить міцний саджанець, з гарною кореневою системою. За літо наріс файний кущик. Зара початок листопада, а вона ще квітує. Хочу купити у вас ще кілька кущиків цієї красуні. Дякую, Зелені Янголи за чудові рослини.";"2024-11-02 21:51:08"
"3201";"Юлія";"5";"65";"0";"0";"1";"Мій фаворит серед спірей японскіх,  точно Голдмаунд, яскрава як сонечко. На фото кущ, який формую один рік, висаджений з горщіка 2 С. ";"2024-11-01 17:35:16"
"3200";"Олена";"5";"2274";"0";"0";"1";"получіла нандіну домашню у подарунок!гарно сформований штамб дякую також і за пакування! пів готдини розмотувала рослини у предвкушеніі чуда і чудо відбулося!";"2024-10-31 19:43:35"
"3199";"Юлія ";"5";"3259";"0";"0";"1";"Ця Брунера  наживо, виглядає краще ніж на фото. Листя дуже не звично зафарбовано, таке враження що хтось срібною фарбою покрив. Не схожа ні на що. На фото рослина через 4 місяці після посадки.  ";"2024-10-31 13:54:17"
"3198";"JamessenNaw";"5";"103";"0";"0";"0";"Виїхати з України?  Сайт - PRIZOVA.NET Купити білий квиток? САЙТ - PRIZOVA.NET 
. 
. 
Зняття з військового обліку - https://prizova.net/ 
Виїзд по білому квитку - https://prizova.net/ 
Купити білий квиток - https://prizova.net/ 
Виїхати з України із нашим супроводом - https://prizova.net/ 
Зняття з обліку - https://prizova.net/ 
Забронювати робітника - https://prizova.net/ 
Комісування й відпустка для військових - https://prizova.net/ 
. 
. 
. 
. 
. 
. 
. 
. 
. 
. 
. 
. 
. 
. 
. 
. 
. 
. 
. 
. 
. 
. 
. 
. 
. 
. 
. 
. 
. 
. 
. 
. 
. 
. 
. 
. 
. 
. 
. 
. 
. 
. 
. 
. 
. 
. 
. 
. 
. 
. 
. 
. 
. 
Теги - Виїзд з України за гроші, Віїзд з України через ШЛЯХ, Виїзд з України з супроводом (Виїзд з України з супроводженням), Виїхати з України через кордон з документами, 
Виїзд через кордон Польші, Віїзд через кордон Молдови, Виїзд через кордон Словаччини, Виїзд з України по білому квитку, Купити документи ШЛЯХ, Купити документи РЕЗЕРВ +, 
Купити документи білого квитка, Відкупитись від призову, Дати грощі щоб не забрали в армію, дати гроші щоб не забрали на війну, Відкупитись від війни, Призова нет сайт, 
Купити військовий квиток, Отримати військовий квиток, Як не йти в ТЦК, Як відкупитись від ТЦК, Як відкупитись від армії, Як відкупитись від війни, Легально виїхати з України, 
Як отримати відсрочку, Що робити коли прийшла повістка, законне звільнення від мобілізації, призову, ТЦК, отримання білого квитка для тих, хто потребує, 
Купити бронювання від роботодавця на 6 або 12 місяців, Купити бронювання на період навчання, Купити навчання за кордоном, виїзд через запрошення від спортивної асоціації, 
вирішення питання з штрафами від ТЦК, Купити працевлаштування в Європі для чоловіків, Купити візу для роботи за кордоном, Купити військовий квиток зараз, Купити приписне свідотство, 
Купити тимчасове посвідчення військовозобовязанного, Купити зняття з обліку для чоловіків, Як уникнути мобілізації, Як відкупитись від мобілізації, Купити бронь від армії, 
Купити бронь від війни, Купити бронь від мобілізації, Купити оформлення офіційних дозвільних документів для виїзду за кордон або отримання військового білого квитка зі зняттям з обліку, 
Купити волонтерство, Як уникнути мобілізації?, Як уникнути призову, Як уникнути війну, Відгуки PRIZOVA.NET, що за сайт PRIZOVA.NET, Купити продовження відпустки для воєнних, 
Купити ВЛК для чоловіків, Купити ВЛК для воєнного, Купити віїзд за кордон, Купити виїзд для військовозобовьязанного, Купити виїзд для чоловіків, Купити для чоловіка виїзд з України, 
. 
. 
Слова для гугла - Віїзд, Білий квиток, Україна, Купити, ТЦК, ВЛК, Мобілізяція, Уникнення, Відстрочка, ШЛЯХ, РЕЗЕРВ +, Відкупитись, Виїхати з України, Призов, Оффіційно, Легально, Бронювання.";"2024-10-29 15:02:57"
"3197";"Віктор ";"1";"0";"0";"0";"0";"На протязі декількох років купував саджанці тільки в янголів,все було на вищому рівні,але в цьому році при отриманні саджанців Купрессоципарис
Лейланда 'Голд Райдер',був приголомшений(це при 100 відсотковій передоплаті)одна із рослин з сухим комом та напів сухим гіллям…
Вислав відео  співробітнику ,він лише виразив  своє здивування і стурбованість і що в них інші працівники ,та такого більше не повториться????????????
На сьогодні рослина напів суха…????
Більше не замовлю нічого і нікому не раджу
";"2024-10-27 08:36:29"
"3196";"беленкова";"5";"0";"0";"0";"0";"H40-60см, C2 - горщик 2л в наявності: 1375 шт 155,00 грн від 10 шт 139,50 грн (Джерело - Розсадник 'Зелені Янголи'..... ціна була заявлена на вашому сайті . але продавчиня взяла з нас 1999.50 грн - замість 1813.50 грн. Чому? чек оплати додаю та прошу розібратися мій номер тел 0675396433 - їхали до вас спеціально з Мукачево але дуже розчаровані обслуговуванням";"2024-10-24 20:43:22"
"3195";"Інна";"5";"2360";"0";"0";"0";"Отримала цей люпин. Санджанці вражають якістю і розмірами. Дуже дякую Вам.";"2024-10-24 14:00:06"
"3194";"Ольга Савицька";"5";"2958";"0";"0";"1";"Удивительные растения! Многообразие цветов удивляет. Хочу собрать коллекцию этих неприхотливых цветов. Саженец пришел в хорошем состоянии. Сильное,здоровое растение.спасибо большое!";"2024-10-22 21:27:39"
"3193";"Бєлєнкова А.М.";"1";"0";"0";"0";"0";"Зверніть УВАГУ! H40-60см, C2 - горщик 2л в наявності: 1375 шт 155,00 грн від 10 шт 139,50 грн (Джерело - Розсадник 'Зелені Янголи' ціна була заявлена на вашому сайті . але продавчиня взяла з нас 1999.50 грн - замість 1813.50 грн. Чому? чек оплати додаю та прошу розібратися мій номер тел 0675396433 - їхали до вас спеціально з Мукачево але дуже розчаровані обслуговуванням(";"2024-10-21 13:02:35"
"3192";"Бєлєнкова А.М.";"1";"0";"0";"0";"0";"H40-60см, C2 - горщик 2л в наявності: 1375 шт 155,00 грн від 10 шт 139,50 грн (Джерело - Розсадник 'Зелені Янголи' ціна була заявлена на вашому сайті . але продавчиня взяла з нас 1999.50 грн - замість 1813.50 грн. Чому? чек оплати додаю та прошу розібратися мій номер тел 0675396433 - їхали до вас спеціально з Мукачево але дуже розчаровані обслуговуванням(";"2024-10-20 11:55:38"
"3191";"Бєлєнкова А.М.";"1";"0";"0";"0";"0";"19.10.2024 купували 13 смарагдів... оплата була картою - додаю квітанцію. З мене повинні були взяти з урахуванням знижки по 139.5 за туйку= то малоб вийти 1813.50 грн.  Але продавчиня нам нарахувала 1999.50 грн ...Чому? якщо на сайті у вас заявлено що є знижка.... Додаю чек. Прошу різібратись.";"2024-10-20 11:39:28"
"3190";"Наталя";"1";"2946";"0";"0";"0";"Саджанець який я отримала, немає нічого спільного з фото саджанця на сайці,  дуже розчарована, коренева система така як і самий садженець зверху. Більше схоже на саджанці які продають в стаканчиках p9.";"2024-10-17 15:59:57"
"3189";"Ольга ";"5";"712";"0";"0";"0";"Характеристики туї Даніка трохи не правдиві. Я купила 15 років тому маленькі кущі приблизно 35 см в діаметрі. На сьогоднішній день вони висотою і в діаметрі більше 2м. Проблеми стали.";"2024-10-15 21:30:57"
"3188";"Tетяна Семененко";"5";"0";"0";"0";"1";"Дякую за гарну рослину! Особлива подяка менеджеру за індивідуальний підхід в питанні відправки. ";"2024-10-14 20:43:51"
"3187";"Ольга";"5";"2721";"0";"0";"1";"Нереально красивий перстач,  квітне з травня 2024(посаджено восени 2023) безперебійно. красивий приємний лимонний колір,  купа квіточок, які наче світяться на кущику. ФАВОРИТ сезону. У ЖОВТНІ ще квітне попри погану погоду та холод";"2024-10-12 09:05:44"
"3186";"Вікторія";"5";"2189";"0";"0";"1";"На цьому тижні отримала рослинки. Моховинка просто супер! В дволітровому горшику зайняла увесь простір і навіть більше. Дякую за чудові саджанці. Сподіваюся, що приживуться .Бажаю вам успіху! ☘️";"2024-10-06 00:00:00"
"3185";"Інга Карпова";"5";"639";"0";"0";"1";"Замовляла рослинки вже декілька разів. І кожного разу це чудово сформовані, здорові саджанці. Пакування завжди якісне, жодних проблем чи нарікань. Взагалі завжди із задоволенням роблю замовлення в цьому розпліднику. На мій погляд, це найкращій розплідник за ціною/якістю. Останнє замовлення  - бірючина для живоплоту";"2024-09-30 09:50:00"
"3183";"Оксана Коваленко";"5";"0";"0";"0";"1";"Вчора отримала від Зелених янголів посилку.
Коли працівник Нової пошти виносив зімʼяту коробку і догори ногами, я думала рослинкам капець! Виявилось все гаразд!
Рослинки цілі і не ушкодженні! Гарнюні!
Дуже дякую працівникам Зелених янголів, які пакують рослини! Це мистецтво!
Також дякую за гортензію у подарунок!";"2024-09-26 10:41:48"
"3184";"Наташа";"5";"646";"0";"0";"1";"Растения замечательные, очень здоровые и ухоженые. Упакованы очень надежно и с любовью!
Спасибо большое!
Однозначно рекомендую!
";"2024-09-26 00:00:00"
"3182";"value";"1";"3051";"0";"0";"0";"10 Healthy Pornstar Habits most Popular Pornstars";"2024-09-15 04:30:02"
"3181";"Любов Шарлай";"5";"0";"0";"0";"1";"Доброго дня. Цього літа вирішила оновити свій квітничок. І так починаючи з червня місяця і по серпень замовила близько 80(вісімдесят) різних листяних кущів і багаторічних трав. Отримала всі замовлені рослини.
 Все чудово - оперативно та якісно!!!  Рослини доїхали дуже гарно, в ідеальному стані просто!!! Гарна коренева система,гарні стебла...Все на вищому рівні!!! Все компактно запаковано, земля волога, не пересохла. Незважаючи на спекотне літо, рослини всі «ЖИВІ». Дуже дякую! Гарних Вам продаж.";"2024-09-13 13:28:02"
"3180";"марина";"5";"957";"0";"0";"0";"ок";"2024-09-12 16:16:35"
"3178";"JesusLem";"5";"958";"0";"0";"0";"https://cs.xuxingdianzikeji.com/forum.php?mod=viewthread&tid=159616 Not known Facts About dating over 50 
https://pediascape.science/wiki/World_Health_Organization_Else_Needs_To_Be_Successful_With_Friend Examine This Report on adult zebrafish 
https://sobrouremedio.com.br/author/kelseybeard/ Examine This Report on adult probation 
http://camillacastro.us/forums/viewtopic.php?id=475530 Not known Facts About dating over 50 
https://wiki.ebobotik.net/a_k/su_vival_evolved dating rambler Things To Know Before You Buy 
http://www.larktjj.com/forum.php?mod=viewthread&tid=225191 The Single Best Strategy To Use For adult karate 
https://pattern-wiki.win/wiki/User:MittieCohn49 Top adult learning theory Secrets 
https://bbs.zzxfsd.com/forum.php?mod=viewthread&tid=316810 A Secret Weapon For adult wiktionary 
http://camillacastro.us/forums/viewtopic.php?id=487776 adult eidolon wyrm No Further a Mystery 
https://socialconnext.perhumas.or.id/article/429329/4-surefire-ways-admirer-bequeath-thrust-your-pocket-size-job-into-the-bed/ adult diapers for men Options 
 
=+rrry";"2024-09-11 16:05:31"
"3179";"Наталія ";"5";"0";"0";"0";"1";"Сьогодні отримала замовлення. Я дуже вдячна за високий рівень компанії! Все просто чудово: і рослина і упаковка - супер гарні!
Справжні українці !
Дякую!";"2024-09-11 00:00:00"
"3177";"value";"1";"3152";"0";"0";"0";"See What Pornstars On Onlyfans Tricks The Celebs Are Making Use Of Pornstars on onlyfans";"2024-09-10 01:13:06"
"3176";"value";"1";"3160";"0";"0";"0";"Guide To Xxx Of Pornstar: The Intermediate Guide Towards Xxx Of Pornstar 
xxx Of pornstar";"2024-09-09 17:54:46"
"3175";"Олена";"5";"2580";"0";"0";"1";"Отримала гортензії, шикарні саджанці.Пакування знімала 40 хвилин,навіть квітконоси всі цілі.Дякую,дякую за таку радість.";"2024-09-09 12:59:08"
"3174";"Марія";"5";"0";"0";"0";"1";"Замовляли у вас квіти, сьогодні отримали . Я в шоці , але в дуууже приємному ) саджанці великі, супер якості ! Дуже жалію що раніше не замовляла у вас! Якщо хтось вагається замовляти тут або ні, то однозначно РАДЖУ ! ";"2024-09-07 12:49:56"
"3173";"value";"1";"1975";"0";"0";"0";"Ten Myths About Pornstar UK That Aren't Always The Truth most famous Pornstars";"2024-09-06 10:06:49"
"3172";"Галина";"5";"2397";"0";"0";"1";"Купувала троянду Дінкі весною разом з іншими рослинами. Троянда швидко наростила кущ і гарно заквітла. Не сказати що цьогорічка. 
Я дуже задоволена.
Дякую також за швидку доставку і якісне пакування. ";"2024-09-04 21:37:13"
"3171";"Ірина ";"5";"1318";"0";"0";"1";"Купувала три саджанці у 2021році, побоювалась, чи підійдуть для клімату Дніпропетровщини... Перший рік пінії зимували на лоджії, далі висадили в грунт на сонячному боці. Саджанці добре зимують. В цьому році навіть перенесли заледеніння при -20°С. Жодну зиму не укривали, лише замульчували пристовбурне коло. Сервісом і саджанцями landshaft задоволена, раджу
";"2024-09-04 21:20:47"
"3169";"Катерина Вітязєва";"5";"0";"0";"0";"1";"Вдячна всьому колективу та дуже задоволена придбаними рослинами. Всі гарні, міцні та здорові. Ті, що купувала по акціі нічим не гірші за інших. Дуже приємо отримувати посилку. Немає враження що тобі продали акційний товар щоб не застоювався, як бувало в інших магазинах. Пакування дуже надійне.  ";"2024-09-02 17:40:46"
"3168";"Таня В";"5";"1525";"0";"0";"1";"В телеграм каналі висота саджанця - біля 80 см. Отримала не зовсім той розмір.";"2024-08-31 17:37:11"
"3167";"Марина ";"5";"1377";"0";"0";"1";"Саджанці отримала у С7,5- дуже задоволена!
Наступного дня висадила - краса!
Щиро дякую!";"2024-08-31 17:20:14"
"3165";"Алла";"5";"0";"0";"0";"1";"Отримала своє замовлення і не можу не подякувати Зеленим янголам! 
Всі рослинки здорові і в чудовому стані, прекрасно зволожені, а проїхали через всю країну (я з Бучі) в таку спеку!
Прошу адміністраторів сайту передати особисту подяку працівниці, яка так дбайливо запакувала саджанці - жодного зігнутого листочка чи суцвіття!
Щиро дякую!!! Процвітання вашому центрові!!!";"2024-08-30 10:53:41"
"3164";"Марина ";"5";"2854";"0";"0";"1";"Вчора отримала - вчора висадила.
Супер! Дякую 
Бережіть себе 
";"2024-08-30 08:39:04"
"3163";"Марина ";"5";"1377";"0";"0";"1";"Вчора отримала - саджанці супер!
 Дякую вам за вашу працю.
Бережіть себе ";"2024-08-30 08:36:08"
"3162";"Марина ";"5";"2709";"0";"0";"1";"Саджанці супер - вчора отримала та висадила.
 Дякую вам за вашу комунікабельність та оперативність.
 Бережіть себе ";"2024-08-30 08:32:22"
"3161";"Марина ";"5";"2854";"0";"0";"1";"Вчора отримала та висадила - посадковий матеріал дуже гарної якості.
 Дякую вам від щирого серця за вашу комунікабельність та оперативність.
 Бережіть себе ";"2024-08-30 08:29:06"
"3159";"Ольга Еміх";"5";"3093";"0";"0";"1";"Дуже гарні великі квіти, швидко обвила альтанку";"2024-08-29 13:42:11"
"3160";"Тетяна";"5";"0";"0";"0";"1";"Дякую найкращому розпліднику за якісні рослинки та гарне обслуговування!все на найвищому рівні!";"2024-08-29 00:00:00"
"3157";"Наталя Панич";"5";"2928";"0";"0";"1";"Рослина супер гарна.Великий кущик та пишний.Дякую за красу і радість у цей тяжкий час.";"2024-08-27 16:39:41"
"3156";"Лілія";"5";"0";"0";"0";"1";"Замовила ГІБІСКУС 'САМЕРІФІК ХОУЛІ ГРЕЙЛ'. Він пречудовий!!!! Навіть з бутонами. І яка я була подивована, коли він за декілька днів розквітнув. Ділюся красою і всім рекомендую 'Зелених янголів'!!!";"2024-08-27 07:10:16"
"3155";"Оксана Чумак ";"5";"0";"0";"0";"1";"Дякую вам! Рослинки чудово перенесли подорож. Дякую за пакування, дякую, що економите мої гроші на пакувпнні, стілько зусиль і все за ради мене. Ви немовірні Зелені Янголи!!!";"2024-08-26 17:34:32"
"3154";"Вікторія ";"5";"0";"0";"0";"1";"Розчарувалася у Зелених Янголах. Замовляла ялівці Спартан. Всі прийшли кривенькі. Раніше довіряла цьому розсаднику.";"2024-08-26 13:19:13"
"3152";"Наталія";"5";"0";"0";"0";"1";"Перше замовлення отримала, всі квіти гарної якості. Друге замовлення,  одна туя з корінням зверху, друга жовтого кольору. ";"2024-08-24 20:57:34"
"3151";"Регіна  Дімітрова ";"5";"704";"0";"0";"1";"Дуже дякую співробітникам розсадника, рослини прийшли добре запаковані, люкс  якість посадкового матеріалу, шикарні рослини!!! Дуже задоволена що заказала у вашому розсаднику!! Вже пересадила рослини, приємний бонус - інструкція по посадці ,купляти рослини буду у вас.";"2024-08-17 21:00:05"
"3150";"Марина Зуєва";"5";"0";"0";"0";"0";"Добрий день! Щойно отримала посилку з 5 рослинами і до усих є питання. Дуже розчарована їх якістю. Полар Беар - замориші. Фрайз Мельба - гілки тонесенькі, криві від кореню і ще й полопані. Кипарисовик Нана Граціліс жовтий, а не яскраво смарагдовий. Все не подобається. Раніше ототримувала кращі рослини. Ганьба!";"2024-08-16 17:56:06"
"3149";"Катерина Кондратенко";"5";"50";"0";"0";"1";"Замовляла в цьому розпліднику перший раз і залишилась дуже задоволена. Взяла пухироплідник горщик С2 - якість саджанців дуже гарна, розвинена коренева, надійне упакування, все доїхало бодрим і неушкодженим. Зелені Янголи, дякую за вашу працю! ";"2024-08-15 14:23:24"
"3145";"Олена Євдокимова";"5";"0";"0";"0";"1";"Велика подяка за роботу всього колективу! Від тих, хто саджає, до тих, хто пакує та відправляє. Думаю, фото із відгука краще будь -яких слів. Рослини розкішні, розмір посадкового матеріалу вражаючий! ";"2024-08-07 16:51:36"
"3144";"Олена Євдокимова";"5";"3306";"0";"0";"1";"Велика подяка за роботу всього колективу! Від тих хто саджає, до тих хто пакує та відправляє. Рослини розкішні, розмір посадкового матеріалу вражаючий! ";"2024-08-07 12:09:26"
"3143";"Олена Євдокимова";"5";"3306";"0";"0";"1";"Велика подяка за роботу всього колективу! Від тих хто саджає, до тих хто пакує та відправляє. Рослини розкішні, розмір посадкового матеріалу вражаючий! ";"2024-08-07 12:09:22"
"3142";"value";"1";"115";"0";"0";"0";"10 Facts About Best Onlyfans Pornstar That Will Instantly Make 
You Feel Good Mood onlyfans pornstars";"2024-08-07 06:43:48"
"3141";"value";"1";"2890";"0";"0";"0";"You'll Be Unable To Guess Most Famous Pornstars's Secrets Most famous pornstars";"2024-08-05 19:45:46"
"3140";"Тетяна ";"5";"1979";"0";"0";"1";"Сьогодні отримала свої гортензії.
Величезне Вам дякую за чудові саджанці і дбайливе пакування! Зараз до мене прийшли 'Great Star' і крупнолиста рожева.
А на початку сезону замовляла волотисту' Early  sensation', яка вже гарно прижилася і радує цвітінням. 
Ще раз дякую за дбайливе ставлення до рослин і до Ваших замовників.";"2024-08-04 22:19:08"
"3139";"Ольга";"5";"0";"0";"0";"1";"Продукція повністю відповідає слогану компанії 'Рослини з душею'! Відмінна якість посадкового матеріалу, ретельне пакування. Щиро вдячна колективу за їхню роботу! Бажаю подальшого розвитку!";"2024-08-01 17:33:56"
"3137";"Ольга Костенко";"5";"2271";"0";"0";"1";"Нереальна рослина, яку ми посадили восени 2023 року. Навесні 2024 року кущ з 2л перетворився на цілу клумбу діаметром 60см , інщі кущі ми посадили  полосою з мереживом лаванди. Квіти дуже довго тримаются на кущі- колір наче горить на сонці та не вигоряє. Кущі видно здалеку, і це безперечний фаворит сезону - кращий яскравий акцент. Бджоли, комашки та метелики обожнюють пастись на цьому кущі, квіти ароматні.";"2024-07-30 16:45:35"
"3136";"Ольга Костенко";"5";"2319";"0";"0";"1";"Чудові рослини, витривалі та посухостійкі- поруч із Монардою Бі Хеппі виглядають чудово";"2024-07-30 16:40:23"
"3135";"Ольга Костенко";"5";"1506";"0";"0";"1";"Чудова рослина, навесні виглядає як промінчик сонця з жотим листячком. Цвітіння не дуже рясне, після першої хвилі та стрижки ще цвіте трохи, але вже не дуже рясно. Влітку  листяко зеленіє ";"2024-07-30 16:37:59"
"3134";"Ольга Костенко";"5";"1132";"0";"0";"1";"Сумнівні відчуття після отримання замовлення. Півонія приїхала із зав'ялими засохлими бутончиками, які рослина вже відсушила на стадії бутонізації. Після пересадки та підживлення навесні нового листячка немає, чи воно вже буде у наступному році. На сонці листячко трохи попідгоряло, полив своєчасний, підкормка професійна Plagron. Чекаємо наступний сезон для зрозуміння чи мріяти про квіти";"2024-07-30 16:34:46"
"3133";"Ольга Костенко";"5";"673";"0";"0";"1";"Гортензія Лаймлайт - це просто нереально красива та швидкоросла гортензія. Посаджені кущики Р9 восени 2023 року- заквітли вже у 2024 та перетворились на об'ємня кущики 40-50 см! Великі надуті волоті легкого зеленого кольору вже у липні 2024. Трохи вигоряє на сонці, як і Бобо, рекомендую однозначно. Чомусь не працює додавання фото- хотілось би відгуки залишати у повній красі";"2024-07-30 16:30:10"
"3132";"Ольга Костенко";"5";"1299";"0";"0";"1";"Гортензія задумлива,я б сказала. Посаджена навесні 2023 року  увесь рік сиділа на одному місці та дуууже повільно росла.У перший рік посадки не квітла зовсім. В 2024 році нарешті заквітла раніше ніж усі інші гортензії та й справді кущик був схожий на ведмедика БоБо чи білу хмаринку. На жаль волоті у напівзатінку почали доволі рано вигоряти від сонця та буріти. Рожевого кольору не проявилось, аромату немає Не можу віднести до фаворитів, але кущик вартий уваги однозначно. ";"2024-07-30 16:25:44"
"3131";"Ольга Костенко";"5";"1491";"0";"0";"1";"Найкраща покупка минулого сезону! висаджені кущі восени 2023- у 2024 перетворились на пухнасті підрослі кущики та заквітли великми волотями. Квіти мають легкий аромат, ваблять бджіл та метеликів. На жаль зображення не додається";"2024-07-30 16:18:24"
"3130";"Ольга Костенко";"5";"104";"0";"0";"1";"Найкраща покупка минулого сезону!  Пухнастий, невибагливий, чудово зонує ділянку. Безперечний фаворит!";"2024-07-30 16:11:49"
"3129";"Ольга Костенко";"5";"2934";"0";"0";"1";"Суперечливі відчуття від рослини. Приїхала в саму спеку разом з ехінацеями.Порівняно зехінацеями рослина погано переносить спеку та транспортування. Зробили стрижку та видалили зів'ялі листочки та квітучі стрілки. Чекаємо на вкорінення на новому місці.";"2024-07-30 15:39:42"
"3128";"Ольга Костенко";"5";"3230";"0";"0";"1";"Дуже гарний сорт ехінацеї! Саме те, що треба для Lazy garden. Приїхала в саму спеку, але листячко і сама рослина навіть не видали ніяких ознак втоми від транспортування, чого не можна сказати про буддлею батерфлай пурпл, що їхала разом із нею. Одразу після пересадки та підживлення почала розгортати бутони, яких на кущі було  чимало. Зараз квітне  та нарощує нові бутони. Рекомендую";"2024-07-30 15:37:04"
"3127";"Ольга Костенко";"5";"2719";"0";"0";"1";"Перстач не сподобався взагалі , брала один кущик, порівняно із сортом Лимонна меренга - не вартий уваги. Кущ трохи розвалений у габітусі- багато старих здерев'янілих тонких пагонів. Висаджений був навесні 2024 року- влітку 2024 подекуди з'явились квіточки, майже жовті. Вигляд на клумбі ніякий. Догляд, підживлення та полив своєчасні. Провели інтенсивну стрижку в надії на омолодження - як не піде, то в топку";"2024-07-30 15:32:33"
"3126";"Ольга Костенко";"5";"2720";"0";"0";"1";"Перстач не сподобався, брала два кущики, порівняно із сортом Лимонна меренга - не вартий уваги. Висаджений був восени 2023 року- влітку 2024 подекуди з'явились бліді квіточки, майже білі. Вигляд на клумбі ніякий. Догляд, підживлення та полив такий самий, як у лимонної меренги, яка квітне безперебойно та висаджена в один час";"2024-07-30 15:28:50"
"3124";"Вікторія Шиденко";"5";"0";"0";"0";"1";"До чого ж приємно, за будь-яким зверненням, мати компетентний та доброзичливий фідбек. Про клієнта, в цій компанії, дбають не менше, ніж про рослинку, яку турботливо передають новому господареві. Завжди узгоджуються і час пересилки, і умови догляду, і терміни посадки, і варіанти захисту саджанців, та ще й до того враховують супутні побажання замовника. 100% відповідність назви та діяльності 'Зелені ЯНГОЛИ'. Красно дякую, що ваш чудовий колектив підтримує та підбадьорює всіх нас плідною працею!!!";"2024-07-30 11:59:42"
"3138";"Аліна";"5";"1087";"0";"0";"1";"Замовила на початку літа 5 шт., плюс кілька інших рослин. Прийшли усі рослинки ідеально запаковані- уся родина була в захваті від дбайливості розсадника. На кожному горщику був Qr код з назвою рослинки, в посилці знайшла проспект розсадника- усе зберегла!
Посадила рослини згідно рекомендацій на сайті, прижилися , навіть враховуючи неймовірну спеку згодом ( близько 40+°С). Розсадник сміло рекомендую! Дякую за вашу працю!";"2024-07-30 00:00:00"
"3122";"Чаленко Інна ";"5";"0";"0";"0";"1";"Вже декілька років поспіль разом з донькою замовляємо рослини у вашому розсаднику і після кожного отримання посилочки впевнюємося, що працюють тут професіонали, люди які люблять свою справу, а ще більше рослини. Всі рослинки завжди приходили свіжі , гарно вкорінені, якісно запаковані. Велика подяка всім працівникам розсадника,подальшого розвитку і процвітання.";"2024-07-29 14:56:10"
"3120";"Наталія";"1";"0";"0";"0";"1";"Замовила рослини на 1300 грн, сподобалась будлея які рекламували на сторінці
мені передзвонили і сказали що потрібно почикати 2 тижні на будлею
Упакування гарне, але будлея повністю відквітла, листя обсипалось, гниле і сухе, рослина не для продажу.Виьачення не було, а написали що в мене хибне враження
Посилку відправили 25 числа 27 зранку я забрала посилку
Тому розлини в дорозі довго не були";"2024-07-29 12:07:11"
"3119";"Оксана";"5";"0";"0";"0";"1";"Перший раз замовляла у вас рослинку. Отримала свій пенісетум. Дуже задоволена його виглядом! Дякую!";"2024-07-28 15:22:10"
"3118";"Недолуженко Марія Золтарівна";"2";"0";"0";"0";"0";"Я вже багато разів висилала 
попередній раз прислали синій цеанотус і калікант трохи підломані, але цей раз рожевий цеанотус наполовину зломаний
Присилають в цьому році деякі рослини в поганому стані 
вейгела обгорівша, гейхера із поникшим листям, акант теж трохи листя з коричневим
Минулий раз прислали кипарисовик бронз пігма хворий 
Брала ехінацею жовту пропала і грунтопокривні деякі пропали 
Рослини перегодовують хімією";"2024-07-27 13:22:50"
"3117";"Людмила";"5";"0";"0";"0";"1";"Дякую за чудове упакування саджанців гортензій, приїхали в чудовому стані!!!!!!";"2024-07-22 10:58:57"
"3116";"Ірина ";"5";"0";"0";"0";"1";"Замовляла Кизильник блискучий та дерен Halo. Вийшло непорозуміння з доставкою замовлення, внаслідок чого рослини пролежали на НП 5 днів у спекотну жару. Боялася відкривати,але все чудово прийнялося. Буду ще замовляти";"2024-07-21 04:06:02"
"3115";"Галина";"5";"0";"0";"0";"1";"Весною 2024р. купувала троянди і гортензії.
Рослини приїхали до нас в чудовій формі.
Зара досить гарно квітнуть і троянди і гортензії.
Дякую Зелені янголи. 
Обов'язково замовлятиму рослини на осінь.";"2024-07-19 11:27:22"
"3114";"Оксана";"5";"0";"0";"0";"1";"Отримала свої рослинки. Особлива подяка за пакування. Продавець попіклувався про кожен саджанець. Дуже гарні здорові саджанці, пролиті, дбайливо запаковані приїхали в ідеальному стані.";"2024-07-19 09:04:11"
"3113";"Tетяна Семененко";"5";"1969";"0";"0";"1";" Замовляю не перший раз, чого і всім бажаю. Гарні здорові рослини. Незважаючи на спеку, всі рослини дуже добре виглядають. 
Дякую співробітникам, які пакували рослини і турботливо зробили отвори в коробці! 
Дуже хотілося б знаходити саме в цьому садовому центрі більш рідкісні сорти. ";"2024-07-18 17:13:49"
"3111";"Тетяна Харченко";"5";"0";"0";"0";"1";"Сьогодні приїхали  мої рослинки! Щиро дякую Зеленим Янголом за такий прекрасний товар! Чудово упаковані, вони доїхали цілі і неушкоджені. Дуже тішуся ними, бо якість просто чудова! Рекомендую розсадник. Замовляла вперше, але точно знаю, що не в останнє. ";"2024-07-18 12:35:21"
"3110";"value";"1";"1111";"0";"0";"0";"10 Real Reasons People Dislike Top British Pornstars Top British Pornstars subscription";"2024-07-17 09:57:01"
"3109";"Людмила";"5";"0";"0";"0";"1";"Добрий вечір. Замовляла у Вас вперше гортензії по акції, дуже приємно була здивована якістю рослин, а пакування дійсно перший раз настільки якісне та бережливе по відношенню до рослин. Дякую за Вашу роботу та гарні рослини. Також у Вас мега приємні менеджери.
";"2024-07-15 22:38:56"
"3108";"value";"1";"2047";"0";"0";"0";"How To Save Money On Adultwork Pornstar Adult pornstar";"2024-07-15 10:34:22"
"3107";"Валентина";"5";"2700";"0";"0";"1";"Отримала свої гортензіі. Незважаючи на спеку, рослини прийшли в відмінному стані. Здорові, міцні рослини і дуже професійна упаковка. Дякую вам за вашу працю. Миру і процвітання.";"2024-07-11 10:52:00"
"3106";"Вікторія ";"5";"0";"0";"0";"1";"Сьогодні  отримала від Зелених Янголів гортензії по акції. Дуже гарні рослинки, доглянуті. Дуже  вам вдячна за надійне пакування.  Жодна гілочка не зім'ялася, у вологому грунті, пакування супер. Буду ростити і доглядати. Дякую! Бажаю процвітання вашому розсаднику.";"2024-07-07 12:40:23"
"3105";"Людмила";"5";"0";"0";"0";"1";"Зелені Янголи, ви неймовірні. Получила вейгели. Саджанці дуже, дуже гарні. Дякую.
Рекомендую.";"2024-06-30 16:52:06"
"3104";"Олеся ";"1";"0";"0";"0";"1";"Розчарування.";"2024-06-29 20:19:38"
"3103";"Єдомаха  Ганна";"5";"0";"0";"0";"1";"Красно дякую! Все чудово доїхало, упаковано супер, рослини чудові, в гарному стані. Дуже задоволені. Ще раз дякуємо! Не перше замовлення, і не останнє. Велика подяка за Вашу працю! Ви найкращі!";"2024-06-29 20:18:38"
"3101";"Тетяна Божко";"1";"0";"0";"0";"1";"Перший раз замовляла на цьому сайті. Замовляла по відгуках... Не задоволена: 1.Дуже довго відправляли, довго не беруть телефон. 2.Із 10 рослин 3 рослини в поганому стані( фото надаю) при тому що початок літа...я навіть не знаю чи вони виживуть. Не рекомендую цей сайт!!! Ви  втратили  одного клієнта! ";"2024-06-26 09:44:29"
"3100";"Світлана";"5";"1983";"0";"0";"1";"Замовляла три гортензії у 2л. горшиках. Забрала з НП одразу Розчарована. Більше замовляти не буду. Запаковано було конусом, найменшу Полістар там просто сплющило.  ";"2024-06-25 22:13:08"
"3099";"Леся";"5";"0";"0";"0";"1";"Вже декілька раз замовляла рослини у вас . Дуже задоволена якісними саджанцями і гарною упаковкою. 
Усім раджу замовляти у Зелених Янголах і милуватися красою";"2024-06-25 13:47:58"
"3098";"Ірина";"5";"682";"0";"0";"0";"А як ялівець реагує на випорожнення тварин?";"2024-06-24 16:24:37"
"3097";"Ольга Бондар";"5";"0";"0";"0";"1";"Отримала замовлення, дуже переживала, бо рослинки добиралися в спеку за +30. Але все дійшло добре. Рослинки були дуже гарно запаковані, добре зволожені, а коробка мала отвори щоб рослинки дихали. Після Флоріуму була приємно вражена, саджанці гарної якості, гарна корінева система. Дякую. Успіхів Вам у вашій справі, радуйте надалі покупців чудовими рослинками.";"2024-06-21 16:59:09"
"3096";"value";"1";"1941";"0";"0";"0";"12 Stats About Top British Pornstars To Make You Think Twice About 
The Cooler. Cooler best British pornstars";"2024-06-21 07:54:39"
"3095";"value";"1";"2484";"0";"0";"0";"See What Starporn Tricks The Celebs Are Utilizing starporn";"2024-06-15 22:15:50"
"3094";"JosephTap";"5";"958";"0";"0";"0";"
I'm not sure where you are getting your info, but good topic. I needs to spend some time learning more or understanding more. Thanks for excellent info I was looking for this info for my mission. 
look also at my pages and give a rating 
 
XEvil is a straightforward, rapid and easy software for thoroughly automatic recognition and bypass of the vast majority of captchas (CAPTCHAs), without the need to have to attach any 3rd-party expert services. 
 
This system Practically absolutely replaces products and services including AntiGate (Anti-Captcha), RuCaptcha, DeCaptcher and Other individuals. Concurrently, it substantially exceeds them in recognition velocity (10 moments or more) and is absolutely totally free. 
 
https://www.ycr.co.uk/?s=&member%5Bsite%5D=https%3A%2F%2Fspeedyndex.taplink.ws&member%5Bsignature%5D=%3Cp%3E+Jun+25%2C+2021+-+After+creating+backlinks+you+need+to+index+them+for+results+to+show.+1.+%F0%9F%94%96+X3D+for+Web+Authors+Examples+Archive+(license%2C+README.txt)+-+A+wide+variety+of+basic+examples+are+provided+for+the+corresponding+textbook+that+show+how+to+design+and+build+X3D+scenes.+OasisXmlCatalogX3D.xml+provides+schema+and+doctype+address+resolution+for+typical+offline+validation+of+X3D+scenes.+Strongly+typed+Metadata+nodes+can+be+inserted+in+any+X3D+model.+There+are+three+conformance+test+suites+to+help+improve+the+quality+of+X3D+and+VRML+players.+1.+Autodesk+3DS+Max+exports+VRML.+Jun+9%2C+2021+-+Go+to+Google+Search+Console+and+click+%E2%80%98Use+new+Search+Console%E2%80%99.+Jun+24%2C+2020+%C2%B7+1+answerHi%2C.+Jan+1%2C+2020+-+Send+Traffic+to+your+Links+If+you+are+able+to+send+traffic+to+your+backlink+URLs%2C+then+send+traffic+from+different+IPs.+This+means+taking+the+best+pieces+of+content+from+the+duplicate+URLs%2C+merging+it+with+the+content+on+the+best+URL%2C+and+then+setting+a+redirect+from+the+secondary+URLs+to+the+main+one.+Fresh%2C+new+content+is+what+you+need+on+your+pages+and+a+blog+is+ideal+for+introducing+that.+If+the+number+is+very+low+(lower+than+the+number+of+pages+on+your+website)%2C+then+your+site+has+only+been+partially+indexed.%3C/p%3E%3Cp%3E%26nbsp;%3C/p%3E%3Cp%3E%26nbsp;%3C/p%3E+%3Cp%3E+These+backlink+indexer+tools+can+be+offered+as+both+a+paid+service+and+a+free+indexing+service%2C+though+the+paid+options+usually+come+with+a+guarantee+and+use+different+methods+to+get+your+backlink+indexed+%3Ca+href%3D%22http://fastsiteing.tilda.ws/%22+rel%3D%22dofollow%22%3Efast+indexing+dataframe%3C/a%3E.+How+To+Index+Your+backlinks+%3Ca+href%3D%22https://t.me/SpeedyIndexBot%3Fstart%3D206352122%22+rel%3D%22dofollow%22%3Efast+indexing+engine%3C/a%3E+(+100%25+Working).+Tiers+backlinking+ensure+100%25+link+indexing.+Then+there+is+a+chance+that+your+link+will+index+%3Ca+href%3D%22http://fastsiteing.tilda.ws/%22+rel%3D%22dofollow%22%3Efast+indexing+dataframe%3C/a%3E+on+Google.+It+is+also+beneficial+for+%3Ca+href%3D%22https://speedyndex.taplink.ws%22+rel%3D%22dofollow%22%3Efast+Google+indexing%3C/a%3E.+May+28%2C+2017+-+Go+to+Google+Search+Console+and+click+Use+new+Search+Console+%C2%B7+Enter+the+full+URL+at+the+top+of+the+page+of+the+link+that+you+want+indexing.+May+21%2C+2020+-+We+just+created+200+backlinks+for+our+website+i+wnat+to+know+the+best+to+index+back+link+safely+.+Google+repeatedly+crawls+and+re-evaluates+content+-+So%2C+if+your+content+quality+drops%2C+or+if+you+accidentally+prevent+Google+from+evaluating+the+content%2C+then+your+content+or+link+might+get+%3Ca+href%3D%22https://www.google.com/search%3Fq%3Ddropped%26btnI%3Dlucky%22+rel%3D%22dofollow%22%3Edropped%3C/a%3E+from+search+results.+You+are+able+to+boost+your+backlinks+just+by+sharing+valuable+content+links.+Try+to+get+some+page+views+via+social+sharing.+Social+Sharing+%26+Bookmarking+-+This+is+also+explained+above+in+(b)+section+of+%22Methods+to+index+your+backlinks%22.%3C/p%3E%3Cp%3E%26nbsp;%3C/p%3E%3Cp%3E%26nbsp;%3C/p%3E+%3Cp%3E+Actually%2C+you+create+a+social+buzz+to+attract+your+content.+1)+Social+Media+is+a+powerful+source+to+link+indexes.+In+that+case%2C+Google+removes+the+link+from+the+search+results.+Placing+you+at+the+top+of+search+results.+So+having+a+mobile-friendly+website+can+greatly+help+your+natural+search+results+and+help+you+drive+more+traffic+to+your+website+and+ultimately+improve+your+search+engine+rankings.+302+redirects+will+tell+search+engines+that+you+want+to+keep+all+rankings+and+links+to+old+pages%2C+and+that+you+only+want+to+send+traffic+to+new+pages+for+a+short+period.+Google+and+other+search+engines+will+help+your+website+rank+higher+when+you+build+backlinks.+Note:+Update+your+content+regularly+to+rank+it+faster+but+not+too+%3Ca+href%3D%22https://t.me/SpeedyIndexBot%3Fstart%3D206352122%22+rel%3D%22dofollow%22%3Efast+indexing+engine%3C/a%3E.+One+is+Google+PageSpeed+insights+and+other+is+Google+Mobile-Friendly+test+to+analyze+my+content.+Is+Google+not+indexing+your+entire+website%3F+If+you+need+to+disavow+the+entire+domain%2C+use+the+%22domain:%22+prefix.+It+says+we+need+to+crawl+this+link+sometime+in+the+future%2C+and+it+gets+put+in+the+regular+crawling+queue.+We+need+to+insert+each+link+everytime.%3C/p%3E%3Cp%3E%26nbsp;%3C/p%3E%3Cp%3E%26nbsp;%3C/p%3E+%3Cp%3E+Some+say+a+link+index+is+a+critical+process%2C+as+well+as+others%2C+say+it+is+essential+to+the+success+of+any+link-building+campaign.+It+is+called+a+link-building+campaign.+Those+first+URLs+are+called+the+seeds.+Having+this+in+mind+hopefully+you+understand+that+if+we+want+to+make+a+survey%2C+the+first+step+would+be+to+establish+some+classification.+If+you+want+to+know+about+optimizing+backlinks+and+SEO+training%2C+you+will+find+an+completeentire+backlink+eBook+and+much+more+on+SEO+in+Backlink+Blaster.+Don%E2%80%99t+use+the+default+sitemap+created+by+WordPress+as+it+tends+to+include+a+bunch+of+unimportant+stuff+you+don%E2%80%99t+want+in+there.+In+the+library+world%2C+there+is+a+lesson+to+be+learned+from+the+business+world.+I+would+take+a+stab+in+the+dim+and+say+there+are+approximately+fifty+thousand+of+them.+If+these+are+third+party+sites%2C+as+in+not+your+own%2C+then+there+is+nothing+you+can+do.%3C/p%3E speed index of tyre 
https://ladder2leader.com/crazy-fast-indexing-of-links-classes-from-the-pros/ speed index how to fix in hindi 
https://affiliates.trustgdpa.com/solving-captcha-47/ Xevil 
https://www.cwpstl.org/captcha-service-an-overview/ autoposting 
https://gallagherb963lpt4.blogoxo.com/profile fast indexing 
https://affiliates.trustgdpa.com/beware-the-xrumer-scam/ SpeedyIndex google СЃРєР°С‡Р°С‚СЊ 
https://luxuriousrentz.com/xevil-captcha/ Xevil 
https://amlsing.com/thread-992088-1-1.html Xevil 
 
@rref@=44r";"2024-06-15 03:12:23"
"3093";"value";"1";"31";"0";"0";"0";"20 Resources To Help You Become Better At Star Porn photos";"2024-06-14 09:53:11"
"3092";"Sownfph";"5";"958";"0";"0";"0";"
For most recent news you have to visit the web and on internet I found this web page as a most excellent website for hottest updates. 
http://100xperts.com:80/index.php?title=Benutzer:GracielaSticht moz backlinks 
http://www.letts.org/wiki/User:KatjaJiron link builder 
https://h6h2h5.wiki/index.php/Submit_Page_To_Google_Index seo link building services 
https://tinkeredug.com/uncategorized/que-son-los-backlink/ backlink monitoring tool 
https://opensourcebridge.science/wiki/User:AngelikaV10 buy backlinks for website";"2024-06-13 01:06:38"
"3091";"value";"1";"2978";"0";"0";"0";"How Kayleigh Wanless Porn Star Was The Most Talked About Trend In 2023 Playboy 
Playmate";"2024-06-12 01:59:25"
"3090";"NathanQuime";"5";"2377";"0";"0";"0";"Overthrow online casinos in the US of 2024. We get an analogy with online casinos, bonuses & casino games so that you can have a good time at the crease casino online in the USA 
https://dub.sh/Tm2uIwS 
Sports presage trench, the unscathed shebang is the after all is said as others, only original  https://tinyurl.com/yptttbz5 
Welcome to a digital world of about https://discord.gg/NWw6xBrA, furore and some of the pre-eminent casino games always created, allowed to jackpot filled Joyride Palace Online Casino!";"2024-06-10 09:44:39"
"3089";"value";"1";"66";"0";"0";"0";"You'll Be Unable To Guess Top British Pornstars's Tricks Top British pornstars";"2024-06-07 09:59:34"
"3088";"makdevid24heelp";"5";"3103";"0";"0";"0";"Hello! 
A suitable site for playing online casinos every day a lot of amazing games and good jackpots for the present day  - https://dub.sh/Tm2uIwS";"2024-06-04 09:45:21"
"3087";"Наталя Дьячкова";"2";"62";"0";"0";"0";"Замовила шість спірей 'літл прінцес' ,дуууже здивована їх виглядом. Бідні рослини в занедбаному вигляді,сухі гілки,минулорічні суцвіття,голі довгі гілочки,листя мілке та жовтого кольору. Шановні,невже не можна було б,хоч перед відправкою зробити санітарну обрізку,я вже не говорю про формуючу. Таке враження що ви мені подарували ті квіти,я б такий товар на ринку не купила.";"2024-06-03 16:23:32"
"3086";"NathanQuime";"5";"3103";"0";"0";"0";"Overcome online casinos in the US of 2024. We make an analogy with online casinos, bonuses & casino games so that you can depict at the a- casino online in the США 
https://tinyurl.com/ypp4smrx 
Sports prediction narrows, the aggregate is the same as others, merely sovereign  https://tinyurl.com/yptttbz5 
Agreeable to a digital world of fun https://discord.gg/tgdjm3xe, disquietude and some of the pre-eminent casino games till the cows come home created, invited to jackpot filled Joyride Residence Online Casino!";"2024-06-02 10:54:03"
"3085";"value";"1";"1216";"0";"0";"0";"Are You Responsible For The Onlyfans Pornstars Budget?
10 Amazing Ways To Spend Your Money pornstars with onlyfans (80adec2ampndbs9h.рф)";"2024-06-01 15:44:44"
"3083";"Галина Зелінська";"5";"1489";"0";"0";"0";"Замовляла рослини у вас багато разів, завжди саджанці були гарні. А сьогодні отримала гортензію ''Ендлес Самер'' і розчарована, саджанець якийсь ''замучений'', на фото на сайті дуже гарні саджанці, а прийшов з підсохлими , пожовклими листками";"2024-05-27 14:54:19"
"3084";"Анюхіна Тетяна";"5";"1376";"0";"0";"1";"Замовила цю та безліч інших гортензій,прийшли в дуже гарному стані,довольна станом посадкового матеріалу,буду замовляти ще і ще! дякую";"2024-05-27 00:00:00"
"3082";"Оксана";"5";"2211";"0";"0";"1";"Так, рослина чудова, цвіте красивим килимком, але - у мене зимою вимерзла, навіть в таку теплу зиму, яка була …Отже - або якось вкривати, або використовувати як однорічну.";"2024-05-24 12:16:40"
"3081";"Людмила";"5";"0";"0";"0";"1";"Отримала своє замовлення. Все живе, в гарному стані, добротно запаковано. Висадили згідно рекомендацій. Сподіваюсь, буде нас радувати. Дякую і бажаю успіхів. ";"2024-05-20 20:08:03"
"3080";"Лущевська Ніна ";"5";"791";"0";"0";"1";"Дякую за чудові рослинки, замовляла 3 кипарисовика Блом та 3 гейхери  Пьорпх Петікотс. Маленькі, але гарні, замовляла ще 11.03.2024,  надіслали в обумовлений термін. Дуже вдячна!!! Удачі у бізнесі, миру й добра!!!";"2024-05-20 10:07:37"
"3079";"Іра";"5";"0";"0";"0";"1";"Отримала сьогодні своє замовлення і хочу висловити свою вдячність за чудову рослинку. Все якісно запаковано, та вчасно доставлено. 
";"2024-05-18 21:03:17"
"3078";"Тиха Олена ";"5";"0";"0";"0";"1";"Дякую. Отримала замовлення читко у термін коли обіцяли. 
Якість рослин перевищує очікування. 
Дуже задоволена.
Наступного разу не буду шукати по сайтах, а замовлятиму у вас. Буду радити знайомим.";"2024-05-11 20:30:53"
"3077";"Ольга Еміх";"5";"2768";"0";"0";"1";"Клен приїхав дуже гарно запакований, рослина гарна і свіжа, дякую магазину";"2024-05-11 09:36:37"
"3076";"Оксана Ракович";"5";"452";"0";"0";"1";"Рослина в чудовому стані. Дуже гарне пакування. ";"2024-05-10 13:20:17"
"3075";"Світлана";"5";"0";"0";"0";"1";"Щиро вдячна розсаднику за гарні рослинки , якісне пакування,чесність ,порядність та професійність.Відчувається,що в усе укладена душа.Окрема подяка за подарунок. Зелені Янголи-Ви найкращі!";"2024-05-10 07:01:02"
"3074";"Раіса";"5";"0";"0";"0";"1";"Дякую, отримала свої тіси. Всі рослини гарно запаковані. Все сподобалося.
Дуже приємно було отримати такі чудові рослини.
Дякую за Вашу роботу.
Рекомендую.";"2024-05-09 10:09:16"
"3073";"Ірина";"5";"56";"0";"0";"1";"Отримала свою красуню. Дуже гарно спаковано,корінь великий і добре, що він зі своєю землею. Зробила просто перевалку, дренаж, земля... Бо інші магазини надсилали голий корінь, просто замотаний у плівку. Молю, щоб прижилася і зацвіла, бо це моя мрія! Опору біля неї теж зробили, підв'язали, бо сильні вітри, шкода якщо зломиться. Дякую Вам. ";"2024-05-08 12:45:52"
"3071";"Людмила Козачук ";"5";"0";"0";"0";"1";"Дякую!!!! Отримала замовлення,всі рослини в чудовому стані,є з чим порівняти.Гарно запаковані рослини.Ви чудові!!! Дякую за Вашу працю !!! Це було перше замовлення від ''Зелені Янголи'' і Ви мене приємно вразили за Вашу турботу про рослини( гейхерела,ожина,спірея японська,спірея Білларда,Вероніка колосиста,вейгела )Рекомендую!!!";"2024-05-05 22:00:50"
"3069";"Ася";"5";"115";"0";"0";"1";"Дякую, все прийшло, туї прекрасні, посилка гарно спакована! Дуже приємно було отримати такі чудові рослини!";"2024-04-29 10:19:43"
"3068";"Інна";"5";"1997";"0";"0";"1";"Добрий день, замовляла 3 спіреї, 2 з яких Генпей/Шіробана' але вони різні одна має молоденьке листя темніше, як визначити яка з них Генпей а яка ні? ";"2024-04-27 09:31:19"
"3067";"Алла ";"5";"0";"0";"0";"1";"Замовила вербу хакуро нішікі та вейгелу все прийшло вчасно гарно запаковане, а саме головне це саджанці вони чудові, дякую за приємне враження. Бажаю вам процвітання і думаю що це не останне моє замовлення. Рекомендую ";"2024-04-26 10:07:11"
"3066";"Людмила Машкіна";"5";"2674";"0";"0";"1";"Шановні пані і панове із  неймовірного колективу 'Зелених Янголів'!
Хочу подякувати за терпіння, організацію збирання та доставки мого замовлення, яке я  з менеджером пані Галиною почала збирати ще в січні.
Всі мої побажання були враховані. Зворотній зв'язок пані Галина тримала постійно, на всі питання надавала вичерпні відповіді.  
Тому, знову повернусь до ЗЯ з новими замовленнями.
Особлива подяка колективу, пані Андріані за постійну підтримку ЗСУ.  ЗЯ ще і супер волонтери!";"2024-04-24 21:01:13"
"3065";"Павлова Олена";"5";"1179";"0";"0";"1";"Замовляла барбарис 'КОНКОРД' , рослинки були добре упаковані, сажанці красиві, здорові.";"2024-04-23 16:59:13"
"3064";"Олена";"5";"2253";"0";"0";"1";"Дуже задоволена придбанням. Рослини приїхали цілі і неушкоджені, надійно запаковані. Зелені Янголи поклали ще одну рослину у якості подарунку. Якість рослин дуже гарна, кущі спіреї високі, потужні, сильно розгалуджені. Однозначно буду замовляти тут ще рослини, бо якість посадкового матеріалу висока";"2024-04-20 20:11:02"
"3063";"Тетяна Сорока";"1";"1105";"0";"0";"1";"В мене не прижилися, а купила 5 штук :(";"2024-04-20 20:06:20"
"3062";"WalterSat";"5";"7";"0";"0";"0";"https://www.weddingbee.com/members/1xbetindiacom/";"2024-04-19 01:16:59"
"3061";"Наталія Поліщук";"5";"0";"0";"0";"1";"Зелені Янголи, ви дійсно Янголи рослинок і боги пакування. Не багато в кого те що отримуєш краще ніж ти очікував, як сталось у мене із гортензією сьогодні. І отримуючи посилку є відчуття що ви турбуєтесь і про рослини, які відправляєте і про клієнта. Дякую за Вашу роботу !";"2024-04-18 15:52:56"
"3060";"Інна Трубакова";"5";"1489";"0";"0";"1";"Отримала чудовий кущик, навіть вже з квіткою. ";"2024-04-16 13:01:31"
"3059";"Ольга Еміх";"5";"1141";"0";"0";"1";"Дуже гарна півонія з великими, ароматними квітами.";"2024-04-15 19:58:37"
"3058";"Сергій";"5";"0";"0";"0";"1";"Отримав в подарунок сосну НІГІШІ від друзів, купували у вас . Я настільки приємно здивований якістю рослини , починаючи з запаковки , грунт , формовка під час дорощувння в розпліднику , місце прививки (для мене це важке питання, тому що я люблю формувати нівакі , бонсай і мені дуже важлива основа росли - в даному випадку вона ІДЕАЛЬНА ! Знімаю шляпу і низький вам уклін!";"2024-04-15 00:21:12"
"3057";"Ирина Виблая";"5";"582";"0";"0";"1";"Дуже гарний саджанець. Одразу пішов у ріст і дав яскравий приріст. ";"2024-04-14 21:25:47"
"3056";"Наталія";"5";"0";"0";"0";"1";"Задоволена, що знайшла цей сайт. Всі рослини приїжджали в гарному стані і приживались . Раджу своїм знайомим !";"2024-04-14 17:01:33"
"3055";"Юлія";"5";"0";"0";"0";"1";"Зелені янголи - ви супер. Замовляла вперше. Роботою команди задоволена. Зателефонували, уточнили заказ, відправили у вказаний термін. Всі рослинки приїхали доглянуті і гарно запаковані. Дуже вдячна вам за вашу працю. Буду замовляти ще.";"2024-04-12 23:36:59"
"3054";"Юлія";"5";"0";"0";"0";"1";"Отримала рослини. Дуже гарно запаковані, все доїхало цілим. Айва вже з квітами. Жимолость (ліана) - пагони довгі, близько метра, з бруньками. Дякую за Вашу працю!";"2024-04-12 18:57:22"
"3053";"Юлія  Подмешальська";"5";"0";"0";"0";"1";"Щиро дякую консультанту Артуру за консультації  з душею) Приємне враження від спілкування з Артуром, який вічливо та професійно відповідає на поставлені питання) Це консультант, який робить все та навіть більше для того, щоб покупець був задоволений та впевнений у своєму виборі) Щиро дякую)  ";"2024-04-12 14:50:55"
"3052";"Тамара";"5";"0";"0";"0";"1";"Сьогодні отримала рослини які замовляла у вашому розсаднику. Все дійшло чудово, запаковано було якісно, кожен горщик окремо, жодна із рослинок не була пошкоджена, хоча рослини проїхали майже всю Україну. Бажаю вам успіхів і хай Ангел Божий вам допомагає. Я можу рекомендувати цей розсадник для замовлень. Замовляла Вітекс священний, дзвоники,  маслинка була в подарунок. Все в доброму стані.Дзвоники вже із бутонами.";"2024-04-11 18:35:56"
"3051";"Валентна Колісник";"5";"0";"0";"0";"1";"Доброго ранку. Отримала рослини згідно замовленню. Все чудово упаковано і всі рослини у дуже гарному стані. Ваш садовий центр перевершив всі мої очікування у плані розміру та стану рослин. Дуже вдячна за сервіс по відношенню до клієнтів і неймовірні рослини.  ";"2024-04-11 10:44:32"
"3050";"Аліна Гузь";"5";"1315";"0";"0";"1";"Дякую, замовляла 180см, прекрасне пакування, якісна рослина. Дуже красива !!!";"2024-04-10 11:41:22"
"3043";"value";"1";"1184";"0";"0";"0";"Best British Pornstars Explained In Less Than 140 Characters Best british pornstars";"2024-04-03 07:52:48"
"3042";"Irina Yehorova";"5";"1136";"0";"0";"0";"Актуальне фото саджанця у горщику С6 (6л) станом на квітень 2024";"2024-04-01 12:58:25"
"3041";"Irina Yehorova";"5";"3050";"0";"0";"0";"Актуальне фото саджанця у горщику 2л на квітень 2024";"2024-04-01 12:55:35"
"3040";"Irina Yehorova";"5";"489";"0";"0";"0";"Фото саджанця на квітень 2024 у горщику р9";"2024-04-01 12:53:06"
"3039";"Irina Yehorova";"5";"1148";"0";"0";"0";"Саджанець на квітень 2024 у горщику р9";"2024-04-01 12:51:44"
"3038";"value";"1";"1373";"0";"0";"0";"17 Signs You're Working With Prettiest Pornstars Cutest Pornstars";"2024-04-01 04:01:43"
"3037";"value";"1";"1007";"0";"0";"0";"How To Explain UK Pornstar To A Five-Year-Old british Porn Star";"2024-03-31 11:26:56"
"3036";"value";"1";"1197";"0";"0";"0";"What Will Adultwork Pornstar Be Like In 100 Years?
adult pornstar";"2024-03-31 08:11:53"
"3035";"value";"1";"2489";"0";"0";"0";"The Reason Why Top Pornstars Kayleigh Wanless Is The 
Most-Wanted Item In 2023 top pornstars kayleigh wanless";"2024-03-30 21:45:09"
"3034";"value";"1";"1216";"0";"0";"0";"Ten Things You've Learned In Kindergarden To Help You Get Started With Prettiest 
Pornstars cutest pornstars [www.plantsg.com.sg]";"2024-03-30 00:40:47"
"3033";"value";"1";"1111";"0";"0";"0";"UK Onlyfans Pornstars Explained In Fewer Than 140 Characters british porn Star";"2024-03-29 08:04:28"
"3032";"value";"1";"469";"0";"0";"0";"20 Reasons Why Pornstar UK Will Not Be Forgotten uk Pornstar";"2024-03-28 20:54:43"
"3031";"Надія Полякова";"5";"0";"0";"0";"1";"Замовила гортензію 'Марін Блу' приїхала у задовільному стані, гарна, добре упакована,  ще із бутонами на цвіт. Всім хто докладав зусилля і вирастив гарну квітку, велике дякую!
Наступного разу буду замовляти тільки у Вас!";"2024-03-28 13:07:04"
"3030";"Марина";"5";"805";"0";"0";"0";"Будь ласка, якщо можна, сфотографуйте 
WRB - ком/сетка, H100-120см В наличии: 5 шт 710,00 грн 
Дякую.";"2024-03-27 18:46:06"
"3029";"value";"1";"998";"0";"0";"0";"20 Quotes That Will Help You Understand Cutest Pornstars 
Uk pornstar";"2024-03-27 10:05:06"
"3028";"value";"1";"2489";"0";"0";"0";"15 Amazing Facts About Prettiest Pornstar You've Never Known Kayleigh 
Wanless Pornstar";"2024-03-26 12:34:52"
"3027";"Світлана";"5";"0";"0";"0";"1";"Дякую всім хто догядає, вирощує, складає, розвиває цей розсадник). В кожній рослинці відчувається вашв любов. Отримала посилку і море задоволення.";"2024-03-25 09:42:56"
"3026";"Світлана";"5";"0";"0";"0";"1";"Замовляла барбарис Поввов і Голден Цверг. Але висаджувати було вже пізно і менджер порадила перетримати їх у прохолодному приміщенні при вологому грунті. Рослинки гарно перенесли зиму і готові до висадки в грунт. До речі, пакування було ідеальне (ледь розпакувала). Щиро дякую за вашу роботу!";"2024-03-24 12:44:34"
"3024";"Станислав Явон";"5";"340";"0";"0";"1";"Погода в доме улучшилась )
Спасибо, Ангелочки !
Приду ещё )";"2024-03-21 17:31:28"
"3017";"Irina Yehorova";"5";"3067";"0";"0";"1";"Актуальне фото саджанця станом на березень 2024 у горщику 3л";"2024-03-19 08:49:18"
"3016";"Irina Yehorova";"5";"3105";"0";"0";"1";"Актуальне фото саджанця у горщику С7,5 на березень 2024";"2024-03-19 08:47:23"
"3015";"Irina Yehorova";"5";"2822";"0";"0";"1";"Актуальне фото саджанця станом у горщику С3 станом на березень 2024";"2024-03-19 08:44:45"
"3014";"Irina Yehorova";"5";"2062";"0";"0";"1";"Актуальне фото саджанця станом на березень 2024 у горщику С3";"2024-03-19 08:41:18"
"3013";"Irina Yehorova";"5";"1139";"0";"0";"1";"Актуальне фото саджанця у горщику С6 на березень 2024";"2024-03-19 08:38:43"
"3009";"Ольга";"5";"0";"0";"0";"1";"Отримала своє замовлення! Все чудово запаковане, рослинки гарні, з гарним коренем. Замовляю не вперше, дякую продавцю за труд! Цього року замовляла сакуру, гортензію та троянди, ще й подарунок отримала! Всім рекомендую!!!";"2024-03-18 19:45:46"
"3008";"Галина Кудрявцева";"5";"0";"0";"0";"1";"Отримала чудові саджанці пухироплідників, сніжноягідників, красивоплідників, спіреї, жимолості шапкової. Коренева система розвинута, виглядає з отворів. Кожний горщик має якісну етикетку. Пакування гарне, продумане. Все доїхало в гарному стані. Зміст своєго замовлення я змінювала кілька разів і мені його редагували без зайвих слів і нарікань. Я дуже задоволена. Зелені янголи, ви найкращі! Так тримати! Перемоги країні, миру українцям, процвітання підприємцям, радості покупцям!";"2024-03-18 19:34:11"
"3006";"Оксана ";"5";"111";"0";"0";"1";"Дякую за неймовірно чудову рослину. Отримала свою тую та розпакувавши її не могла натішитися якістю отриманого дерева. Висота, стан хвої, корнева система у комі - все радувало. Дякую вам за вашу відповідальність до своєї роботи";"2024-03-18 11:36:18"
"3005";"Вікторія Левкут";"5";"0";"0";"0";"1";"Беремо рослини не вперше! І власні, і привозні!
Гарні, доглянуті, здорові, з чудовою кореневою системою! 
Забирали і самі, і з доставкою!
Запаковані надзвичайно надійно!
Окрема подяка за формування посилки; менеджер поставилася із розумінням до ситуації і зробила все можливе, щоб забезпечити доставку на певний час. 
Спілкування завжди на висоті. На початку весни в розпліднику багато роботи і одразу попереджають, щоб робили замовлення на сайті, і що доставку треба буде почекати в порядку черги.";"2024-03-18 09:47:41"
"3004";"Вікторія Левкут";"5";"1158";"0";"0";"1";"Чудова велика, здорова рослина, відповідає опису, запакована відмінно!
Дякую!";"2024-03-18 09:36:27"
"3003";"Вікторія Левкут";"5";"1158";"0";"0";"1";"Чудова велика, здорова рослина, відповідає опису, запакована відмінно!
Дякую!";"2024-03-18 09:36:07"
"3002";"Irina Yehorova";"5";"728";"0";"0";"1";"Актуальне фото саджанця на березень 2024";"2024-03-16 16:16:40"
"3001";"Irina Yehorova";"5";"95";"0";"0";"1";"Фото саджанців Н80-100 актуальністю на березень 2024";"2024-03-16 16:07:51"
"3000";"Irina Yehorova";"5";"563";"0";"0";"1";"Актуальне фото саджанця у горщику р9 станом на березень 2024";"2024-03-16 16:03:46"
"2999";"Irina Yehorova";"5";"565";"0";"0";"1";"Актуальне фото саджанця у горщику р9 станом на березень 2024";"2024-03-16 16:01:30"
"2998";"Irina Yehorova";"5";"564";"0";"0";"1";"Актуальне фото саджанця у горщику р9 станом на березень 2024";"2024-03-16 16:00:26"
"2997";"Irina Yehorova";"5";"541";"0";"0";"1";"Актуальне фото саджанця у горщику р9 станом на березень 2024";"2024-03-16 15:57:52"
"2996";"Irina Yehorova";"5";"1148";"0";"0";"1";"Фото саджанця у горщику р9 станом на березень 2024";"2024-03-16 15:55:53"
"2995";"Irina Yehorova";"5";"3002";"0";"0";"1";"Актуальне фото саджанця у горщику 1,5 л станом на березень 2024 ";"2024-03-16 15:53:18"
"2994";"Irina Yehorova";"5";"3003";"0";"0";"1";"Актуальне фото саджанця у горщику 1,5 л станом на березень 2024";"2024-03-16 15:50:58"
"2993";"Irina Yehorova";"5";"2949";"0";"0";"1";"Актуальне фото на березень 2024 у горщику С2";"2024-03-16 15:48:27"
"2992";"Irina Yehorova";"5";"1675";"0";"0";"1";"Актуальне фото саджанця у горщику С2 на березень 2024";"2024-03-16 15:45:27"
"2991";"Irina Yehorova";"5";"2931";"0";"0";"1";"Актуальне фото саджанця станом на березень 2024";"2024-03-16 15:43:17"
"2990";"Валентина Потапенко ";"5";"1124";"0";"0";"1";"Перший раз роблю у вас замовлення. Сподіваюсь що все буде добре ";"2024-03-16 15:20:47"
"2986";"Студія домашніх рослин Just Club ";"5";"0";"0";"0";"1";"Дуже вдячні за гарні рослини для проєкту";"2024-03-14 19:13:36"
"2985";"Юлія";"1";"0";"0";"0";"1";"Я очень завидую тем, кому реально удалось что-то заказать в этом розсаднике:(((. Мой опыт общения с менеджерами отрицательный. За сутки мне так и не удалось заказать 7 саженцев можевельника. Это просто треш, а не работа. Пока они отвечали на сообщение, нужная мне высота саженцев была продана..и так было 4 раза:(((. На запрос отвечать через 3.5 часа, это просто наплевать на покупателя!!!!";"2024-03-14 00:00:00"
"2983";"Анастасія";"5";"0";"0";"0";"1";"Гарна упаковка, прекрасна,здорова рослина....щиро дякую вам❤️
Замовляла рододендрон.";"2024-03-12 15:20:15"
"2980";"Горбачева Валентина Олександрівна ";"5";"0";"0";"0";"1";"Дуже задоволена замовленням! все прийшло чудові кущики з гарним корінням! вже за тиждень розпустилися бруньки на кущиках!дуже вами задоволена буду замовляти ще";"2024-03-04 00:00:00"
"2976";"Irina Yehorova";"5";"2886";"0";"0";"1";"Актуальне фото саджанця у горщику С2 станом на березень 2024";"2024-03-01 15:57:08"
"2975";"Irina Yehorova";"5";"3050";"0";"0";"1";"Актуальне фото саджанця у горщику С2 станом на березень 2024";"2024-03-01 15:55:31"
"2974";"Irina Yehorova";"5";"3066";"0";"0";"1";"Актуальне фото саджанця у горщику С5 станом на березень 2024";"2024-03-01 15:51:50"
"2973";"Irina Yehorova";"5";"3112";"0";"0";"1";"Актуальне фото саджанця у горщику 3л станом на березень 2024";"2024-03-01 15:46:17"
"2972";"Irina Yehorova";"5";"2673";"0";"0";"1";"Актуальне фото саджанця у горщику С3, 3л станом на березень 2024";"2024-03-01 15:44:17"
"2971";"Irina Yehorova";"5";"3043";"0";"0";"1";"Актуальне фото саджанця у горщику 3л (С3) станом на березень 2024";"2024-03-01 15:39:20"
"2970";"Irina Yehorova";"5";"779";"0";"0";"1";"Актуальне фото саджанця у горщику 3л станом на березень 2024 ";"2024-03-01 15:35:51"
"2969";"Irina Yehorova";"5";"2112";"0";"0";"1";"Актуальне фото саджанця у горщику 7,5 л станом на березень 2024 ";"2024-03-01 15:32:54"
"2968";"Irina Yehorova";"5";"2474";"0";"0";"1";"Актуальне фото саджанця у горщику 3л станом на березень 2024 ";"2024-03-01 15:30:36"
"2967";"Irina Yehorova";"5";"583";"0";"0";"1";"Фото саджанця у горщику С2 (2л) станом на березень 2024";"2024-03-01 15:28:38"
"2966";"Irina Yehorova";"5";"2533";"0";"0";"1";"Фото саджанця у горщику С3 станом на березень 2024";"2024-03-01 15:25:00"
"2965";"Irina Yehorova";"5";"3043";"0";"0";"1";"Фото саджанця станом на березень 2024";"2024-03-01 12:30:14"
"2964";"Irina Yehorova";"5";"2066";"0";"0";"1";"Фото саджанця станом на березень 2024";"2024-03-01 12:25:11"
"2962";"Irina Yehorova";"5";"2028";"0";"0";"1";"Фото саджанця станом на березень 2024";"2024-03-01 12:19:34"
"2961";"Irina Yehorova";"5";"3082";"0";"0";"1";"Фото саджанця станом на березень 2024";"2024-03-01 12:16:24"
"2977";"Irina Yehorova";"5";"2447";"0";"0";"1";"Актуальне фото саджанця у горщику С5 станом на березень 2024 ";"2024-03-01 00:00:00"
"2957";"Менеджер";"5";"1069";"0";"0";"1";"Актуальне фото саджанця у гощику С10";"2024-02-29 16:44:26"
"2951";"Таня";"5";"0";"0";"0";"1";"Замовляла близько двадцяти саджанців хвойних рослин в Р9. Отримала замовлення - гарні доглянуті рослинки, надійно запаковані. 
Все як завжди чітко, швидко та профессійно! Окрема подяка за гарний подарунок)
Дуже задоволена, дякую!";"2024-01-29 13:29:40"
"2949";"Олена";"5";"0";"0";"0";"1";"Вже не перший раз беру рослинки,все добре запаковано, гарне на вигляд,розмір даже більший,чім очукуєшь.Дякую";"2024-01-25 19:53:51"
"2948";"Татьяна Ладуренко";"5";"0";"0";"0";"1";"Отримала гарно запаковані та дуже гарні  саджанці гортензії  і сон трави.Гарні квіти та гарна ціна!!!Дякую!!!!";"2024-01-25 11:55:42"
"2946";"Галина Кудрявцева";"5";"1344";"0";"0";"0";"Добрий день. В мене питання стосовно Кипарисовика нутканського 'Алдріх Маунтін'. 
1. Чи потрібно захищати гілочки від сильного вітру і снігу?
2. Як ця рослина реагує на обрізку? Чи можна її робити?";"2024-01-12 11:51:30"
"2945";"Наталія";"5";"0";"0";"0";"1";"Хочу висловити щірі побажання подальшого процвітання Зеленим Янголам! робила замовлення не один раз. Правда одного разу виникло невелике непорозуміння ,але все віришилось. І я в чергове була задоволена тим,що обрала їх .Рослинки чудові,гарний ,чималий вибір.Тому рекомендую однозначно
Хотілось би якихось знижок постійним клієнтам,чи бонусів накопичувальних.....тоді б взагалі було відмінно!!!";"2024-01-11 00:00:00"
"2944";"Гончаренко Юлія ";"5";"0";"0";"0";"0";"Отримала у грудні посилку 13 саджанців- 1 спірея, решта хвойні. Дві туї забракувала одразу, стоять всі в прикопі, але ці дві сохнуть. Оплата часткова або повна. В мене повна передоплата.Не раджу.
І ще, пропонувався подарунок, але його не було.";"2024-01-10 04:00:02"
"2943";"Виталий";"5";"1100";"0";"0";"0";"Відпишиться по наявності, Дякую";"2023-12-26 16:23:45"
"2942";"Людмила ";"5";"460";"0";"0";"1";"Дуже вдячна за рослини.Буду замовляти і надалі.Успіхів вам і вашому бізнесу.";"2023-12-20 11:32:55"
"2941";"Ольга";"5";"0";"0";"0";"1";"Замовляла яливець Флоріант, приємна вражена кореневою системою, і сама рослина 'викохана', рекомендую, маленький мінус -:близько 10 днів чекала відправку(. Дякую за вашу працю! ";"2023-12-16 23:34:00"
"2940";"Артур";"5";"2531";"0";"0";"0";"Нужны саженцы или семена беби блу эвкалипт";"2023-12-16 01:43:08"
"2939";"Віра";"5";"0";"0";"0";"1";"Щиро дякую!!! Рослинки дуууже гарні! гарно запаковані!як завжди на висоті!замовляю не вперше.Миру та добра!";"2023-12-14 18:20:39"
"2938";"Олена";"5";"0";"0";"0";"1";"Виграш від Зелені Янголи! Дякую за гарні рослинки, віру та натхнення!";"2023-12-08 18:22:12"
"2937";"Natik On";"5";"0";"0";"0";"1";"Отримала вже друге замовлення, не можу не подякувати за рослини. Пакування розумне, продумане, рослини у чудовому стані з гарним корінням. Із задоволенням і впевненістю за якість раджу ваш розсадник всім друзям і знайомим. Щасти вам у вашій роботі і Перемоги нам усім.";"2023-12-07 11:23:40"
"2936";"Менеджер розсадника \"Зелені Янголи\"";"5";"2650";"0";"0";"0";"Актуальне фото саджанця з відкритого грунту висотою 2,5м, зроблено літом 2023р.";"2023-12-06 13:27:16"
"2935";"Антонина Шматко";"5";"0";"0";"0";"1";"Отримала свої рослини, вони чудові! Пакування супер, все дійшло в дуже гарному стані. Дякую за вашу працю!";"2023-12-03 09:26:59"
"2934";"Оксана";"5";"614";"0";"0";"1";"Сьогодні отримала рослини, дуже здивована гарною якістю, великими розмірами рослин, гарним пакуванням.Дуже, дуже задоволена, буду радити всім друзям і просто знайомим.  ";"2023-12-02 12:08:51"
"2933";" Світлана ";"5";"2655";"0";"0";"1";"Отримала 3 штуки цих чудових маленьких ялиночок. Такі гарні, такі свіжі та додали настрою. Дякую за якість рослин та пакування, все бездоганно! ( Ще придбала ялину Соня, 2 вейгели , і на подаруночок отримала тую Глобоза)";"2023-12-01 12:29:36"
"2932";"Світлана ";"5";"0";"0";"0";"1";"Дуже вдячна Зеленим Янголам за їхню роботу і ставлення до клієнтів! Замовлення робила кілька разів. Кожного разу перед його відправкою телефонували й уточнювали, професійно консультували. Упаковка рослин просто чудова. Уявляю, скільки часу на неї іде!  А подарунки від центру, то взагалі дуже приємно))
Усім рекомендую саме Зелених Янголів!!!";"2023-11-30 19:20:38"
"2931";"Скоробагатько Олена";"5";"0";"0";"0";"1";"Замовляла туевік. Отримала чудову рослину. Щиро вдячна за співпрацю.";"2023-11-27 16:47:17"
"2930";"Таїсія";"5";"2744";"0";"0";"1";"Зелені Янголи! Дякую Вам за Вашу працю, за професійність, за любов до людей і рослин! Дякую за допомогу нашим військовим! Рослини, які замовила , приїхали в чудовому стані і піднявся настрій від думки , як вони навесні прикрасять мій двір. Успіхів Вам і Перемоги Україні!";"2023-11-27 14:07:19"
"2928";"VitalyyWible";"5";"0";"0";"0";"0";"Hello.";"2023-11-24 07:05:20"
"2927";"Марія Мамонтова";"5";"2461";"0";"0";"1";"Кедр дуже гарний, упакували дбайливо, корені вологі, в горшечку.
Замовленням задоволена на всі сто, поки пересадила в більший горщик, живе на балконі. 
Замовляла C3 - горщик 3л 
Кращий, ніж на фото)";"2023-11-23 00:15:07"
"2925";"Антоніна";"5";"0";"0";"0";"1";"Дорогі Зелені Янголи, ви таки справжні янголи!!! Замовила рослини( калина вічнозелена, трави, різні деревії, спіреі), отримала все швидко, в ідеальному стані, пакування дуже добре, земля волога, все відповідає сортності. Рослини мандрували від вас аж в Харків, прийшли за два дні, навіть набагато кращі, ніж на фото.
Дякую всій команді, від тих хто вирощує, до тих, хто відправляє. Менеджер був на звʼязку весь час, відповіді чіткі і зрозумілі. 
І окремі слова подяки за подарунок . Туя шикарна";"2023-11-17 10:53:25"
"2924";"Світлана";"5";"0";"0";"0";"1";"Дякую за рослини. Чудовий посадковий матеріал. Безмежна дяка 'зеленим янголам' за працю яка дійсно створює на рідній землі зелений рай. ";"2023-11-13 17:38:07"
"2923";"Марина";"5";"0";"0";"0";"1";"Добрий день! Сьогодні отримала свою посилочку з гарною рослиною, назва якої-  Пухироплідник Red Baron. Дуже добре була запакована, з вологим ґрунтом, неушкоджена. Рослина доглянута. Звісно буду замовляти ще! Це моє перше замовлення. Наступної неділі чекаю від вас ще одну рослину.Велике Вам дякую! Адріанна та Ярослав, і звісно ваша команда! Нехай Вас Господь Благословить! Гарних Вам покупців!";"2023-11-13 00:00:00"
"2922";"Ласькова Наталья";"5";"0";"0";"0";"1";"Дуже вдячна за рослини. Така велика посилка, але все прибуло у відмінному стані! Дуде гарно все запаковано. Рослинами дуже задоволена! 
ДЯКУЮ!!!";"2023-11-07 20:17:56"
"2921";"Наталя Петренко";"5";"1383";"0";"0";"0";"На фото дуже красиві, пишні саджанці. Мені приїхала верба з однією голою гілкою, бічні пагони зламані і відсутні, одревесніле місце зламу. Очікування та реальність. Дуже прикро. ";"2023-11-02 08:35:12"
"2920";"Оксана ";"5";"0";"0";"0";"1";"Отримала сьогодні свої ялівці, залишилася дуже задоволена, все якісно запаковано, рослинки ніде не пошкоджені, з вологим комом, виглядають доглянутими, гарними. Не вперше замовляю у цьому розпліднику, дуже дякую всім працівникам його за велику працю, планую і в подальшому замовляти в 'Зелених Янголах' і рекомендуватиму іншим.";"2023-10-29 21:46:45"
"2918";"Гуля Акмаммедова";"5";"2927";"0";"0";"1";"Я даже не ожидала,Вы меня удивили,упаковано супер и инструкцию вложили по посадке  и уходу 
спасибо большое 
Процветание компании
";"2023-10-23 09:51:01"
"2917";"Юлія Максименко";"5";"1358";"0";"0";"1";"Це унікальна рослина, купила на початку червня, висадила в пісчаний грунт. Підживлювала, обробляла, проливала укорінювачем,  зараз жовтень а вона дала приріст 40 см, росте просто на очах і така яскрава і красива. Може ій в нас подобається (Дніпро) , но висалжували одразу багато різних маленьких хвойних, це абсолютний рєкорд. ";"2023-10-18 17:55:47"
"2916";"Татьяна Качан";"5";"0";"0";"0";"1";"Купила кипарисовик Лавсона Колумнарис 120-140. Дуже сподобався гарний екземпляр. Якість на висоті. Гарно запаковано, хороший ком.  Дякую за Вашу роботу. ";"2023-10-16 12:53:27"
"2915";"Alla";"5";"452";"0";"0";"1";"Добрий день! Отримала  від вас десь у кінці вересня кущики Бересклету японського 'Грандіфоліус у горщиках С2. Хочу сказати Вам велике дякую! Заявлене фото відповідає вимогам, прийшли вчасно, у відмінному стані, упаковка супер. Буду і надалі звертатись до Вас. Бажаю Вашій компанії процвітання, гарних клієнтів та багато  продажів.";"2023-10-10 15:15:58"
"2913";"хостинг";"5";"2506";"0";"0";"0";"https://intersect.host/";"2023-10-07 00:33:27"
"2912";"хостинг";"5";"632";"0";"0";"0";"https://intersect.host/";"2023-10-06 00:05:37"
"2911";"Bryannep";"5";"2506";"0";"0";"0";"https://dniprohell.dp.ua/useful/kaminy-shho-potribno-znaty-pro-dymohid-topku-topky-typ-palyva";"2023-10-05 00:05:35"
"2910";"Назарій";"5";"0";"0";"0";"1";"Дуже задоволений якістю посадкового матеріалу,замовляю не вперше,все оперативно,без казусів і довгого очікування.Саджанці здорові,відповідають сортності та легко приживаються.Дуже тішуся що в нас на ринку є такі виробники,однозначно одні з фаворитів.Бажаю успіхів та процвітання.Рекомендую однозначно";"2023-10-03 23:21:03"
"2908";"Oлена Сич";"5";"0";"0";"0";"1";"вперше заказала з обережністю собі трохи туй Смарагд у 2л контейнері у червні 2022, мені сподобались рослинки...потім ще трошки.......а потім ще трошки.
тепер я розумію, що мені подобаються розлини від 'Зелених янголів' - гарно розвинена корнева, обережно запаковані та вчасно доставлені.
прикріплю фото саме туй смарагд, що посадила у червні 2022 і як вони виросли та окріпли за рік (при догляді раз на тиждень за сезон).
дякую Вам за чудові рослини!";"2023-10-03 20:13:05"
"2907";"Тетяна";"5";"1105";"0";"0";"1";"Висока, гарна, виглядає шикарно. ";"2023-10-03 10:20:32"
"2906";"Наталія Камінська";"5";"0";"0";"0";"1";"Замовляла хвойні: туї, ялівець та кипарисовик. Рослинки гарні, пакування дуже ретельне. Дуже задоволена покупкою та обслуговуванням, дякую всьому колективу Зелених Янголів. Здоров'я вам і натхнення!";"2023-10-03 08:08:25"
"2905";"Любов";"5";"1538";"0";"0";"0";"Продавці не розуміють, чи свідомо розповсюджують інвазивний вид! Він несе шкоду сусіднім рослинам: під ним не ростиме трава, він змінює кислотність грунту, в Україні, практично, немає бактерій, як можуть розкладати його листя, у лісах під ним не ростуть гриби взагалі. ";"2023-10-03 05:48:48"
"2903";"Тетяна";"5";"0";"0";"0";"1";"рослини чудові все професійно та чітко
дякую";"2023-10-01 20:47:11"
"2902";"Лілія Маліновська";"5";"0";"0";"0";"1";"Повне розчарування. Висохші та зламані кущі вербени бонарської, листя обсипається та цвіт. Запропонували знижку 50% і спробувати самим реанімувати їх";"2023-09-29 10:09:08"
"2901";"Тетяна ";"5";"39";"0";"0";"0";"Коли буде в наявності?";"2023-09-28 14:19:08"
"2900";"Лілія Маліновська";"5";"0";"0";"0";"0";"Дуже неприємно було отримати вербену у такому стані- засохше листя, сухий грунт, зламані пагінці. Розчарована";"2023-09-28 14:19:05"
"2899";"Оксана Ільченко";"5";"0";"0";"0";"1";"Дякую 'Зеленим Янголам' за чудові рослини. Я неодноразово замовляла тут різні рослинки, і завжди вони найкращої якості, надійно запаковані. І дуже приємно обирати і отримувати подарунки. Дякую!!!";"2023-09-26 17:54:49"
"2898";"value";"1";"958";"0";"0";"0";"Премногое спасибо ! Заходите и на 
собственный онлайн-сервис :D Алюминиевое остекление балкона";"2023-09-25 04:45:58"
"2897";"Колпакова Ирина";"5";"0";"0";"0";"1";"Первый раз делала заказ в этом интернет-магазине и осталась довольна как обслуживанием так и качеством саженца кедра. Буду заказывать ещё ) ";"2023-09-13 13:44:10"
"2896";"Бедрик Ірина";"5";"85";"0";"0";"0";"Я у вас як оптовий покупець";"2023-09-12 23:55:41"
"2895";"Тетяна";"5";"1302";"0";"0";"1";"Сьогодні отримала квіточку, дякую. Чудово запакована, з вологою землею і свіжим листям. Багато пагонів. Буду чекати наступного року, щоб побачити цвітіння.

";"2023-09-11 14:29:23"
"2894";"Діденко Олена";"5";"0";"0";"0";"1";"04 вересня 2023 року замовила дві гортензіі і вербу , а 08.09- вже розпаковувала посилку. І я у захваті! Спочатку -від якості пакування, потім від самих рослинок! Дякую «Зеленим янголам»!";"2023-09-08 13:43:59"
"2893";"Jefferyincuh";"5";"7";"0";"0";"0";"What phrase... super, excellent idea 
 
------------ 
https://servers.expert/hoster/tverhost";"2023-09-08 08:13:51"
"2892";"Лариса Осипенко";"5";"2935";"0";"0";"1";"Перша квітка.";"2023-09-07 18:11:01"
"2890";"Мисюра Ірина";"5";"647";"0";"0";"1";"Замовляю вдруге, всі саджанці чудові";"2023-09-05 22:08:58"
"2889";"Світлана Т.";"2";"0";"0";"0";"0";"Замовляла Головатень звичайний та Шавлію дібровну 'Діп Блу Імп.
Отримала і здивувалась: головатень гарний, а шавлія повністю гнила, як тільки зняла упаковку, всі гілочки відпали, була вся залита водою. Це насмішка?";"2023-09-02 15:41:06"
"2888";"Володимир / Альона";"5";"0";"0";"0";"1";"Замовляла вперше. Дуже хотіла отримати рослинки саме з цього розсадника. Замовлення прийшло в порядку черги через тиждень. Рослинки надійно запаковані. Якість перевищила очікування. Гортензії-  великі квітучі кущі в горщиках 2 л. Дякую всьому колективу Зелених янголів! Рекомендую!";"2023-09-01 00:00:00"
"2887";" Булюк Олена";"5";"0";"0";"0";"1";"В м.Херсон посилка з рослинами приїхала за 2 дні,та не зважаючи на спеку всі рослини у гарному стані. Дуже задоволена.запаковано гарно.Як з'явитися можливість обов'зково буду тут заказувати ще.
";"2023-08-31 17:20:10"
"2886";"Інна Свистун ";"5";"1022";"0";"0";"1";"Кущик приїхав гарно упакований, з прекрасною кроною.
Дуже задоволена результатом цвітіння, шапки дійсно величезні і приймають рожевий окрас, і це лише цього сезону, чекаю наступного з нетерпінням.
Дякую.";"2023-08-31 09:25:42"
"2885";"Інна Свистун ";"5";"1812";"0";"0";"1";"Прекрасний кущ приїхав, гарно упакований. Здоровʼя в нормі, вигляд неймовірний. Це 3 гортензія замовлена була у цьому розсаднику і кожна з них чудова. Дякую ";"2023-08-31 09:21:03"
"2884";"Менеджер";"5";"2840";"0";"0";"1";"Актуальне фото саджанця в горщику с2, зроблено у серпні 2023 р.";"2023-08-30 17:13:25"
"2883";"Менеджер";"5";"1444";"0";"0";"1";"Актуальне фото саджанця в горщику с2, зроблено у серпні 2023 р.";"2023-08-30 17:11:09"
"2882";"Менеджер";"5";"2892";"0";"0";"1";"Актуальне фото саджанця в горщику с2, зроблено у серпні 2023 р.";"2023-08-30 17:10:18"
"2881";"Менеджер";"5";"2931";"0";"0";"1";"Актуальне фото саджанця в горщику с2, зроблено у серпні 2023 р.";"2023-08-30 17:09:27"
"2880";"Менеджер";"5";"1105";"0";"0";"1";"Актуальне фото саджанця в горщику с2, зроблено у серпні 2023 р.";"2023-08-30 17:08:16"
"2879";"Менеджер";"5";"2959";"0";"0";"1";"Актуальне фото саджанця в горщику с2, зроблено у серпні 2023 р.";"2023-08-30 17:07:30"
"2878";"Менеджер";"5";"2957";"0";"0";"1";"Актуальне фото саджанця в горщику с2, зроблено у серпні 2023 р.";"2023-08-30 17:06:18"
"2877";"Менеджер";"5";"2958";"0";"0";"1";"Актуальне фото саджанця в горщику с2, зроблено у серпні 2023 р.";"2023-08-30 17:05:35"
"2876";"Менеджер";"5";"2283";"0";"0";"1";"Актуальне фото саджанця в горщику с2, зроблено у серпні 2023 р.";"2023-08-30 17:04:50"
"2875";"Менеджер";"5";"2956";"0";"0";"1";"Актуальне фото саджанця в горщику с2, зроблено у серпні 2023 р.";"2023-08-30 17:04:06"
"2874";"Менеджер";"5";"2942";"0";"0";"1";"Актуальне фото саджанця в горщику с2, зроблено у серпні 2023 р.";"2023-08-30 17:03:12"
"2873";"Менеджер";"5";"462";"0";"0";"1";"Актуальне фото саджанця в горщику с2, зроблено у серпні 2023 р.";"2023-08-30 17:02:29"
"2872";"Менеджер";"5";"31";"0";"0";"1";"Актуальне фото саджанця в горщику с2, зроблено у серпні 2023 р.";"2023-08-30 17:01:20"
"2871";"Менеджер";"5";"2285";"0";"0";"1";"Актуальне фото саджанця в горщику с2, зроблено у серпні 2023 р.";"2023-08-30 16:59:46"
"2870";"Менеджер";"5";"61";"0";"0";"1";"Актуальне фото саджанця в горщику с2, зроблено у серпні 2023 р.";"2023-08-30 16:58:59"
"2869";"Менеджер";"5";"64";"0";"0";"1";"Актуальне фото саджанця в горщику с2, зроблено у серпні 2023 р.";"2023-08-30 16:58:09"
"2868";"Менеджер";"5";"1441";"0";"0";"1";"Актуальне фото саджанця в горщику с2, зроблено у серпні 2023 р.";"2023-08-30 16:54:58"
"2867";"Менеджер";"5";"2721";"0";"0";"1";"Актуальне фото саджанця в горщику с2, зроблено у серпні 2023 р.";"2023-08-30 16:53:59"
"2866";"Менеджер";"5";"2115";"0";"0";"1";"Актуальне фото саджанця в горщику с2, зроблено у серпні 2023 р.";"2023-08-30 16:50:08"
"2865";"Менеджер";"5";"2115";"0";"0";"1";"Актуальне фото саджанця в горщику с2, зроблено у серпні 2023 р.";"2023-08-30 16:36:09"
"2864";"Менеджер";"5";"2949";"0";"0";"1";"Актуальні фото саджанця в горщику с2, зроблено у серпні 2023 р.";"2023-08-30 16:35:14"
"2863";"Менеджер";"5";"87";"0";"0";"1";"Актуальне фото кипарисовика Івонн висотою 180-200см, зроблено у серпні 2023 року.";"2023-08-30 16:34:06"
"2862";"Менеджер";"5";"830";"0";"0";"1";"Актуальне фото туї Ауресценс висотою 150-160см, зроблено у серпні 2023 року.";"2023-08-30 16:26:18"
"2861";"Менеджер";"5";"1086";"0";"0";"1";"Актуальне фото туї голден брабант висотою 140-160см, зроблене у серпні 2023р.";"2023-08-30 16:24:03"
"2860";"Менеджер";"5";"33";"0";"0";"1";"Актуальне фото саджанця в горщику с2, зроблено у серпні 2023 р.";"2023-08-30 16:20:11"
"2859";"Менеджер";"5";"579";"0";"0";"1";"Актуальне фото саджанця в горщику с2, зроблено у серпні 2023 р.";"2023-08-30 16:18:14"
"2858";"avenue17";"5";"7";"0";"0";"0";"Подскажите, где я могу найти больше информации по этому вопросу?
";"2023-08-29 22:05:22"
"2857";"Менеджер";"5";"1350";"0";"0";"1";"актуальне фото саджанця в горщику с2, зроблено у серпні 2023 р";"2023-08-29 17:39:14"
"2856";"Менеджер";"5";"982";"0";"0";"1";"актуальне фото саджанця з відкритого грунту, висотою 120-140см., зроблено у серпні 2023 р.";"2023-08-29 17:35:56"
"2855";"Менеджер";"5";"1350";"0";"0";"0";"Актуальне фото саджанця Спіреї японсьуої Антоні Ватерер у горщику С2 станом на серпень 2023";"2023-08-29 17:13:35"
"2854";"Менеджер";"5";"108";"0";"0";"1";"актуальне фото саджанця Туї західної Колумна у горщику С2 станом на серпень 2023";"2023-08-29 17:10:59"
"2853";"Менеджер";"5";"111";"0";"0";"1";"Актуальне фото саджанця Туї західної Смарагд у горщику С2 станом на серпень 2023";"2023-08-29 17:09:33"
"2851";"Менеджер";"5";"446";"0";"0";"1";"Актуальне фото саджанця в горщику С2, зроблено у серпні 2023 року.";"2023-08-28 17:55:57"
"2850";"Менеджер";"5";"2461";"0";"0";"1";"Актуальне фото саджанця в горщику С2, зроблено у серпні 2023 року.";"2023-08-28 17:55:06"
"2849";"Менеджер";"5";"1751";"0";"0";"1";"Актуальне фото саджанця в горщику С2, зроблено у серпні 2023 року.";"2023-08-28 17:52:19"
"2848";"Менеджер";"5";"108";"0";"0";"1";"Актуальне фото саджанця в горщику С2, зроблено у серпні 2023 року.Актуальне фото саджанця в горщику С2, зроблено у серпні 2023 року.";"2023-08-28 17:51:27"
"2847";"Менеджер";"5";"111";"0";"0";"1";"Актуальне фото саджанця в горщику С2, висотою 40-60см, зроблено у серпні 2023 року.";"2023-08-28 17:50:20"
"2845";"Менеджер";"5";"828";"0";"0";"1";"Актуальне фото саджанця в горщику С2, зроблено у серпні 2023 року.";"2023-08-28 17:47:45"
"2844";"Менеджер";"5";"1810";"0";"0";"1";"Актуальне фото саджанця в горщику С2, зроблено у серпні 2023 року.";"2023-08-28 17:46:43"
"2843";"Менеджер";"5";"2249";"0";"0";"1";"Актуальне фото саджанця в горщику С2, зроблено у серпні 2023 року.";"2023-08-28 17:45:43"
"2842";"Менеджер";"5";"2321";"0";"0";"1";"Актуальне фото саджанця в горщику С2, зроблено у серпні 2023 року.";"2023-08-28 17:44:54"
"2841";"Менеджер";"5";"2900";"0";"0";"1";"Актуальне фото саджанця в горщику С2, зроблено у серпні 2023 року.";"2023-08-28 17:44:11"
"2840";"Менеджер";"5";"2271";"0";"0";"1";"Актуальне фото саджанця в горщику С2, зроблено у серпні 2023 року.";"2023-08-28 17:43:16"
"2839";"Менеджер";"5";"2903";"0";"0";"1";"Актуальне фото саджанця в горщику С2, зроблено у серпні 2023 року.";"2023-08-28 17:42:12"
"2838";"Менеджер";"5";"2225";"0";"0";"1";"Актуальне фото саджанця в горщику С2, зроблено у серпні 2023 року.";"2023-08-28 17:41:03"
"2837";"Менеджер";"5";"1692";"0";"0";"1";"Актуальне фото саджанця в горщику С2, зроблено у серпні 2023 року.";"2023-08-28 17:39:57"
"2836";"Менеджер";"5";"2928";"0";"0";"1";"Актуальне фото саджанця в горщику С2, зроблено у серпні 2023 року.";"2023-08-28 17:39:20"
"2835";"Менеджер";"5";"2928";"0";"0";"1";"Актуальне фото саджанця в горщику С2, зроблено у серпні 2023 року.";"2023-08-28 17:38:45"
"2834";"Надежда";"5";"0";"0";"0";"1";"Всем добрый день! Сегодня получила заказанные мною три туи Малониана Холуб, осталась ими очень довольна. Фото этих растений предоставленное мне на вайбер менеджером Аленой соответствует действительности, она очень внимательная, пытается помочь  клиенту в выборе необходимого растения. С такими людьми хочется сотрудничать. Сегодня она помогает мне подобрать несколько сортов колоновидных можжевельников, отправляет мне на вайбер фото, прислушивается к желаниям и просьбам клиента. Щиро дякую. ";"2023-08-28 17:16:34"
"2833";"Менеджер";"5";"713";"0";"0";"1";"Актуальне фото саджанця висотою 80-100 см, зроблено у серпні 2023 року";"2023-08-28 17:09:21"
"2832";"Менеджер";"5";"1304";"0";"0";"1";"Актуальне фото саджанця висотою 180-200 см, зроблено у серпні 2023 року";"2023-08-28 17:08:14"
"2831";"Менеджер";"5";"1084";"0";"0";"1";"Актуальне фото саджанця висотою 120-140 см, зроблено у серпні 2023 року";"2023-08-28 17:06:48"
"2830";"Менеджер";"5";"97";"0";"0";"1";"Актуальне фото саджанця висотою 60-80 см, зроблено у серпні 2023 року";"2023-08-28 17:05:27"
"2829";"Менеджер розсадника \"Зелені Янголи\"";"5";"1319";"0";"0";"1";"Актуальні фото саджанців з відкритого грунту, зроблено у серпні 2023 року";"2023-08-28 17:02:11"
"2828";"Менеджер";"5";"116";"0";"0";"1";"Актуальне фото саджанця діаметром 60-80 см, зроблено у серпні 2023 року";"2023-08-28 17:00:03"
"2827";"Менеджер";"5";"2312";"0";"0";"1";"Актуальне фото саджанця висотою 90-100 см, зроблено у серпні 2023 року";"2023-08-28 16:57:52"
"2826";"Менеджер";"5";"109";"0";"0";"1";"Актуальне фото саджанця діаметром 80-100 см, зроблено у серпні 2023 року";"2023-08-28 16:56:19"
"2825";"Менеджер";"5";"2641";"0";"0";"1";"Актуальне фото саджанів з відкритого грунту, зроблено у серпні 2023 року";"2023-08-28 16:54:39"
"2824";"Менеджер";"5";"113";"0";"0";"1";"Актуальне фото саджанця в горщику С2, зроблено у серпні 2023 року.";"2023-08-28 16:53:22"
"2823";"Менеджер";"5";"2941";"0";"0";"1";"Актуальне фото саджанця в горщику С2, зроблено у серпні 2023 року.";"2023-08-28 16:52:26"
"2822";"Менеджер";"5";"2266";"0";"0";"1";"Актуальне фото саджанця в горщику С2, зроблено у серпні 2023 року.";"2023-08-28 16:51:16"
"2821";"Менеджер";"5";"2902";"0";"0";"1";"Актуальне фото саджанця в горщику С2, зроблено у серпні 2023 року.";"2023-08-28 16:49:37"
"2820";"Менеджер";"5";"1798";"0";"0";"1";"Актуальне фото саджанця в горщику С2, зроблено у серпні 2023 року.";"2023-08-28 16:48:25"
"2819";"Менеджер";"5";"2190";"0";"0";"1";"Актуальне фото саджанця в горщику С2, зроблено у серпні 2023 року.";"2023-08-28 16:47:28"
"2818";"Менеджер";"5";"2632";"0";"0";"1";"Актуальне фото саджанця в горщику С2, зроблено у серпні 2023 року.";"2023-08-28 16:46:36"
"2817";"Менеджер";"5";"2240";"0";"0";"1";"Актуальне фото саджанця в горщику С2, зроблено у серпні 2023 року.";"2023-08-28 16:43:31"
"2816";"Менеджер";"5";"2930";"0";"0";"1";"Актуальне фото саджанця в горщику С2, зроблено у серпні 2023 року.";"2023-08-28 16:41:59"
"2815";"Менеджер";"5";"646";"0";"0";"1";"Актуальне фото саджанця в горщику С2, зроблено у серпні 2023 року.";"2023-08-28 16:38:48"
"2814";"Менеджер";"5";"837";"0";"0";"1";"Актуальні фото туй 'Ауреа Нана' з поля станом на серпень 2023 року.";"2023-08-28 16:35:33"
"2813";"Менеджер";"5";"982";"0";"0";"1";"Актуальне фото саджанця висотою 120-140 см, зроблено у серпні 2023 року";"2023-08-28 16:34:28"
"2812";"Менеджер";"5";"982";"0";"0";"0";"Актуальне фото саджанця висотою 120-140 см, зроблено у серпні 2023 року";"2023-08-28 16:33:41"
"2811";"Менеджер";"5";"2896";"0";"0";"1";"Актуальне фото саджанця в горщику С2, зроблено у серпні 2023 року.";"2023-08-28 16:26:45"
"2810";"Менеджер";"5";"694";"0";"0";"1";"Актуальне фото саджанця висотою 100-120 см, зроблено у серпні 2023 року";"2023-08-28 16:25:07"
"2809";"Менеджер";"5";"1087";"0";"0";"1";"Актуальне фото саджанця висотою 120-140 см, зроблено у серпні 2023 року";"2023-08-28 16:23:22"
"2808";"Менеджер";"5";"617";"0";"0";"1";"Актуальне фото саджанця Туї західної у  горщику С2 станом на серпень 2023";"2023-08-28 16:22:42"
"2807";"Менеджер";"5";"786";"0";"0";"1";"Актуальне фото саджанця висотою 100-120 см, зроблено у серпні 2023 року";"2023-08-28 16:22:12"
"2806";"Менеджер";"5";"89";"0";"0";"1";"Актуальне фото саджанця Кипарисовика Алюміголд станом на серпень 2023";"2023-08-28 16:21:09"
"2805";"Менеджер";"5";"1225";"0";"0";"1";"Актуальне фото саджанця висотою 80-100 см., зроблено у серпні 2023 року";"2023-08-28 16:19:31"
"2804";"Менеджер";"5";"1089";"0";"0";"1";"Актуальне фото саджанця висотою 110-120 см з кореневим комом, зроблено у серпні 2023 року";"2023-08-28 16:17:45"
"2803";"Менеджер";"5";"779";"0";"0";"1";"Актуальне фото саджанця діаметром 30-40см з кореневим комом, зроблено у серпні 2023 року";"2023-08-28 16:14:44"
"2802";"Менеджер";"5";"863";"0";"0";"1";"Актуальне фото саджанця діаметром 30-40см з кореневим комом, зроблено у серпні 2023 року";"2023-08-28 16:13:25"
"2801";"Менеджер";"5";"863";"0";"0";"1";"Актуальне фото саджанця діаметром 30-40см з кореневим комом, зроблено у серпні 2023 року";"2023-08-28 16:12:14"
"2800";"Менеджер";"5";"839";"0";"0";"1";"Актуальне фото станом на серпень 2023 року туї складчатої 'Форевер голді' висота 40-60см";"2023-08-28 16:10:19"
"2799";"Менеджер";"5";"805";"0";"0";"1";"Актуальне фото саджанця з відкритого грунту, висота 100-120см, фото зроблено у серпні 2023р.";"2023-08-28 16:04:53"
"2798";"Менеджер";"5";"968";"0";"0";"1";"Актуальне фото туї смарагд висотою 200-220см, сформована у формі Спіраль";"2023-08-28 16:02:47"
"2797";"Лариса";"5";"111";"0";"0";"1";"Сьогодні отримала своє замовлення,Туя Західна Смарагд.
Замовляла перший раз.Дуже задоволена!!!Рослинки дуже гарні.!!!Дуже задоволена якістю обслуговування.
Велике ДЯКУЮ за Вашу роботу.
З великим задоволенням звернусь до Вас ще.!!";"2023-08-27 17:55:03"
"2795";"Менеджер";"5";"2654";"0";"0";"1";"Актуальне фото саджанця Ялини канадської Майголд у горщику С2 станом на серпень 2023";"2023-08-25 14:48:17"
"2794";"Менеджер";"5";"2301";"0";"0";"1";"Актуальне фото саджанця Ялини колючої у горщику С2 станом на серпень 2023";"2023-08-25 14:46:57"
"2793";"Менеджер";"5";"111";"0";"0";"0";"Актуальне фото саджанця Туї західної Смарагд у горщику С2 40-60см станом на серпень 2023";"2023-08-24 14:44:07"
"2792";"Менеджер";"5";"2913";"0";"0";"1";"Актуальне фото саджанця Туї західної Кінг оф Брабант у горщику С2 станом на серпень 2023";"2023-08-24 14:41:58"
"2791";"Менеджер";"5";"108";"0";"0";"0";"Актуальне фото саджанців Туї західної Колумна у горщику С2 станом на серпень 2023";"2023-08-24 14:40:23"
"2790";"Менеджер";"5";"2663";"0";"0";"1";"Актуальне фото саджанця Ялини колючої Вальдбрун у горщику С2 станом на серпень 2023";"2023-08-24 14:38:30"
"2788";"Менеджер";"5";"832";"0";"0";"1";"Актуальне фото саджанців Туї західної Мір'ям 40+ станом на серпень 2023";"2023-08-23 10:27:39"
"2787";"Менеджер";"5";"706";"0";"0";"1";"Актуальне фото саджанців Туї Закані Шовені 180-200см станом на серпень 2023";"2023-08-23 10:20:50"
"2786";"Менеджер";"5";"706";"0";"0";"1";"Актуальне фото саджанців Ялівця Голд Кон 200-220 станом на серпень 2023";"2023-08-23 10:16:41"
"2785";"Менеджер";"5";"706";"0";"0";"1";"Актуальне фото саджанців Ялівця Голд Кон 160-180 станом на серпень 2023";"2023-08-23 10:15:36"
"2784";"Менеджер";"5";"834";"0";"0";"1";"Актуальне фото саджанців Туї смарагд Вітбонт 120-140см станом на серпень 2023";"2023-08-23 10:09:45"
"2783";"Менеджер";"5";"1249";"0";"0";"1";"Актуальне фото саджанців Липи серцелистої РА100 300-350см станом на серпень 2023";"2023-08-23 10:07:11"
"2782";"Менеджер";"5";"1249";"0";"0";"1";"Актуальне фото саджанців Липи серцелистої висота 300-350 см станом на серпень 2023";"2023-08-23 10:05:46"
"2781";"Менеджер";"5";"1267";"0";"0";"1";"Актуальне фото гортензії Діамант Руж/Рендіа";"2023-08-23 10:00:13"
"2779";"Менеджер";"5";"1350";"0";"0";"0";"Актуальне фото саджанця Спіреї Антоні Ватерер у горщику С2 станом на серпень 2023";"2023-08-22 12:11:38"
"2778";"Менеджер";"5";"1829";"0";"0";"1";"Актуальне фото саджанця Барбариса Тунберга Флоренс у горщику С2 станом на серпень 2023";"2023-08-22 12:09:20"
"2777";"Менеджер";"5";"828";"0";"0";"1";"Актуальне фото саджанця Ялівця середнього Мінт Джуліп у горщику Р9 станом на серпень 2023";"2023-08-22 11:18:53"
"2776";"Менеджер";"5";"826";"0";"0";"1";"Актуальне фото саджанця Ялівця середнього Мінт Джуліп у горщику Р9 станом на серпень 2023";"2023-08-22 11:17:39"
"2775";"Менеджер";"5";"113";"0";"0";"1";"Атуальне фото саджанця Туї західної Брабант у горщику Р9 станом на серпень 2023";"2023-08-22 11:15:51"
"2774";"Менеджер";"5";"834";"0";"0";"1";"Актуальне фото саджанця Туї західної Смарагд Вітбонт у горщику Р9 станом на серпень 2023";"2023-08-22 11:14:26"
"2773";"Менеджер";"5";"830";"0";"0";"1";"Актуальне фото саджанця Туї західної Ауресценс у горщику Р9 станом на серпень 2023";"2023-08-22 11:10:53"
"2772";"Менеджер";"5";"837";"0";"0";"1";"Актуальне фото саджанця Туї східної Ауреа Нана у горщику Р9 станом на серпень 2023";"2023-08-22 11:08:58"
"2771";"Менеджер";"5";"1093";"0";"0";"1";"Актуальне фото Туї складчатої Атровіренс у горщику Р9 станом на серпень 2023";"2023-08-22 11:07:35"
"2770";"Менеджер";"5";"629";"0";"0";"1";"Актуальне фото саджанця Піраканти яскраво-червоної Оранж Глоу у горщику С2 станом на серпень 2023";"2023-08-22 11:06:06"
"2769";"Менеджер";"5";"973";"0";"0";"1";"Актуальне фото саджанця Купресоципариса Лейланда Голд Райдер у горщику Р9 таном на серпень 2023";"2023-08-22 11:04:29"
"2768";"Менеджер";"5";"93";"0";"0";"1";"Актуальне фото саджанця Кипарисовика Горохоплідного Сквароза у горщику Р9 станом на серпень 2023";"2023-08-22 11:02:57"
"2767";"Менеджер";"5";"88";"0";"0";"1";"Актуальне фото саджанця Кипарисовика Лавсона Колумнаріс у горщику Р9 станом на серпень 2023";"2023-08-22 11:01:32"
"2766";"Менеджер";"5";"87";"0";"0";"1";"Актуальне фото саджанця Кипарисовика Лавсона Івонн у горщику Р9 станом на серпень 2023";"2023-08-22 10:57:23"
"2765";"Менеджер";"5";"639";"0";"0";"1";"Актуальне фото саджанця в горщику С2, зроблено у серпні 2023 р";"2023-08-22 10:56:59"
"2764";"Менеджер";"5";"85";"0";"0";"1";"Актуальне фото саджанця в горщику С2, зроблено у серпні 2023 р";"2023-08-22 10:56:04"
"2763";"Менеджер";"5";"450";"0";"0";"1";"Актуальне фото саджанця Кипарисовика Лавсона Елвудс Голд у горщику Р9 станом на серпень 2023";"2023-08-22 10:54:48"
"2762";"Менеджер";"5";"452";"0";"0";"1";"Актуальне фото саджанця в горщику С2, зроблено у серпні 2023 р";"2023-08-22 10:54:17"
"2761";"Менеджер";"5";"2003";"0";"0";"1";"Актуальне фото саджанця в горщику С2, зроблено у серпні 2023 р";"2023-08-22 10:53:26"
"2760";"Менеджер";"5";"1315";"0";"0";"0";"Актуальне фото саджанця 200-220 см. заввишки з партії, що продається, станом на серпень 2023 року.";"2023-08-22 10:52:22"
"2759";"Менеджер";"5";"631";"0";"0";"1";"Актуальне фото саджанця в горщику Р9, зроблено у серпні 2023 р";"2023-08-22 10:49:38"
"2758";"Менеджер";"5";"2639";"0";"0";"1";"Актуальне фото саджанця в горщику Р9, зроблено у серпні 2023 р";"2023-08-22 10:48:49"
"2757";"Менеджер";"5";"62";"0";"0";"1";"Актуальне фото саджанця в горщику С2, зроблено у серпні 2023 р";"2023-08-22 10:47:59"
"2756";"Менеджер";"5";"85";"0";"0";"1";"Актуальне фото жимолості пахучої станом на серпень 2023";"2023-08-22 10:47:46"
"2755";"Менеджер";"5";"1251";"0";"0";"1";"Актуальне фото саджанця в горщику Р9, зроблено у серпні 2023 р";"2023-08-22 10:47:12"
"2754";"Менеджер";"5";"1498";"0";"0";"1";"Актуальне фото саджанця в горщику Р9, зроблено у серпні 2023 р";"2023-08-22 10:44:24"
"2753";"Менеджер";"5";"65";"0";"0";"1";"Актуальне фото саджанця в горщику Р9, зроблено у серпні 2023 р";"2023-08-22 10:43:39"
"2752";"Менеджер";"5";"614";"0";"0";"1";"Актуальне фото саджанця в горщику Р9, зроблено у серпні 2023 р";"2023-08-22 10:42:20"
"2751";"Менеджер";"5";"2633";"0";"0";"1";"Актуальне фото саджанця в горщику Р9, зроблено у серпні 2023 р";"2023-08-22 10:40:57"
"2750";"Менеджер";"5";"2195";"0";"0";"1";"Актуальне фото саджанця в горщику Р9, зроблено у серпні 2023 р";"2023-08-22 10:40:06"
"2749";"Менеджер";"5";"1733";"0";"0";"1";"Актуальне фото саджанця в горщику Р9, зроблено у серпні 2023 р";"2023-08-22 10:39:00"
"2748";"Менеджер";"5";"2899";"0";"0";"1";"Актуальне фото саджанця в горщику С2, зроблено у серпні 2023 р";"2023-08-22 10:37:44"
"2747";"Менеджер";"5";"1675";"0";"0";"1";"Актуальне фото саджанця в горщику С2, зроблено у серпні 2023 р.";"2023-08-22 10:25:01"
"2745";"Neculiti Ivan";"5";"7";"0";"0";"0";"Bravo, your opinion is useful
 
 
_ _ _ _ _ _ _ _ _ _ _ _ _ _ 
Neculiti Ivan hosting check";"2023-08-18 02:12:50"
"2744";"Тетяна";"5";"0";"0";"0";"1";"Отримала посилку з рослинами. Дуже задоволена. Це вже друге замовлення. Якість пакування відмінна. Рослини відповідають моїм очікуванням великі, доглянуті, без пошкоджень. Дякую всій команді Зелених Янголів за їх працю. Успіхів та процвітання!";"2023-08-14 23:53:04"
"2743";"Joe Celine";"1";"1675";"0";"0";"0";"Hi there

I’ve been through your website, and if you’re wondering why more of your visitors aren’t turning into sales, I have the answer for you.

Would you like a free report on this?

Regards
Joe
(669) 206-0526";"2023-08-14 11:34:05"
"2741";"Катерина ";"5";"0";"0";"0";"1";"Отримала посилку з гортензіями. Залишилася дуууже задоволена. В Чернігівську обл. дійшли в чудовому стані.Гарно запакованіОдну вже посадила";"2023-08-11 15:44:18"
"2740";"Людмила  Малиш ";"5";"0";"0";"0";"1";"Замовляла вперше 4 Піроканти. Якістю рослин дуже задоволена,упаковка надійна та професійна. Збираюсь і надалі замовляти в 'Зелених Ягнолах'. Дякую всій команді за чудові рослини та професійність .";"2023-08-10 16:32:05"
"2739";"Марина";"5";"1020";"0";"0";"1";"Дуже вдячні за цю красуню, кожен день милує погляд. ";"2023-08-06 17:13:41"
"2738";"Тетяна Рябошапко";"5";"1127";"0";"0";"1";"Купувала восени 2022, зараз квітне, дуже гарна гортензія!";"2023-08-05 00:00:00"
"2737";"Уляна ";"5";"2930";"0";"0";"1";" Рослина крупна, дивовижного порпурового відтінку, виглядає просто вражаюче";"2023-08-04 14:47:16"
"2736";"Уляна";"5";"2922";"0";"0";"1";"Дуже гарний цей бадан, розкішне салатове листя, рослини прийшли достатньо великі і красиві ";"2023-08-04 14:43:03"
"2735";"Гаталяк уляна";"5";"0";"0";"0";"1";"Вище всяких похвал! Рослини великі , якісні , дуже гарні сорти, відправка і упакуваня  просто супер. Але самі рослини прекрасні. Реально відповідають всім очікуванням і менеджер може помогти вам з підбором. Просто рекомендую замовляти тут всі рослини, я брала різні. І велике дякую Зеленим Янголам, успіхів Вам!";"2023-08-04 12:50:16"
"2733";"Тетяна Зарумная";"5";"452";"0";"0";"1";"Замовляла 2 кущики в горщиках С2 - прийшли вчасно, гарно упакованими та в прекрасному стані! Листочки товстенькі, глянцеві, темно зелені - рослина мені дуже сподобалась. До цього раніше ніколи не зустрічала. ";"2023-08-02 18:10:39"
"2732";"Наталия Арш";"5";"1961";"0";"0";"1";"Сьогодні отримала замовлення: дві форзиції, кариоптеріс, барбарис тунберга, все , як завжди, гарно запаковане, рослинки здорові і відмінної якості. Дякую.";"2023-08-02 17:48:56"
"2730";"Тетяна";"5";"0";"0";"0";"1";"Замовляла тут вперше і дуже-дуже задоволена. Рослинки великі, свіжі, доглянуті. Запаковані дбайливо, все доїхало ціле. Дуже вдячна! Буду обов'язково ще у вас замовляти) ";"2023-07-30 16:59:58"
"2728";"Ірина Рудь";"5";"1988";"0";"0";"1";"Сьогодня отримала посилку з п'ятьма видами рослин.
Три з них - кущі для майбутнього жівопліту.
Чесно кажучи д'ябле дор мінда своїми 'голими ногами' розчарував.
І це контейнер С2. На головному фото кущик наче менший, але густий.
Як його стригти, щоби виправити ситуацію, чи підуть знизу нові пагони?";"2023-07-27 21:09:24"
"2727";"Шабанова Олена ";"5";"0";"0";"0";"1";"Я замовляла гортензиію волосисту, вейгелу Нана пурпуреа та ялинку. Всі рослинки прийшли дуже ретельно,обережно запаковані. Всі в дуже гарному стані,з розвиненим корінням і вологим земляним комом.Висадила я їх одразу і зараз,через півтора місяця радію, як вони зростають та квітнуть. Дуже вдячна вам за гарне ставлення до покупців і рослин. Замовляти буду тільки у вас,бо до цього мала велике розчарування,замовляючи на інших сайтах.";"2023-07-26 23:03:59"
"2725";"Tatiana Ostrovska";"5";"58";"0";"0";"1";"Доброго дня!
Давно хотіла придбати вербу Хакуро -Нішікі, нарешті наважилась. Довго обирала в кого замовити, зупинилася на 'Зелених Янголах' . Разом з вербою замовила ще декілька рослин. З нетерпінням чекала на прибуття рослиннок. І... дочекалася. Приємно здивувало пакування: якісне та надійне. Жодна рослина не травмувалась, гарно вкоріненна, з міцніими стеблами, здоровим листям. Я в захваті! ВИ, зробили мій недільний вечір, досконалим❤️ ДЯКУЮ????  Я замовляла, у Вас в перше але не в останнє!";"2023-07-23 22:54:10"
"2709";"Світлана Оень";"5";"0";"0";"0";"1";"Сьогодні отримала замовлення. Дякую! Все добре запаковано, виглядають як на фото. Буду надіятись, що приживуться і будуть радувати довгі роки. Буду замовляти ще. Бажаю вам успіхів.";"2023-07-22 20:48:16"
"2708";"Антоніна";"5";"0";"0";"0";"1";"Отримала сьогодні рослинки . Яка краса!!! Хорошої якості, запаковані гарно, жодна не зламалась.  Щиро дякую за ваш труд і ваше відношення і до рослин і до покупців.";"2023-07-22 18:56:40"
"2707";"Сергій  варич";"5";"0";"0";"0";"0";"Багато рослин  CRYPTOMERIA JAPONICA 'TWINKLE TOES', КРИПТОМЕРІЯ ЯПОНСЬКА 'ТВІНКЛ ТОЗ' не мають опису це дуже не зручно.
";"2023-07-21 08:58:46"
"2706";"Ірина";"5";"1753";"0";"0";"1";"Квітне на другий рік";"2023-07-19 14:35:11"
"2703";"Наталя ";"4";"2767";"0";"0";"1";"Замовляла будлею міс рубі та гортензію блю берл. Прийшли гарні рослини з квітками та дуже гарно і надійно все запаковане.  Ще й у подарунок! туя! Дуже дякую за вашу працю і за квітки!";"2023-07-14 16:21:53"
"2702";"Наталя";"5";"73";"0";"0";"1";"Нещодавно замовляла декілька рослин на цьому сайті: тую Смарагд, вербу хакуро-нішікі і Тамарикс дрібноквітковий . Отримала, все чудово запаковано, рослини всі в гарному стані. Приємно вражена роботою працівників розсадника. Планую працювати з ними надалі. Дуже дякую за Вашу нелегку  працю.";"2023-07-13 12:34:25"
"2695";"Тетяна";"5";"0";"0";"0";"1";"Замовляла гортензію. Прийшла така як на фото і гарно запакована. Зараз росте в моємо саду і радує мене. Надійний постачальник. Рекомендую замовляти у цієї компанії ";"2023-06-28 09:41:16"
"2692";"Joe Celine";"1";"1675";"0";"0";"0";"Hi, 
Are you still in business? 
I found a few errors on your site.
Would you like me to send over a screenshot of those errors?

Regards
Joe
(714) 908-9255";"2023-06-26 23:04:05"
"2691";"Вібла Ірина";"5";"672";"0";"0";"1";"Вона неймовірна. На третій рік вразила цвітінням ";"2023-06-26 15:39:22"
"2690";"Joe Celine";"1";"1675";"0";"0";"0";"Hi, 
Are you still in business? 
I found a few errors on your site.
Would you like me to send over a screenshot of those errors?

Regards
Joe
(714) 908-9255";"2023-06-26 12:46:27"
"2689";"Joe Celine";"1";"1675";"0";"0";"0";"Hi, 
Are you still in business? 
I found a few errors on your site.
Would you like me to send over a screenshot of those errors?

Regards
Joe
(714) 908-9255";"2023-06-25 07:51:48"
"2688";"Олександр ";"5";"0";"0";"0";"1";"Замовляв кедр атласький.Отримав чудову рослину запаковану якісно та обережно.Дякую.";"2023-06-24 16:57:15"
"2686";"Олена";"5";"0";"0";"0";"1";"Підтримую ЗСУ разом із Зеленмим Янголами,  виграла чудовий набір рослин";"2023-06-23 16:09:04"
"2685";"Марина";"5";"1505";"0";"0";"1";"Замовила цю гортензію на подарунок, т.я. побачила її актуальне фото у вайбер- групі з гарними шапками, що починають квітувати. Також, додала до замовлення готрензію  “Leuchtfeuer”. приїхало два гарні кущі, але жоден не мав квітів.Представник магазину, запевнив,-надсилають найкращі рослини, і що вони ще зацвітуть у цьому році (ремонтант був тільки один), запропонули знижку в 10% на наступне замовлення.  Рослини не відповідають тому, що пропонуть на фото, - тому можете ортимати не те що очікуєте";"2023-06-23 11:35:41"
"2684";"Назар";"5";"2313";"0";"0";"0";"Добрий день
Хочу дуб червоний саджанець купити!";"2023-06-21 13:13:21"
"2682";"Наталія";"1";"0";"0";"0";"0";"15 травня зробила замовлення. Мені передзвонили, та попередили, що замовлення буде відвантажене 15 червня та запросили 30% передоплати. Я погодилась почекати, та оплатила рахунки котрі мені надіслали. Приблизно 10 червня мені подзвонили та повідомили, що 15 червня буде надіслане моє замовлення. Але вже 19 червня, а замовлення так мені не надіслали, тільки обіцянки 2 дні поспіль:'Завтра відправимо'.";"2023-06-19 20:33:42"
"2675";"Наталія Панкова ";"5";"1087";"0";"0";"1";"Дуже сподобалась рослина, хвоя м’яка та сизо блакитна, незвична і відрізняється від інших яливців. Восени ще замовлю декілька штук. ";"2023-06-09 15:40:29"
"2674";"Наталія Панкова ";"5";"1315";"0";"0";"1";"Гарний саджанець , дуже дякую за швидку доставку! ";"2023-06-09 15:13:55"
"2673";"Вібла Ірина";"5";"1467";"0";"0";"1";"Другий рік росте. Дуже гарна і ефектна рослина.";"2023-06-08 15:34:32"
"2671";"Олена";"5";"0";"0";"0";"1";"Замовлялаи магнолію, залишились дуже задоволені. Рослинка гарної якості, все дуже гарно запаковано, приїхало все ціленьке. Сподіваємось приживеться і буде нас радувати багато років!!!";"2023-06-08 11:18:38"
"2670";"Oлена Сич";"5";"0";"0";"0";"1";"дякую за  гарні саджанці! купую не вперше. всім задоволена. подобається з вами працювати.";"2023-06-03 23:38:39"
"2669";"Натали Михайлова";"5";"2485";"0";"0";"1";"Упаковка на висоті. Рослини всі в гарному стані. Дякую.";"2023-06-02 15:48:48"
"2668";"Натали Михайлова";"5";"2485";"0";"0";"1";"Як завжди все супер. Упаковка на висоті.  Рослини всі в гарному стані. Дякую Вам за те, що даруєте радість.";"2023-06-02 15:42:46"
"2667";"Діана Рахунек ";"5";"2724";"0";"0";"1";"Дуже задоволена квіткою Рододендрон. «Вілгенс рубі». Надзвичайно гарно квітне! Замовляла цієї весни і відразу в травні розквітла. 
Ще замовляла троянди і вишню, все чудово прийнялися, окрім однієї троянди «Фредерік Містраль»
";"2023-05-26 00:00:00"
"2666";"Олена";"5";"104";"0";"0";"1";"Отримала ялівці і вейгелу. Рослини  не просто чудові, а шикарні.Дякую!!!";"2023-05-25 19:51:12"
"2664";"Олена ";"5";"0";"0";"0";"1";"Будь ласка, давайте більше інформації про рослини  в телеграм і вайбері. Стомилися вже читати тільки про збори і розіграші. Ви якісний розплідник рослин в цьому ваша цінність! Роботою в саду можна переключитися від нашого страшного сьогодення, а ви весь час нагадуєте. Дякую.";"2023-05-22 14:20:50"
"2663";"VasiliyWible";"5";"0";"0";"0";"0";"Hello.";"2023-05-21 22:50:16"
"2662";"Соломія ";"5";"2790";"0";"0";"0";"Цвістиме в цьому році вже?";"2023-05-21 21:27:09"
"2661";"Арсений Валериевич";"5";"0";"0";"0";"1";"Заказываю тут растения не первый раз, всем доволен.";"2023-05-21 17:26:08"
"2659";"Марина Луки";"5";"340";"0";"0";"1";"Спасибо большое, все растения очень свежие, хорошо упакованные. ";"2023-05-19 12:47:40"
"2658";"Марина Луки";"5";"340";"0";"0";"1";"Спасибо большое, все растения очень свежие, хорошо упакованные. ";"2023-05-19 12:46:53"
"2657";"Дарія";"5";"640";"0";"0";"0";"Чи підходить для бордюрах в 40-50 см, коли стригти? Дякую.";"2023-05-18 16:31:55"
"2656";"Дарія";"5";"1220";"0";"0";"0";"Добрий день. А чи підходить для того,щоб тримати бордюр на висоту 40-50см?";"2023-05-18 16:24:23"
"2655";"Аліна";"5";"1158";"0";"0";"0";"Дякую, Рододендрон радує своїми квітами!";"2023-05-17 20:25:23"
"2653";"Наталія";"5";"0";"0";"0";"1";"Купую не перший раз))) Як завжди гарні саджанці, добре запаковані. Готові до посадки))) Гарних продаж)))



";"2023-05-13 23:06:47"
"2650";"Надя Погрібна";"5";"2778";"0";"0";"1";"Дуже дякую ! Замовляла хости в 2 літрових контейнерах . Таких чудових рослин я ще не отримувала. Якість на найвищому рівні.";"2023-05-08 19:55:00"
"2648";"Алла";"5";"513";"0";"0";"1";"Дуже гарні рослинки! Вищий клас! Коренева система суперова, розвинена. Рослинки міцні і здорові! Горечавка приїхала з квіткою!!! Запаковано на вищому рівні! Так тримати! Молодці!";"2023-05-04 10:39:31"
"2647";"Оксана Коваленко";"5";"0";"0";"0";"1";"Дуже гарні рослини!
Дякую!";"2023-05-03 10:09:20"
"2646";"Любов";"5";"0";"0";"0";"1";"Шановні працівники Зелених Янголів, ваша робота заслуговує найвищих похвал!Саджанці верби цільнолистої та сакури в чудовому стані, дбайливо запаковані, доставлені у найкоротші терміни. Обов'язково буду замовляти рослинки у вас. Дякую!!!";"2023-05-02 11:05:05"
"2645";"Олександр Терехов";"1";"0";"0";"0";"0";"Доброго дня. Я замовляв п'ять Ірги Ламарка. Але нажаль ви надіслали мені Ірга Канадська чи якусь іншу. У мене в садку є одна Ламарка, та також є Канадська. Для Ламарка характерні бронзови листя на весні. Насилаю фото в порівняння. Мені це дуже прикро так как Канадська Ірга не підходить по коляру. Я не готовий був платити за неї таки гроші і дорогу доставку. (Джерело - Розсадник 'Зелені Янголи' : https://landshaft.info/uk/module/stproductcomments/mycomments?secure_key=bd7188fc03a2f90ac5b46fb478a2";"2023-05-02 09:34:06"
"2644";"Олександр Терехов";"1";"1303";"0";"0";"0";"Доброго дня. Я замовляв п'ять Ірги Ламарка. Але нажаль ви надіслали мені Ірга Канадська чи якусь іншу. У мене в садку є одна Ламарка, та також є Канадська. Для Ламарка характерні бронзови листя на весні. Насилаю фото в порівняння. Мені це дуже прикро так как Канадська Ірга не підходить по коляру. Я не готовий був платити за неї таки гроші і дорогу доставку. 
";"2023-05-02 09:33:32"
"2643";"Олександр Терехов";"5";"1303";"0";"0";"0";"Доброго дня. Я замовляв п'ять Ірги Ламарка. Але нажаль ви надіслали мені Ірга Канадська чи якусь іншу. У мене в садку є одна Ламарка, та також є Канадська. Для Ламарка характерні бронзови листя на весні. Насилаю фото в порівняння. Мені це дуже прикро так как Канадська Ірга не підходить по коляру. Я не готовий був платити за неї таки гроші і дорогу доставку. 
";"2023-05-02 09:33:14"
"2642";"Олександр Терехов";"5";"1303";"0";"0";"0";"Доброго дня. Я замовляв п'ять Ірги Ламарка. Але нажаль ви надіслали мені Ірга Канадська чи якусь іншу. У мене в садку є одна Ламарка, та також є Канадська. Для Ламарка характерні бронзови листя на весні. Насилаю фото в порівняння. Мені це дуже прикро так как Канадська Ірга не підходить по коляру. Я не готовий був платити за неї таки гроші і дорогу доставку. 
";"2023-05-02 09:32:49"
"2641";"Олександр Терехов";"5";"1303";"0";"0";"0";"Доброго дня. Я замовляв п'ять Ірги Ламарка. Але нажаль ви надіслали мені Ірга Канадська чи якусь іншу. У мене в садку є одна Ламарка, та також є Канадська. Для Ламарка характерні бронзови листя на весні. Насилаю фото в порівняння. Мені це дуже прикро так как Канадська Ірга не підходить по коляру. Я не готовий був платити за неї таки гроші і дорогу доставку. 
";"2023-05-02 09:32:43"
"2640";"Олександр Терехов";"5";"1303";"0";"0";"0";"Доброго дня. Я замовляв п'ять Ірги Ламарка. Але нажаль ви надіслали мені Ірга Канадська чи якусь іншу. У мене в садку є одна Ламарка, та також є Канадська. Для Ламарка характерні бронзови листя на весні. Насилаю фото в порівняння. Мені це дуже прикро так как Канадська Ірга не підходить по коляру. Я не готовий був платити за неї таки гроші і дорогу доставку. 
";"2023-05-02 09:32:08"
"2639";"Олександр Терехов";"5";"1303";"0";"0";"0";"Доброго дня. Я замовляв п'ять Ірги Ламарка. Але нажаль ви надіслали мені Ірга Канадська чи якусь іншу. У мене в садку є одна Ламарка, та також є Канадська. Для Ламарка характерні бронзови листя на весні. Насилаю фото в порівняння. Мені це дуже прикро так как Канадська Ірга не підходить по коляру. Я не готовий був платити за неї таки гроші і дорогу доставку. 
";"2023-05-02 09:32:04"
"2638";"KevinReery";"5";"570";"0";"0";"0";"Passive Income – Effortlessly 
With our help, you can earn money just by sharing your Internet. 
Start earning right now 
You get a $5 gift when you register! 
https://bit.ly/3GXAk2k";"2023-04-30 11:11:50"
"2637";"Poppy Winkler";"1";"1823";"0";"0";"0";"
12 000 000 messages to the whole world - new marketing tool for your company.

Steps to get it:
1. Go to website https://search-any-web.com
2. Register and login
3. Do search and press 'Send Messages'
4. Sit back and relax, we will do the rest and send you report

We have hudge database - more than 80 mil. websites. If you need something more - contact via email info@search-any-web.com

Some screens - https://postimg.cc/gallery/2zhrCvt
";"2023-04-28 18:16:42"
"2636";"Поліна";"5";"1023";"0";"0";"1";"Дуже дякую! Посилка гарно запакована, ні один листочок не обламався! Гарно пролито. Я замовляла 2 л. Кущик свіжий, гарний, величенький, вже підстрижений. Я в захваті! ";"2023-04-28 13:01:18"
"2635";"Поліна";"5";"1301";"0";"0";"1";"Дуже дякую! Посилка гарно запакована, ні один листочок не обламався! Гарно пролито. Я замовляла 2 л. Кущик свіжий, гарний, величенький, вже підстрижений. Я в захваті! ";"2023-04-28 12:58:32"
"2634";"Поліна";"5";"672";"0";"0";"1";"Дуже дякую! Посилка гарно запакована, ні один листочок не обламався! Гарно пролито. Я замовляла 2 л. Кущик свіжий, гарний, величенький, вже підстрижений. Я в захваті! ";"2023-04-28 12:57:13"
"2633";"Олена Падіна";"5";"0";"0";"0";"1";"Добрий день. Вже більше тижня, як замовлені в Зелених Янголах рослинки обживаються на своєму новому місці. Замовляла більше 20 різних. Всі, як завжди, чудові - ціленькі і свіженькі!  Пакування черешні, то взагалі, шедевр!)) Велика дяка всім співробітникам розсадника за ставлення до клієнтів і вашу любов до справи, якою займаєтесь - це очевидно! Всі рослинки, що замовляла і висаджувала минулими роками чудово ростуть і тішать око!)) Процвітання вам, розвитку і найскорішої перемоги всім нам!";"2023-04-27 16:11:44"
"2632";"Анна Андреєва";"5";"11";"0";"0";"1";"Замовляла 21 кущик барбарису.  Надійшли швидко, в зручний час (якраз перед вихідними) мала змогу одразу висадити. Надійне пакування, всі кущики приїхали цілими. В подаркнок отримала ще садженець туї. Це було моє перше замовлення у  'Зелених янголів'  - дуже задоволена. Вдячна за мої рослинки)";"2023-04-26 13:01:26"
"2629";"Helena Falko";"5";"2666";"0";"0";"0";"Додайте фото рослыны на продаж. Дякую!";"2023-04-23 17:04:31"
"2628";"Тетяна Салахова";"5";"0";"0";"0";"1";"Дуже дуже задоволена вашою роботою. Рослині всі здорові ))), були професійно запаковані та политі. Замовлення доставлено за два дні і рослини це чудово перенесли. Впевнена в тому, що всі рослинки приживуться і їм буде гарно у мене.
Щиро вам всім дякую за вашу справу і бажаю надхнення та Перемоги)))";"2023-04-22 16:25:07"
"2623";"Євгенія";"5";"2193";"0";"0";"1";"Брала минулої весни, мала 5 бутонів. Цього року аж 25! Дуже нас тішить, дякуємо!";"2023-04-21 12:46:05"
"2622";"Ніна Кулинич";"5";"513";"0";"0";"1";"Замовляю у Вас не вперше. Рослинки всі якісно та дбайливо запаковані! Дякую за Вашу працю!";"2023-04-20 18:32:31"
"2621";"Ніна Кулинич";"5";"1148";"0";"0";"1";"Доброго дня! Отримала своє замовлення. Всі квіти гарно запаковані та неушкоджені.
Дякую Вам за невтомну працю у цей нелегкий час!????????????????";"2023-04-16 14:22:21"
"2617";"Аліна";"5";"570";"0";"0";"1";"Дякую за рослинки, вони чудові. Рододендрон вартує кожної гривні. Чи можна споживати декоративний чебрець можна вживати, як дикий?";"2023-04-15 16:28:22"
"2616";"Свідунова Вікторія";"5";"111";"0";"0";"1";"Сьогодні отримала туї 'Смарагд' та 'Глобоза', гортензію 'Бобо', купальницю 'Оранж принцес', проломник гіллястий. Замовляю в розсаднику вже не вперше. Якість рослин  та обслуговування на вищому рівні завжди. Дякую за подарунок. Ви  найкращі! Буду розповідати онучці, що саджала ці рослини під час війни з вірою у ПЕРЕМОГУ УКРАЇНИ!  ";"2023-04-14 17:46:57"
"2615";"Людмила Демянчук";"5";"0";"0";"0";"0";"Очікувала оплачені рослинки з 22 лютого: Верба тонкостовпчикова 'Маунт Асо' , Бересклет японський 'Грандіфоліус', Верба тонкостовбурова чорноколосовидна, Горечавка , армерія, проломникі, а замість них 14 квітня отримала 1 горщик гортензії, ще не перевірила на пошті У РОЗПАЧІ";"2023-04-14 12:57:17"
"2614";"Тетяна";"5";"0";"0";"0";"1";"Доброго всім дня! Якщо хтось ще сумніватися , чи замовляти у цьому розпліднику чи в іншому? Я вам дуже рекомендую замовити у «зелених янголах» .купляю у них і самовивозом і через (нову пошту) якість рослин не змінна.";"2023-04-12 09:20:54"
"2613";"Варвара  Коровіна";"5";"111";"0";"0";"1";"Дякую за відмінну роботу та чудові саджанці туї 'Смарагд'. Дуже задоволена їх якістю. Вперше замовляла рослини через Інтернет і одразу досить велику кількість. На мій подив всі рослини прийшли цілі і у прекрасному стані. Окрема дяка за маленький презент.";"2023-04-09 16:48:46"
"2612";"Галина Павлівна";"5";"0";"0";"0";"1";"Доброго дня! 
Хочу подякувати всім працівникам ' Зелених янголів'за прекрасну роботу. Замовляла тую західну Смарагд 40шт і 12 спірей, дуже хвилювалась за упаковку, але коли отримала я була поражена - настільки рослини запаковані просто ідеально, жодноі зламаноі гілочки , всі рослини чудові, гарно доглянуті, вирощені з любовью.
Щиро дякую і бажаю процвітання ' Зеленим янголам' !!!";"2023-04-09 15:24:31"
"2610";"Віталій";"5";"0";"0";"0";"1";"Замовляв туї Брабант – 2,5-3 метри. Домовилися, що знайду попутний автомобіль, т.к. відстань більше 1000 км від розплідника до мого двору і доставка Новою поштою виходила дорожче, ніж самі рослини :( . Весь час на зв'язку(Телеграм) зі мною був привітний менеджер, яка підготувала і погодила в потрібний день відправку дерев, тому що між оплатою і одержаним минуло майже місяць (я шукав машину і чекав погоди) Рослини ДУЖЕ високої якості Розплідник однозначно - РЕКОМЕНДУЮ! ";"2023-04-04 15:16:10"
"2609";"Вадим П";"5";"1204";"0";"0";"1";"Запаковано добре.";"2023-04-02 16:11:50"
"2607";"Вадим П";"5";"1202";"0";"0";"1";"Гарний кущ з його червоними стеблами взимку.";"2023-04-02 16:10:15"
"2605";"Вадим П";"5";"1202";"0";"0";"1";"Гарний кущ з його червоними стеблами взимку.";"2023-04-02 16:10:03"
"2604";"Вадим П";"5";"1068";"0";"0";"1";"Пам'ятаю з дитинства Бульденеж, який гарний цей кущ через його сніжні кульки) ";"2023-04-02 16:08:14"
"2601";"Вадим П";"5";"973";"0";"0";"1";"Запаковано добре, p9 додатково обмотали скотчем, бо без його земля висипалася б. Тепер головне, щоб купрессоцепарис переніс морози в Київській обл. Кому цікаво може знайти pdf, диссертация_хупова_р.б..pdf ФОРМИРОВАНИЕ СОРТИМЕНТА ХВОЙНЫХ КУЛЬТУР ДЛЯ ЛАНДШАФТНОГО СТРОИТЕЛЬСТВА. Голд Райдер один із найкращих сортів. Але забули положити подарунок ((( який повинен був йти в замовленні, туя Глобоза, розумію, зараз в їх 'жнива' - весна, багато замовлень.";"2023-04-02 16:03:30"
"2598";"Лариса Карлаш";"5";"0";"0";"0";"1";"Отримала своє замовлення. Як завжди все на висоті! Замовляю у вас не перший рік і дуже задоволена результатом. Рекомендую 'Зелені янголи' усім знайомим. Дякую за вашу невтомну працю і за те, що даруєте людям радість в такі важкі часи! Успіхів вам та вдячних покупців! Миру і Перемоги!";"2023-04-01 21:16:53"
"2597";"Росляк Тетяна";"5";"614";"0";"0";"1";"Сьогодні отримала свої довгоочікувану посилку, рослинами задоволена!
Всім працівникам, господарям, пакувальникам- висловлюю величезну подяку! Ви земні янголятка!";"2023-03-31 11:30:08"
"2596";"Богдан Кулинич";"5";"2734";"0";"0";"1";"Цвет как оказалось белый, не как на картинках
Качество отличное
";"2023-03-29 17:29:42"
"2595";"Сваровська Альона ";"5";"0";"0";"0";"1";"Дуже вдячна за гортензію , дійшли чудово упаковка меганадійна , рослини доглянуті, великі , ціни доступні .Я дуже задоволена .Ви надійний розплідник , буду звертатись ще неодноразово.";"2023-03-28 20:41:56"
"2594";"Артур";"5";"0";"0";"0";"1";"Дуже подобається замовляти тут. Рослинки дуже добре пакують, завжди хороші ціни і рідкісні види рослин.
Минулого разу замовляляв Кипарисовик Фернспрей Голд, Пігмі Аргента і Тис головчастий, доречі зняв огляд, ютуб канал: Сад Артура. Дякую.";"2023-03-27 14:37:12"
"2593";"Лох зонтичний";"5";"632";"0";"0";"1";"Ваші садженці лоху зонтичного американського роходження?
У мене росте японського плходження і невстигає достигнути";"2023-03-25 17:32:11"
"2592";"Світлана";"5";"0";"0";"0";"1";"Добрий день! Отримала чудові туї з гарною кореневою системою, запаковано все було теж ідеально. Щиро дякую всім працівникам розсадника! ";"2023-03-25 14:46:32"
"2590";"Тетяна";"5";"0";"0";"0";"1";"Добрий день!
Отримала замовлення.
Все чудове, рослинки великі, гарна коренева. 
Я вдячна за Вашу працю. Ви молодці. 
В такий тяжкий час Ви відволікаєте нас від того, що коїться кожного дня у нас. Ще раз дякую. Мирного неба. Перемоги.";"2023-03-24 11:27:59"
"2589";"Оксана";"5";"0";"0";"0";"1";"Вчора отримала посилку, мешкаю в Київській області, усе чудово запаковане, вже пролила і поставила на карантин. Дякую всім Вашим співробітникам за працю.";"2023-03-24 10:57:08"
"2591";"Олена Карая";"5";"0";"0";"0";"1";"Дякую за такі чудові рослини-ви дійсно янголи рослин, дуже чемне обслуговування і окрема подяка за вашу допомогу ЗСУ!";"2023-03-24 00:00:00"
"2588";"Ірина";"5";"832";"0";"0";"1";"Отримала свої туйки і кипарисовики ком/сітка все просто в ідеальному стані.Я не могла зразу забрати з пошти ,тому рослинки пробули там 4 дні.Коли розпакувала дома, то не могла натішитись всі прекрасно доїхали, мають здоровий вигляд .Я дякую 'Зеленим Янголам' за такі чудові рослини, за радісні і щасливі емоції, коли отримуєш і не розчаровуєшся.Ви найкращі, я просто не можу зупинитися, щоб знову щось купити.Це вже залежність  в прекрасному розумінні цього слова.Процвітанння вам .";"2023-03-23 14:10:53"
"2587";"Оксана Коваленко";"5";"0";"0";"0";"1";"Рослинки отримала в дуже гарному стані. Упакування на вищому рівні! Дякую за красу!";"2023-03-22 18:11:31"
"2586";"Дмитрий";"5";"0";"0";"0";"1";"Нет описания на рус., Думаете удобно переводить тех.термины. После 2 мировой ни немецкий, ни японский ни кто не запрещал, хотя они аррессоры не меньше, да и арабский, не смотря на террористов изучают. Сосите лапу";"2023-03-17 16:59:01"
"2585";"Виктория";"5";"0";"0";"0";"1";"Получила  барбарисы.  Очень порадовали саженцы. Благодарю за оперативность и хорошее отношение к клиентам. Удачи Вам и мира. Очень рекомендую.";"2023-03-14 19:30:52"
"2584";"Олена";"5";"0";"0";"0";"1";"Отримала тую смарагд,все вчасно прийшло ,а саме головне запаковано з любов'ю.Велика вдячність ,процвітання Вам !!!";"2023-03-14 11:51:49"
"2583";"Богданова Оксана";"5";"0";"0";"0";"1";"Замовляла в Зелених янголах кілька разів як маленькі рослини так і крупномір. В усіх випадках була задоволена. Рослини всі в доброму стані і відповідають сорту, все гарно упаковано. Замовлення в Харків отримувала швидко. Рослини всі чудово прижилися, підросли і вже радують мене і моїх близьких, бо рослини добре допомогають боротися зі  стресом.Хочу відмітити ввічливість хлопців і дівчат . Дякую Вам за вашу працю. Буду замовляти у вас і далі. Чекаємо на Перемогу!";"2023-03-13 00:00:00"
"2581";"Тетяна ";"5";"0";"0";"0";"1";"Доброго дня,дякую Вам за чудові рослини,замовляла ще восени.Получіла якісні здорові маленькі янголятко.Дуже привітний колектив. Дякую вам .";"2023-03-09 18:42:19"
"2580";"ЛЮдмила";"5";"1498";"0";"0";"1";"Доброго вечора) скажіть, будь ласка, з яким шагом посадки на схил сажають. Для формування замовлення, хочу зрозуміти кількість для замовленя. Дякую!";"2023-03-09 18:20:03"
"2579";"Тетяна";"5";"0";"0";"0";"1";"Отримала замовлення все супер. Щиро дякую всім працівникам россадника за їхню працю";"2023-03-09 12:00:50"
"2577";"Володимир Канівець";"5";"0";"0";"0";"1";"'Зелені янголи' - це все що вам достатньо знати про розсадники декоративних рослин України. Це якісні здорові рослини по величезному каталогу. Для якості рослин у 'Зелених янголів' ціна невисока. А є ще аукціони рідкісних рослин в окремій Viber спільноті. Подобається, що можна отримати маленьку рослинку 'зеленого янгола' в подарунок раз на рік. Замовляю щороку. 22 сотки. Мені ще є над чим працювати. Поки не куплю все, боюсь, не заспокоюся )))
";"2023-03-06 18:56:51"
"2574";"Коваленко Галина ";"5";"0";"0";"0";"1";"Получила заказ ,в восторге !!!Растения в отличном состоянии ,а размер рододендрона  шокировал(в хорошем смысле), он ОГРОМНЫЙ!!! Спасибо  за труд!";"2023-03-06 17:27:28"
"2573";"Ірина";"5";"0";"0";"0";"1";"Замовляю через неділю знову. Отримала хвойні пречудові і гарно запаковані, вже посадили івирішили дозамовити  рослинки ще, бо дуже гарна якість! Дякую за вашу працю і допомогу ЗСУ !";"2023-03-06 17:18:03"
"2572";"Світлана ";"5";"0";"0";"0";"1";"Дуже рада,що знайшла ваш сайт! Замовляла багато,рослини вирощені з любов'ю загартовані, гарно прижилися всі рослинки.Чекаю весни з нетерпінням.Дякуюююююю.Рекомендую усім.Не пожалкуєте.Дійсно гарне обслуговування,і порядність.";"2023-03-06 14:36:02"
"2571";"Мирослава";"5";"0";"0";"0";"1";"Хочу подякувати всім працівникам 'Зелених янголів' за прекрасну роботу.Замовляла форзицію два саджанці,врни просто чудові,сформовані гарні кущики з потужною корневою.Замовляю не в перше ніколи не підводили.Щиро раджу всім придивитися не пожалієте!!!";"2023-03-06 13:17:22"
"2570";"Наталія";"5";"0";"0";"0";"1";"Якщо шукаєте якісний посадковий матеріал потрібного розміру і сорту, то вам 100% сюди. Робила вже 4 замовлення (і не по одній рослині, а десятками), все росте мені на втіху. Зелені Янголи, я з вами тут надовго. Мої 16 сотин потребують вашої допомоги. ";"2023-03-06 12:46:01"
"2569";"Наталія";"5";"0";"0";"0";"1";"Купую рослинки у Зелених Янголів з весни 2021 року регулярно. Були і габаритні замовлення (20 метрових туй) і невеличкі. Жодна рослинка не пропала. Все витривале, з розвиненою кореневою, гарно розвивається та тішить око. Особлива подяка Андріанні за щоденне ранкове фото та оптимістичні побажання на день у вайбер спільноті. Дякую за вашу працю! Разом переможемо!";"2023-03-06 12:01:51"
"2568";"Алла";"5";"0";"0";"0";"1";"Доброго дня, хочу подякувати розпліднику за гарні саджанці, які купувала у вас. Тогорічні гортензії квітли усе літо. Саджанці приїхали гарно сформованими,гарно упакованими. На новий рік замовляла ялинку, приїхала гарнюня з комом, прикрашала кімнату 2 тиждні, зараз вже посаджена на постійному місці. Вже в цьому році замовила троянди, спірею, магнолію. Усі саджанці у чудовому стані, гарно запаковані. До магнолії ще йшов подарунок, така гарна туя. Сподіваюсь знайти місце на ділянці щоб замовляти ще";"2023-03-06 11:11:38"
"2567";"Ольга Бондарь ";"5";"0";"0";"0";"1";"Несколько раз делала заказы в разных питомниках и была разочарована. Остановилась на Зелёных ангелах, потому что, качество соответствует цене. Упаковка отменная, возраст растений соответствует указанному, полностью есть описание: в какую почву садить, чем подкармливать, срок цветения, размеры взрослого растения. Очень довольна. Благодарю всю команду Зелёных ангелов за их самоотверженный труд.";"2023-03-06 10:23:05"
"2566";"Анатолій Притула";"5";"0";"0";"0";"1";"Вітання народе!!!
Мир вашим оселям!!!
Команд розсадника - професіонали як в роботі так і в добрих справах!
Хай Господь вас всих береже!!!";"2023-03-06 10:21:53"
"2565";"Тамара";"5";"0";"0";"0";"1";"Найкращі саджанці та найкращі ціни! 100% відповідність до сорту. Ну просто супер! Дуже раджу))) ";"2023-03-06 10:09:24"
"2564";"Олена";"5";"0";"0";"0";"1";"Моє знайомство з сайтом відбулось минулої весни. Лише тут знайшла свою дейцію. Окрім неї, замовила ще декілька рослин. Посадковий матеріал шикарний.  Приїхали, нече були передані з рук в руки.
Тому, само собою, восени було ще одне замовлення ні інші цікавинки. І не сумніваюсь, що повернусь ще :)";"2023-03-06 10:01:21"
"2563";"Ярослава ";"5";"0";"0";"0";"1";"Дуже дякую за неймовірно гарні, сильні , витривалі рослини! Купую і буду купувати тільки у вас. Сил вам і натхнення!!!";"2023-03-06 09:46:03"
"2575";"Людмила";"5";"0";"0";"0";"1";"Доброго дня! Отримала замовленні ялівці і гортензію і хочу подякувати всім працівникам розсадника «Зелені Янголи»! Дуже задоволена рослинами. Рослини гарно доглянуті, сформовані. Доставлені в чудовому вигляді! Відповідають опису. Дякую за подарунок! Бажаю процвітання « Зеленим Янголам». Дякую за підтримку і допомогу нашим захисникам ! Щиро рекомендую звернути увагу на розсадник, дуже великий вибір рослин від укоріненних живців до великомірів!";"2023-03-06 00:00:00"
"2578";"Катерина Карпенко";"5";"0";"0";"0";"1";"Замовила саджанці різних рослин вперше в цьому розпліднику. Зявився участок і потрібно його озеленити. Де брати якісний посадковий матеріал мені порадила подруга. Вона не один рік купує  саджанці. І це дуже якісні, гарні, доглянуті рослини.  Свою посилочку очікую на днях. Стосовно ціни кого не влаштовує, нехай подивляться на інші 'магазини' де ніби дешевше, але якість? і пересорт.... Тому для кого важлива якість той розуміє.";"2023-03-06 00:00:00"
"2561";"Наталія";"5";"2027";"0";"0";"1";"Замовила три куща(голий корінь) троянди. Коренева дуже якісна і велика, перевершила мої очікування.На кожному по три міцні пагони. Я вражена і щастлива. Дуже дякую за гарні садженці і за гарне обслуговування!";"2023-03-02 00:00:00"
"2562";"Наталія";"5";"837";"0";"0";"1";"Отримала саджанець туї східної ‚Ауреа Нана’ ком/сітка Н50-60см. Дуже гарна, свіжа і жива хвоя. Це не перше моє замовлення і я завжди отримувала радість і задоволення від якості рослин. Гарно дякую за вашу сумлінну працю!";"2023-03-02 00:00:00"
"2558";"Балакунець т";"5";"1734";"0";"0";"1";"Красиво";"2023-02-25 20:23:15"
"2557";"Ольга";"5";"0";"0";"0";"1";"Дізналась про вас з ютуб каналу «Магія рослин». Замовлення моє відправили в середу, а вже вранці у четвер воно було на пошті(Львів)! Дуже вам вдячна за прекрасні саджанці,особлива подяка за пакування-воно просто чудове!!! Буду замовляти ще. Успіхів вам і процвітання!!!";"2023-02-24 00:00:00"
"2555";"Менеджер розсадника \"Зелені Янголи\"";"5";"77";"0";"0";"1";"Актуальне фото саджанця в горщику С3, зроблено 21.02.2023";"2023-02-21 17:05:42"
"2554";"Менеджер розсадника \"Зелені Янголи\"";"5";"2319";"0";"0";"1";"Актуальне фото саджанця в горщику С3.6, зроблено 21.02.2023";"2023-02-21 17:04:09"
"2553";"Менеджер розсадника \"Зелені Янголи\"";"5";"2737";"0";"0";"1";"Актуальне фото саджанця, зроблено 21.02.2023";"2023-02-21 17:02:18"
"2552";"Менеджер розсадника \"Зелені Янголи\"";"5";"2736";"0";"0";"1";"Актуальне фото саджанця в гоорщику С3, зроблено 21.02.2023";"2023-02-21 16:58:14"
"2551";"Менеджер розсадника \"Зелені Янголи\"";"5";"2537";"0";"0";"1";"Актуальне фото саджанця в гоорщику С4, зроблено 21.02.2023";"2023-02-21 16:56:14"
"2550";"Менеджер розсадника \"Зелені Янголи\"";"5";"878";"0";"0";"1";"Актуальне фото саджанця в гоорщику С6, зроблено 21.02.2023";"2023-02-21 16:50:22"
"2549";"Менеджер розсадника \"Зелені Янголи\"";"5";"2676";"0";"0";"1";"Актуальне фото саджанця в гоорщику С7.5, зроблено 21.02.2023.";"2023-02-21 16:48:17"
"2548";"Менеджер розсадника \"Зелені Янголи\"";"5";"2718";"0";"0";"1";"Актуальне фото саджанця в гоорщику С2, зроблено 21.02.2023";"2023-02-21 16:46:49"
"2547";"Менеджер розсадника \"Зелені Янголи\"";"5";"2692";"0";"0";"1";"Актуальне фото саджанця в гоорщику С2, зроблено 21.02.2023";"2023-02-21 16:44:34"
"2546";"Менеджер розсадника \"Зелені Янголи\"";"5";"1532";"0";"0";"1";"Актуальне фото саджанця в гоорщику С2, зроблено 21.02.2023";"2023-02-21 16:43:10"
"2545";"Менеджер розсадника \"Зелені Янголи\"";"5";"952";"0";"0";"1";"Актуальне фото саджанця в гоорщику С2, зроблено 21.02.2023";"2023-02-21 16:42:11"
"2544";"Менеджер розсадника \"Зелені Янголи\"";"5";"2072";"0";"0";"1";"Актуальне фото саджанця в горщику С2, зроблено 21.02.2023";"2023-02-21 16:39:27"
"2543";"Ирина Полиненко";"5";"0";"0";"0";"1";"Осталась очень довольна заказом!!! Упаковано -супер! Саженцы соответствуют описанию и моему ожиданию. Купила в начале осени. Уже все укоренились и хорошо переживают зиму. Купила после того, как увидела какие шикарные гортензии заказала и получила моя знакомая. Однозначно буду заказывать еще и друзьям советую. Спасибо!";"2023-02-19 12:21:12"
"2535";"Лариса";"5";"0";"0";"0";"1";"Вперше робила замовлення у Зелених Янголах. Декілька разів телефонувала. Щоразу отримувала вичерпні відповіді. Рослини отримала добре запаковані. Дуже гарні саджанці, коренева розвинута. Особливо сподобався бересклет японський. Щиро дякую. Ви найкращі !!!!";"2023-02-08 17:58:35"
"2534";"Оксана ";"5";"1346";"0";"0";"0";"Доброго дня! Чи актуальна пропозиція? Як виглядають саджанці що йдуть на відправку?";"2023-02-04 20:45:16"
"2533";"Наталя ";"5";"0";"0";"0";"1";"Дякую за чудові рослини!Гарна якість і пакування, обов'язково ще буду замовляти.Всім раджу,не пошкодуєте! ";"2023-02-04 15:19:38"
"2524";"Ігор";"5";"1823";"0";"0";"1";"Велика вдячність за чудові рослини!По фото видно ,що гортензії суперові!";"2023-01-22 14:02:25"
"2522";"Vira Fedosiuk";"5";"1023";"0";"0";"0";"Підскажіть на яких пагонах вона цвіте?";"2023-01-20 11:03:56"
"2521";"Бондарь Ольга ";"5";"0";"0";"0";"1";"Заказывала барбарисы, вейгелу, пузыреплодники. Пришли очаровательные саженцы в чудесной упаковке. Ничего не помялось, не поломалось.Очень благодарна. Рекомендую рассадник всем. ";"2023-01-14 19:39:38"
"2517";"Вірджинія";"5";"0";"0";"0";"1";"Вже два раза замовляли туї у вас. Дуже задоволенні. Рослини гарні, доглянуті. Прижились і радують нас своєю красою. Менеджери Артур і Євген завжди підкажуть, порекомендують. Дуже дякуємо вам. ";"2023-01-08 18:44:21"
"2516";"Вікторія";"5";"790";"0";"0";"0";"Повідомити про появу ";"2023-01-08 13:07:39"
"2514";"Yuriy Negrey";"5";"1379";"0";"0";"1";"Чудова ялинка, свята відпрацювала та вже посажена, дуже задоволені";"2023-01-06 16:05:11"
"2509";"Алла";"5";"0";"0";"0";"1";"Замовляла плющі. Замовлення надійшло дуже швидко, в гарному стані та дбайливо запаковане  Щиро дякую за професіоналізм та повагу до клієнта! Буду рекомендувати друзям! ";"2022-12-30 22:02:54"
"2508";"Наталия";"5";"1205";"0";"0";"0";"Дёрен Сибирика.Как мне связаться для заказа растений на весну,(связь только через Вайбер,вацап,телеграмм.0633134218.Пока не дома.";"2022-12-27 15:04:19"
"2505";"Дмитро";"5";"0";"0";"0";"1";"Гарні, добре розвинуті саджанці!";"2022-12-24 12:40:33"
"2504";"Оксана";"5";"0";"0";"0";"1";"Отримала посилку в Київській області, рослини чудові, запаковано добре, дякую Вам за вашу працю, трішечки радості в наші складні часи.";"2022-12-24 09:30:00"
"2503";"Юлія  Сербулова ";"5";"579";"0";"0";"1";"Таких чудових саджанців я давно не отримувала. Дуже надійне та дбайливе пакування рослин. Ціна помірна за такі охайні рослини.Мій рекоменсьон.";"2022-12-23 21:57:39"
"2502";"Yuriy Negrey";"5";"1379";"0";"0";"1";"Краща ніж на фото, отримали перед самим Різдвом 23.12.22, діти в захваті, кажуть красива та мохнастенька))) висотою трошки більша за метр двадцять, те що треба, дуже хочеться після свят висадити, щоб росла біля дому
PS поки адаптується в коморі, тому навколо трохі хламу, вибачте)";"2022-12-23 14:37:39"
"2501";"Олена";"5";"0";"0";"0";"1";"Все прийшло дуже гарненьке, даже не очікувала.Рослинки живі,гарно запаковані,Велике дякую,рекомендую";"2022-12-23 13:52:22"
"2499";"Шевченко Людмила";"5";"0";"0";"0";"1";"Отримала саджанці вдруге і замовлятиму  ще. Рослини дуже гарні, запаковані чудово, наче конструктор, за доставку виходить зовсім небагато. Окреме 'дякую' за подарунок) ";"2022-12-19 21:58:05"
"2498";"Сергій ";"5";"1185";"0";"0";"1";"Отримали ялицю корейську (ком) в прекрасному стані. Наживо вона ще краща, ніж на фото. А  запах неймовірний, неможливо передати словами. Дякуємо Вам та вашій команді за працю та відношення до покупців. Миру нам усім.";"2022-12-19 12:26:43"
"2497";"Дудко Олена";"5";"1204";"0";"0";"1";"Радію з того, що відкрила для себе Ваш магазин. Якість посадкового матеріалу 
, приємна ціна, класний сервіс. Придбала вже більше десятка позицій.  Єдине, що набридає знімати скотч з рослин під час розпаковки.  Водночас, розумію, що в такий спосіб запаковані рослини доходять до клієнта неушкоджені. Можливо, в майбутньому Ви вдосконалите пакування)   Точно буду купувати у Вас ще. На сто відсотків, це рослини вирощені з любов'ю)  Процвітання Вашій справі і багато мільйонів вдячних клієнтів!";"2022-12-18 18:32:15"
"2493";"Майя Топалова";"5";"1305";"0";"0";"1";"Ребятя, огромная благодарность за ваш труд, расстения приходят в чудесном виде, упаковк сделана по умному, все удобно и просто. И цена за все это удовольствие- шикарная. Спасибо за то, что украшаете наш мир в такое время, и поддерживаете нас!!!";"2022-12-15 12:01:09"
"2491";"Наталія Бутнік";"5";"1002";"0";"0";"1";"Дякую 'Зеленим Янголам' за рослинки! Все прийшло, як завжди, гарно запаковане і всі янголята в гарному стані. Дуже декоративно виглядає ялівець 'Хюз' -  незвична дрібна хвоя в середині сріблясто-зеленого, а на кінчиках гілочок сріблясто-лавандового відтінку";"2022-12-14 19:30:26"
"2490";"Наталія ";"5";"1499";"0";"0";"1";"Отримала тую ,дуже задоволена, саджанець хорошої якості, дякую.";"2022-12-13 19:24:48"
"2485";"Надія";"5";"1675";"0";"0";"1";"Чудові рослини, чудове пакування.Дякую за настрій, який даруєте";"2022-12-08 17:08:36"
"2484";"Сташевский  Иосиф";"5";"67";"0";"0";"0";"Хочу  упить  себе  на  пробу  куст  голубики Патриот  а  там  посмотрю  как  далее  Нужны  зимние  сорта  грушМой  тел  067  631  80  50";"2022-12-08 06:54:56"
"2483";"Марина  Харьковська ";"5";"0";"0";"0";"1";"Дякую ‼️ Рослини доїхали добре. Не знаю , як ви це упаковуєтє, я відкрила с трудом. Рослини чудові!";"2022-12-05 19:05:49"
"2482";"Сергій ";"5";"0";"0";"0";"1";"Добрий день. Отримали свої рослинки. Доїхали вони пречудово, запаковані так, що не страшні їм ніякі перевізники. Почуваються добре. Дякуємо за роботу.";"2022-12-05 13:28:10"
"2481";"Олена";"5";"1224";"0";"0";"1";"Замовляла минулого 2021року. Отрицала гарні саджанці з комом за помірну ціну. Дуже задоволена";"2022-12-05 10:24:44"
"2480";"Оксана";"5";"0";"0";"0";"1";"Велике дякую за чудовi рослини та пакування.Перший раз замовляла,та думаю ,що не в останнiй,все дуже гарно.Дякую, вам,за вашу працю в цiй нелегкий час,,мирного неба нам усiм..";"2022-12-03 12:23:18"
"2478";"Ольга";"5";"0";"0";"0";"1";"Велика подяка за чудові рослинки і гарну упаковку! Дуже задоволена! вже прикопала в підготовлену траншею до мирної весни і потрошку обмірковую дизайн!";"2022-12-01 21:35:46"
"2477";"Яна ";"5";"109";"0";"0";"1";"Замовляла в чорну п'ятницю, знижки супер. Рослинки отримала якісно запаковані, у дуже гарному стані. Обслуговування на найвищому рівні. Буду замовляти і ще.";"2022-12-01 13:01:40"
"2475";"Анна Андриевская";"5";"0";"0";"0";"1";"Дякую, Зелені Янголи, за вашу любов до рослинок. Завдяки вашій роботі і турботі до нас приїжджають такі красунчики та красунечки) Ви дійсно найкращі! ";"2022-11-28 22:46:57"
"2474";"Ірина";"4";"0";"0";"0";"1";"Напередодні дня народження 'Зелені янголи' приємно здивували та порадували. Дякую. Рослини дуже сподобались. Навіть у тяжкі часи не перестаємо садити квіти.";"2022-11-28 14:30:51"
"2471";"Яна";"5";"0";"0";"0";"1";"Дякую за рослини,  в ідеальному стані, гарно запаковані, все на ????%.";"2022-11-27 16:42:17"
"2467";"Юлія Мартинова";"5";"0";"0";"0";"1";"І рослини чудові, і пакування чудове, і доставка дуже оперативна - дякую дуже за гортензії ❤️";"2022-11-22 21:49:17"
"2463";"Альона";"5";"0";"0";"0";"1";"Прочитавши дуже багато відгуків про розплідник 'Зелені Янголи' вирішила і собі зробити замовлення завдяки тому, що знайшла у них свою мрію, Калину Бульденеж, а також замовила ще два барбариси в горщиках С2...і можу сказати, що я мега задоволена отриманими саджанцями.Все прибуло цілим і неушкодженим, Новою поштою. 
Сьогодні, не втрималась, ) зробила ще замовлення на дві гортензії та ще один барбарис. Буду озеленювати свої діляночки з Вашими чудовими рослинами.";"2022-11-19 15:17:16"
"2462";"Ольга";"5";"0";"0";"0";"1";"Дуже докую за чудові рослини ,вони високої якості . Буду замовляти ще . Раджу всім ";"2022-11-19 10:37:57"
"2460";"Тетяна Олегівна ";"5";"0";"0";"0";"1";"Отримала від вас чудові рослини  дуже якісно запаковані. Не збиралась вже нічого купувати, але подивилась роліки Магії рослин та була вражена вашим господарством, його розмірами, організацією та любов'ю, з якою ви ставитесь до своєї справи. Бажаю вам процвітання та успіхів!!!";"2022-11-18 16:52:15"
"2459";"Оксана Папіна";"5";"773";"0";"0";"1";"Дуже задовалена Хупсі, яка дісталася мені! Купувала з комом, висотою 1,2м. Пухнаста, добре сформована. Пакування дороге, але такий скарб потребує гарної доставки. Дякую!";"2022-11-17 15:29:03"
"2458";"Тетяна ";"5";"0";"0";"0";"1";"Завдяки пораді Тетяни з каналу ,, Магія рослин,, без жодних вагань  замовила з передплатою кипариси з прекрасною кореневою системою в надійному пакуванні. Відео ці дуже важливі для тих, хто вперше бажає щось замовити, дякую.";"2022-11-16 09:36:35"
"2457";"Галина Чукіна";"5";"0";"0";"0";"1";"Зелені янголи, ви дійсно вирощуєте рослини з душею!!! Дуже рада що натрапила на ваш сайт. Отримала своє замовлення і була вражена якістю рослин. Пакувальникам теж велика подяка. Приємне спілкування з менеджером залишається в пам'яті.  ";"2022-11-15 10:16:51"
"2456";"Людмила";"5";"39";"0";"0";"1";"Повiдомьте,будь ласка про наявнiсть. Потрiбно 30 кущ.";"2022-11-11 15:35:00"
"2454";"Галина";"5";"1301";"0";"0";"1";" Гортензію Меджикал Кендл від Зелених Янголів я сформувала як штамб, тому крупні, переливчасті, різнобарвні суцвіття вищі за 1,5 м. Гортензія чарівна, міцна, компактна! Просто супер! Дякую!";"2022-11-08 12:04:23"
"2452";"Козаренко Марина";"5";"614";"0";"0";"1";"Дякую за замовлення! До чого ж гарна рослина!!! Я просто намолоджуюсб видом цих  прекрасних листочків! Дякую!";"2022-11-05 13:07:23"
"2451";"Інна Чернявська";"5";"0";"0";"0";"0";"У серпні отримала друге замовлення, рослинки виявились хворими, намагалась їх врятувати, але нажаль вже бачу, що не виживуть. 26.08.2022 року написала звернення у вайбері, надіслала фото. Мені дали відповідь : Доброго дня, я перередам ваше звернення та фото агроному і керівництву, зателефонуємо вам коли мені нададуть по вашому зверненню відповідь. Ніхто мені не відписався і не зателефонував. Сумно((( ПОРАДА ПОКУПЦЯМ :ВІДКРИВАЙТЕ І ПЕРЕВІРЯЙТЕ ЯКІСТЬ ВАШОГО ЗАМОВЛЕННЯ НА ПОШТІ і не передплачуйте.";"2022-11-04 19:22:40"
"2449";"Eunichiya Gergi";"5";"1379";"0";"0";"1";"Не можу передати наскільки красиву ялину отримали! Дуже пишна і велика, набагато крутіша ніж виглядає на фото!";"2022-11-04 13:09:00"
"2446";"Альона Манчук";"5";"787";"0";"0";"0";"Який її максимальний розмір в дорослому віці?";"2022-10-27 21:52:51"
"2442";"Віталіна";"5";"115";"0";"0";"1";"Доброго дня замовляла туйки???? дуже гарне обслуговування,туї прийшли найкращої якості.Дякую я дуже задоволена,буду рекомендувати своїм знайомим";"2022-10-25 12:18:43"
"2441";"Іванна";"5";"0";"0";"0";"0";"Саджанці ніби то цілі але упакування жахливе! Запакували в малу коробку ,горщики помнулися і ґрунт висипався! ";"2022-10-23 18:26:40"
"2440";"ОЛЕНА";"5";"2583";"0";"0";"0";"Добрий день. Де характеристика рослини? ";"2022-10-22 22:13:15"
"2439";"Денис";"5";"2004";"0";"0";"0";"Підкажіть пару до гортензії Літо Лайм, щоб теж була невелика.";"2022-10-22 15:56:06"
"2436";"Stephenresia";"5";"958";"0";"0";"0";"[url=https://creditrepair.city ]credit repair[/url]";"2022-10-16 12:32:24"
"2435";"Галина";"5";"1801";"0";"0";"1";"Серед усіх волотистих гортензій я надаю перевагу саме гортенції Фрайз Мельба за дуже яскравий винно-червоний колір великих суцвіть, міцні гілки, прямостоячу компактну форму куща, який не розвалюється після дощу. Дуже яскрава, як вогник, супер-гортензія!!! Рекомендую! ";"2022-10-15 21:24:50"
"2434";"Галина";"5";"980";"0";"0";"1";"Плющ Еректа виявився дуже цікавою рослиною. Оригінальний і зовсім не схожий на інші. Рекомендую як вертикальний акцент у міксборді серед групи рослин інших форм. ";"2022-10-15 21:11:45"
"2433";"Семен Миколайович";"5";"0";"0";"0";"1";"Рослинами задоволений. Обслуговування на висоті. Пакування надійне. Едине були сумніви в передплаті, але все добре. Раджу.";"2022-10-14 20:41:29"
"2432";"Менеджер розсадника \"Зелені Янголи\"";"5";"1783";"0";"0";"1";"Актуальне фото саджанця в горщику С2, зроблено в жовтні 2022 року.";"2022-10-13 13:57:17"
"2431";"Менеджер розсадника \"Зелені Янголи\"";"5";"2045";"0";"0";"1";"Актуальне фото саджанця в горщику С2, зроблено 12.10.2022р.";"2022-10-13 13:55:46"
"2430";"Менеджер розсадника \"Зелені Янголи\"";"5";"632";"0";"0";"1";"Актуальне фото саджанця в горщику Р9, зроблено 12.10.2022";"2022-10-13 13:53:52"
"2429";"Менеджер розсадника \"Зелені Янголи\"";"5";"1244";"0";"0";"1";"Актуальне фото саджанця в горщику С2, зроблено 12.10.2022";"2022-10-13 13:50:21"
"2428";"Галина";"5";"1970";"0";"0";"1";"Азалія Росінетта - це чудо! Весь кущик вкривається рожевими махровими трояндочками! Настільки ця азалія сподобалася, що восени я замовила ще дві такі рослинки. Дякую, Зелені Янголи, за таку красу! ";"2022-10-12 14:53:20"
"2427";"Менеджер розсадника \'Зелені Янголи\'";"5";"1305";"0";"0";"1";"Актуальне фото  саджанця 140-160 см заввишки з партії, що продається, станом на 11 жовтня 2022";"2022-10-12 09:38:09"
"2426";"Менеджер розсадника \'Зелені Янголи\'";"5";"2219";"0";"0";"1";"Актуальне фото  саджанця в горщику С2 з партії, що продається, станом на 11 жовтня 2022";"2022-10-12 09:37:21"
"2425";"Менеджер розсадника \'Зелені Янголи\'";"5";"2585";"0";"0";"1";"Актуальне фото  саджанця в горщику С2 з партії, що продається, станом на 11 жовтня 2022";"2022-10-12 09:36:43"
"2424";"Менеджер розсадника \'Зелені Янголи\'";"5";"1023";"0";"0";"1";"Актуальне фото  саджанця в горщику С5 з партії, що продається, станом на 11 жовтня 2022";"2022-10-12 09:36:06"
"2422";"Менеджер розсадника \'Зелені Янголи\'";"5";"2487";"0";"0";"1";"Актуальне фото  саджанця в горщику С2 з партії, що продається, станом на 11 жовтня 2022";"2022-10-12 09:34:11"
"2421";"Менеджер розсадника \'Зелені Янголи\'";"5";"100";"0";"0";"1";"Актуальне фото  саджанця в горщику С2 з партії, що продається, станом на 11 жовтня 2022";"2022-10-12 09:32:30"
"2420";"Менеджер розсадника \'Зелені Янголи\'";"5";"804";"0";"0";"1";"Актуальне фото  саджанця в горщику С2 з партії, що продається, станом на 11 жовтня 2022";"2022-10-12 09:31:57"
"2419";"Менеджер розсадника \'Зелені Янголи\'";"5";"812";"0";"0";"1";"Актуальне фото  саджанця в горщику С2 з партії, що продається, станом на 11 жовтня 2022";"2022-10-12 09:31:23"
"2418";"Менеджер розсадника \'Зелені Янголи\'";"5";"631";"0";"0";"1";"Актуальне фото  саджанця в горщику С2 з партії, що продається, станом на 11 жовтня 2022";"2022-10-12 09:30:47"
"2417";"Світлана";"5";"681";"0";"0";"1";"Отримала замовлення,туї і ялівці.Запаковані горщики були супер-компактно,доїхали гарно!Саджанці просто чудові,гарного кольору з приростом яскравим цього року,стан суперовий!!!Вже висадила в ґрунт,будемо чекати як перезимують.Що зробити для кращої зимівлі саджанців?
Буду ще замовляти )";"2022-10-11 12:04:11"
"2416";"Менеджер розсадника \'Зелені Янголи\'";"5";"2351";"0";"0";"1";"Актуальне фото  саджанця в горщику С2 з партії, що продається, станом на початок жовтня 2022";"2022-10-10 15:44:34"
"2415";"Менеджер розсадника \'Зелені Янголи\'";"5";"97";"0";"0";"1";"Актуальне фото  саджанця 80-100 см заввишки з партії, що продається, станом на початок жовтня 2022";"2022-10-10 15:43:40"
"2414";"Менеджер розсадника \'Зелені Янголи\'";"5";"1940";"0";"0";"1";"Актуальне фото  саджанця в горщику С2 з партії, що продається, станом на початок жовтня 2022";"2022-10-10 15:42:19"
"2413";"Менеджер розсадника \'Зелені Янголи\'";"5";"2000";"0";"0";"1";"Актуальне фото  саджанця в горщику С2 з партії, що продається, станом на початок жовтня 2022";"2022-10-10 15:41:40"
"2412";"Менеджер розсадника \'Зелені Янголи\'";"5";"925";"0";"0";"1";"Актуальне фото  саджанця в горщику С2 з партії, що продається, станом на початок жовтня 2022";"2022-10-10 15:40:08"
"2411";"Менеджер розсадника \'Зелені Янголи\'";"5";"2040";"0";"0";"1";"Актуальне фото  саджанця в горщику С2 з партії, що продається, станом на початок жовтня 2022";"2022-10-10 15:39:00"
"2410";"Менеджер розсадника \'Зелені Янголи\'";"5";"693";"0";"0";"1";"Актуальне фото  саджанця в горщику С2 з партії, що продається, станом на початок жовтня 2022";"2022-10-10 15:37:33"
"2409";"Менеджер розсадника \'Зелені Янголи\'";"5";"832";"0";"0";"1";"Актуальне фото  саджанця в горщику С2 з партії, що продається, станом на початок жовтня 2022";"2022-10-10 15:36:19"
"2408";"Менеджер розсадника \'Зелені Янголи\'";"5";"341";"0";"0";"1";"Актуальне фото  саджанця в горщику С2 з партії, що продається, станом на початок жовтня 2022";"2022-10-10 15:35:21"
"2407";"Менеджер розсадника \'Зелені Янголи\'";"5";"108";"0";"0";"1";"Актуальне фото  саджанця в горщику р9 з партії, що продається, станом на початок жовтня 2022";"2022-10-10 15:34:00"
"2406";"Менеджер розсадника \'Зелені Янголи\'";"5";"582";"0";"0";"1";"Актуальне фото  саджанця в горщику С2 з партії, що продається, станом на початок жовтня 2022";"2022-10-10 15:33:00"
"2405";"Менеджер розсадника \'Зелені Янголи\'";"5";"41";"0";"0";"1";"Актуальне фото  саджанця в горщику С2 з партії, що продається, станом на початок жовтня 2022";"2022-10-10 15:32:02"
"2404";"Менеджер розсадника \'Зелені Янголи\'";"5";"584";"0";"0";"1";"Актуальне фото  саджанця 60-70 см в діаметрі з партії, що продається, станом на початок жовтня 2022";"2022-10-10 15:31:22"
"2403";"Менеджер розсадника \'Зелені Янголи\'";"5";"630";"0";"0";"1";"Актуальне фото  саджанця в горщику С2-С3 з партії, що продається, станом на початок жовтня 2022";"2022-10-10 15:29:16"
"2402";"Менеджер розсадника \'Зелені Янголи\'";"5";"1997";"0";"0";"1";"Актуальне фото  саджанця в горщику С2 з партії, що продається, станом на початок жовтня 2022";"2022-10-10 15:28:26"
"2401";"Менеджер розсадника \'Зелені Янголи\'";"5";"339";"0";"0";"1";"Актуальне фото  саджанця в горщику С2 з партії, що продається, станом на початок жовтня 2022";"2022-10-10 15:27:28"
"2400";"Менеджер розсадника \'Зелені Янголи\'";"5";"1068";"0";"0";"1";"Актуальне фото  саджанця в горщику С2 з партії, що продається, станом на початок жовтня 2022";"2022-10-10 15:25:59"
"2399";"Менеджер розсадника \'Зелені Янголи\'";"5";"1315";"0";"0";"1";"Актуальне фото  саджанця  120-140 см заввишки з партії, що продається, станом на 06.10.2022";"2022-10-10 15:24:14"
"2398";"Менеджер розсадника \'Зелені Янголи\'";"5";"49";"0";"0";"1";"Актуальне фото  саджанця в горщику С2 з партії, що продається, станом на 06.10.2022";"2022-10-10 15:23:06"
"2397";"Менеджер розсадника \'Зелені Янголи\'";"5";"11";"0";"0";"1";"Актуальне фото  саджанця в горщику С2 з партії, що продається, станом на 06.10.2022";"2022-10-10 15:22:04"
"2396";"Менеджер розсадника \'Зелені Янголи\'";"5";"980";"0";"0";"1";"Актуальне фото  саджанця в горщику С2 з партії, що продається, станом на 06.10.2022";"2022-10-10 14:58:18"
"2395";"Менеджер розсадника \'Зелені Янголи\'";"5";"2048";"0";"0";"1";"Актуальне фото  саджанця в горщику С2 з партії, що продається, станом на 06.10.2022";"2022-10-10 14:53:33"
"2394";"Менеджер розсадника \'Зелені Янголи\'";"5";"1999";"0";"0";"1";"Актуальне фото  саджанця в горщику С2 з партії, що продається, станом на 06.10.2022";"2022-10-10 14:51:44"
"2393";"Менеджер розсадника \'Зелені Янголи\'";"5";"2047";"0";"0";"1";"Актуальне фото  саджанця в горщику С2 з партії, що продається, станом на 06.10.2022";"2022-10-10 14:50:52"
"2392";"Менеджер розсадника \'Зелені Янголи\'";"5";"462";"0";"0";"1";"Актуальне фото  саджанця в горщику С2 з партії, що продається, станом на 06.10.2022";"2022-10-10 14:49:25"
"2391";"Менеджер розсадника \'Зелені Янголи\'";"5";"1970";"0";"0";"1";"Актуальне фото  саджанця в горщику С2 з партії, що продається, станом на 06.10.2022";"2022-10-10 14:48:35"
"2390";"Менеджер розсадника \'Зелені Янголи\'";"5";"1751";"0";"0";"1";"Актуальне фото  саджанця в горщику С2 з партії, що продається, станом на 06.10.2022";"2022-10-10 14:47:39"
"2389";"Менеджер розсадника \'Зелені Янголи\'";"5";"1690";"0";"0";"1";"Актуальне фото  саджанця в горщику С2 з партії, що продається, станом на 06.10.2022";"2022-10-10 14:46:58"
"2388";"Менеджер розсадника \'Зелені Янголи\'";"5";"1691";"0";"0";"1";"Актуальне фото  саджанця в горщику С2 з партії, що продається, станом на 06.10.2022";"2022-10-10 14:46:26"
"2387";"Менеджер розсадника \'Зелені Янголи\'";"5";"113";"0";"0";"1";"Актуальне фото  саджанця в горщику р9 з партії, що продається, станом на 06.10.2022";"2022-10-10 14:43:38"
"2386";"Менеджер розсадника \'Зелені Янголи\'";"5";"46";"0";"0";"1";"Актуальне фото  саджанця в горщику С2 з партії, що продається, станом на 06.10.2022";"2022-10-10 14:42:20"
"2384";"Менеджер розсадника \'Зелені Янголи\'";"5";"1340";"0";"0";"1";"Актуальне фото  саджанця в горщику С2 з партії, що продається, станом на 06.10.2022";"2022-10-10 14:40:22"
"2383";"Менеджер розсадника \'Зелені Янголи\'";"5";"1782";"0";"0";"1";"Актуальне фото  саджанця в горщику С2 з партії, що продається, станом на 06.10.2022";"2022-10-10 14:39:12"
"2382";"Менеджер розсадника \'Зелені Янголи\'";"5";"1960";"0";"0";"1";"Актуальне фото  саджанця в горщику С3 з партії, що продається, станом на 06.10.2022";"2022-10-10 14:37:56"
"2381";"Менеджер розсадника \'Зелені Янголи\'";"5";"668";"0";"0";"1";"Актуальне фото  саджанця в горщику С2 з партії, що продається, станом на 06.10.2022";"2022-10-10 14:36:09"
"2380";"Менеджер розсадника \'Зелені Янголи\'";"5";"645";"0";"0";"1";"Актуальне фото  саджанця в горщику С2 з партії, що продається, станом на 06.10.2022";"2022-10-10 14:34:12"
"2379";"Ольга ";"5";"0";"0";"0";"1";"Замовляла плющі, розмарин, м'яту. Всі рослини гарної якості - здорові, свіжі.
Запаковано дуже добре, навіть при перевертанні коробки грунт з горщиків не висипався.
Доставка оперативна. Рекомендую.";"2022-10-07 14:26:59"
"2377";"Менеджер розсадника \"Зелені Янголи\"";"5";"1092";"0";"0";"1";"Актуальне фото туї 'Янтар', зроблено 04.10.2022р.";"2022-10-05 09:03:47"
"2376";"Менеджер розсадника \"Зелені Янголи\"";"5";"110";"0";"0";"1";"Актуальне фото туї 'Рейнголд', зроблено 04.10.2022р.";"2022-10-05 09:02:16"
"2375";"Менеджер розсадника \"Зелені Янголи\"";"5";"2274";"0";"0";"1";"Актуальне фото саджанця в горщику С2, зроблено 04.10.2022р.";"2022-10-05 08:59:16"
"2372";"Менеджер розсадника \"Зелені Янголи\"";"5";"980";"0";"0";"1";"Актуальне фото саджанця в горщику Р9, зроблено 28.09.2022р.";"2022-10-05 08:54:52"
"2371";"Менеджер розсадника \"Зелені Янголи\"";"5";"111";"0";"0";"1";"Актуальне фото Туї 'Смарагд' висотою 100-120см, зроблено 03.10.2022р.";"2022-10-05 08:48:33"
"2369";"Менеджер розсадника \"Зелені Янголи\"";"5";"90";"0";"0";"1";"Актуальне фото саджанця в горщику Р9, зроблено 28.09.2022р.";"2022-10-05 08:44:09"
"2368";"Оля";"5";"1820";"0";"0";"0";"Розмір С10";"2022-10-03 23:32:03"
"2367";"Ирина";"5";"0";"0";"0";"1";"Получила отличные растения в надежной упаковке! Очень порадовали крупные саженцы. Наилучшие рекомендации. Вы - лучшие!";"2022-10-03 12:12:53"
"2366";"Романа ";"5";"81";"0";"0";"1";"Отримала плющ  ,,Голдхарт‘‘ Р9 Зовсім зелений.Нема жодних ознак строкатості і жовтого кольору.Можливо дуже маленький,а можливо не співпадає сорт.Розчарована.";"2022-10-01 12:08:22"
"2365";"Менеджер розсадника \"Зелені Янголи\"";"5";"617";"0";"0";"1";"Актуальне фото саджанця в горщику Р9, зроблено 27.09.2022р.";"2022-09-30 17:46:21"
"2364";"Менеджер розсадника \"Зелені Янголи\"";"5";"1093";"0";"0";"1";"Актуальне фото саджанця в горщику Р9, зроблено 27.09.2022р.";"2022-09-30 17:40:19"
"2363";"Менеджер розсадника \"Зелені Янголи\"";"5";"969";"0";"0";"1";"Актуальне фото саджанця в горщику Р9, зроблено 27.09.2022р.";"2022-09-30 17:35:47"
"2362";"Менеджер розсадника \"Зелені Янголи\"";"5";"693";"0";"0";"1";"Актуальне фото саджанця в горщику Р9, зроблено 27.09.2022р.";"2022-09-30 17:31:10"
"2361";"Менеджер розсадника \"Зелені Янголи\"";"5";"1499";"0";"0";"1";"Актуальне фото саджанця в горщику Р9, зроблено 27.09.2022р.";"2022-09-30 17:30:20"
"2360";"Менеджер розсадника \"Зелені Янголи\"";"5";"863";"0";"0";"1";"Актуальне фото саджанця в горщику Р9, зроблено 27.09.2022р.";"2022-09-30 17:26:00"
"2359";"Менеджер розсадника \"Зелені Янголи\"";"5";"1315";"0";"0";"1";"Актуальне фото саджанця в горщику Р9, зроблено 27.09.2022р.";"2022-09-30 17:24:29"
"2357";"Менеджер розсадника \"Зелені Янголи\"";"5";"116";"0";"0";"1";"Актуальне фото саджанця в горщику Р9, зроблено 27.09.2022р.";"2022-09-30 17:21:56"
"2356";"Менеджер розсадника \"Зелені Янголи\"";"5";"88";"0";"0";"1";"Актуальне фото саджанця в горщику Р9, зроблено 27.09.2022р.";"2022-09-30 17:19:37"
"2355";"Менеджер розсадника \"Зелені Янголи\"";"5";"837";"0";"0";"1";"Актуальне фото саджанця в горщику Р9, зроблено 27.09.2022р.";"2022-09-30 17:18:17"
"2354";"Менеджер розсадника \"Зелені Янголи\"";"5";"100";"0";"0";"1";"Актуальне фото саджанця в горщику Р9, зроблено 27.09.2022р.";"2022-09-30 17:11:05"
"2353";"Менеджер розсадника \"Зелені Янголи\"";"5";"104";"0";"0";"1";"Актуальне фото саджанця в горщику Р9, зроблено 27.09.2022р.";"2022-09-30 17:09:09"
"2352";"Менеджер розсадника \"Зелені Янголи\"";"5";"1500";"0";"0";"1";"Актуальне фото саджанця в горщику Р9, зроблено 27.09.2022р.";"2022-09-30 17:07:30"
"2351";"Менеджер розсадника \"Зелені Янголи\"";"5";"814";"0";"0";"1";"Актуальне фото саджанця в горщику Р9, зроблено 27.09.2022р.";"2022-09-30 17:06:18"
"2350";"Менеджер розсадника \"Зелені Янголи\"";"5";"812";"0";"0";"1";"Актуальне фото саджанця в горщику Р9, зроблено 27.09.2022р. ";"2022-09-30 17:05:00"
"2349";"Менеджер розсадника \"Зелені Янголи\"";"5";"1002";"0";"0";"1";"Актуальне фото саджанця в горщику Р9, зроблено 27.09.2022р. ";"2022-09-30 17:03:38"
"2348";"Менеджер розсадника \"Зелені Янголи\"";"5";"2639";"0";"0";"1";"Актуальне фото саджанця в горщику Р9, зроблено 27.09.2022р. ";"2022-09-30 17:00:53"
"2347";"Менеджер розсадника \"Зелені Янголи\"";"5";"1821";"0";"0";"1";"Актуальне фото саджанця в горщику Р9, зроблено 27.09.2022р. ";"2022-09-30 16:59:48"
"2346";"Менеджер розсадника \"Зелені Янголи\"";"5";"1126";"0";"0";"1";"Актуальне фото саджанця в горщику Р9, зроблено 27.09.2022р. ";"2022-09-30 16:58:16"
"2345";"Менеджер розсадника \"Зелені Янголи\"";"5";"1119";"0";"0";"1";"Актуальне фото саджанця в горщику Р9, зроблено 27.09.2022р. ";"2022-09-30 16:55:52"
"2344";"Менеджер розсадника \"Зелені Янголи\"";"5";"672";"0";"0";"1";"Актуальне фото саджанця в горщику Р9, зроблено 27.09.2022р. ";"2022-09-30 16:54:18"
"2343";"Менеджер розсадника \"Зелені Янголи\"";"5";"2045";"0";"0";"1";"Актуальне фото саджанця в горщику Р9, зроблено 27.09.2022р. ";"2022-09-30 16:53:07"
"2342";"Менеджер розсадника \"Зелені Янголи\"";"5";"645";"0";"0";"1";"Актуальне фото саджанця в горщику Р9, зроблено 27.09.2022р. ";"2022-09-30 16:52:05"
"2341";"Менеджер розсадника \"Зелені Янголи\"";"5";"646";"0";"0";"1";"Актуальне фото саджанця в горщику Р9, зроблено 27.09.2022р. ";"2022-09-30 16:51:00"
"2340";"Менеджер розсадника \"Зелені Янголи\"";"5";"647";"0";"0";"1";"Актуальне фото саджанця в горщику Р9, зроблено 27.09.2022р. ";"2022-09-30 16:49:57"
"2339";"Менеджер розсадника \"Зелені Янголи\"";"5";"81";"0";"0";"1";"Актуальне фото саджанця в горщику Р9, зроблено 27.09.2022р. ";"2022-09-30 16:48:50"
"2338";"Менеджер розсадника \"Зелені Янголи\"";"5";"1449";"0";"0";"1";"Актуальне фото саджанця в горщику Р9, зроблено 27.09.2022р.";"2022-09-30 16:44:36"
"2336";"Менеджер розсадника \"Зелені Янголи\"";"5";"2001";"0";"0";"1";"Актуальне фото саджанця в горщику P9, зроблено 26.09.2022р.";"2022-09-30 15:43:25"
"2335";"Менеджер розсадника \"Зелені Янголи\"";"5";"1734";"0";"0";"1";"Актуальне фото саджанця в горщику Р9, зроблено 26.09.2022р.";"2022-09-30 15:42:23"
"2334";"Менеджер розсадника \"Зелені Янголи\"";"5";"752";"0";"0";"1";"Актуальне фото саджанця в горщику С2, зроблено 26.09.2022р.";"2022-09-30 15:40:44"
"2333";"Менеджер розсадника \"Зелені Янголи\"";"5";"2294";"0";"0";"1";"Актуальне фото саджанця в горщику С2, зроблено 26.09.2022р.";"2022-09-30 15:37:26"
"2332";"Менеджер розсадника \"Зелені Янголи\"";"5";"1068";"0";"0";"1";"Актуальне фото саджанця в горщику С2, зроблено 26.09.2022р.";"2022-09-30 15:35:55"
"2331";"Менеджер розсадника \"Зелені Янголи\"";"5";"833";"0";"0";"1";"Актуальне фото туї 'Пірамідаліс Карчу', зроблено 26.09.2022р.";"2022-09-30 09:27:00"
"2330";"Менеджер розсадника \"Зелені Янголи\"";"5";"1740";"0";"0";"1";"Актуальне фото саджанця в горщику Р9, зроблено 20.09.2022р.";"2022-09-30 08:43:18"
"2329";"Менеджер розсадника \"Зелені Янголи\"";"5";"73";"0";"0";"1";"Актуальне фото саджанця в горщику Р9, зроблено 20.09.2022р.";"2022-09-30 08:41:25"
"2328";"Менеджер розсадника \"Зелені Янголи\"";"5";"1243";"0";"0";"1";"Актуальне фото саджанця в горщику С2, зроблено 20.09.2022р.";"2022-09-30 08:37:24"
"2327";"Менеджер розсадника \"Зелені Янголи\"";"5";"1046";"0";"0";"1";"Актуальне фото саджанця в горщику С2, зроблено 20.09.2022р.";"2022-09-30 08:36:04"
"2326";"Менеджер розсадника \"Зелені Янголи\"";"5";"1319";"0";"0";"1";"Актуальне фото саджанця в горщику Р9, зроблено 19.09.2022";"2022-09-30 08:34:21"
"2325";"Менеджер розсадника \"Зелені Янголи\"";"5";"1340";"0";"0";"1";"Актуальне фото саджанців в горщику С2, станом на вересень 2022 року";"2022-09-28 15:44:48"
"2324";"Менеджер розсадника \"Зелені Янголи\"";"5";"584";"0";"0";"1";"Актуальне фото саджанця з грунту, діаметром 60-70см, зроблено у вересні 2022 р,";"2022-09-28 14:25:40"
"2323";"Менеджер розсадника \"Зелені Янголи\"";"5";"1220";"0";"0";"1";"Актуальне фото саджанця в горщику С5, зроблено у вересні 2022 року.";"2022-09-28 09:48:50"
"2322";"Менеджер розсадника \"Зелені Янголи\"";"5";"994";"0";"0";"1";"Актуальне фото саджанця з грунту, висотою 80-100см, зроблено у вересні 2022 року.";"2022-09-28 09:45:25"
"2321";"Менеджер розсадника \"Зелені Янголи\"";"5";"1754";"0";"0";"1";"Актуальне фото саджанця в горщику Р9, зроблено у вересні 2022 року.";"2022-09-28 09:43:30"
"2320";"Менеджер розсадника \"Зелені Янголи\"";"5";"25";"0";"0";"1";"Актуальне фото саджанця з грунту, висотою 40-50см, станом на вересень 2022 року.";"2022-09-28 09:43:00"
"2318";"Менеджер розсадника \"Зелені Янголи\"";"5";"1498";"0";"0";"1";"Актуальне фото саджанця в горщику Р9, зроблено у вересні 2022 року.";"2022-09-28 09:30:51"
"2317";"Менеджер розсадника \"Зелені Янголи\"";"5";"446";"0";"0";"1";"Актуальне фото саджанця в горщику P9, зроблено у вересні 2022 року.";"2022-09-28 09:29:54"
"2316";"Менеджер розсадника \"Зелені Янголи\"";"5";"33";"0";"0";"1";"Актуальне фото саджанця в горщику P9, зроблено у вересні 2022 року.";"2022-09-28 09:28:26"
"2315";"Менеджер розсадника \"Зелені Янголи\"";"5";"1244";"0";"0";"1";"Актуальне фото саджанця в горщику С5, зроблено у вересні 2022 року.";"2022-09-28 09:26:56"
"2314";"Менеджер розсадника \"Зелені Янголи\"";"5";"33";"0";"0";"1";"Актуальне фото саджанця в горщику С2, зроблено у вересні 2022 року.";"2022-09-28 09:23:18"
"2313";"Менеджер розсадника \"Зелені Янголи\"";"5";"814";"0";"0";"1";"Актуальне фото саджанця в горщику С2, зроблено у вересні 2022 року.";"2022-09-28 09:21:56"
"2312";"Менеджер розсадника \"Зелені Янголи\"";"5";"631";"0";"0";"1";"Актуальне фото саджанця в горщику С2, зроблено у вересні 2022 року.";"2022-09-28 09:19:53"
"2311";"Лук\'яненко Ірина Володимирівна";"2";"0";"0";"0";"0";"Дуже шкода, не очікувала...  Оплатила передоплату, надіючись на порядність магазину.  Замовляла 7 рослин, серед них два барбариси. Один в гарному стані, як і повинно бути, а інший в дуже плачевному. Коли звенулася до продавця з питанням навіщо таку рослину присилати, отримала відповідь, що то вона просто на сонці припеклася. Питання у мене,  людина платить кошти за рослини з гарним виглядом, чи не так?  ";"2022-09-23 15:17:47"
"2310";"Зінаїда";"5";"1341";"0";"0";"1";"Отримала рослинки. Як завжди: стан чудовий, пакування професійне. Окрема вдячність менеджеру. 'Зелені Янголи' - Ви супер!!! Рекомендую!!! ";"2022-09-22 09:30:25"
"2309";"Бабинец Олег";"5";"0";"0";"0";"1";"Сьогоднi отрималa посидку з гортензiями,вони витримали дорогу спочатку до центру Украiнu, а потiм аж на пiвдень Iталii, дякую за гарнi рослини,бажаю успixi в та гарних покупцiв";"2022-09-17 15:59:17"
"2306";"Наталія ";"5";"2296";"0";"0";"1";".";"2022-09-14 10:55:43"
"2305";"Ірина";"5";"0";"0";"0";"1";"Доброго дня. Отримала замовлення на свій день народження. Дуже дякую за гарні рослини. ДЯКУЮ.";"2022-09-12 23:16:07"
"2304";"Василина";"5";"0";"0";"0";"1";"Найкращі ваші рослини ,неодноразово замовляю і все супер,як якість так і стан ";"2022-09-08 19:08:40"
"2303";"Менеджер розсадника \"Зелені Янголи\"";"5";"2170";"0";"0";"1";"Актуальне фото саджанця в горщику С2, зроблено в кінці серпня 2022року";"2022-09-08 15:04:41"
"2300";"Менеджер розсадника \"Зелені Янголи\"";"5";"661";"0";"0";"1";"Актуальне фото саджанця в горщику С2, зроблено в 26.08.2022 року.";"2022-09-01 14:19:16"
"2299";"Менеджер розсадника \"Зелені Янголи\"";"5";"1109";"0";"0";"1";"Актуальне фото саджанця в горщику С2, зроблено26.08.2022 року.";"2022-09-01 14:18:02"
"2298";"Менеджер розсадника \"Зелені Янголи\"";"5";"65";"0";"0";"1";"Актуальне фото саджанця в горщику С3, зроблено в серпні 2022 року.";"2022-09-01 14:16:53"
"2297";"Менеджер розсадника \"Зелені Янголи\"";"5";"1004";"0";"0";"1";"Актуальне фото саджанця в горщику С2, зроблено в серпні 2022 року.";"2022-09-01 14:15:17"
"2296";"Менеджер розсадника \"Зелені Янголи\"";"5";"2487";"0";"0";"1";"Актуальне фото саджанця в горщику С2, зроблено в серпні 2022 року.";"2022-09-01 14:13:58"
"2295";"Менеджер розсадника \"Зелені Янголи\"";"5";"601";"0";"0";"1";"Актуальне фото саджанця в горщику Р9, зроблено в серпні 2022 року.";"2022-09-01 14:12:39"
"2294";"Менеджер розсадника \"Зелені Янголи\"";"5";"2272";"0";"0";"1";"Актуальне фото саджанця в горщику Р9, зроблено в серпні 2022 року.";"2022-09-01 14:11:59"
"2293";"Менеджер розсадника \"Зелені Янголи\"";"5";"1931";"0";"0";"1";"Актуальне фото саджанця в горщику С2, зроблено в серпні 2022 року.";"2022-09-01 14:09:40"
"2292";"Менеджер розсадника \"Зелені Янголи\"";"5";"1178";"0";"0";"1";"Актуальне фото саджанця в горщику С2, зроблено в серпні 2022 року.";"2022-09-01 14:07:01"
"2291";"Менеджер розсадника \"Зелені Янголи\"";"5";"925";"0";"0";"1";"Актуальне фото саджанця в горщику С2, зроблено в серпні 2022 року.";"2022-09-01 14:05:49"
"2289";"Менеджер розсадника \"Зелені Янголи\"";"5";"2003";"0";"0";"1";"Актуальне фото саджанця в горщику С2, зроблено в серпні 2022 року.";"2022-09-01 14:03:38"
"2287";"Менеджер розсадника \"Зелені Янголи\"";"5";"805";"0";"0";"1";"Фото саджанців висотою 100-120см на одному з віддалених полів розсаднику 'Зелені Янголи', зроблено в серпні 2022 року. ";"2022-08-31 09:20:45"
"2286";"Менеджер розсадника \"Зелені Янголи\"";"5";"832";"0";"0";"1";"Актуальне фото саджанця діаметром 20-30см на одному з полів нашого розсадника, зроблено в серпні 2022 року.";"2022-08-31 09:00:59"
"2284";"Менеджер розсадника \"Зелені Янголи\"";"5";"1379";"0";"0";"1";"Актуальне фото саджанця висотою 60-80см, зроблено в серпні 2022 року";"2022-08-31 08:54:31"
"2283";"Менеджер розсадника \"Зелені Янголи\"";"5";"1587";"0";"0";"1";"Актуальне фото саджанця висотою 130-150см, зроблено в серпні 2022 року";"2022-08-31 08:52:35"
"2282";"Менеджер розсадника \"Зелені Янголи\"";"5";"1509";"0";"0";"1";"Актуальне фото саджанця в горщику С2, зроблено в серпні 2022року.";"2022-08-31 08:50:17"
"2281";"Менеджер розсадника \"Зелені Янголи\"";"5";"1970";"0";"0";"1";"Актуальне фото саджанця в горщику С2, зроблено в серпні 2022року.";"2022-08-31 08:48:10"
"2280";"Менеджер розсадника \"Зелені Янголи\"";"5";"1506";"0";"0";"1";"Актуальне фото саджанця в горщику С2, зроблено в серпні 2022року.";"2022-08-31 08:47:16"
"2275";"Яна";"5";"0";"0";"0";"0";"Отримала уражені рослини";"2022-08-28 08:10:54"
"2274";"Серьогіна Світлана";"5";"0";"0";"0";"1";"Дуже вдячна. Замовляла мюленбергію волосовидну. Отримала все швидко, гарно запакоавну і в ідеальному стані. В подарунок дастала Нандіну.";"2022-08-26 13:46:57"
"2272";"Менеджер розсадника \"Зелені Янголи\"";"5";"2170";"0";"0";"1";"Актуальне фото саджанця у горщику С2 зроблене на розсаднику 'Зелені Янголи', 23.08.2022 р.";"2022-08-26 09:31:00"
"2271";"Менеджер розсадника \"Зелені Янголи\"";"5";"471";"0";"0";"1";"Актуальне фото саджанця у горщику С2 зроблене на розсаднику 'Зелені Янголи', 23.08.2022 р.";"2022-08-26 09:30:05"
"2270";"Менеджер розсадника \"Зелені Янголи\"";"5";"2363";"0";"0";"1";"Актуальне фото саджанця у горщику С2 зроблене на розсаднику 'Зелені Янголи', 23.08.2022 р.";"2022-08-26 09:27:40"
"2267";"Менеджер розсадника \"Зелені Янголи\"";"5";"54";"0";"0";"1";"Актуальне фото саджанця у горщику Р9 зроблене на розсаднику 'Зелені Янголи', 23.08.2022 р.";"2022-08-26 09:23:44"
"2264";"Менеджер розсадника \"Зелені Янголи\"";"5";"820";"0";"0";"1";"Актуальне фото саджанця у горщику С2 зроблене на розсаднику 'Зелені Янголи', 22.08.2022 р.";"2022-08-26 09:19:06"
"2263";"Менеджер розсадника \"Зелені Янголи\"";"5";"680";"0";"0";"1";"Актуальне фото саджанця у горщику С2 зроблене на розсаднику 'Зелені Янголи', 22.08.2022 р.";"2022-08-26 09:18:11"
"2262";"Менеджер розсадника \"Зелені Янголи\"";"5";"111";"0";"0";"1";"Актуальне фото саджанця у горщику р9 зроблене на розсаднику 'Зелені Янголи', зроблено 22.08.2022 р. ";"2022-08-26 09:16:22"
"2261";"Менеджер розсадника \"Зелені Янголи\"";"5";"1801";"0";"0";"1";"Актуальне фото саджанця в горщку С2, зроблено 22.08.2022";"2022-08-26 09:12:46"
"2260";"Менеджер розсадника \"Зелені Янголи\"";"5";"645";"0";"0";"1";"Актуальне фото саджанця в горщику С2, зроблено 22.08.2022";"2022-08-26 09:09:21"
"2259";"Менеджер розсадника \"Зелені Янголи\"";"5";"643";"0";"0";"1";"Актуальне фото саджанця в горщику С2, зроблено 22.08.2022";"2022-08-26 09:08:24"
"2258";"Менеджер розсадника \"Зелені Янголи\"";"5";"648";"0";"0";"1";"Актуальне фото саджанця в горщику С2, зроблено 22.08.2022";"2022-08-26 09:07:30"
"2257";"Менеджер розсадника \"Зелені Янголи\"";"5";"647";"0";"0";"1";"Актуальне фото саджанця в горщику С2, зроблено 22.08.2022";"2022-08-26 09:01:48"
"2256";"Менеджер розсадника \"Зелені Янголи\"";"5";"1340";"0";"0";"1";"Актуальне фото саджанця в горщику С2, зроблено 22.08.2022";"2022-08-26 09:00:39"
"2255";"Менеджер розсадника \"Зелені Янголи\"";"5";"1955";"0";"0";"1";"Актуальне фото саджанця в горщику С2, зроблено 22.08.2022";"2022-08-26 08:59:19"
"2254";"Менеджер розсадника \"Зелені Янголи\"";"5";"2283";"0";"0";"1";"Типове фото саджанця в горщику С2, зроблено 19.08.2022";"2022-08-26 08:58:05"
"2253";"Менеджер розсадника \"Зелені Янголи\"";"5";"1787";"0";"0";"1";"Актуальне фото саджанця в горщику С2, зроблено 19.08.2022";"2022-08-26 08:56:55"
"2252";"Менеджер";"5";"863";"0";"0";"1";"Актуальне фото саджанця діаметром 30-40см з кореневим комом, зроблено 19.08.2022";"2022-08-26 08:55:35"
"2251";"Менеджер розсадника \"Зелені Янголи\"";"5";"1450";"0";"0";"1";"Актуальне фото саджанця висотою 80-100см, зроблене в серпні 2022 року";"2022-08-26 08:28:18"
"2250";"Менеджер";"5";"64";"0";"0";"1";"Актуальне фото саджанця в горщику Р9, зроблено в серпні 2022 року";"2022-08-26 08:26:49"
"2248";"Рита Крапива";"5";"2643";"0";"0";"0";"Добрий день! Який саме сорт, підкажіть, будь ласка? Зазделегідь вдячна";"2022-08-24 20:36:17"
"2247";"Юрий";"5";"0";"0";"0";"1";"19 заказал 24 получил (выходные) посылку с лавандой . Хорошо упакована, растение в кондициии. Доволен. Спасибо!";"2022-08-24 15:51:06"
"2245";"Світлана Вол Духота";"5";"1983";"0";"0";"1";"Дякую за саджанці гортензії. Купувала рослини декілька разів.Рослини здорові  ,гарні. Вважаю ,що садовий центр один х найкращих в Україні. Дякую.";"2022-08-20 10:36:13"
"2244";"Світлана";"5";"655";"0";"0";"1";"Дуже гарні яскраві кущі! Доставка швидка і зручна. Дякую за красу!";"2022-08-19 14:24:00"
"2243";"Лариса";"5";"0";"0";"0";"1";"Отримала другу посилочку від янголів. Пакування шедевральне! Усе доїхало цілісеньке, жоден листочок не постраждав! Величезне ДЯКУЮ! Обов,язково повернусь до Вас за новими саджанцями.";"2022-08-19 14:15:34"
"2242";"Марія Аншелес";"5";"2362";"0";"0";"1";"Вже вкотре із великим задоволенням отримала своє замовлення, кожного вашого янгола люблю,проте цей очиток-  неперевершений! Неможливо відвести погляд-настільки він чарівний. Дякую за вашу працю та регулярні новинки!";"2022-08-18 23:34:54"
"2241";"Лілія";"5";"0";"0";"0";"1";"Прекрасні заджанці!  Неодноразово замовляю. Надійно запаковані, швидка відправка, приємні менеджери! Дякую";"2022-08-18 17:18:14"
"2240";"Вібла Ірина";"5";"1477";"0";"0";"1";"У минулому році отримали саджанець. Зараз зацвів. Він просто нереальний!!";"2022-08-18 13:39:39"
"2236";"Менеджер розсадника \"Зелені Янголи\"";"5";"1450";"0";"0";"1";"Актуальне фото саджанця з грунту висотою 80-100см, зроблено в серпні 2022 року.";"2022-08-17 09:45:55"
"2233";"Менеджер розсадника \"Зелені Янголи\"";"5";"614";"0";"0";"1";"Актуальне фото саджанця в горщику С2, зроблено 15.08.2022";"2022-08-17 09:00:57"
"2232";"Менеджер розсадника \"Зелені Янголи\"";"5";"840";"0";"0";"1";"Типове фото саджанця з грунтуу висотою 140-160см, зроблено 16.08.2022";"2022-08-17 08:56:36"
"2231";"Менеджер розсадника \"Зелені Янголи\"";"5";"723";"0";"0";"1";"Типове фото саджанця з грунту 140-160 см заввишки станом на травень 2022. ";"2022-08-17 08:55:02"
"2230";"Менеджер розсадника \"Зелені Янголи\"";"5";"111";"0";"0";"1";"Актуальне фото Туї 'Смарагд' висотою 140-160см, зроблено 16.08.2022";"2022-08-17 08:51:50"
"2229";"Менеджер розсадника \"Зелені Янголи\"";"5";"7";"0";"0";"1";"Актуальне фото Платанів, зроблено 16.08.2022";"2022-08-17 08:48:37"
"2227";"Менеджер розсадника \"Зелені Янголи\"";"5";"806";"0";"0";"1";"Актуальне фото ялівця 'Гіберніка' висотою 160-180см, зроблено 16.08.2022";"2022-08-17 08:27:58"
"2226";"Менеджер розсадника \"Зелені Янголи\"";"5";"706";"0";"0";"1";"Актуальне фото ялівця висотою 160-180см, зроблено 16.08.2022";"2022-08-17 08:25:54"
"2225";"Тетяна";"5";"1015";"0";"0";"1";"Заказала Гортензия Renate Steiniger,пришел шикарный кустик,хотя и не могла долго забрать с Новой почты.Я очень осталась довольна покупкой и упакован был очень хорошо.Большое спасибо Всем за огромную работу которая приносит людям радость,даже в такое время!";"2022-08-17 07:16:24"
"2223";"Менеджер розсадника \"Зелені Янголи\"";"5";"104";"0";"0";"1";"Актуальне фото ялівця, висотою 120-140см, зроблено 16.08.2022";"2022-08-16 17:11:54"
"2220";"Менеджер розсадника \"Зелені Янголи\"";"5";"970";"0";"0";"1";"Актуальне фото туї розміром 140-160см, зроблено 16.08.2022";"2022-08-16 16:47:48"
"2218";"Менеджер розсадника \"Зелені Янголи\"";"5";"108";"0";"0";"1";"Типове фото туї висотою 140-160см, зроблено 16.08.2022";"2022-08-16 16:29:40"
"2215";"Менеджер розсадника \"Зелені Янголи\"";"5";"645";"0";"0";"1";"Актуальне фото саджанця в горщику С2, зроблено 11.08.2022";"2022-08-16 16:06:05"
"2214";"Менеджер розсадника \"Зелені Янголи\"";"5";"1251";"0";"0";"1";"Актуальне фото саджанця в горщику С2, зроблено 11.08.2022";"2022-08-16 16:04:39"
"2212";"Світлана  Крамаренко ";"5";"39";"0";"0";"0";"Будь ласка, повідомте про наявність) ";"2022-08-13 15:26:43"
"2211";"Христина  Камянецька ";"5";"975";"0";"0";"1";"Повідомте про появу";"2022-08-11 23:56:26"
"2210";"Христина  Камянецька ";"5";"0";"0";"0";"1";"Замовила 15 різних видів саджанців.Приємно здивована ,всі саджанці свіжі,красиві і дуже добре упаковані.Все прийшло швидко.Буду замовляти і надалі.Дуже вдячна)";"2022-08-11 21:37:15"
"2207";"Менеджер розсадника \"Зелені Янголи\"";"5";"1002";"0";"0";"1";"Актуальне фото саджанця в горщику Р9, зроблено в серпні 2022 року.";"2022-08-11 15:32:00"
"2206";"Менеджер розсадника \"Зелені Янголи\"";"5";"99";"0";"0";"1";"Актуальне фото саджанця в горщику Р9, зроблено в серпні 2022 року.";"2022-08-11 15:30:41"
"2205";"Менеджер розсадника \"Зелені Янголи\"";"5";"791";"0";"0";"1";"Актуальне фото саджанця в горщику Р9, зроблено в серпні 2022 року.";"2022-08-11 15:28:32"
"2204";"Менеджер розсадника \"Зелені Янголи\"";"5";"806";"0";"0";"1";"Актуальне фото саджанця в горщику Р9, зроблено в серпні 2022 року";"2022-08-11 15:27:33"
"2203";"Менеджер розсадника \"Зелені Янголи\"";"5";"2543";"0";"0";"1";"Актуальне фото саджанця в горщику С1, зроблено 11.08.2022";"2022-08-11 15:26:05"
"2202";"Менеджер розсадника \"Зелені Янголи\"";"5";"2545";"0";"0";"1";"Актуальне фото саджанця в горщику 2л, зроблено в серпні 2022 року.";"2022-08-11 15:24:40"
"2201";"Менеджер розсадника \"Зелені Янголи\"";"5";"1685";"0";"0";"1";"Актуальне фото саджанця в горщику С2, зроблено в серпні 2022 року.";"2022-08-11 15:23:35"
"2200";"Менеджер розсадника \"Зелені Янголи\"";"5";"1689";"0";"0";"1";"Актуальне фото саджанця в горщику С2, зроблено в серпні 2022 року.";"2022-08-11 15:20:03"
"2199";"Менеджер розсадника \"Зелені Янголи\"";"5";"1691";"0";"0";"1";"Актуальне фото саджанця в горщику С2, зроблено в серпні 2022 року.";"2022-08-11 15:18:53"
"2198";"Менеджер розсадника \"Зелені Янголи\"";"5";"1745";"0";"0";"1";"Актуальне фото саджанця в горщику С2, зроблено в серпні 2022 року.";"2022-08-11 15:14:56"
"2197";"Менеджер розсадника \"Зелені Янголи\"";"5";"1693";"0";"0";"1";"Актуальне фото саджанця в горщику С2, зроблено в серпні 2022 року.";"2022-08-11 15:13:53"
"2196";"Менеджер розсадника \"Зелені Янголи\"";"5";"2211";"0";"0";"1";"Актуальне фото саджанця в горщику Р9, зроблено 01.08.2022";"2022-08-11 15:07:44"
"2195";"Менеджер розсадника \"Зелені Янголи\"";"5";"1297";"0";"0";"1";"Актуальне фото саджанця в горщику 2л, зроблено 01.082022";"2022-08-11 15:06:21"
"2194";"Менеджер розсадника \"Зелені Янголи\"";"5";"1254";"0";"0";"1";"Актуальне фото саджанця в горщику С2, зроблено у серпні 2022 року.";"2022-08-11 15:04:28"
"2193";"Менеджер розсадника \"Зелені Янголи\"";"5";"1946";"0";"0";"1";"Актуальне фото саджанця в горщику С2, зроблено 02.08.2022";"2022-08-11 15:03:24"
"2192";"Менеджер розсадника \"Зелені Янголи\"";"5";"61";"0";"0";"1";"Актуальне фото саджанця в горщику С2, зроблено 02.08.2022";"2022-08-11 14:58:52"
"2191";"Менеджер розсадника \"Зелені Янголи\"";"5";"1517";"0";"0";"1";"Актуальне фото саджанця в горщику 2л, зроблено в серпні 2022 року.";"2022-08-11 14:57:02"
"2190";"Менеджер розсадника \"Зелені Янголи\"";"5";"64";"0";"0";"1";"Актуальне фото саджанця в горщику С3, зроблено в серпні 2022 року.";"2022-08-11 14:55:24"
"2189";"Менеджер розсадника \"Зелені Янголи\"";"5";"452";"0";"0";"1";"Актуальне фото саджанця в горщику Р9, зроблено 02.08.2022";"2022-08-11 14:53:52"
"2188";"Менеджер розсадника \"Зелені Янголи\"";"5";"1988";"0";"0";"1";"Актуальне фото саджанця в горщику Р9, зроблено 02.08.2022";"2022-08-11 14:52:16"
"2187";"Менеджер розсадника \"Зелені Янголи\"";"5";"1120";"0";"0";"1";"Актуальне фото саджанця в горщику Р9, зроблено 02.08.2022";"2022-08-11 14:49:37"
"2186";"Менеджер розсадника \"Зелені Янголи\"";"5";"980";"0";"0";"1";"Актуальне фото саджанця в горщику Р9, зроблено 02.08.2022";"2022-08-11 14:48:23"
"2185";"Менеджер розсадника \"Зелені Янголи\"";"5";"1375";"0";"0";"1";"Актуальне фото саджанця в горщику Р9, зроблено 02.08.2022";"2022-08-11 14:46:44"
"2184";"Менеджер розсадника \"Зелені Янголи\"";"5";"1119";"0";"0";"1";"Актуальне фото саджанця в горщику Р9, зроблено 02.08.2022";"2022-08-11 14:45:39"
"2183";"Менеджер розсадника \"Зелені Янголи\"";"5";"52";"0";"0";"1";"Актуальне фото саджанця в горщику Р9, зроблено 02.08.2022";"2022-08-11 14:44:18"
"2182";"Менеджер розсадника \"Зелені Янголи\"";"5";"618";"0";"0";"1";"Актуальне фото саджанця в горщику С2, зроблено в серпні 2022 року.";"2022-08-11 14:42:13"
"2181";"Менеджер розсадника \"Зелені Янголи\"";"5";"1498";"0";"0";"1";"Актуальне фото саджанця в горщику С2, зроблено в серпні 2022 року";"2022-08-11 14:40:31"
"2180";"Менеджер розсадника \"Зелені Янголи\"";"5";"1126";"0";"0";"1";"Актуальне фото в горщику С2, зроблено 02.08.2022";"2022-08-11 14:39:12"
"2179";"Менеджер розсадника \"Зелені Янголи\"";"5";"62";"0";"0";"1";"Актуальне фото саджанця в горщику С2, зроблено 02.08.2022";"2022-08-11 14:37:55"
"2178";"Менеджер розсадника \"Зелені Янголи\"";"5";"1109";"0";"0";"1";"Актуальне фото саджанця в горщику С2, зроблено 02.08.2022";"2022-08-11 14:36:30"
"2177";"Менеджер розсадника \"Зелені Янголи\"";"5";"837";"0";"0";"1";"Актуальне фото саджанця з грунту 80-90 см заввишки станом на 02.08.2022";"2022-08-11 14:31:50"
"2176";"Менеджер розсадника \"Зелені Янголи\"";"5";"1801";"0";"0";"1";"Актуальне фото саджанця в горщику С2, зроблено 02.08.2022";"2022-08-11 14:24:49"
"2175";"Менеджер розсадника \"Зелені Янголи\"";"5";"58";"0";"0";"1";"Актуальне фото саджанця в горщику С2, зроблено 03.08.2022";"2022-08-11 14:22:42"
"2174";"Менеджер розсадника \"Зелені Янголи\"";"5";"1022";"0";"0";"1";"Актуальне фото саджанця в горщику С2, зроблено 03.08.2022";"2022-08-11 14:16:55"
"2173";"Менеджер розсадника \"Зелені Янголи\"";"5";"640";"0";"0";"1";"Актуальне фото саджанця в горщику С2, зроблено 03.08.2022";"2022-08-11 14:15:26"
"2172";"Менеджер розсадника \"Зелені Янголи\"";"5";"115";"0";"0";"1";"Актуальне фото саджанця в горщику Р9, зроблено 03.08.2022";"2022-08-11 14:14:03"
"2171";"Менеджер розсадника \"Зелені Янголи\"";"5";"617";"0";"0";"1";"Актуальне фото саджанця в горщику Р9, зроблено 03.08.2022";"2022-08-11 14:12:12"
"2169";"Менеджер розсадника \"Зелені Янголи\"";"5";"1491";"0";"0";"1";"Актуальне фото саджанця в горщику Р9, зроблено 04.08.2022";"2022-08-11 14:02:21"
"2168";"Менеджер розсадника \"Зелені Янголи\"";"5";"1377";"0";"0";"1";"Актуальне фото саджанця в горщику Р9, зроблено 04.08.2022";"2022-08-11 14:01:03"
"2167";"Менеджер розсадника \"Зелені Янголи\"";"5";"467";"0";"0";"1";"Фото саджанця троянди в горщику Р9, зроблено 04.08.2022";"2022-08-11 13:50:06"
"2166";"Менеджер розсадника \"Зелені Янголи\"";"5";"1022";"0";"0";"1";"Актуальне фото саджанця в горщику Р9, зроблено 04.08.2022";"2022-08-11 13:48:49"
"2165";"Менеджер розсадника \"Зелені Янголи\"";"5";"673";"0";"0";"1";"Актуальне фото саджанця в горщику Р9, зроблено 04.08.2022р.";"2022-08-11 12:20:14"
"2164";"Менеджер розсадника \"Зелені Янголи\"";"5";"1127";"0";"0";"1";"Актуальне фото саджанця в горщику Р9, зроблено 04.08.2022";"2022-08-11 12:18:32"
"2163";"Менеджер розсадника \"Зелені Янголи\"";"5";"1217";"0";"0";"1";"Актуальне фото саджанця в горщику Р9, зроблено 04.08.2022";"2022-08-11 12:16:57"
"2162";"Менеджер розсадника \"Зелені Янголи\"";"5";"1781";"0";"0";"1";"Актуальне фото саджанця в горщику Р9, зроблено 04.08.2022";"2022-08-11 12:15:28"
"2161";"Менеджер розсадника \"Зелені Янголи\"";"5";"471";"0";"0";"1";"Актуальне фото саджанця в горщику С2, зроблено 04.08.2022";"2022-08-11 12:13:22"
"2160";"Менеджер розсадника \"Зелені Янголи\"";"5";"2004";"0";"0";"1";"Актуальне фото саджанця в горщику Р9, зроблено 04.08.2022";"2022-08-11 11:26:20"
"2159";"Менеджер розсадника \"Зелені Янголи\"";"5";"1301";"0";"0";"1";"Актуальне фото саджанця в горщику Р9, зроблено 04.08.2022";"2022-08-11 11:22:38"
"2158";"Менеджер розсадника \"Зелені Янголи\"";"5";"629";"0";"0";"1";"Актуальне фото саджанця в горщику Р9, зроблено 04.08.2022";"2022-08-11 11:20:15"
"2157";"Менеджер розсадника \"Зелені Янголи\"";"5";"2001";"0";"0";"1";"Актуальне фото саджанця в горщику Р9, зроблено 04.08.2022";"2022-08-11 11:18:07"
"2156";"Менеджер розсадника \"Зелені Янголи\"";"5";"1350";"0";"0";"1";"Актуальне фото саджанця в горщику Р9, зроблено 04.08.2022";"2022-08-11 11:16:52"
"2155";"Менеджер розсадника \"Зелені Янголи\"";"5";"639";"0";"0";"1";"Актуальне фото саджанця в горщику Р9, зроблено 04.08.2022";"2022-08-11 11:15:11"
"2154";"Менеджер розсадника \"Зелені Янголи\"";"5";"46";"0";"0";"1";"Актуальне фото саджанця в горщику Р9, зроблено 04.08.2022";"2022-08-11 11:13:51"
"2153";"Менеджер розсадника \"Зелені Янголи\"";"5";"452";"0";"0";"1";"Актуальне фото саджанця в горщику Р9, зроблено 04.08.2022р.";"2022-08-11 11:11:56"
"2152";"Менеджер розсадника \"Зелені Янголи\"";"5";"630";"0";"0";"1";"Актуальне фото саджанця в горщику Р9, зроблено 04.08.2022р.";"2022-08-11 11:10:00"
"2151";"Менеджер розсадника \"Зелені Янголи\"";"5";"1500";"0";"0";"1";"Актуальне фото саджанця в горщику Р9, зроблено 04.08.2022";"2022-08-11 11:08:14"
"2150";"Менеджер розсадника \"Зелені Янголи\"";"5";"963";"0";"0";"1";"Актуальне фото саджанця в горщику Р9, зроблено 04.08.2022";"2022-08-11 11:07:02"
"2149";"Менеджер розсадника \"Зелені Янголи\"";"5";"791";"0";"0";"1";"Актуальне фото саджанця в горщику Р9, зроблено 04.08.2022";"2022-08-11 11:05:42"
"2148";"Менеджер розсадника \"Зелені Янголи\"";"5";"88";"0";"0";"1";"Актуальне фото саджанця в горщику Р9, зроблено 04.08.2022";"2022-08-11 11:04:35"
"2147";"Менеджер розсадника \"Зелені Янголи\"";"5";"450";"0";"0";"1";"Актуальне фото саджанця в горщику Р9, зроблено 04.08.2022";"2022-08-11 11:03:00"
"2146";"Менеджер розсадника \"Зелені Янголи\"";"5";"806";"0";"0";"1";"Актуальне фото саджанця в горщику Р9, зроблено 04.08.2022";"2022-08-11 10:51:51"
"2145";"Менеджер розсадника \"Зелені Янголи\"";"5";"837";"0";"0";"1";"Актуальне фото саджанця в горщику Р9, зроблено 04.08.2022";"2022-08-11 10:50:32"
"2144";"Менеджер розсадника \"Зелені Янголи\"";"5";"1093";"0";"0";"1";"Актуальне фото саджанця в горщику Р9, зроблено 05.08.2022";"2022-08-11 10:47:45"
"2143";"Менеджер розсадника \"Зелені Янголи\"";"5";"973";"0";"0";"1";"Актуальне фото саджанця в горщику Р9, зроблено 05.08.2022";"2022-08-11 10:42:38"
"2142";"Менеджер розсадника \"Зелені Янголи\"";"5";"1685";"0";"0";"1";"Актуальне фото саджанця в горщику С2, зроблено 05.08.2022";"2022-08-11 10:34:52"
"2141";"Менеджер розсадника \"Зелені Янголи\"";"5";"804";"0";"0";"1";"Типове фото саджанця в горщику С2, зроблено 05.08.2022";"2022-08-11 10:23:31"
"2140";"Менеджер розсадника \"Зелені Янголи\"";"5";"2281";"0";"0";"1";"Актуальне фото саджанця в горщику С2, зроблено 05.08.2022";"2022-08-11 10:21:30"
"2139";"Менеджер розсадника \"Зелені Янголи\"";"5";"1376";"0";"0";"1";"Актуальне фото саджанця в горщику С2, зроблено 05.08.2022";"2022-08-11 10:19:36"
"2137";"Менеджер розсадника \"Зелені Янголи\"";"5";"1341";"0";"0";"1";"Актуальне фото саджанця в горщику С2, зроблено 05.08.2022";"2022-08-11 10:15:58"
"2135";"Менеджер розсадника \"Зелені Янголи\"";"5";"656";"0";"0";"1";"Актуальне фото саджанця в горщику С2, зроблено 05.08.2022";"2022-08-11 10:12:08"
"2134";"Менеджер розсадника \"Зелені Янголи\"";"5";"11";"0";"0";"1";"Актуальне фото саджанця в горщику С2, зроблено 05.08.2022";"2022-08-11 10:09:47"
"2133";"Менеджер розсадника \"Зелені Янголи\"";"5";"655";"0";"0";"1";"Актуальне фото саджанця в горщику С2, зроблено 05.08.2022";"2022-08-11 10:08:09"
"2132";"Менеджер розсадника \"Зелені Янголи\"";"5";"335";"0";"0";"1";"Актуальне фото саджанця в горщику С2, зроблено 05.08.2022";"2022-08-11 10:06:49"
"2131";"Менеджер розсадника \"Зелені Янголи\"";"5";"462";"0";"0";"1";"Актуальне фото саджанця в горщику С2, зроблено 05.08.2022";"2022-08-11 10:05:21"
"2130";"Менеджер розсадника \"Зелені Янголи\"";"5";"85";"0";"0";"1";"Актуальне фото саджанця в горщику Р9, зроблено 05.08.2022";"2022-08-11 10:04:11"
"2129";"Менеджер розсадника \"Зелені Янголи\"";"5";"1498";"0";"0";"1";"Актуальне фото саджанця в горщику Р9, зроблено 05.08.2022";"2022-08-11 09:59:58"
"2128";"Менеджер розсадника \"Зелені Янголи\"";"5";"2207";"0";"0";"1";"Актуальне фото саджанця в горщику Р9, зроблено 08.08.2022";"2022-08-11 09:52:58"
"2127";"Менеджер розсадника \"Зелені Янголи\"";"5";"1319";"0";"0";"1";"Актуальне фото саджанця сосни в горщику Р9, зроблено 08.08.2022";"2022-08-11 09:51:31"
"2125";"Менеджер розсадника \"Зелені Янголи\"";"5";"2294";"0";"0";"1";"Актуальне фото саджанця в горщику С2, зроблено 09.08.2022";"2022-08-11 09:43:05"
"2123";"Менеджер розсадника \"Зелені Янголи\"";"5";"1806";"0";"0";"1";"Актуальне фото саджанця в горщику С2, зроблено 09.08.2022";"2022-08-11 09:39:51"
"2122";"Менеджер розсадника \"Зелені Янголи\"";"5";"1301";"0";"0";"1";"Актуальне фото саджанця в горщику С5, зроблено 09.08.2022";"2022-08-11 09:32:17"
"2121";"Менеджер розсадника \"Зелені Янголи\"";"5";"2639";"0";"0";"1";"Актуальне фото саджанця в горщику Р9, зроблено 09.08.2022";"2022-08-11 09:30:52"
"2120";"Ольга";"5";"805";"0";"0";"1";"Купила у вас такой можечельник три  года назад,очень красивая хвоя , за красоту спасибо.";"2022-08-10 21:03:35"
"2118";"Травмована або хвора хоста";"5";"2316";"0";"0";"0";"Минулого тижня приїхало замовлення з 5 рослин. Упаковано добре, доїхало все ціле і полите. Проте, хоста на третині листя мала коричневу облямівку або плями. Довелось стільки листя обрізати((( Обробила і сподіваюсь, вона видужає. Ще в цьому замовлення лимоннолистий барбарис приїхав хворий. Його також тепер виходжую";"2022-08-10 16:28:35"
"2117";"Барбарис Тунберга Маріа";"3";"335";"0";"0";"0";"Минулого тижня отримала, разом з іншими рослинами, такий барбарис. Упаковано все було дуже надійно і доїхало все полите і ціле. Проте, барбарис мав плямисте листя, яке пізніше поскручувалось і тепер осипається. Обробила фунгіцидом, зрізала пошкоджені гілки і сподіваюсь, він виживе. Сумно((((";"2022-08-10 16:23:52"
"2116";"Оксана ";"5";"39";"0";"0";"1";"Повідомте про наявність Гортензії Стронг Анабель. ";"2022-08-09 18:42:19"
"2115";"Менеджер розсадника \"Зелені Янголи\"";"5";"81";"0";"0";"1";"Актуальне фото саджанця в горщику С2, зроблено 01.08.2022";"2022-08-09 17:36:33"
"2114";"Менеджер розсадника \"Зелені Янголи\"";"5";"2236";"0";"0";"1";"Актуальне фото саджанця в горщику С2, зроблено 01.08.2022";"2022-08-09 17:33:48"
"2112";"Менеджер розсадника \"Зелені Янголи\"";"5";"1940";"0";"0";"1";"Актуальне фото саджанця в горщику С2, зроблено 28.07.2022";"2022-08-09 17:24:59"
"2111";"Олена Тимошенко";"5";"85";"0";"0";"1";"Замовляла жимолость в минулому році в горщику С2.Дуже сподобалась.За рік виросла майже до 3 м.Квітне все літо  красивими квітами,які мають чудовий витончений аромат.
";"2022-08-08 20:51:51"
"2109";"Тетяна";"5";"2335";"0";"0";"1";"Отримала своїх красунь
Всі саджанці дуже гарні
Наступного року будуть квітнути 
Дуже дякую за ці рослинки";"2022-08-05 21:30:04"
"2107";"Марина климчук";"5";"951";"0";"0";"1";"Дякую за чудовий рослини.все дуже швидко відправили,упаковка супер! ";"2022-08-03 16:38:57"
"2106";"Менеджер розсадника \"Зелені Янголи\"";"5";"1046";"0";"0";"1";"Актуальне фото саджанця в горщику С10, зроблено 27.07.2022";"2022-08-01 17:06:08"
"2104";"Менеджер розсадника \"Зелені Янголи\"";"5";"1489";"0";"0";"1";"Актуальне фото гортензі 'Ендлес самер/блум стар' в горщику С5, зроблено 27.07.2022";"2022-08-01 17:02:48"
"2102";"Менеджер розсадника \"Зелені Янголи\"";"5";"2589";"0";"0";"1";"Актуальне фото саджанця хости 'Патріот' в горщику С2, зроблено 27.07.2022";"2022-08-01 17:00:00"
"2101";"Менеджер розсадника \"Зелені Янголи\"";"5";"2316";"0";"0";"1";"Актуальне фото саджанця в горщику С2, зроблено 27.07.2022";"2022-08-01 16:58:24"
"2100";"Менеджер розсадника \"Зелені Янголи\"";"5";"984";"0";"0";"1";"Актуальне фото саджанця в горщику Р9, зроблено 27.07.2022";"2022-08-01 16:54:57"
"2099";"Менеджер розсадника \"Зелені Янголи\"";"5";"511";"0";"0";"1";"Актуальне фото саджанця в горщику Р9, зроблено 27.07.2022";"2022-08-01 16:53:31"
"2098";"Светлана";"5";"0";"0";"0";"1";"Добрый день ! Хочу выразить благодарность Вашему магазину за полученные растения. Заказывала Спирею японскую Голдфлейм : упаковка супер, качество растений отличное, доехали хорошо, Теперь, будем надеяться, что приживутся)).";"2022-08-01 12:11:23"
"2097";"Людмила Чечеюк";"5";"655";"0";"0";"1";"Саджанці відмінної якості!!! Дійсно янгельський адмірейшен). Дуже дякую!";"2022-08-01 08:01:01"
"2095";"Анжела";"2";"0";"0";"0";"0";"Добрый день. Первый раз оформила у вас заказ. Заказала кипарисовик Чиримен. Посылка пришла быстро. В день поступления посылки на почту, ее получила. После распаковки посылки расстроилась, т.к. думала, что получу более здоровое растение. С одной стороны кипарисовик подсох и нет нового прироста.";"2022-07-28 16:45:08"
"2094";"Менеджер розсадника \"Зелені Янголи\"";"5";"1377";"0";"0";"1";"Актуальне фото саджанця в горщику С2, зроблено 18.07.2022р.";"2022-07-28 09:02:58"
"2090";"Менеджер розсадника \"Зелені Янголи\"";"5";"2351";"0";"0";"1";"Актуальне фото саджанця в горщику 2л, зроблено 18.07.2022р.";"2022-07-28 08:52:39"
"2089";"Менеджер розсадника \"Зелені Янголи\"";"5";"1946";"0";"0";"1";"Фото саджанця в горщику С2, зроблено 18.07.2022";"2022-07-28 08:48:50"
"2087";"Менеджер розсадника \"Зелені Янголи\"";"5";"1997";"0";"0";"1";"Актуальне фото саджанця в горщику С2, зроблено 19.07.2022";"2022-07-28 08:42:36"
"2086";"Менеджер розсадника \"Зелені Янголи\"";"5";"1996";"0";"0";"1";"Актуальне фото саджанця в горщику С2, зроблено 19.07.2022";"2022-07-28 08:34:16"
"2084";"Менеджер розсадника \"Зелені Янголи\"";"5";"618";"0";"0";"1";"Актуальне фото саджанця в горщику С2, зроблено 19.07.2022";"2022-07-28 08:27:16"
"2082";"Менеджер розсадника \"Зелені Янголи\"";"5";"655";"0";"0";"1";"Фото саджанця в горщику С2, Зроблено 19.07.2022 ";"2022-07-27 16:14:10"
"2081";"Менеджер розсадника \"Зелені Янголи\"";"5";"1754";"0";"0";"1";"Актуальне саджанця в горщику Р9, станом на 19.07.2022";"2022-07-27 16:11:44"
"2080";"Менеджер розсадника \"Зелені Янголи\"";"5";"67";"0";"0";"1";"Актуальне фото саджанця в горщику С2, зроблено 19.07.2022";"2022-07-27 16:06:18"
"2079";"Менеджер розсадника \"Зелені Янголи\"";"5";"1002";"0";"0";"1";"Актуальне фото саджанця в горщику С2, зроблене 22.07.2022";"2022-07-27 15:54:13"
"2078";"Менеджер розсадника \"Зелені Янголи\"";"5";"1004";"0";"0";"1";"Фото саджанця в горщику С2, станом на 22.07.2022";"2022-07-27 15:39:25"
"2077";"Менеджер розсадника \"Зелені Янголи\"";"5";"1071";"0";"0";"1";"Актуальне фото саджанця в горщику С2, зроблено 22.07.2022";"2022-07-27 15:36:34"
"2076";"Менеджер розсадника \"Зелені Янголи\"";"5";"2635";"0";"0";"1";"Актуальне фото саджанця в горщику С3, зроблено 26.07.2022";"2022-07-27 15:33:26"
"2075";"Менеджер розсадника \"Зелені Янголи\"";"5";"631";"0";"0";"1";"Актуальне фото саджанця в горщику С2, зроблено 27.07.2022";"2022-07-27 15:31:07"
"2074";"Менеджер розсадника \"Зелені Янголи\"";"5";"113";"0";"0";"1";"Актуальне фото саджанця туї в горщику Р9(0.5л), зроблено 27.07.2022";"2022-07-27 15:29:08"
"2073";"Менеджер розсадника \"Зелені Янголи\"";"5";"681";"0";"0";"1";"Актуальне фото саджанця в горщику С2, зроблено 27.07.2022";"2022-07-27 15:25:59"
"2072";"Менеджер розсадника \"Зелені Янголи\"";"5";"826";"0";"0";"1";"Актуальне фото саджанця в горщику С2, зроблено 27.07.2022";"2022-07-27 14:55:37"
"2071";"Менеджер розсадника \"Зелені Янголи\"";"5";"2599";"0";"0";"1";"Актуальне фото саджанця в горщику С2, зроблено 27.07.2022";"2022-07-27 14:35:48"
"2070";"Менеджер";"5";"617";"0";"0";"1";"Актуальне фото саджанця в горщику 2л, станом на 27.07.2022";"2022-07-27 14:33:04"
"2069";"Менеджер";"5";"1004";"0";"0";"1";"Фото ялівця 'Голден Саусер' в горщику 2л станом на 27.07.2022";"2022-07-27 14:22:50"
"2068";"Менеджер розсадника \"Зелені Янголи\"";"5";"962";"0";"0";"1";"Актуальне фото саджанця в горщику С2, зроблено 27.07.2022";"2022-07-27 14:20:04"
"2067";"Менеджер";"5";"1442";"0";"0";"1";"Актуальне фоот саджанця в горщику С2, зроблено 27.07.2022";"2022-07-27 14:16:06"
"2064";"Менеджер розсадника \"Зелені Янголи\"";"5";"2301";"0";"0";"1";"Актуальне фото саджанця в горщику С2, станом на 27.07.2022";"2022-07-27 13:58:49"
"2063";"Світлана  Крамаренко ";"5";"2023";"0";"0";"1";"Замовляла троянди на весні, отримала міцні, здорові кущі. Всі вже квітнуть) Дякую Зеленим Янголам за чудові рослини!!! ";"2022-07-24 08:01:19"
"2062";"Марина Кошова";"5";"0";"0";"0";"1";"Добрий вечір. Замовляла у вас  рослинки перший раз. Приїхали дуже швидко. Дуже гарно запаковані, нічого не пошкодилось. Рослини дуже красиві. Завтра буду садити. Дуже вам дякую! Рекомендую.
Хочу запитати одна з гортензій (діамант руж) обрізана, а на фото саджанця у вас з квітами. Чого так?";"2022-07-22 22:57:36"
"2059";"Юлія";"5";"0";"0";"0";"1";"Дуже задоволена швидкою доставкою, деревця прийшли добре запакованими, непошкоджені. Надіюсь приживуться будуть рости і радувати людей:) Дякую!";"2022-07-16 12:46:10"
"2058";"Наталія";"5";"0";"0";"0";"1";"Отримала свої хвойні рослини. Як завжди все - на рівні супер!
Дякую. Залишайтеся якісними продавцями. ";"2022-07-15 17:06:05"
"2057";"Менеджер розсадника \"Зелені Янголи\"";"5";"62";"0";"0";"1";"Актуальне фото саджанця в горщику Р9, станом на 15.07.2022";"2022-07-15 15:50:41"
"2056";"Менеджер розсадника \"Зелені Янголи\"";"5";"73";"0";"0";"1";"Актуальне фото саджанця в горщику Р9, станом на 15.07.2022.";"2022-07-15 15:49:15"
"2055";"Менеджер розсадника \"Зелені Янголи\"";"5";"629";"0";"0";"1";"Актуальне фото саджанця в горщику Р9, станом на 15.07.2022.";"2022-07-15 15:46:57"
"2054";"Менеджер розсадника \"Зелені Янголи\"";"5";"814";"0";"0";"1";"Актуальне фото саджанця в горщику С2, станом на липень 2022 року.";"2022-07-15 15:45:10"
"2053";"Менеджер розсадника \"Зелені Янголи\"";"5";"2585";"0";"0";"1";"Актуальне фото саджанця в горщику С2, станом на липень 2022 року.";"2022-07-15 15:34:52"
"2052";"Менеджер розсадника \"Зелені Янголи\"";"5";"579";"0";"0";"1";"Фото саджанця в горщику С2, станом на липень 2022 року.";"2022-07-15 15:30:30"
"2051";"Менеджер розсадника \"Зелені Янголи\"";"5";"2598";"0";"0";"1";"Актуальне фото саджанця в горщику С2, станом на 04.07.2022";"2022-07-15 15:29:05"
"2050";"Менеджер розсадника \"Зелені Янголи\"";"5";"712";"0";"0";"1";"Актуальне фото саджанця в горщику С2, станом на липень 2022 року.";"2022-07-15 15:22:41"
"2049";"Менеджер розсадника \"Зелені Янголи\"";"5";"832";"0";"0";"1";"Актуальне фото саджанця в горщику С2, станом на липень 2022 року.";"2022-07-15 15:19:53"
"2048";"Менеджер розсадника \"Зелені Янголи\"";"5";"1812";"0";"0";"1";"Актуальне фото саджанця в горщику Р9, станом на липень 2022 року.";"2022-07-15 15:17:29"
"2047";"Менеджер розсадника \"Зелені Янголи\"";"5";"2362";"0";"0";"1";"Актуальне фото саджанця в горщику С2, станом на 05.06.2022";"2022-07-15 15:10:28"
"2046";"Менеджер розсадника \"Зелені Янголи\"";"5";"2322";"0";"0";"1";"Фото саджанця в горщику С2, зроблено 05.07.2022";"2022-07-15 15:09:12"
"2045";"Менеджер розсадника \"Зелені Янголи\"";"5";"2325";"0";"0";"1";"Актуальне фото саджанця в горщику С2, станом на 05.07.2022";"2022-07-15 15:07:44"
"2044";"Менеджер розсадника \"Зелені Янголи\"";"5";"2236";"0";"0";"1";"Актуальне фото саджанця в горщику С2, станом на 05.07.2022";"2022-07-15 15:05:09"
"2043";"Менеджер розсадника \"Зелені Янголи\"";"5";"1297";"0";"0";"1";"Актуальне фото саджанця в горщику С2, станом на 05.06.2022";"2022-07-15 15:03:27"
"2042";"Менеджер розсадника \"Зелені Янголи\"";"5";"655";"0";"0";"1";"Актуальне фото саджанця в горщику С2, станом на 05.07.2022";"2022-07-15 15:02:20"
"2041";"Менеджер розсадника \"Зелені Янголи\"";"5";"1733";"0";"0";"1";"Актуальне фото саджанця в горщику С2, станом на 05.07.2022";"2022-07-15 15:00:54"
"2040";"Менеджер розсадника \"Зелені Янголи\"";"5";"65";"0";"0";"1";"Актуальне фото саджанця в горщику С3, станом на 06.07.2022";"2022-07-15 13:48:14"
"2039";"Менеджер розсадника \"Зелені Янголи\"";"5";"1340";"0";"0";"1";"Фото саджанця в горщику С2, зроблено 07.07.2022";"2022-07-15 13:46:54"
"2038";"Менеджер розсадника \"Зелені Янголи\"";"5";"1997";"0";"0";"1";"Актуальне фото саджанця в горщику С2, станом на 07.07.2022";"2022-07-15 13:43:36"
"2037";"Менеджер розсадника \"Зелені Янголи\"";"5";"1046";"0";"0";"1";"Актуальне фото саджанця в горщику С10, станом на 07.07.2022";"2022-07-15 13:42:02"
"2036";"Менеджер розсадника \"Зелені Янголи\"";"5";"1301";"0";"0";"1";"Фото саджанця в горщику С5, зроблено 07.07.2022";"2022-07-15 13:40:26"
"2035";"Менеджер розсадника \"Зелені Янголи\"";"5";"61";"0";"0";"1";"Актуальне фото саджанця в горщику С2, зроблено 07.07.2022.";"2022-07-15 13:38:15"
"2034";"Менеджер розсадника \"Зелені Янголи\"";"5";"1046";"0";"0";"1";"Фото саджанця в горщику С2, зроблено 07.07.2022";"2022-07-15 13:30:06"
"2033";"Менеджер розсадника \"Зелені Янголи\"";"5";"1217";"0";"0";"1";"Фото саджанця в горщику С2, зроблено 07.07.2022";"2022-07-15 13:28:47"
"2032";"Менеджер розсадника \"Зелені Янголи\"";"5";"1127";"0";"0";"1";"Фото саджанця в горщику С2, станом на 07.07.2022 ";"2022-07-15 13:25:38"
"2031";"Менеджер розсадника \"Зелені Янголи\"";"5";"1301";"0";"0";"1";"Фото саджанця в горщику С2, зроблено 07.07.2022";"2022-07-15 13:21:36"
"2030";"Менеджер розсадника \"Зелені Янголи\"";"5";"1981";"0";"0";"1";"Актуальне фото саджанця в горщику 2л, станом на 07.07.2022";"2022-07-15 13:20:23"
"2029";"Менеджер розсадника \"Зелені Янголи\"";"5";"1299";"0";"0";"1";"Актуальне фото саджанця в горзику С2, станом на 07.07.2022.";"2022-07-15 13:19:16"
"2028";"Менеджер розсадника \"Зелені Янголи\"";"5";"1267";"0";"0";"1";"Фото саджанця в горщику С2, зроблено 07.07.2022.";"2022-07-15 13:14:31"
"2027";"Менеджер розсадника \"Зелені Янголи\"";"5";"83";"0";"0";"1";"Фото саджанця в горщику С2, зроблено 07.07.2022";"2022-07-15 13:10:49"
"2026";"Менеджер розсадника \"Зелені Янголи\"";"5";"104";"0";"0";"1";"Актуальне фото саджанця в горщику С2, станом на 07.07.2022";"2022-07-15 13:09:34"
"2025";"Менеджер розсадника \"Зелені Янголи\"";"5";"1491";"0";"0";"1";"Актуальне фото саджанця в горщику С2, станом на 07.07.2022";"2022-07-15 13:03:32"
"2024";"Менеджер розсадника \"Зелені Янголи\"";"5";"1491";"0";"0";"1";"Актуальне фото саджанця в горщику С2, станом на 07.07.2022";"2022-07-15 13:02:15"
"2023";"Менеджер розсадника \"Зелені Янголи\"";"5";"1781";"0";"0";"1";"Актуальне фото саджанця в горщику С2, станом на 07.07.2022";"2022-07-15 13:00:48"
"2022";"Менеджер розсадника \"Зелені Янголи\"";"5";"1779";"0";"0";"1";"Актуальне фото саджанця в горщику С2, станом на 07.07.2022";"2022-07-15 12:59:34"
"2021";"Менеджер розсадника \"Зелені Янголи\"";"5";"1812";"0";"0";"1";"Актуальне фото саджанця в горщику С2, станом на 08.07.2022";"2022-07-15 12:47:44"
"2020";"Менеджер розсадника \"Зелені Янголи\"";"5";"1491";"0";"0";"1";"Актуальне фото саджанця в горщику Р9, станом на 08.07.2022";"2022-07-15 12:43:26"
"2019";"Менеджер розсадника \"Зелені Янголи\"";"5";"2242";"0";"0";"1";"Актуальне фото саджанця в горщику С2, станом на 08.07.2022";"2022-07-15 12:41:41"
"2016";"Менеджер розсадника \"Зелені Янголи\"";"5";"41";"0";"0";"1";"Актуальне фото саджанця в горщику С2, станом на 08.07.2022";"2022-07-15 12:34:40"
"2015";"Менеджер розсадника \"Зелені Янголи\"";"5";"74";"0";"0";"1";"Актуальне фото саджанця в горщику 2л, станом на 11.07.2022";"2022-07-15 12:26:36"
"2014";"Менеджер розсадника \"Зелені Янголи\"";"5";"1995";"0";"0";"1";"Актуальне фото саджанця в горщику С2, станом на 11.07.2022";"2022-07-15 12:24:42"
"2013";"Менеджер розсадника \"Зелені Янголи\"";"5";"2000";"0";"0";"1";"Актуальне фото саджанця в горщику С2, станом на 11.07.2022";"2022-07-15 12:23:00"
"2012";"Менеджер розсадника \"Зелені Янголи\"";"5";"1509";"0";"0";"1";"Актуальне фото саджанця в горщику С2, станом на 11.07.2022";"2022-07-15 12:21:23"
"2011";"Менеджер розсадника \"Зелені Янголи\"";"5";"1829";"0";"0";"1";"Актуальне фото саджанця в горщику С2, станом на 11.07.2022";"2022-07-15 12:19:00"
"2010";"Менеджер розсадника \"Зелені Янголи\"";"5";"1506";"0";"0";"1";"Актуальне фото саджанця в горщику С2, станом на 11.07.2022";"2022-07-15 12:07:32"
"2009";"Менеджер розсадника \"Зелені Янголи\"";"5";"1350";"0";"0";"1";"Актуальне фото саджанця в горщику С2, станом на 11.07.2022";"2022-07-15 12:05:23"
"2008";"Менеджер розсадника \"Зелені Янголи\"";"5";"64";"0";"0";"1";"Актуальне фото саджанця С2, станом на 11.07.2022";"2022-07-15 12:02:23"
"2007";"Менеджер розсадника \"Зелені Янголи\"";"5";"704";"0";"0";"1";"Актуальне фото саджанця в горщику С2, станом на 11.07.2022";"2022-07-15 12:00:28"
"2006";"Менеджер розсадника \"Зелені Янголи\"";"5";"2437";"0";"0";"1";"Актуальне фото саджанця на штамбі, станом на 11.07.2022";"2022-07-15 11:58:21"
"2005";"Менеджер розсадника \"Зелені Янголи\"";"5";"617";"0";"0";"1";"Актуальне фото саджанця в горщику С2, станом на 11.07.2022";"2022-07-15 11:55:19"
"2004";"Менеджер розсадника \"Зелені Янголи\"";"5";"2047";"0";"0";"1";"Актуальне фото саджанця в горщику С2, станом на 11.07.2022";"2022-07-15 11:53:11"
"2003";"Менеджер розсадника \"Зелені Янголи\"";"5";"1517";"0";"0";"1";"Актуальне фото саджанця в горщику С2, станом на 11.07.2022";"2022-07-15 11:51:50"
"2002";"Менеджер розсадника \"Зелені Янголи\"";"5";"1517";"0";"0";"1";"Актуальне фото саджанця в горщику С2, станом на 11.07.2022";"2022-07-15 11:49:21"
"2001";"Менеджер розсадника \"Зелені Янголи\"";"5";"2524";"0";"0";"1";"Актуальне фото саджанця в горщику С2, станом на 13.07.2022 ";"2022-07-15 11:47:17"
"1999";"Менеджер розсадника \"Зелені Янголи\"";"5";"1301";"0";"0";"1";"Актуальне фото саджанця в горщику С5, станом на 13.07.2022";"2022-07-15 11:42:16"
"1998";"Менеджер розсадника \"Зелені Янголи\"";"5";"1324";"0";"0";"1";"Актуальне фото саджанця в горщику С2, станом на 13.07.2022";"2022-07-15 11:36:43"
"1996";"Менеджер розсадника \"Зелені Янголи\"";"5";"1194";"0";"0";"1";"Актуальне фото саджанця в горщику С2, станом на 13.07.2022";"2022-07-15 11:32:34"
"1995";"Менеджер розсадника \"Зелені Янголи\"";"5";"11";"0";"0";"1";"Актуальне фото саджанця в горщику С2, станом на 13.07.2022";"2022-07-15 11:30:16"
"1993";"Менеджер розсадника \"Зелені Янголи\"";"5";"2174";"0";"0";"1";"Актуальне фото саджанця в горщику С2, станом на 13.07.2022";"2022-07-15 11:25:18"
"1990";"Менеджер розсадника \"Зелені Янголи\"";"5";"1220";"0";"0";"1";"Актуальне фото саджанця в горщику С5, станом на 13.07.2022";"2022-07-15 11:16:41"
"1989";"Менеджер розсадника \"Зелені Янголи\"";"5";"1755";"0";"0";"1";"Актуальне фото саджанця в горщику Р9, станом на ";"2022-07-15 11:15:12"
"1988";"Менеджер розсадника \"Зелені Янголи\"";"5";"1316";"0";"0";"1";"Актуальне фото саджанця в горщику Р9, станом на 13.07.2022";"2022-07-15 11:06:54"
"1987";"Менеджер розсадника \"Зелені Янголи\"";"5";"1734";"0";"0";"1";"Актуальне фото саджанця в горщику Р9, станом на 13.07.2022.";"2022-07-15 11:04:51"
"1986";"Менеджер розсадника \"Зелені Янголи\"";"5";"1319";"0";"0";"1";"Актуальне фото саджанця в горщику Р9, станом на 13.07.2022";"2022-07-15 11:02:42"
"1983";"Менеджер розсадника \"Зелені Янголи\"";"5";"2207";"0";"0";"1";"Актуальне фото саджанця в горщику Р9 станом на 13.07.2022";"2022-07-15 10:59:27"
"1981";"Менеджер розсадника \"Зелені Янголи\"";"5";"716";"0";"0";"1";"Актуальне фото саджанця в горщику Р9, станом на 13.07.2022";"2022-07-15 10:53:37"
"1980";"Менеджер розсадника \"Зелені Янголи\"";"5";"1315";"0";"0";"1";"Актуальне фото саджанця в горщику Р9, станом на 13.07.2022";"2022-07-15 10:49:26"
"1979";"Менеджер розсадника \"Зелені Янголи\"";"5";"104";"0";"0";"1";"Актуальне фото саджанця в горщику Р9, станом на 13.07.2022";"2022-07-15 10:47:45"
"1978";"Менеджер розсадника \"Зелені Янголи\"";"5";"614";"0";"0";"1";"Актуальне фото саджанця в горщику Р9, станом на 13.07.2022.";"2022-07-15 10:40:36"
"1977";"Менеджер розсадника \"Зелені Янголи\"";"5";"1946";"0";"0";"1";"Актуальне фото саджанця в горщику Р9, станом на 13.07.2022";"2022-07-15 10:35:14"
"1976";"Менеджер розсадника \"Зелені Янголи\"";"5";"2004";"0";"0";"1";"Актуальне фото саджанця у горщику 2л станом на 14.07.2022";"2022-07-15 10:32:32"
"1975";"Менеджер розсадника \"Зелені Янголи\"";"5";"21";"0";"0";"1";"Актуальне фото саджанця в горщику 2л, станом на 14.07.2022";"2022-07-15 10:30:21"
"1974";"Менеджер розсадника \"Зелені Янголи\"";"5";"1227";"0";"0";"1";"Актуальне фото саджанця в горщику Р9, станом на 14.07.2022";"2022-07-15 10:29:12"
"1973";"Менеджер розсадника \"Зелені Янголи\"";"5";"991";"0";"0";"1";"Актуальне фото саджанця у горщику 2л станом на 14.07.2022";"2022-07-15 10:27:10"
"1972";"Менеджер розсадника \"Зелені Янголи\"";"5";"1987";"0";"0";"1";"Актуальне фото саджанця в горщику 3л, станом на 14.07.2022";"2022-07-15 10:21:30"
"1971";"Менеджер розсадника \"Зелені Янголи\"";"5";"1107";"0";"0";"1";"Актуальне фото саджанця в горщику 3л, станом на 15.07.2022";"2022-07-15 10:19:13"
"1970";"Менеджер розсадника \"Зелені Янголи\"";"5";"1455";"0";"0";"1";"Актуальне фото саджанця у горщику 2л, станом на 14.07.2022";"2022-07-15 10:16:46"
"1969";"Ольга";"5";"1489";"0";"0";"1";"Чудовий сорт, купувала у вас Минудобрения літа)";"2022-07-13 18:40:39"
"1967";"Катерина";"5";"41";"0";"0";"1";"Отримала посилку з Лавандою. Все ідеально запаковано. Рослини у відмінному стані! Дякую. Рекомендую до співпраці!";"2022-07-07 09:53:37"
"1965";"Соломія Захарко";"5";"1752";"0";"0";"1";"Росте, гарний пухнастий кущик!) Правда, цього року не цвіте, надіюся, що наступного порадує пишними суцвіттями))";"2022-07-05 22:06:27"
"1963";"Олена";"5";"2245";"0";"0";"1";"Приваблива у ландшафті, квіти дуже яскраві та ароматні.
Купувала в серпні 2021, актуальне фото на сьогодні:
";"2022-07-03 19:38:19"
"1962";"Василинa";"5";"0";"0";"0";"1";"Дуже дякую за саджанці ,все гарно упаковане в горщиках і саджанці дуже гарні .
Рекомендую ";"2022-07-03 00:11:23"
"1961";"Наталья Логинова";"5";"0";"0";"0";"1";"Замовляла на сайті гортензію Лайтфаєр. Залишилась дуже задоволена. Рослина якісна, кущ більший ніж на фото, гарно запакована. Дякую!";"2022-06-30 20:13:15"
"1960";"Юлія";"5";"962";"0";"0";"1";"Придбала сосну в горщику 5л два місяці тому, рослина приїхала в ідеальному стані. Прижилась добре, всі свічечки стали гілочками. Рекомендую цей розсадник. Крім сосни ще взяла два кізильника, вони також вище всіляких похвал!!!";"2022-06-29 15:34:14"
"1959";"Асель";"5";"1318";"0";"0";"1";"Здравствуййте сможете ли вы отправить Пинию в казахстан: 
как у вас обстоят дела с логистикой";"2022-06-29 10:50:54"
"1956";"Віталій Бенько";"5";"0";"0";"0";"1";"Доброго дня,приїхала посилка яку я замовляв,не очікував такого результату,все гарно запаковано,ні одна рослина при транспортировці не постраждала,все завдяки віданні роботі працівникам,дякую Вам";"2022-06-25 13:24:04"
"1955";"Христосенко І.М.";"5";"1823";"0";"0";"1";"Отримала набір волотистих гортензій ,рослини прийшли дуже в гарному вигляді,добре запаковані,навіть ідеально,жодна рослинка не пошкодилася,вологі,спеку та дорогу пережили добре.Рослини просто чудові.Дуже дякую співробітникам розсадника 'Зелені янголи ' за чудову роботу.";"2022-06-24 14:24:36"
"1954";" Ирина";"5";"573";"0";"0";"1";"Просьба сообщить о поступлении Вероника ливанская. Спасибо. ";"2022-06-23 17:36:26"
"1952";"Анна";"5";"704";"0";"0";"1";"Залишилась надзвичайно задоволеною саджанцями та роботою співробітників розсадника!Рослини здорові,фото відповідають дійсності.Після замовлення передзвонили,уточнили,що Імперата ще має вкорінитися,тому треба почекати,або надіслати замовлення окремими посилками.Упаковано все було чудово,жодна рослинка при транспортуванні не пошкодилася.Дякую,тепер буду замовляти рослини у вас!";"2022-06-23 01:00:07"
"1951";"Тетяна Герасимова ";"1";"1299";"0";"0";"0";"Второй раз заказываю здесь гортензии в надежде получить красивые целые саженцы, но в итоге получаю с поломанными ветками и цветоносами. Рассадник свою вину не признает, хотя упаковку можно было бы и лучше сделать, чтобы не ломались верхушки растений. ";"2022-06-22 20:29:05"
"1945";"Тетяна Герасимова ";"1";"1801";"0";"0";"1";"К сожалению, вместо красивой цветущей гортензии, получила обчикрыженный куст. Не понимаю зачем их стричь летом, когда хочется любоваться цветением.";"2022-06-22 20:03:47"
"1944";"Тетяна Сердюк";"5";"64";"0";"0";"0";"Доброго дня. Можна фото Р9?";"2022-06-22 09:07:53"
"1941";"Менеджер розсадника \"Зелені Янголи\"";"5";"1704";"0";"0";"1";"Актуальне фото саджанця у горщику 2л  зроблене на розсаднику 'Зелені Янголи', середина червня 2022 р.";"2022-06-20 10:53:24"
"1940";"Менеджер розсадника \"Зелені Янголи\"";"5";"2286";"0";"0";"1";"Актуальне фото саджанця у горщику 2л  зроблене на розсаднику 'Зелені Янголи', середина червня 2022 р.";"2022-06-20 10:53:02"
"1938";"Менеджер розсадника \"Зелені Янголи\"";"5";"108";"0";"0";"1";"Актуальне фото саджанця у горщику р9  зроблене на розсаднику 'Зелені Янголи', середина червня 2022 р.";"2022-06-20 10:52:09"
"1937";"Менеджер розсадника \"Зелені Янголи\"";"5";"61";"0";"0";"1";"Актуальне фото саджанця у горщику 2л  зроблене на розсаднику 'Зелені Янголи', середина червня 2022 р.";"2022-06-20 10:51:39"
"1936";"Менеджер розсадника \"Зелені Янголи\"";"5";"2237";"0";"0";"1";"Актуальне фото саджанця у горщику 2л  зроблене на розсаднику 'Зелені Янголи', середина червня 2022 р.";"2022-06-20 10:51:14"
"1935";"Менеджер розсадника \"Зелені Янголи\"";"5";"2269";"0";"0";"1";"Актуальне фото саджанця у горщику 2л  зроблене на розсаднику 'Зелені Янголи', середина червня 2022 р.";"2022-06-20 10:50:52"
"1934";"Менеджер розсадника \"Зелені Янголи\"";"5";"2236";"0";"0";"1";"Актуальне фото саджанця у горщику 2л  зроблене на розсаднику 'Зелені Янголи', середина червня 2022 р.";"2022-06-20 10:50:27"
"1933";"Менеджер розсадника \"Зелені Янголи\"";"5";"2256";"0";"0";"1";"Актуальне фото саджанця у горщику 2л  зроблене на розсаднику 'Зелені Янголи', середина червня 2022 р.";"2022-06-20 10:49:54"
"1932";"Менеджер розсадника \"Зелені Янголи\"";"5";"1751";"0";"0";"1";"Актуальне фото саджанця у горщику 2л  зроблене на розсаднику 'Зелені Янголи', середина червня 2022 р.";"2022-06-20 10:49:18"
"1931";"Менеджер розсадника \"Зелені Янголи\"";"5";"2287";"0";"0";"1";"Актуальне фото саджанця у горщику 2л  зроблене на розсаднику 'Зелені Янголи', середина червня 2022 р.";"2022-06-20 10:48:33"
"1930";"Менеджер розсадника \"Зелені Янголи\"";"5";"2214";"0";"0";"1";"Актуальне фото саджанця у горщику 2л  зроблене на розсаднику 'Зелені Янголи', середина червня 2022 р.";"2022-06-20 10:48:08"
"1929";"Менеджер розсадника \"Зелені Янголи\"";"5";"1167";"0";"0";"1";"Актуальне фото саджанця у горщику 2л  зроблене на розсаднику 'Зелені Янголи', середина червня 2022 р.";"2022-06-20 10:47:36"
"1928";"Менеджер розсадника \"Зелені Янголи\"";"5";"2211";"0";"0";"1";"Актуальне фото саджанця у горщику 2л  зроблене на розсаднику 'Зелені Янголи', середина червня 2022 р.";"2022-06-20 10:47:06"
"1927";"Менеджер розсадника \"Зелені Янголи\"";"5";"2308";"0";"0";"1";"Актуальне фото саджанця у горщику 2л  зроблене на розсаднику 'Зелені Янголи', середина червня 2022 р.";"2022-06-20 10:46:34"
"1926";"Менеджер розсадника \"Зелені Янголи\"";"5";"1983";"0";"0";"1";"Актуальне фото саджанця у горщику 2л  зроблене на розсаднику 'Зелені Янголи', середина червня 2022 р.";"2022-06-20 10:45:45"
"1925";"Менеджер розсадника \"Зелені Янголи\"";"5";"2361";"0";"0";"1";"Актуальне фото саджанця у горщику 2л  зроблене на розсаднику 'Зелені Янголи', середина червня 2022 р.";"2022-06-20 10:45:05"
"1924";"Менеджер розсадника \"Зелені Янголи\"";"5";"2284";"0";"0";"1";"Актуальне фото саджанця у горщику 2л  зроблене на розсаднику 'Зелені Янголи', середина червня 2022 р.";"2022-06-20 10:44:38"
"1923";"Менеджер розсадника \"Зелені Янголи\"";"5";"2283";"0";"0";"1";"Актуальне фото саджанця у горщику 2л  зроблене на розсаднику 'Зелені Янголи', середина червня 2022 р.";"2022-06-20 10:44:16"
"1922";"Менеджер розсадника \"Зелені Янголи\"";"5";"2293";"0";"0";"1";"Актуальне фото саджанця у горщику 2л  зроблене на розсаднику 'Зелені Янголи', середина червня 2022 р.";"2022-06-20 10:43:53"
"1921";"Менеджер розсадника \"Зелені Янголи\"";"5";"2324";"0";"0";"1";"Актуальне фото саджанця у горщику 2л  зроблене на розсаднику 'Зелені Янголи', середина червня 2022 р.";"2022-06-20 10:43:28"
"1920";"Менеджер розсадника \"Зелені Янголи\"";"5";"2328";"0";"0";"1";"Актуальне фото саджанця у горщику 2л  зроблене на розсаднику 'Зелені Янголи', середина червня 2022 р.";"2022-06-20 10:42:52"
"1939";"Менеджер розсадника "Зелені Янголи"";"5";"111";"0";"0";"1";"Актуальне фото саджанця у горщику р9 зроблене на розсаднику 'Зелені Янголи', середина червня 2022 р.";"2022-06-20 00:00:00"
"1918";"Ольга Ющенко";"5";"0";"0";"0";"1";"Сьогодні отримала свою гортензію  волотисту 'Ванілле Фрайз', я просто в захваті, зелений, гарний садженець, навіть у Житомир вологий прийшов. Я дуже дуже дякую Вам!!";"2022-06-17 18:20:41"
"1915";"Менеджер розсадника \"Зелені Янголи\"";"5";"73";"0";"0";"1";"Актуальне фото саджанця у горщику р9 станом на середину червня 2022.";"2022-06-16 11:35:30"
"1914";"Менеджер розсадника \"Зелені Янголи\"";"5";"1740";"0";"0";"1";"Актуальне фото саджанця у горщику р9 станом на середину червня 2022.";"2022-06-16 11:34:50"
"1913";"Менеджер розсадника \"Зелені Янголи\"";"5";"62";"0";"0";"1";"Актуальне фото саджанця у горщику р9 станом на середину червня 2022.";"2022-06-16 11:33:36"
"1912";"Менеджер розсадника \"Зелені Янголи\"";"5";"1350";"0";"0";"1";"Актуальне фото саджанця у горщику р9 станом на середину червня 2022.";"2022-06-16 11:32:52"
"1911";"Менеджер розсадника \"Зелені Янголи\"";"5";"1998";"0";"0";"1";"Актуальне фото саджанця у горщику р9 станом на середину червня 2022.";"2022-06-16 11:31:41"
"1910";"Менеджер розсадника \"Зелені Янголи\"";"5";"1375";"0";"0";"1";"Актуальне фото саджанця у горщику р9 станом на середину червня 2022.";"2022-06-16 11:29:50"
"1909";"Менеджер розсадника \"Зелені Янголи\"";"5";"980";"0";"0";"1";"Актуальне фото саджанця у горщику р9 станом на середину червня 2022.";"2022-06-16 11:29:04"
"1908";"Менеджер розсадника \"Зелені Янголи\"";"5";"556";"0";"0";"1";"Актуальне фото саджанця у горщику р9 станом на середину червня 2022.";"2022-06-16 11:28:09"
"1907";"Менеджер розсадника \"Зелені Янголи\"";"5";"629";"0";"0";"1";"Актуальне фото саджанця у горщику р9 станом на середину червня 2022.";"2022-06-16 11:26:26"
"1906";"Менеджер розсадника \"Зелені Янголи\"";"5";"632";"0";"0";"1";"Актуальне фото саджанця у горщику р9 станом на середину червня 2022.";"2022-06-16 11:25:44"
"1905";"Менеджер розсадника \"Зелені Янголи\"";"5";"1943";"0";"0";"1";"Актуальне фото саджанця у горщику р9 станом на середину червня 2022.";"2022-06-16 11:24:57"
"1904";"Менеджер розсадника \"Зелені Янголи\"";"5";"1357";"0";"0";"1";"Актуальне фото саджанця у горщику р9 станом на середину червня 2022.";"2022-06-16 11:24:01"
"1903";"Менеджер розсадника \"Зелені Янголи\"";"5";"446";"0";"0";"1";"Актуальне фото саджанця у горщику р9 станом на середину червня 2022.";"2022-06-16 11:23:25"
"1902";"Менеджер розсадника \"Зелені Янголи\"";"5";"33";"0";"0";"1";"Актуальне фото саджанця у горщику р9 станом на середину червня 2022.";"2022-06-16 11:22:47"
"1901";"Менеджер розсадника \"Зелені Янголи\"";"5";"1213";"0";"0";"1";"Актуальне фото саджанця у горщику р9 станом на середину червня 2022.";"2022-06-16 11:21:47"
"1900";"Менеджер розсадника \"Зелені Янголи\"";"5";"1821";"0";"0";"1";"Актуальне фото саджанця у горщику р9 станом на середину червня 2022.";"2022-06-16 11:21:06"
"1899";"Менеджер розсадника \"Зелені Янголи\"";"5";"27";"0";"0";"1";"Актуальне фото саджанця у горщику р9 станом на середину червня 2022.";"2022-06-16 11:20:22"
"1898";"Менеджер розсадника \"Зелені Янголи\"";"5";"1204";"0";"0";"1";"Актуальне фото саджанця у горщику р9 станом на середину червня 2022.";"2022-06-16 11:19:31"
"1897";"Менеджер розсадника \"Зелені Янголи\"";"5";"1755";"0";"0";"1";"Актуальне фото саджанця у горщику р9 станом на середину червня 2022.";"2022-06-16 11:18:42"
"1896";"Менеджер розсадника \"Зелені Янголи\"";"5";"1754";"0";"0";"1";"Актуальне фото саджанця у горщику р9 станом на середину червня 2022.";"2022-06-16 11:17:44"
"1895";"Менеджер розсадника \"Зелені Янголи\"";"5";"1491";"0";"0";"1";"Актуальне фото саджанця у горщику р9 станом на середину червня 2022.";"2022-06-16 11:16:32"
"1894";"Менеджер розсадника \"Зелені Янголи\"";"5";"1377";"0";"0";"1";"Актуальне фото саджанця у горщику р9 станом на середину червня 2022.";"2022-06-16 11:15:41"
"1893";"Менеджер розсадника \"Зелені Янголи\"";"5";"1812";"0";"0";"1";"Актуальне фото саджанця у горщику р9 станом на середину червня 2022.";"2022-06-16 11:14:51"
"1892";"Менеджер розсадника \"Зелені Янголи\"";"5";"1781";"0";"0";"1";"Актуальне фото саджанця у горщику р9 станом на середину червня 2022.";"2022-06-16 11:14:06"
"1891";"Менеджер розсадника \"Зелені Янголи\"";"5";"1299";"0";"0";"1";"Актуальне фото саджанця у горщику р9 станом на середину червня 2022.";"2022-06-16 11:12:56"
"1890";"Менеджер розсадника \"Зелені Янголи\"";"5";"58";"0";"0";"1";"Актуальне фото саджанця у горщику р9 станом на середину червня 2022.";"2022-06-16 11:12:11"
"1889";"Менеджер розсадника \"Зелені Янголи\"";"5";"1734";"0";"0";"1";"Актуальне фото саджанця у горщику р9 станом на середину червня 2022.";"2022-06-16 11:11:28"
"1888";"Менеджер розсадника \"Зелені Янголи\"";"5";"1316";"0";"0";"1";"Актуальне фото саджанця у горщику р9 станом на середину червня 2022.";"2022-06-16 11:10:30"
"1887";"Менеджер розсадника \"Зелені Янголи\"";"5";"1233";"0";"0";"1";"Актуальне фото саджанця у горщику р9 станом на середину червня 2022.";"2022-06-16 11:09:36"
"1886";"Менеджер розсадника \"Зелені Янголи\"";"5";"1126";"0";"0";"1";"Актуальне фото саджанця у горщику р9 станом на середину червня 2022.";"2022-06-16 11:08:38"
"1885";"Менеджер розсадника \"Зелені Янголи\"";"5";"639";"0";"0";"1";"Актуальне фото саджанця у горщику р9 станом на середину червня 2022.";"2022-06-16 11:00:53"
"1883";"Світлана";"5";"0";"0";"0";"1";"Замовляля два рази. Рослини прийшли просто чудові. Запаковані ідеально. З усих магазинів в яких робила замовлення цей безперечно найкращий!";"2022-06-15 16:59:09"
"1882";"Олександр";"5";"1449";"0";"0";"1";"Спасибі велике, саджанці прийшли швидко та у високій якості.";"2022-06-13 11:05:13"
"1881";"Oлена Сич";"5";"111";"0";"0";"1";"дякую. замовляла вперше. саджанці сподобались. посадила. буду чекати, поки виросте моя зелена огорожа:)
";"2022-06-13 08:53:02"
"1880";"Ольга";"5";"0";"0";"0";"1";"Щиро дякую за рослинки. Вони розкішні. Самі рослинки та обслуговування на найвищому рівні. Всьому колективу Зелених Янголів міцного здоров'я, мирного неба та всіх земних гараздів.";"2022-06-10 22:38:37"
"1878";"Менеджер розсадника \"Зелені Янголи\"";"5";"62";"0";"0";"1";"Актуальне фото саджанця у горщику 2л станом на червень 2022.";"2022-06-10 12:10:04"
"1877";"Менеджер розсадника \"Зелені Янголи\"";"5";"631";"0";"0";"1";"Актуальне фото саджанця у горщику 2л станом на червень 2022.";"2022-06-10 12:05:29"
"1876";"Менеджер розсадника \"Зелені Янголи\"";"5";"682";"0";"0";"1";"Актуальне фото саджанця у горщику 2л станом на червень 2022.";"2022-06-10 12:03:42"
"1875";"Менеджер розсадника \"Зелені Янголи\"";"5";"1071";"0";"0";"1";"Актуальне фото саджанця у горщику 2л станом на червень 2022.";"2022-06-10 12:01:59"
"1874";"Менеджер розсадника \"Зелені Янголи\"";"5";"1363";"0";"0";"1";"Актуальне фото саджанця у горщику 2л станом на червень 2022.";"2022-06-10 11:34:36"
"1873";"Менеджер розсадника \"Зелені Янголи\"";"5";"816";"0";"0";"1";"Актуальне фото саджанця у горщику 2л станом на червень 2022.";"2022-06-10 11:32:05"
"1872";"Менеджер розсадника \"Зелені Янголи\"";"5";"680";"0";"0";"1";"Актуальне фото саджанця у горщику 2л станом на червень 2022.";"2022-06-10 11:31:20"
"1871";"Менеджер розсадника \"Зелені Янголи\"";"5";"812";"0";"0";"1";"Актуальне фото саджанця у горщику 2л станом на червень 2022.";"2022-06-10 11:30:21"
"1870";"Менеджер розсадника \"Зелені Янголи\"";"5";"814";"0";"0";"1";"Актуальне фото саджанця у горщику 2л станом на червень 2022.";"2022-06-10 11:29:22"
"1869";"Менеджер розсадника \"Зелені Янголи\"";"5";"101";"0";"0";"1";"Актуальне фото саджанця у горщику 2л станом на червень 2022.";"2022-06-10 11:28:18"
"1868";"Менеджер розсадника \"Зелені Янголи\"";"5";"1005";"0";"0";"1";"Актуальне фото саджанця у горщику 2л станом на червень 2022.";"2022-06-10 11:27:04"
"1867";"Менеджер розсадника \"Зелені Янголи\"";"5";"826";"0";"0";"1";"Актуальне фото саджанця у горщику 2л станом на червень 2022.";"2022-06-10 11:25:59"
"1866";"Менеджер розсадника \"Зелені Янголи\"";"5";"2301";"0";"0";"1";"Актуальне фото саджанця у горщику 2л станом на червень 2022.";"2022-06-10 11:25:15"
"1865";"Менеджер розсадника \"Зелені Янголи\"";"5";"583";"0";"0";"1";"Актуальне фото саджанця у горщику 2л станом на червень 2022.";"2022-06-10 11:23:25"
"1864";"Менеджер розсадника \"Зелені Янголи\"";"5";"2175";"0";"0";"1";"Актуальне фото саджанця у горщику 2л станом на червень 2022.";"2022-06-10 11:22:11"
"1863";"Менеджер розсадника \"Зелені Янголи\"";"5";"1352";"0";"0";"1";"Актуальне фото саджанця у горщику 2л станом на червень 2022.";"2022-06-10 11:20:36"
"1861";"Менеджер розсадника \"Зелені Янголи\"";"5";"964";"0";"0";"1";"Актуальне фото саджанця у горщику 2л станом на червень 2022.";"2022-06-10 11:17:30"
"1860";"Менеджер розсадника \"Зелені Янголи\"";"5";"693";"0";"0";"1";"Актуальне фото саджанця у горщику 2л станом на червень 2022.";"2022-06-10 11:16:09"
"1859";"Менеджер розсадника \"Зелені Янголи\"";"5";"115";"0";"0";"1";"Актуальне фото саджанця у горщику 2л станом на червень 2022.";"2022-06-10 11:15:14"
"1858";"Менеджер розсадника \"Зелені Янголи\"";"5";"617";"0";"0";"1";"Актуальне фото саджанця у горщику 2л станом на червень 2022.";"2022-06-10 11:14:13"
"1857";"Менеджер розсадника \"Зелені Янголи\"";"5";"1969";"0";"0";"1";"Актуальне фото саджанця у горщику 2л станом на червень 2022.";"2022-06-10 11:13:06"
"1856";"Менеджер розсадника \"Зелені Янголи\"";"5";"1997";"0";"0";"1";"Актуальне фото саджанця у горщику 2л станом на червень 2022.";"2022-06-10 11:12:16"
"1855";"Менеджер розсадника \"Зелені Янголи\"";"5";"2195";"0";"0";"1";"Актуальне фото саджанця у горщику 2л станом на червень 2022.";"2022-06-10 11:11:23"
"1854";"Менеджер розсадника \"Зелені Янголи\"";"5";"30";"0";"0";"1";"Актуальне фото саджанця у горщику 2л станом на червень 2022.";"2022-06-10 11:04:35"
"1853";"Менеджер розсадника \"Зелені Янголи\"";"5";"1940";"0";"0";"1";"Актуальне фото саджанця у горщику 2л станом на червень 2022.";"2022-06-10 11:03:02"
"1852";"Менеджер розсадника \"Зелені Янголи\"";"5";"980";"0";"0";"1";"Актуальне фото саджанця у горщику 2л станом на червень 2022.";"2022-06-10 11:02:05"
"1851";"Менеджер розсадника \"Зелені Янголи\"";"5";"83";"0";"0";"1";"Актуальне фото саджанця у горщику 2л станом на червень 2022.";"2022-06-10 11:00:33"
"1850";"Менеджер розсадника \"Зелені Янголи\"";"5";"564";"0";"0";"1";"Актуальне фото саджанця у горщику  р9 станом на червень 2022.";"2022-06-10 10:59:07"
"1849";"Менеджер розсадника \"Зелені Янголи\"";"5";"1783";"0";"0";"1";"Актуальне фото саджанця у горщику 2л станом на червень 2022 року";"2022-06-10 10:55:05"
"1848";"Менеджер розсадника \"Зелені Янголи\"";"5";"41";"0";"0";"1";"Актуальне фото саджанця у горщику 2л станом на червень 2022.";"2022-06-10 10:52:19"
"1847";"Менеджер розсадника \"Зелені Янголи\"";"5";"660";"0";"0";"1";"Актуальне фото саджанця у горщику 5л станом на червень 2022.";"2022-06-10 10:50:03"
"1846";"Менеджер розсадника \"Зелені Янголи\"";"5";"1351";"0";"0";"1";"Актуальне фото саджанця у горщику 2л станом на червень 2022.";"2022-06-10 10:48:13"
"1845";"Менеджер розсадника \"Зелені Янголи\"";"5";"74";"0";"0";"1";"Актуальне фото саджанця у горщику 2л станом на червень 2022.";"2022-06-10 10:46:30"
"1844";"Менеджер розсадника \"Зелені Янголи\"";"5";"2322";"0";"0";"1";"Актуальне фото саджанця у горщику 2л станом на червень 2022.";"2022-06-10 10:45:10"
"1843";"Менеджер розсадника \"Зелені Янголи\"";"5";"2325";"0";"0";"1";"Актуальне фото саджанця у горщику 2л станом на червень 2022.";"2022-06-10 10:44:38"
"1842";"Менеджер розсадника \"Зелені Янголи\"";"5";"1753";"0";"0";"1";"Актуальне фото саджанця у горщику 2л станом на червень 2022.";"2022-06-10 10:43:16"
"1841";"Менеджер розсадника \"Зелені Янголи\"";"5";"1023";"0";"0";"1";"Актуальне фото саджанця у горщику 2л станом на червень 2022.";"2022-06-10 10:41:14"
"1840";"Менеджер розсадника \"Зелені Янголи\"";"5";"1489";"0";"0";"1";"Актуальне фото саджанця у горщику 2л станом на червень 2022.";"2022-06-10 10:40:18"
"1839";"Менеджер розсадника \"Зелені Янголи\"";"5";"1300";"0";"0";"1";"Актуальне фото саджанця у горщику 2л станом на червень 2022.";"2022-06-10 10:38:42"
"1838";"Менеджер розсадника \"Зелені Янголи\"";"5";"2361";"0";"0";"1";"Актуальне фото саджанця у горщику 2л станом на червень 2022.";"2022-06-10 10:37:47"
"1837";"Менеджер розсадника \"Зелені Янголи\"";"5";"2293";"0";"0";"1";"Актуальне фото саджанця у горщику 2л станом на червень 2022.";"2022-06-10 10:37:15"
"1836";"Менеджер розсадника \"Зелені Янголи\"";"5";"1507";"0";"0";"1";"Актуальне фото саджанця у горщику 2л станом на червень 2022.";"2022-06-10 10:35:37"
"1835";"Менеджер розсадника \"Зелені Янголи\"";"5";"1829";"0";"0";"1";"Актуальне фото саджанця у горщику 2л станом на червень 2022.";"2022-06-10 10:34:58"
"1834";"Менеджер розсадника \"Зелені Янголи\"";"5";"1341";"0";"0";"1";"Актуальне фото саджанця у горщику 2л станом на червень 2022.";"2022-06-10 10:33:21"
"1833";"Менеджер розсадника \"Зелені Янголи\"";"5";"1179";"0";"0";"1";"Актуальне фото саджанця у горщику 2л станом на червень 2022.";"2022-06-10 10:21:26"
"1832";"Менеджер розсадника \"Зелені Янголи\"";"5";"18";"0";"0";"1";"Актуальне фото саджанця у горщику 2л станом на червень 2022.";"2022-06-10 10:20:12"
"1831";"Менеджер розсадника \"Зелені Янголи\"";"5";"1340";"0";"0";"1";"Актуальне фото саджанця у горщику 2л станом на червень 2022.";"2022-06-10 10:19:05"
"1830";"Менеджер розсадника \"Зелені Янголи\"";"5";"11";"0";"0";"1";"Актуальне фото саджанця у горщику 2л станом на червень 2022.";"2022-06-10 10:18:05"
"1829";"Юлія  Тарабаса";"5";"1127";"0";"0";"1";"Дякую! Купувала в р9. Гарно прижилася і хоче квітнути.";"2022-06-09 18:10:35"
"1827";"Олена";"5";"984";"0";"0";"1";"Отримала цю рослинку у подарунок до замовлення і хочу сказати, що вражена як величиною, якістю саджанця так і самою квіткою ???????? я тепер хочу його скрізь у своєму садочку насадити і милуватися. Чудово поєднався із веронікою, лавандою та трояндою ???? ДЯКУЮ ❤️❤️❤️";"2022-06-08 11:27:07"
"1826";"Юрій";"5";"103";"0";"0";"0";"Галімий сорт, слабка коренева система, здуває вітер.";"2022-06-06 22:06:40"
"1825";"Алла ";"3";"614";"0";"0";"1";"Жахливі прийшли рослинки, немає бажання таке висаджувати((( Чи реально щось із цими страшилками зробити , щоб ними милуватися в майбутньому... Ось так виглядають 'рослини з душею'  - очикування (фото від менеджера на сайті) та реальність (фото додається)  (три зірки за голі гілки, але хоч живі і не зламані прийшли)";"2022-06-06 00:00:00"
"1822";"Менеджер розсадника \"Зелені Янголи\"";"5";"1938";"0";"0";"1";"Типове фото саджанця у горщику 2л станом на кінець травня.";"2022-06-01 13:18:36"
"1821";"Менеджер розсадника \"Зелені Янголи\"";"5";"820";"0";"0";"1";"Типове фото саджанця у горщику 2л станом на кінець травня.																		
																										";"2022-06-01 13:17:15"
"1820";"Менеджер розсадника \"Зелені Янголи\"";"5";"100";"0";"0";"1";"Типове фото саджанця у горщику 2л станом на кінець травня.";"2022-06-01 13:03:54"
"1818";"Менеджер розсадника \"Зелені Янголи\"";"5";"2040";"0";"0";"1";"Типове фото саджанця у горщику 2л станом на кінець травня.";"2022-06-01 13:02:01"
"1817";"Менеджер розсадника \"Зелені Янголи\"";"5";"582";"0";"0";"1";"Типове фото саджанця у горщику 2л станом на кінець травня.";"2022-06-01 13:01:11"
"1816";"Менеджер розсадника \"Зелені Янголи\"";"5";"2164";"0";"0";"1";"Типове фото саджанця у горщику 2л станом на кінець травня.";"2022-06-01 12:59:58"
"1815";"Менеджер розсадника \"Зелені Янголи\"";"5";"1955";"0";"0";"1";"Типове фото саджанця у горщику 2л станом на кінець травня.";"2022-06-01 12:54:30"
"1813";"Менеджер розсадника \"Зелені Янголи\"";"5";"1801";"0";"0";"1";"Типове фото саджанця у горщику 2л станом на кінець травня.";"2022-06-01 12:52:08"
"1812";"Менеджер розсадника \"Зелені Янголи\"";"5";"1779";"0";"0";"1";"Типове фото саджанця у горщику 2л станом на кінець травня.";"2022-06-01 12:51:12"
"1811";"Менеджер розсадника \"Зелені Янголи\"";"5";"1812";"0";"0";"1";"Типове фото саджанця у горщику 2л станом на кінець травня.";"2022-06-01 12:50:19"
"1810";"Володимир";"5";"640";"0";"0";"1";"Лігіструм приїхав в чудовому стані, виглядає надзвичайно красиво, пакування і якість рослин, як завжди, на вищому рівні . ";"2022-06-01 12:38:03"
"1809";"Менеджер розсадника \"Зелені Янголи\"";"5";"2323";"0";"0";"1";"Типове фото саджанця у горщику 2л станом на кінець травня.";"2022-06-01 10:47:21"
"1808";"Менеджер розсадника \"Зелені Янголи\"";"5";"1352";"0";"0";"1";"Типове фото саджанця у горщику 5л станом на кінець травня.";"2022-06-01 10:46:19"
"1807";"Менеджер розсадника \"Зелені Янголи\"";"5";"1957";"0";"0";"1";"Типове фото саджанця у горщику 2л станом на кінець травня.";"2022-06-01 10:43:59"
"1806";"Менеджер розсадника \"Зелені Янголи\"";"5";"2261";"0";"0";"1";"Типове фото саджанця у горщику 2л станом на кінець травня.";"2022-06-01 10:43:04"
"1805";"Менеджер розсадника \"Зелені Янголи\"";"5";"1959";"0";"0";"1";"Типове фото саджанця у горщику 2л станом на кінець травня.";"2022-06-01 10:42:09"
"1804";"Менеджер розсадника \"Зелені Янголи\"";"5";"1960";"0";"0";"1";"Типове фото саджанця у горщику 2л станом на кінець травня.";"2022-06-01 10:41:12"
"1803";"Менеджер розсадника \"Зелені Янголи\"";"5";"1177";"0";"0";"1";"Типове фото саджанця у горщику 2л станом на кінець травня.";"2022-06-01 10:39:48"
"1802";"Людмила";"5";"111";"0";"0";"1";"Нарешті особисто для мене з'явився еталон якості серед постачальників рослин. Це розплідник 'Зелені Янголи'. Замовлення було доволі великим. Янголи організували індивідуальну доставку. Саджанці туї, ялівця  повністю відповідають заявленим розмірам. Бонус від Янголів у вигляді подарованих додаткових декоративних рослин приємно здивував. Обовязково повернусь з новими замовленням.
Дякую Янголам!
Слава України!";"2022-05-31 15:48:29"
"1801";"Менеджер розсадника \"Зелені Янголи\"";"5";"631";"0";"0";"1";"Типове фото саджанця у горщику 2л станом на кінець травня.";"2022-05-31 11:49:46"
"1800";"Менеджер розсадника \"Зелені Янголи\"";"5";"814";"0";"0";"1";"Типове фото саджанця у горщику 2л станом на кінець травня.";"2022-05-31 11:49:12"
"1799";"Менеджер розсадника \"Зелені Янголи\"";"5";"2437";"0";"0";"1";"Типове фото саджанця на штамбі на кінець травня.";"2022-05-31 11:48:23"
"1798";"Менеджер розсадника \"Зелені Янголи\"";"5";"1493";"0";"0";"1";"Типове фото саджанця на штамбі  станом на кінець травня.";"2022-05-31 11:46:45"
"1797";"Менеджер розсадника \"Зелені Янголи\"";"5";"567";"0";"0";"1";"Типове фото саджанця у горщику р9 станом на кінець травня.";"2022-05-31 11:45:45"
"1796";"Менеджер розсадника \"Зелені Янголи\"";"5";"572";"0";"0";"1";"Типове фото саджанця у горщику  р9 станом на кінець травня.";"2022-05-31 11:45:09"
"1795";"Менеджер розсадника \"Зелені Янголи\"";"5";"1704";"0";"0";"1";"Типове фото саджанця у горщику 2л станом на кінець травня.";"2022-05-31 11:43:18"
"1794";"Менеджер розсадника \"Зелені Янголи\"";"5";"837";"0";"0";"1";"Типове фото саджанця  з грунту 60-70 см заввишки станом на кінець травня.";"2022-05-31 11:41:02"
"1793";"Менеджер розсадника \"Зелені Янголи\"";"5";"962";"0";"0";"1";"Типове фото саджанця у горщику 2л станом на кінець травня.";"2022-05-31 11:39:15"
"1792";"Менеджер розсадника \"Зелені Янголи\"";"5";"1821";"0";"0";"1";"Типове фото саджанця у горщику 2л станом на кінець травня.";"2022-05-31 11:37:54"
"1791";"Менеджер розсадника \"Зелені Янголи\"";"5";"85";"0";"0";"1";"Типове фото саджанця у горщику 2л станом на кінець травня.";"2022-05-31 11:36:13"
"1790";"Менеджер розсадника \"Зелені Янголи\"";"5";"2322";"0";"0";"1";"Типове фото саджанця у горщику 2л станом на кінець травня.";"2022-05-31 11:35:12"
"1789";"Менеджер розсадника \"Зелені Янголи\"";"5";"1984";"0";"0";"1";"Типове фото саджанця у горщику 2л станом на кінець травня.";"2022-05-31 11:33:23"
"1788";"Менеджер розсадника \"Зелені Янголи\"";"5";"1753";"0";"0";"1";"Типове фото саджанця у горщику 2л станом на кінець травня.";"2022-05-31 11:32:21"
"1787";"Менеджер розсадника \"Зелені Янголи\"";"5";"1020";"0";"0";"1";"Типове фото саджанця у горщику 2л станом на кінець травня.";"2022-05-31 11:25:56"
"1786";"Менеджер розсадника \"Зелені Янголи\"";"5";"1020";"0";"0";"1";"Типове фото саджанця у горщику 2л станом на кінець травня.";"2022-05-31 11:24:02"
"1785";"Менеджер розсадника \"Зелені Янголи\"";"5";"672";"0";"0";"1";"Типове фото саджанця у горщику 2л станом на кінець травня.";"2022-05-31 11:23:16"
"1784";"Менеджер розсадника \"Зелені Янголи\"";"5";"1800";"0";"0";"1";"Типове фото саджанця у горщику 2л станом на кінець травня.";"2022-05-31 11:21:53"
"1783";"Менеджер розсадника \"Зелені Янголи\"";"5";"1046";"0";"0";"1";"Типове фото саджанця у горщику 2л станом на кінець травня.";"2022-05-31 11:20:43"
"1782";"Менеджер розсадника \"Зелені Янголи\"";"5";"1267";"0";"0";"1";"Типове фото саджанця у горщику 2л станом на кінець травня.";"2022-05-31 11:19:41"
"1781";"Менеджер розсадника \"Зелені Янголи\"";"5";"1022";"0";"0";"1";"Типове фото саджанця у горщику 2л станом на кінець травня.";"2022-05-31 11:16:13"
"1780";"Менеджер розсадника \"Зелені Янголи\"";"5";"2294";"0";"0";"1";"Типове фото саджанця у горщику 2л станом на кінець травня.";"2022-05-31 11:14:44"
"1779";"Менеджер розсадника \"Зелені Янголи\"";"5";"1299";"0";"0";"1";"Типове фото саджанця у горщику 2л станом на кінець травня.";"2022-05-31 11:14:03"
"1778";"Менеджер розсадника \"Зелені Янголи\"";"5";"1752";"0";"0";"1";"Типове фото саджанця у горщику 2л станом на кінець травня.";"2022-05-31 11:12:58"
"1777";"Менеджер розсадника \"Зелені Янголи\"";"5";"58";"0";"0";"1";"Типове фото саджанця у горщику 2л станом на кінець травня.";"2022-05-31 11:11:38"
"1776";"Менеджер розсадника \"Зелені Янголи\"";"5";"2124";"0";"0";"1";"Типове фото саджанця у горщику р9 станом на кінець травня.";"2022-05-31 11:10:24"
"1775";"Менеджер розсадника \"Зелені Янголи\"";"5";"2123";"0";"0";"1";"Типове фото саджанця у горщику р9  станом на кінець травня.";"2022-05-31 11:09:28"
"1774";"Менеджер розсадника \"Зелені Янголи\"";"5";"115";"0";"0";"1";"Типове фото саджанця у горщику 2л станом на кінець травня.";"2022-05-31 11:08:34"
"1772";"Менеджер розсадника \"Зелені Янголи\"";"5";"1377";"0";"0";"1";"Типове фото саджанця у горщику 2л станом на кінець травня.";"2022-05-31 10:41:30"
"1771";"Олена Євдокимова";"5";"0";"0";"0";"1";"Заказ делала из-за того, что очень хотела  ДЕЙЦИЯ ИЗЯЩНАЯ 'ВАРИЕГАТА'. Был ранее двулетний кустик, но мне ее скосили нечаянно. И, ествественно, как цветовод коллекционер, попутно заказала еще несколько позиций.
Заказ на этом сайте делался впервые.
Я в восторге! Растения роскошные, приехали в идеальном состоянии.";"2022-05-27 18:58:49"
"1770";"Менеджер розсадника \"Зелені Янголи\"";"5";"682";"0";"0";"1";"Фото саджанця у горщику 2л станом на кінець травня.";"2022-05-26 11:28:17"
"1769";"Менеджер розсадника \"Зелені Янголи\"";"5";"37";"0";"0";"1";"Фото саджанця у горщику 2л станом на кінець травня.";"2022-05-26 11:25:47"
"1768";"Менеджер розсадника \"Зелені Янголи\"";"5";"0";"0";"0";"1";"Фото саджанця у горщику 2л станом на кінець травня.";"2022-05-26 11:24:21"
"1767";"Менеджер розсадника \"Зелені Янголи\"";"5";"1346";"0";"0";"1";"Фото саджанця у горщику 2л станом на кінець травня.";"2022-05-26 11:22:27"
"1766";"Менеджер розсадника \"Зелені Янголи\"";"5";"1517";"0";"0";"1";"Фото саджанця у горщику 2л станом на кінець травня.";"2022-05-26 11:20:49"
"1765";"Менеджер розсадника \"Зелені Янголи\"";"5";"1818";"0";"0";"1";"Фото саджанця у горщику 2л станом на кінець травня.";"2022-05-26 11:17:34"
"1764";"Менеджер розсадника \"Зелені Янголи\"";"5";"925";"0";"0";"1";"Фото саджанця у горщику 2л станом на кінець травня.";"2022-05-26 11:15:35"
"1763";"Менеджер розсадника \"Зелені Янголи\"";"5";"57";"0";"0";"1";"Фото саджанця у горщику 2л станом на кінець травня.";"2022-05-26 11:13:48"
"1762";"Менеджер розсадника \"Зелені Янголи\"";"5";"2362";"0";"0";"1";"Фото саджанця у горщику 2л станом на кінець травня.";"2022-05-26 11:12:11"
"1761";"Менеджер розсадника \"Зелені Янголи\"";"5";"2315";"0";"0";"1";"Sedum telephium 'Raspberry Truffle', Очиток звичайний 'Распбері Трафл'";"2022-05-26 11:06:01"
"1760";"Менеджер розсадника \"Зелені Янголи\"";"5";"2361";"0";"0";"1";"Фото саджанця у горщику 2л станом на кінець травня.";"2022-05-26 11:04:09"
"1759";"Менеджер розсадника \"Зелені Янголи\"";"5";"587";"0";"0";"1";"Фото саджанця у горщику 2л станом на кінець травня.";"2022-05-26 11:03:18"
"1758";"Менеджер розсадника \"Зелені Янголи\"";"5";"585";"0";"0";"1";"Фото саджанця у горщику 2л станом на кінець травня.";"2022-05-26 11:02:21"
"1757";"Менеджер розсадника \"Зелені Янголи\"";"5";"1251";"0";"0";"1";"Фото саджанця у горщику 2л станом на кінець травня.";"2022-05-26 11:01:30"
"1756";"Менеджер розсадника \"Зелені Янголи\"";"5";"1073";"0";"0";"1";"Фото саджанця у горщику 2л станом на кінець травня.";"2022-05-26 11:00:38"
"1755";"Менеджер розсадника \"Зелені Янголи\"";"5";"1442";"0";"0";"1";"Фото саджанця у горщику 2л станом на кінець травня.";"2022-05-26 11:00:02"
"1754";"Менеджер розсадника \"Зелені Янголи\"";"5";"1254";"0";"0";"1";"Фото саджанця у горщику 2л станом на кінець травня.";"2022-05-26 10:58:11"
"1753";"Менеджер розсадника \"Зелені Янголи\"";"5";"2012";"0";"0";"1";"Фото саджанця у горщику 5л станом на кінець травня.";"2022-05-26 10:57:26"
"1752";"Менеджер розсадника \"Зелені Янголи\"";"5";"69";"0";"0";"1";"Фото саджанця у горщику 2л станом на кінець травня.";"2022-05-26 10:56:35"
"1751";"Менеджер розсадника \"Зелені Янголи\"";"5";"1361";"0";"0";"1";"Фото саджанця у горщику 2л станом на кінець травня.";"2022-05-26 10:55:45"
"1750";"Менеджер розсадника \"Зелені Янголи\"";"5";"1220";"0";"0";"1";"Фото саджанця у горщику 5л станом на кінець травня.";"2022-05-26 10:54:11"
"1749";"Менеджер розсадника \"Зелені Янголи\"";"5";"2287";"0";"0";"1";"Фото саджанця у горщику 2л станом на кінець травня.";"2022-05-26 10:51:36"
"1748";"Менеджер розсадника \"Зелені Янголи\"";"5";"2579";"0";"0";"1";"Фото саджанця у горщику 2л станом на кінець травня.";"2022-05-24 16:55:10"
"1747";"Менеджер розсадника \"Зелені Янголи\"";"5";"2316";"0";"0";"1";"Фото саджанця у горщику 2л станом на кінець травня.";"2022-05-24 16:54:20"
"1745";"Менеджер розсадника \"Зелені Янголи\"";"5";"1071";"0";"0";"1";"Фото саджанця у горщику 2л станом на кінець травня.";"2022-05-24 09:51:17"
"1744";"Менеджер розсадника \"Зелені Янголи\"";"5";"111";"0";"0";"1";"Фото саджанця у горщику 2л станом на кінець травня.";"2022-05-24 09:50:39"
"1743";"Менеджер розсадника \"Зелені Янголи\"";"5";"1996";"0";"0";"1";"Фото саджанця у горщику 2л станом на кінець травня.";"2022-05-24 09:49:51"
"1742";"Менеджер розсадника \"Зелені Янголи\"";"5";"1506";"0";"0";"1";"Фото саджанця у горщику 2л станом на кінець травня.";"2022-05-24 09:48:56"
"1741";"Менеджер розсадника \"Зелені Янголи\"";"5";"1995";"0";"0";"1";"Фото саджанця у горщику 2л станом на кінець травня.";"2022-05-24 09:44:38"
"1740";"Менеджер розсадника \"Зелені Янголи\"";"5";"1999";"0";"0";"1";"Фото саджанця у горщику 2л станом на кінець травня.";"2022-05-24 09:30:11"
"1739";"Менеджер розсадника \"Зелені Янголи\"";"5";"1733";"0";"0";"1";"Фото саджанця у горщику 2л станом на кінець травня.";"2022-05-24 09:29:31"
"1738";"Менеджер розсадника \"Зелені Янголи\"";"5";"984";"0";"0";"1";"Фото саджанця у горщику 2л станом на кінець травня.";"2022-05-24 09:28:40"
"1737";"Менеджер розсадника \"Зелені Янголи\"";"5";"1182";"0";"0";"1";"Фото саджанця у горщику 2л станом на кінець травня.";"2022-05-24 09:27:48"
"1736";"Менеджер розсадника \"Зелені Янголи\"";"5";"2307";"0";"0";"1";"Фото саджанця у горщику 2л станом на кінець травня.";"2022-05-24 09:26:46"
"1735";"Менеджер розсадника \"Зелені Янголи\"";"5";"1747";"0";"0";"1";"Фото саджанця у горщику 2л станом на кінець травня.";"2022-05-24 09:24:37"
"1734";"Менеджер розсадника \"Зелені Янголи\"";"5";"2212";"0";"0";"1";"Фото саджанця у горщику 2л (Екстра) станом на кінець травня.";"2022-05-24 09:23:51"
"1733";"Менеджер розсадника \"Зелені Янголи\"";"5";"2585";"0";"0";"1";"Фото саджанця у горщику 2л станом на кінець травня.";"2022-05-24 09:23:06"
"1732";"Менеджер розсадника \"Зелені Янголи\"";"5";"2356";"0";"0";"1";"Фото саджанця у горщику 2л станом на кінець травня.";"2022-05-24 09:20:21"
"1731";"Менеджер розсадника \"Зелені Янголи\"";"5";"2295";"0";"0";"1";"Фото саджанця у горщику 2л станом на кінець травня.";"2022-05-24 09:19:17"
"1730";"Менеджер розсадника \"Зелені Янголи\"";"5";"585";"0";"0";"1";"Фото саджанця у горщику 2л станом на кінець травня.";"2022-05-24 09:18:39"
"1728";"Менеджер розсадника \"Зелені Янголи\"";"5";"1442";"0";"0";"1";"Фото саджанця у горщику 2л станом на кінець травня.";"2022-05-24 09:14:42"
"1726";"Менеджер розсадника \"Зелені Янголи\"";"5";"1254";"0";"0";"1";"Фото саджанця у горщику 2л станом на кінець травня.";"2022-05-24 09:07:12"
"1729";"Менеджер розсадника "Зелені Янголи"";"5";"1073";"0";"0";"1";"Фото саджанця у горщику 2л станом на кінець травня.";"2022-05-24 00:00:00"
"1724";"Артем";"5";"97";"0";"0";"1";"замовляли в тому році стрикта. Залишились незадоволені, кущів жовті всередині, навесні обробили чим сказали але не допомогло, пропадають. Краще цей сорт не замовляти.  ";"2022-05-23 20:30:16"
"1723";"Петро";"5";"1315";"0";"0";"1";"Другий раз замовив рослини. Все доїхало добре. Рослини якісні. Дуже Вам вдячний.";"2022-05-22 09:54:49"
"1722";"Наталія Петренко";"5";"0";"0";"0";"1";"Величезне дякую за рослинки. Все дуже гарне,особливо туї. Швидко доставили, гарно запаковано. Буду звертатись тільки до вас. ";"2022-05-22 09:38:46"
"1721";"Таня ";"5";"0";"0";"0";"1";"Пришли растения Новой почтой. Растения упакованы идеально , такой упаковки для пересылки я не видела ни в одном садовом центре. Растения идеально подобраны и хорошо пролиты для длительного хранения если вы не сможете быстро забрать с почты. И хочу ещё сказать о том что растения в садовом центре очень хорошего качества и есть редко встречающиеся виды. Рекомендую очень!!!!!!!!!!";"2022-05-22 08:25:51"
"1720";"Арш Наталия";"5";"0";"0";"0";"1";"Большое спасибо всей вашей команде! За качество растений, упаковку,быструю доставку!!! Заказываю растения не первый раз.(Вейгела Ева Ратке) Рекомендую. Питомник замечательный!";"2022-05-21 21:37:27"
"1718";"Тетяна";"5";"108";"0";"0";"1";"Вже кілька років збираємо колекцію супер зелених туй. На фото рослини придбані в різний час. Всі дуже гарно прижилися без проблем. Хоч у нас і супер суглинні грунти. Два раз на рік, буває і частіше підживлюємо :) Супер не вибаглива рослина, контакт з собаками переносить без проблем.";"2022-05-20 21:13:15"
"1717";"Олена Тимошенко";"5";"0";"0";"0";"1";"Дякую Зеленим Янголам за такі чудові рослини,які отримую кожного разу.Ви найкращі!!!";"2022-05-20 13:22:26"
"1715";"Менеджер розсадника \"Зелені Янголи\"";"5";"1729";"0";"0";"1";"Саджанець у горщику 2л станом на травень 2022";"2022-05-19 11:37:01"
"1714";"Менеджер розсадника \"Зелені Янголи\"";"5";"1961";"0";"0";"1";"Саджанець у горщику 2л станом на травень 2022";"2022-05-19 11:36:12"
"1713";"Менеджер розсадника \"Зелені Янголи\"";"5";"1961";"0";"0";"1";"Саджанець у горщику 2л станом на травень 2022";"2022-05-19 11:34:55"
"1712";"Менеджер розсадника \"Зелені Янголи\"";"5";"2348";"0";"0";"1";"Саджанець у горщику 2л станом на травень 2022";"2022-05-19 11:33:54"
"1711";"Менеджер розсадника \"Зелені Янголи\"";"5";"2195";"0";"0";"1";"Саджанець у горщику 2л станом на травень 2022";"2022-05-19 11:32:18"
"1710";"Менеджер розсадника \"Зелені Янголи\"";"5";"1994";"0";"0";"1";"Саджанець у горщику 2л станом на травень 2022";"2022-05-19 11:30:50"
"1709";"Менеджер розсадника \"Зелені Янголи\"";"5";"1109";"0";"0";"1";"Саджанець у горщику 2л станом на травень 2022. Приймаємо попереднє замовлення! Відвантаження саджанців з цієї партії з 01.07.2022";"2022-05-19 11:29:12"
"1708";"Менеджер розсадника \"Зелені Янголи\"";"5";"980";"0";"0";"1";"Саджанець у горщику 2л станом на травень 2022";"2022-05-19 11:25:29"
"1707";"Менеджер розсадника \"Зелені Янголи\"";"5";"2222";"0";"0";"1";"Саджанець у горщику 2л станом на травень 2022";"2022-05-19 11:22:23"
"1706";"Менеджер розсадника \"Зелені Янголи\"";"5";"2269";"0";"0";"1";"Саджанець у горщику 2л станом на травень 2022";"2022-05-19 11:20:26"
"1705";"Менеджер розсадника \"Зелені Янголи\"";"5";"2256";"0";"0";"1";"Саджанець у горщику 2л станом на травень 2022";"2022-05-19 11:19:22"
"1704";"Менеджер розсадника \"Зелені Янголи\"";"5";"2569";"0";"0";"1";"Саджанець у горщику 2л станом на травень 2022";"2022-05-19 11:17:58"
"1703";"Менеджер розсадника \"Зелені Янголи\"";"5";"1783";"0";"0";"1";"Саджанець у горщику 2л станом на травень 2022. Відвантаження цієї партії розпочнеться з 05.06.2022";"2022-05-19 11:13:38"
"1702";"Менеджер розсадника \"Зелені Янголи\"";"5";"41";"0";"0";"1";"Саджанець у горщику 2л станом на травень 2022";"2022-05-19 11:09:51"
"1701";"Менеджер розсадника \"Зелені Янголи\"";"5";"1294";"0";"0";"1";"Саджанець у горщику 2л станом на травень 2022";"2022-05-19 11:09:11"
"1700";"Менеджер розсадника \"Зелені Янголи\"";"5";"1355";"0";"0";"1";"Саджанець у горщику 2л станом на травень 2022";"2022-05-19 11:06:18"
"1699";"Менеджер розсадника \"Зелені Янголи\"";"5";"2275";"0";"0";"1";"Саджанець у горщику 2л станом на травень 2022";"2022-05-19 11:05:18"
"1698";"Менеджер розсадника \"Зелені Янголи\"";"5";"1180";"0";"0";"1";"Саджанець у горщику 2л станом на травень 2022";"2022-05-19 11:01:53"
"1697";"Менеджер розсадника \"Зелені Янголи\"";"5";"1779";"0";"0";"1";"Саджанець у горщику 2л станом на травень 2022";"2022-05-19 11:00:26"
"1696";"Менеджер розсадника \"Зелені Янголи\"";"5";"1812";"0";"0";"1";"Саджанець у горщику 2л станом на травень 2022";"2022-05-19 10:56:21"
"1695";"Менеджер розсадника \"Зелені Янголи\"";"5";"1801";"0";"0";"1";"Саджанець у горщику 2л станом на травень 2022";"2022-05-19 10:55:32"
"1694";"Менеджер розсадника \"Зелені Янголи\"";"5";"1801";"0";"0";"1";"Саджанець у горщику 2л станом на травень 2022";"2022-05-19 10:54:08"
"1693";"Менеджер розсадника \"Зелені Янголи\"";"5";"2004";"0";"0";"1";"Саджанець у горщику 2л станом на травень 2022";"2022-05-19 10:52:58"
"1692";"Менеджер розсадника \"Зелені Янголи\"";"5";"673";"0";"0";"1";"Саджанець у горщику 2л станом на травень 2022";"2022-05-19 10:51:16"
"1691";"Менеджер розсадника \"Зелені Янголи\"";"5";"2580";"0";"0";"1";"Саджанець у горщику 2л станом на травень 2022";"2022-05-19 10:49:13"
"1690";"Менеджер розсадника \"Зелені Янголи\"";"5";"1127";"0";"0";"1";"Саджанець у горщику 2л станом на травень 2022";"2022-05-19 10:47:37"
"1689";"Менеджер розсадника \"Зелені Янголи\"";"5";"1046";"0";"0";"1";"Саджанець у горщику 2л станом на травень 2022";"2022-05-19 10:46:54"
"1688";"Менеджер розсадника \"Зелені Янголи\"";"5";"1022";"0";"0";"1";"Саджанець у горщику 2л станом на травень 2022";"2022-05-19 10:32:44"
"1687";"Менеджер розсадника \"Зелені Янголи\"";"5";"1781";"0";"0";"1";"Саджанець у горщику 2л станом на травень 2022";"2022-05-19 10:30:24"
"1686";"Менеджер розсадника \"Зелені Янголи\"";"5";"1299";"0";"0";"1";"Саджанець у горщику 2л станом на травень 2022";"2022-05-19 10:29:16"
"1685";"Менеджер розсадника \"Зелені Янголи\"";"5";"1300";"0";"0";"1";"Саджанець у горщику 2л станом на травень 2022";"2022-05-19 10:24:07"
"1684";"Менеджер розсадника \"Зелені Янголи\"";"5";"1300";"0";"0";"1";"Саджанець у горщику 2л станом на травень 2022";"2022-05-19 10:22:05"
"1683";"Менеджер розсадника \"Зелені Янголи\"";"5";"1675";"0";"0";"1";"Саджанець у горщику 2л станом на травень 2022";"2022-05-19 10:21:27"
"1682";"Менеджер розсадника \"Зелені Янголи\"";"5";"1442";"0";"0";"1";"Саджанець у горщику 2л станом на травень 2022";"2022-05-19 10:19:05"
"1681";"Менеджер розсадника \"Зелені Янголи\"";"5";"1972";"0";"0";"1";"Саджанець у горщику 2л станом на травень 2022";"2022-05-19 10:15:07"
"1680";"Менеджер розсадника \"Зелені Янголи\"";"5";"2170";"0";"0";"1";"Саджанець у горщику 2л станом на травень 2022 р.";"2022-05-19 10:13:39"
"1679";"Инна Д";"5";"2170";"0";"0";"1";"Пузыреплодники, посаженные осенью, отлично прижились. ";"2022-05-18 13:57:50"
"1678";"Тетяна  Трояновська";"5";"2402";"0";"0";"1";"Доброго дня! В квітні замовила у Вас три троянди. На вигляд всі були дуже гарні. Але як зараз бачу, що одна троянда не пішла в приріст. Дуже прикро, що це троянда-шраб Ля Роз де Молінар. Висаджувала всі однаково, Може є у Вас якісь дієві поради у таких випадках? Дякую. Претензій не маю, бо не в перший раз з Вами співпрацюю і завжди було все на найвищому рівні.
";"2022-05-18 13:34:05"
"1677";"Віта";"5";"1022";"0";"0";"1";"Дякую за чудові гортензії!
Купувала розміром С2, приїхали гарно запаковані, здорові, з зеленими листочками саджанці. Найкраще співвідношення ціна=якість. Рекомендую! ";"2022-05-18 09:13:14"
"1676";"Костенко Неля";"5";"0";"0";"0";"1";"Купувала дорогі деревовидні півонії в горщиках. Прислали напівсухі рослини. Весною одна загинула, прислали іншу. 
Зараз три півонії не показують ознак життя, не вийшли з зими. Замінити втрачені рослини відмовились.
Дуже розчарована, інші інтернет-магазини надають гарантію на древовидні півонії. 
";"2022-05-16 11:49:30"
"1675";"Марина";"5";"0";"0";"0";"1";"Не первый раз заказываю растения в этом питомнике- отличные саженцы, прекрасная упаковка. Ребята, спасибо вам за вашу работу❤️ Рекомендую покупать здесь ";"2022-05-16 09:21:37"
"1674";"Таня";"5";"0";"0";"0";"1";"Дякую за гарні гортензії.Буду чекати цвітіння";"2022-05-16 08:39:50"
"1672";"Тетяна";"5";"1331";"0";"0";"1";"Придбала ділосперму  минулого літа 2 рослини. Одна не дожила до зими, а друга перезимувала. Паростки були дуже слабенькі. І померла. Мені не пощастило????";"2022-05-14 22:32:04"
"1671";"Менеджер розсадника \"Зелені Янголи\"";"5";"2351";"0";"0";"1";"Актуальне фото саджанця у горщику 2л станом на травень 2022 р.";"2022-05-12 10:44:53"
"1670";"Менеджер розсадника \"Зелені Янголи\"";"5";"2237";"0";"0";"1";"Актуальне фото саджанця у горщику 2л станом на травень 2022 р.";"2022-05-12 10:41:09"
"1669";"Менеджер розсадника \"Зелені Янголи\"";"5";"1201";"0";"0";"1";"Актуальне фото саджанця у горщику 2л станом на травень 2022 р.";"2022-05-12 10:39:39"
"1668";"Менеджер розсадника \"Зелені Янголи\"";"5";"2203";"0";"0";"1";"Актуальне фото саджанця у горщику 2л станом на травень 2022 р.";"2022-05-12 10:34:57"
"1667";"Менеджер розсадника \"Зелені Янголи\"";"5";"2301";"0";"0";"1";"Актуальне фото саджанця у горщику 2л станом на травень 2022 р.";"2022-05-12 10:33:09"
"1666";"Менеджер розсадника \"Зелені Янголи\"";"5";"1999";"0";"0";"1";"Актуальне фото саджанця у горщику 2л станом на травень 2022 р.";"2022-05-12 10:31:41"
"1665";"Менеджер розсадника \"Зелені Янголи\"";"5";"2010";"0";"0";"1";"Актуальне фото саджанця у горщику 5л станом на травень 2022 р.";"2022-05-12 10:30:22"
"1664";"Менеджер розсадника \"Зелені Янголи\"";"5";"111";"0";"0";"1";"Актуальне фото саджанця у горщику 2л станом на травень 2022 р.";"2022-05-12 10:28:59"
"1663";"Менеджер розсадника \"Зелені Янголи\"";"5";"1003";"0";"0";"1";"Актуальне фото саджанця у горщику 2л станом на травень 2022 р.";"2022-05-12 10:25:37"
"1662";"Менеджер розсадника \"Зелені Янголи\"";"5";"1108";"0";"0";"1";"Актуальне фото саджанця у горщику 2л станом на травень 2022 р.";"2022-05-12 10:24:28"
"1661";"Менеджер розсадника \"Зелені Янголи\"";"5";"1970";"0";"0";"1";"Актуальне фото саджанця у горщику 2л станом на травень 2022 р.";"2022-05-12 10:21:22"
"1660";"Менеджер розсадника \"Зелені Янголи\"";"5";"976";"0";"0";"1";"Актуальне фото саджанця у горщику 5л станом на травень 2022 р.";"2022-05-12 10:19:45"
"1659";"Менеджер розсадника \"Зелені Янголи\"";"5";"991";"0";"0";"1";"Актуальне фото саджанця у горщику 2л станом на травень 2022 р.";"2022-05-12 10:17:23"
"1658";"Менеджер розсадника \"Зелені Янголи\"";"5";"580";"0";"0";"1";"Актуальне фото саджанця у горщику 2л станом на травень 2022 р.";"2022-05-12 09:49:34"
"1657";"Менеджер розсадника \"Зелені Янголи\"";"5";"1452";"0";"0";"1";"Актуальне фото саджанця у горщику 2л станом на травень 2022 р.";"2022-05-12 09:47:09"
"1656";"Менеджер розсадника \"Зелені Янголи\"";"5";"2053";"0";"0";"1";"Актуальне фото саджанця у горщику 2л станом на травень 2022 р.";"2022-05-12 09:45:34"
"1655";"Менеджер розсадника \"Зелені Янголи\"";"5";"1301";"0";"0";"1";"Актуальне фото саджанця у горщику 5л станом на травень 2022 р.";"2022-05-12 09:43:47"
"1654";"Менеджер розсадника \"Зелені Янголи\"";"5";"2287";"0";"0";"1";"Актуальне фото саджанця у горщику 2л станом на травень 2022 р.";"2022-05-12 09:41:05"
"1653";"Менеджер розсадника \"Зелені Янголи\"";"5";"2004";"0";"0";"1";"Актуальне фото саджанця у горщику 2л станом на травень 2022 р.";"2022-05-12 09:35:04"
"1652";"Менеджер розсадника \"Зелені Янголи\"";"5";"2164";"0";"0";"1";"Актуальне фото саджанця у горщику 5л станом на травень 2022 р.";"2022-05-12 09:33:06"
"1651";"Менеджер розсадника \"Зелені Янголи\"";"5";"2164";"0";"0";"1";"Актуальне фото саджанця у горщику 2л станом на травень 2022 р.";"2022-05-12 09:30:58"
"1650";"Менеджер розсадника \"Зелені Янголи\"";"5";"2269";"0";"0";"1";"Актуальне фото саджанця у горщику 2л станом на травень 2022 р.";"2022-05-12 09:28:39"
"1649";"Менеджер розсадника \"Зелені Янголи\"";"5";"108";"0";"0";"1";"Актуальне фото саджанця у горщику 2л станом на травень 2022 р.";"2022-05-12 09:26:20"
"1648";"Менеджер розсадника \"Зелені Янголи\"";"5";"1046";"0";"0";"1";"Актуальне фото саджанця у горщику 2л станом на травень 2022 р.";"2022-05-12 09:24:05"
"1647";"Менеджер розсадника \"Зелені Янголи\"";"5";"1046";"0";"0";"1";"Актуальне фото саджанця у горщику 10л станом на травень 2022 р.";"2022-05-12 09:22:34"
"1646";"Менеджер розсадника \"Зелені Янголи\"";"5";"2325";"0";"0";"1";"Актуальне фото саджанця у горщику 2л станом на травень 2022 р.";"2022-05-12 09:20:02"
"1644";"Менеджер розсадника \"Зелені Янголи\"";"5";"826";"0";"0";"1";"Актуальне фото саджанця у горщику 2л станом на травень 2022 р.";"2022-05-12 09:17:04"
"1643";"Менеджер розсадника \"Зелені Янголи\"";"5";"1766";"0";"0";"1";"Актуальне фото саджанця у горщику 2л станом на травень 2022 р.";"2022-05-12 09:15:27"
"1642";"Менеджер розсадника \"Зелені Янголи\"";"5";"1180";"0";"0";"1";"Актуальне фото саджанця у горщику 5л станом на травень 2022 р.";"2022-05-12 09:13:34"
"1641";"Менеджер розсадника \"Зелені Янголи\"";"5";"1180";"0";"0";"1";"Актуальне фото саджанця у горщику 2л станом на травень 2022 р.";"2022-05-12 09:12:01"
"1640";"Менеджер розсадника \"Зелені Янголи\"";"5";"631";"0";"0";"1";"Актуальне фото саджанця у горщику 2л станом на травень 2022 р.";"2022-05-12 09:09:57"
"1639";"Менеджер розсадника \"Зелені Янголи\"";"5";"1244";"0";"0";"1";"Актуальне фото саджанця у горщику  5л станом на травень 2022 р.";"2022-05-12 09:08:48"
"1638";"Менеджер розсадника \"Зелені Янголи\"";"5";"1244";"0";"0";"1";"Актуальне фото саджанця у горщику 2л станом на травень 2022 р.";"2022-05-12 09:07:18"
"1637";"Менеджер розсадника \"Зелені Янголи\"";"5";"2009";"0";"0";"1";"Актуальне фото саджанця у горщику 2л станом на травень 2022 р.";"2022-05-12 09:04:21"
"1636";"Менеджер розсадника \"Зелені Янголи\"";"5";"640";"0";"0";"1";"Актуальне фото саджанця у горщику 2л станом на травень 2022 р.";"2022-05-12 09:02:41"
"1635";"Менеджер розсадника \"Зелені Янголи\"";"5";"816";"0";"0";"1";"Актуальне фото саджанця у горщику 2л станом на травень 2022 р.";"2022-05-12 09:00:50"
"1634";"Менеджер розсадника \"Зелені Янголи\"";"5";"1220";"0";"0";"1";"Актуальне фото саджанця у горщику 5л станом на травень 2022 р.";"2022-05-12 08:57:58"
"1633";"Менеджер розсадника \"Зелені Янголи\"";"5";"1351";"0";"0";"1";"Актуальне фото саджанця у горщику 2л станом на травень 2022 р.";"2022-05-12 08:57:06"
"1632";"Менеджер розсадника \"Зелені Янголи\"";"5";"2458";"0";"0";"1";"Актуальне фото саджанця у горщику 5л станом на травень 2022 р.";"2022-05-12 08:55:23"
"1631";"Менеджер розсадника \"Зелені Янголи\"";"5";"69";"0";"0";"1";"Актуальне фото саджанця у горщику 2л станом на травень 2022 р.";"2022-05-12 08:53:56"
"1629";"Менеджер розсадника \"Зелені Янголи\"";"5";"1103";"0";"0";"1";"Типове фото саджанця в горщику р9 станом на травень 2022.";"2022-05-10 09:14:44"
"1628";"Менеджер розсадника \"Зелені Янголи\"";"5";"1448";"0";"0";"1";"Типове фото саджанця з грунту 30-35 см заввишки станом на травень 2022.";"2022-05-10 09:13:17"
"1627";"Менеджер розсадника \"Зелені Янголи\"";"5";"1004";"0";"0";"1";"Типове фото саджанця в горщику 2л станом на травень 2022.";"2022-05-10 09:12:26"
"1626";"Менеджер розсадника \"Зелені Янголи\"";"5";"25";"0";"0";"1";"Типове фото саджанця з грунту 35-45 см завишки станом на травень 2022.";"2022-05-10 09:11:42"
"1625";"Менеджер розсадника \"Зелені Янголи\"";"5";"59";"0";"0";"1";"Типове фото саджанця в горщику 2л станом на травень 2022.";"2022-05-10 09:10:53"
"1624";"Менеджер розсадника \"Зелені Янголи\"";"5";"1755";"0";"0";"1";"Типове фото саджанця в горщику р9 станом на травень 2022.";"2022-05-10 09:10:04"
"1623";"Менеджер розсадника \"Зелені Янголи\"";"5";"1749";"0";"0";"1";"Типове фото саджанця в горщику р9 станом на травень 2022.";"2022-05-10 09:09:03"
"1622";"Менеджер розсадника \"Зелені Янголи\"";"5";"563";"0";"0";"1";"Типове фото саджанця в горщику р9 станом на травень 2022.";"2022-05-10 09:08:00"
"1621";"Менеджер розсадника \"Зелені Янголи\"";"5";"62";"0";"0";"1";"Типове фото саджанця в горщику 2л станом на травень 2022.";"2022-05-10 09:07:06"
"1620";"Менеджер розсадника \"Зелені Янголи\"";"5";"964";"0";"0";"1";"Типове фото саджанця в горщику 2л станом на травень 2022.";"2022-05-10 09:06:18"
"1619";"Менеджер розсадника \"Зелені Янголи\"";"5";"1005";"0";"0";"1";"Типове фото саджанця в горщику 2л станом на травень 2022.";"2022-05-10 09:05:09"
"1618";"Менеджер розсадника \"Зелені Янголи\"";"5";"1224";"0";"0";"1";"Типове фото саджанця з грунту станом на квітень 2022.";"2022-05-10 09:04:20"
"1617";"Менеджер розсадника \"Зелені Янголи\"";"5";"1318";"0";"0";"1";"Типове фото саджанця в горщику 2л станом на травень 2022.";"2022-05-10 09:03:35"
"1616";"Менеджер розсадника \"Зелені Янголи\"";"5";"826";"0";"0";"1";"Типове фото саджанця в горщику 2л станом на травень 2022.";"2022-05-10 09:02:17"
"1615";"Менеджер розсадника \"Зелені Янголи\"";"5";"446";"0";"0";"1";"Типове фото саджанця в горщику 2л станом на травень 2022.";"2022-05-10 09:01:39"
"1614";"Менеджер розсадника \"Зелені Янголи\"";"5";"41";"0";"0";"1";"Типове фото саджанця в горщику р9 станом на травень 2022.";"2022-05-10 08:59:56"
"1613";"Менеджер розсадника \"Зелені Янголи\"";"5";"584";"0";"0";"1";"Типове фото саджанця з грунту діаметром 50-60 см  станом на травень 2022.";"2022-05-10 08:58:50"
"1612";"Менеджер розсадника \"Зелені Янголи\"";"5";"723";"0";"0";"1";"Типове фото саджанця з грунту 120-140 см заввишки станом на травень 2022.";"2022-05-10 08:58:01"
"1611";"Менеджер розсадника \"Зелені Янголи\"";"5";"1943";"0";"0";"1";"Типове фото саджанця в горщику р9 станом на травень 2022.";"2022-05-10 08:56:52"
"1610";"Менеджер розсадника \"Зелені Янголи\"";"5";"3";"0";"0";"1";"Типове фото саджанця в горщику 2л станом на травень 2022.";"2022-05-10 08:56:16"
"1609";"Менеджер розсадника \"Зелені Янголи\"";"5";"2279";"0";"0";"1";"Типове фото саджанця в горщику 2л станом на травень 2022.";"2022-05-10 08:55:27"
"1608";"Менеджер розсадника \"Зелені Янголи\"";"5";"14";"0";"0";"1";"Типове фото саджанця в горщику 2л станом на травень 2022.";"2022-05-10 08:54:55"
"1607";"Менеджер розсадника \"Зелені Янголи\"";"5";"1958";"0";"0";"1";"Типове фото саджанця в горщику 2л станом на травень 2022.";"2022-05-09 17:00:06"
"1606";"Менеджер розсадника \"Зелені Янголи\"";"5";"1316";"0";"0";"1";"Типове фото саджанця в горщику 2л станом на травень 2022.";"2022-05-09 16:59:24"
"1605";"Менеджер розсадника \"Зелені Янголи\"";"5";"58";"0";"0";"1";"Типове фото саджанця в горщику р9 станом на травень 2022.";"2022-05-09 16:58:09"
"1604";"Менеджер розсадника \"Зелені Янголи\"";"5";"1829";"0";"0";"1";"Типове фото саджанця в горщику 2л станом на травень 2022.";"2022-05-09 16:57:09"
"1603";"Менеджер розсадника \"Зелені Янголи\"";"5";"1064";"0";"0";"1";"Типове фото саджанця в горщику 2л станом на травень 2022.";"2022-05-09 16:56:13"
"1602";"Менеджер розсадника \"Зелені Янголи\"";"5";"115";"0";"0";"1";"Типове фото саджанця в горщику 2л станом на травень 2022.";"2022-05-09 16:55:31"
"1601";"Менеджер розсадника \"Зелені Янголи\"";"5";"861";"0";"0";"1";"Типове фото саджанця в горщику 2л станом на травень 2022.";"2022-05-09 16:54:53"
"1600";"Менеджер розсадника \"Зелені Янголи\"";"5";"1550";"0";"0";"1";"Типове фото саджанця в горщику 2л станом на травень 2022.";"2022-05-09 16:54:15"
"1599";"Менеджер розсадника \"Зелені Янголи\"";"5";"1177";"0";"0";"1";"Типове фото саджанця в горщику 2л станом на травень 2022.";"2022-05-09 16:52:57"
"1598";"Менеджер розсадника \"Зелені Янголи\"";"5";"1004";"0";"0";"1";"Типове фото саджанця в горщику 2л станом на травень 2022.";"2022-05-09 16:52:17"
"1597";"Менеджер розсадника \"Зелені Янголи\"";"5";"1957";"0";"0";"1";"Типове фото саджанця в горщику 2л станом на травень 2022.";"2022-05-09 16:51:42"
"1596";"Менеджер розсадника \"Зелені Янголи\"";"5";"1970";"0";"0";"1";"Типове фото саджанця в горщику 2л станом на травень 2022.";"2022-05-09 16:50:44"
"1595";"Менеджер розсадника \"Зелені Янголи\"";"5";"1361";"0";"0";"1";"Типове фото саджанця в горщику 2л станом на травень 2022.";"2022-05-09 16:49:52"
"1594";"Менеджер розсадника \"Зелені Янголи\"";"5";"804";"0";"0";"1";"Типове фото саджанця в горщику 2л станом на травень 2022.";"2022-05-09 16:49:12"
"1593";"Менеджер розсадника \"Зелені Янголи\"";"5";"1959";"0";"0";"1";"Типове фото саджанця в горщику 2л станом на травень 2022.";"2022-05-09 16:44:15"
"1592";"Менеджер розсадника \"Зелені Янголи\"";"5";"1341";"0";"0";"1";"Типове фото саджанця в горщику 2л станом на травень 2022.";"2022-05-09 16:43:42"
"1591";"Менеджер розсадника \"Зелені Янголи\"";"5";"2250";"0";"0";"1";"Типове фото саджанця в горщику 3л станом на травень 2022.";"2022-05-09 16:42:31"
"1590";"Менеджер розсадника \"Зелені Янголи\"";"5";"2316";"0";"0";"1";"Типове фото саджанця в горщику 2л станом на травень 2022.";"2022-05-09 16:41:38"
"1589";"Менеджер розсадника \"Зелені Янголи\"";"5";"1969";"0";"0";"1";"Типове фото саджанця в горщику 2л станом на травень 2022.";"2022-05-09 16:40:50"
"1588";"Менеджер розсадника \"Зелені Янголи\"";"5";"2170";"0";"0";"1";"Типове фото саджанця в горщику 2л станом на травень 2022.";"2022-05-09 16:39:50"
"1587";"Менеджер розсадника \"Зелені Янголи\"";"5";"1826";"0";"0";"1";"Типове фото саджанця в горщику 2л станом на травень 2022.";"2022-05-09 16:39:06"
"1586";"Менеджер розсадника \"Зелені Янголи\"";"5";"1179";"0";"0";"1";"Типове фото саджанця в горщику 2л станом на травень 2022.";"2022-05-09 16:38:10"
"1585";"Менеджер розсадника \"Зелені Янголи\"";"5";"2305";"0";"0";"1";"Типове фото саджанця в горщику 2л станом на травень 2022.";"2022-05-09 16:37:14"
"1584";"Менеджер розсадника \"Зелені Янголи\"";"5";"579";"0";"0";"1";"Типове фото саджанця в горщику 2л станом на травень 2022.";"2022-05-09 16:36:29"
"1583";"Менеджер розсадника \"Зелені Янголи\"";"5";"1324";"0";"0";"1";"Типове фото саджанця в горщику 2л станом на травень 2022.";"2022-05-09 16:35:39"
"1582";"Менеджер розсадника \"Зелені Янголи\"";"5";"18";"0";"0";"1";"Типове фото саджанця в горщику 2л станом на травень 2022.";"2022-05-09 16:34:38"
"1581";"Менеджер розсадника \"Зелені Янголи\"";"5";"682";"0";"0";"1";"Типове фото саджанця в горщику 2л станом на травень 2022.";"2022-05-09 16:33:59"
"1580";"Менеджер розсадника \"Зелені Янголи\"";"5";"1193";"0";"0";"1";"Типове фото саджанця в горщику 2л станом на травень 2022.";"2022-05-09 16:32:51"
"1579";"Менеджер розсадника \"Зелені Янголи\"";"5";"2014";"0";"0";"1";"Типове фото саджанця в горщику 2л станом на травень 2022.";"2022-05-09 16:31:50"
"1578";"Менеджер розсадника \"Зелені Янголи\"";"5";"1797";"0";"0";"1";"Типове фото саджанця з грунту станом на квітень 2022.";"2022-05-09 16:31:09"
"1577";"Менеджер розсадника \"Зелені Янголи\"";"5";"1442";"0";"0";"1";"Типове фото саджанця в горщику 2л станом на травень 2022.";"2022-05-09 16:30:16"
"1576";"Менеджер розсадника \"Зелені Янголи\"";"5";"582";"0";"0";"1";"Типове фото саджанця в горщику 2л станом на травень 2022.";"2022-05-09 16:29:10"
"1575";"Менеджер розсадника \"Зелені Янголи\"";"5";"712";"0";"0";"1";"Типове фото саджанця в горщику 2л станом на травень 2022.";"2022-05-09 16:28:13"
"1574";"Менеджер розсадника \"Зелені Янголи\"";"5";"65";"0";"0";"1";"Типове фото саджанця в горщику 2л станом на травень 2022.";"2022-05-09 16:26:01"
"1573";"Менеджер розсадника \"Зелені Янголи\"";"5";"64";"0";"0";"1";"Типове фото саджанця в горщику 2л станом на травень 2022.";"2022-05-09 16:25:20"
"1572";"Менеджер розсадника \"Зелені Янголи\"";"5";"2261";"0";"0";"1";"Типове фото саджанця в горщику 2л станом на травень 2022.";"2022-05-09 16:24:34"
"1571";"Менеджер розсадника \"Зелені Янголи\"";"5";"2260";"0";"0";"1";"Типове фото саджанця в горщику 2л станом на травень 2022.";"2022-05-09 16:23:44"
"1570";"Менеджер розсадника \"Зелені Янголи\"";"5";"1383";"0";"0";"1";"Типове фото саджанця в горщику 2л станом на травень 2022.";"2022-05-09 16:22:59"
"1569";"Менеджер розсадника \"Зелені Янголи\"";"5";"1506";"0";"0";"1";"Типове фото саджанця в горщику 2л станом на травень 2022.";"2022-05-09 16:17:45"
"1568";"Менеджер розсадника \"Зелені Янголи\"";"5";"1960";"0";"0";"1";"Типове фото саджанця в горщику 2л станом на травень 2022.";"2022-05-09 16:17:03"
"1567";"Менеджер розсадника \"Зелені Янголи\"";"5";"2216";"0";"0";"1";"Типове фото саджанця в горщику 35л станом на травень 2022.";"2022-05-09 16:16:25"
"1566";"Менеджер розсадника \"Зелені Янголи\"";"5";"2582";"0";"0";"1";"Типове фото саджанця в горщику 3л станом на травень 2022.";"2022-05-09 16:15:20"
"1565";"Менеджер розсадника \"Зелені Янголи\"";"5";"2321";"0";"0";"1";"Типове фото саджанця в горщику 2л станом на травень 2022.";"2022-05-09 16:14:01"
"1564";"Менеджер розсадника \"Зелені Янголи\"";"5";"693";"0";"0";"1";"Типове фото саджанця в горщику 2л станом на травень 2022.";"2022-05-09 16:13:14"
"1563";"Менеджер розсадника \"Зелені Янголи\"";"5";"2278";"0";"0";"1";"Типове фото саджанця в горщику 2л станом на травень 2022.";"2022-05-09 16:12:26"
"1561";"Менеджер розсадника \"Зелені Янголи\"";"5";"617";"0";"0";"1";"Типове фото саджанця в горщику 2л станом на травень 2022.";"2022-05-09 16:10:04"
"1560";"Менеджер розсадника \"Зелені Янголи\"";"5";"2251";"0";"0";"1";"Типове фото саджанця в горщику 3л станом на травень 2022.";"2022-05-09 16:09:25"
"1559";"Менеджер розсадника \"Зелені Янголи\"";"5";"1972";"0";"0";"1";"Типове фото саджанця в горщику 2л станом на травень 2022.";"2022-05-09 16:08:08"
"1558";"Галина";"5";"113";"0";"0";"1";"Замовляла 10 дерев. Менеджер передзвонив майже одразу. Пояснив коли буде відправлено замовлення і деталі адреси. Все прицшло в чудовому стані. Не дивлячись на те що рослинки майже тиждень були упаковані, всі цілі та здорові! Дякую Зеленим Янголам за прекрасну роботу. Робимо планету зеленішою разом! ";"2022-05-08 00:00:00"
"1557";"Менеджер розсадника \"Зелені Янголи\"";"5";"1798";"0";"0";"1";"Типове фото саджанця дицентри 'Валентина' у горщику 2л станом на 06.05.2022 р";"2022-05-06 14:35:50"
"1555";"Оксана Бєлова";"5";"1467";"0";"0";"1";"в минулому році отримала ковилу, саджанці просто чудові. На зиму вкрила, і маю питання, а коли мають з'являтися перші листочки після зимівлі? бо зараз не можу зрозуміти чи витримала рослинка зиму. Дякую!";"2022-04-27 20:16:25"
"1553";"Яна Богданова";"5";"0";"0";"0";"1";"Отримали своє замовлення.Радість ! Саджанці секвоядендрона, кедра гімалайського та піраканти вище за всіх похвал! Велике дякую за Вашу працю.
Бажаю високих обсягів продажів, відмінних можливостей, якісної продукції і нових проектів. Нехай ваші клієнти будуть розуміючими, а доходи радують! Дякую. 
";"2022-04-26 17:26:36"
"1552";"Валентина ";"5";"0";"0";"0";"1";"Дякую,рослини в чудовому стані,гарне пакування .";"2022-04-26 15:30:57"
"1551";"Оксана";"5";"1242";"0";"0";"0";"У вас неправильний опис Spiraea Grefsheim";"2022-04-26 07:34:20"
"1550";"Володимир Голотюк";"5";"0";"0";"0";"1";"Замовляв 2,5 метрове тюльпанове дерево, прийшло ідеально упакованим, та й саме дерево дуже гарне, доглянуте, рівненьке. Посадив перед морозами, весною видно, що прийнялося. Відповідальна фірма, молодці, дякую. ";"2022-04-23 09:49:12"
"1549";"Юрій";"5";"982";"0";"0";"1";"Дуже хороша якість і відмінне пакування для перевезення Новою Почтою";"2022-04-21 22:14:34"
"1547";"Денис Володимирович";"5";"7";"0";"0";"1";"Один платан вже посадив, замовив ще два. Дуже задоволений!";"2022-04-20 15:03:57"
"1544";"Анна";"5";"1305";"0";"0";"1";"Хорошо зимуют, хвоя не подгорает. ";"2022-04-19 10:50:16"
"1541";"Любов";"5";"0";"0";"0";"1";"Дякую всій Вашій команді за прекрасні дерева і саджанці! Все в ідеальному стані, дуже задоволені якістю рослин, упаковки та доставки! Замовлятиму у Вас і на далі!";"2022-04-17 15:33:56"
"1537";"Дрожча Ярославна ";"5";"0";"0";"0";"1";"Доброго дня. Велике ДЯКУЮ за туйки!!!! Вони дуже класні !!! Прийшли в гарному стані і гарно упаковані. Після війни обов'язково ще буду замовляти у вас";"2022-04-14 00:00:00"
"1535";"Лариса Карлаш";"5";"0";"0";"0";"1";"Отримала замовлення дуже швидко. Всі рослинки надійшли в ідеальному стані. Дякую усім працівникам 'Зелених янголів' за професіоналізм, за те, що в такі важкі часи даруєте надію. Будемо жити! Все буде Україна!";"2022-04-13 20:50:27"
"1524";"Іра";"5";"0";"0";"0";"1";"Дякую за хороший асортимент, швидку доставку квіточок! ";"2022-04-04 00:00:00"
"1523";"Таня";"5";"0";"0";"0";"1";"Я більше 5 років купую троянди де тільки продають, але такої чудової якості садженціа ще не було, розвинута коренева система, пагони грубі, рівні, правильно сформовані, дякую за таку якість";"2022-04-03 10:32:55"
"1519";"Хоханова Галина";"5";"0";"0";"0";"1";"Доброго дня!Дуже Вам вдячна за замовлені мною у Вас рослини(туя Голд Смарагд та  гортензії).Незважаючина досить довгу доставку 10днів,все прийшло у відмінному стані.Все живе і нітрохи не пошкодилось.Працівники розсадника добросовісно,справді з душею, все надійно запакували і попередньо полили,щоб рослинки не засохли в дорозі.Бажаю процвітання Вашому розсаднику і Вашим працівникам.Щиро дякую!!!";"2022-04-01 14:03:42"
"1473";"Анна Львова";"5";"573";"0";"0";"1";"Сообщите пожалуйста когда будет поступление Вероника ливанская. Спасибо.";"2022-02-18 20:42:03"
"1472";"Марат";"5";"2274";"0";"0";"1";"Это нандина? Эти ягоды в мае??";"2022-02-18 15:00:22"
"1469";"Олена Клімова";"5";"1502";"0";"0";"1";"Минулої весни, я також купувала цю сосну, сажанець був чудовий і тішив своєю красою, довгою хвоєю, коли почав викидати нові пагони. Дякую Зеленим янголам.";"2022-02-16 09:39:01"
"1465";"Олена";"5";"859";"0";"0";"1";"Повідомте, коли з'явиться";"2022-02-11 17:01:24"
"1464";"Ляля";"5";"1346";"0";"0";"1";"Где можно увидеть фото отправляемого саженца !?";"2022-02-09 21:42:26"
"1459";"Менеджер розсадника \"Зелені Янголи\"";"5";"7";"0";"0";"1";"Платани кленолисті станом на кінець січня 2022 року, актуальне фото з поля розсаднику 'Зелені Янголи'.";"2022-01-26 10:34:57"
"1458";"Менеджер розсадника \"Зелені Янголи\"";"5";"1213";"0";"0";"1";"Кизильник блискучий станом на кінець січня 2022 року, актуальне фото з поля розсаднику.";"2022-01-26 10:30:40"
"1457";"Менеджер розсадника \"Зелені Янголи\"";"5";"723";"0";"0";"1";"Туї 'Гелдерленд' на полі розсаднику 'Зелені Янголи' станом на кінець січня 2022 року.";"2022-01-26 10:28:32"
"1456";"Менеджер розсадника \"Зелені Янголи\"";"5";"976";"0";"0";"1";"Гортензії 'Полар Бер' на полі розсаднику станом на кінець січня 2022 року.";"2022-01-26 10:23:17"
"1455";"Менеджер розсадника \"Зелені Янголи\"";"5";"1414";"0";"0";"1";"Зимовий окрас туї 'Моргані', фото станом на кінець січня 2022 року, зроблене на розсаднику 'Зелені Янголи'.";"2022-01-26 10:20:25"
"1454";"Менеджер розсадника \"Зелені Янголи\"";"5";"837";"0";"0";"1";"Туї 'Ауреа Нана' на полі розсаднику станом на кінець січня 2022 року.";"2022-01-26 10:18:59"
"1453";"Менеджер розсадника \"Зелені Янголи\"";"5";"97";"0";"0";"1";"Ялівець китайський 'Стрікта' висотою 60-80см на полі розсаднику 'Зелені Янголи' станом на кінець січня 2022 року.";"2022-01-26 10:17:32"
"1452";"Менеджер розсадника \"Зелені Янголи\"";"5";"1734";"0";"0";"1";"Верба 'Маунт Асо' в теплиці 26.01.2022 вже прокидається та цвіте рожевими 'котиками'.";"2022-01-26 10:14:37"
"1451";"Менеджер розсадника \"Зелені Янголи\"";"5";"1797";"0";"0";"1";"Карагана дерев'яниста на полі розсаднику станом на кінець січня 2022 року.";"2022-01-26 10:08:36"
"1450";"Менеджер розсадника \"Зелені Янголи\"";"5";"113";"0";"0";"1";"Саджанці туй Брабант на полі розсаднику 'Зелені Янголи' заввишки 80-100см станом на кінець січня 2022 року.";"2022-01-26 10:05:48"
"1449";"Менеджер розсадника \"Зелені Янголи\"";"5";"1935";"0";"0";"1";"Тополя італіка на полі розсаднику 'Зелені Янголи' станом на кінець січня 2022 року.";"2022-01-26 09:48:20"
"1448";"Менеджер розсадника \"Зелені Янголи\"";"5";"27";"0";"0";"1";"Кущі дерену шовковистого 'Флавірамеа' на полі розсаднику станом на кінець січня 2022 року.";"2022-01-26 09:35:45"
"1447";"Менеджер розсадника \"Зелені Янголи\"";"5";"639";"0";"0";"1";"Кущі бірючини овальнолистої до та після стрижки на полі розсаднику 'Зелені Янголи' станом на кінець січня 2022 року.

";"2022-01-26 09:32:56"
"1446";"Менеджер розсадника \"Зелені Янголи\"";"5";"632";"0";"0";"1";"Кущ маслинки зонтичної заввишки 100-120см на одному з полів розсаднику 'Зелені Янголи' станом на кінець січня 2022 року.";"2022-01-26 09:26:31"
"1445";"Менеджер розсадника \"Зелені Янголи\"";"5";"709";"0";"0";"1";"Кипарисовик Лавсона 'Стардаст' на одному з полів розсаднику станом на січень 2022 року.";"2022-01-26 09:17:02"
"1444";"Менеджер розсадника \"Зелені Янголи\"";"5";"108";"0";"0";"1";"Туї західні 'Колумна' на полі розсаднику 'Зелені Янголи' станом на січень 2022 року.";"2022-01-26 09:10:23"
"1442";"Ольга Матвеенко";"5";"859";"0";"0";"1";"Подскажите пожалуйста, когда будет в наличии? Спасибо.";"2022-01-23 15:28:01"
"1441";"Менеджер розсадника \"Зелені Янголи\"";"5";"1233";"0";"0";"1";"Актуальний вигляд саджанців верби пурпурової 'Нана' станом на січень 2022року в контейнерах 2л.";"2022-01-19 13:01:29"
"1440";"Менеджер розсадника \"Зелені Янголи\"";"5";"2053";"0";"0";"1";"Актуальні фото саджанців ліщини 'Мортарелла' в контейнерах 2л станом на січень 2022року.";"2022-01-19 12:59:03"
"1439";"Менеджер розсадника \"Зелені Янголи\"";"5";"976";"0";"0";"1";"Актуальне фото саджанця гортензії Полар Бер в контейнері 5л станом на січень 2021 року.";"2022-01-19 12:57:04"
"1437";"Наталя Гайко";"5";"2347";"0";"0";"1";"Всі рослини, завжди, дуже ретельно запаковані і гарної якості. Кілька разів замовляла і це іще не кінець. Восени посадила Еріка моно, зараз січень і це чудо цвіте. Так гарно!!! ";"2022-01-04 19:32:58"
"1436";"Варійчук Людмила";"5";"0";"0";"0";"1";"замовляю рослини вже не один рік задоволена не тільки якістю посадкового матеріалу але ітим що рослинки від повідають стандартам  це не одна гілочка з двома листочками аздоровий кущик з чудовою кориневою системою велике дякую . прошу тільки не зіпсуйтесь .";"2022-01-02 16:10:39"
"1433";"Людмила";"5";"1315";"0";"0";"1";"Будь ласка повідомте про появу саджанців Сосни чорної Аустоіяка.
Чекаємо на рослинки)";"2021-12-14 10:21:29"
"1432";"Олена";"5";"0";"0";"0";"1";"Не вперше отримую рослинки від Зелених янголів, завжди упаковані продумано і безпечно, приймаються на 100%, безмежно вдячна за такий сервіс і чудові рослинки! Менеджеру Артуру окрема подяка за обслуговування! Процвітання вам! ";"2021-12-13 08:51:21"
"1431";"Наталия Арш";"5";"1361";"0";"0";"1";"Спасибо, вейгелу получила, упакована отлично,качество проверю потом-пока она спит.Это была мое знакомство с вашей фирмой. Еще раз - спасибо.";"2021-12-12 23:11:55"
"1430";"Артем";"5";"2215";"0";"0";"1";"Спасибо, все пришло отлично. ";"2021-12-11 15:29:04"
"1429";"Ирина Ободина";"5";"0";"0";"0";"1";"Дорогие Зелёные ангелы!  Благодарю вас от всей души за ваши прекрасные растения и за вашу хорошую, добросовестную работу! Все растения были отправлены в точно оговоренные сроки, всё отлично упаковано. До Херсона путь не близкий, но все растения дошли целыми и невредимыми, ни одна веточка не поломалась.  Туя Голден Глоб очень красивая, а кипарисовик Блом просто шикарный!  Ещё раз огромное вам спасибо!";"2021-12-11 11:12:13"
"1428";"Наталия Гончаренко";"5";"0";"0";"0";"1";"Дякую, Вам ' Зеленi Янголи' за такi чудовi саджанцi гортензii, всiх благ у вашiй працi i натхнення. ";"2021-12-09 20:13:43"
"1427";"Лариса";"5";"0";"0";"0";"1";"Доброго дня! Отримала сьогодні подарунковий сертифікат. І була в захваті від того як ви його спакували: чудова коробочка, ще й маленький зимовий букет додали. Я вам дуже вдячна за роботу та повагу до клієнта! Ви найкращі!";"2021-12-09 14:28:43"
"1425";"Елена";"5";"2370";"0";"0";"1";"Спасибо вам Ангелы за ангелочки.Настоящая качественная горшечная рассада растений,надеюсь,все приживется ,а высота растений так просто выше заявленного.Так держать!Молодцы!Успехов вам в таком нелегком труде.С Новым годом!";"2021-12-06 20:49:13"
"1424";"сатеник мкртчян";"5";"0";"0";"0";"1";"Спасибо Вам большое! Все дошло прекрасно!Всех Вам благ и процветания!";"2021-12-06 14:41:41"
"1423";"Менеджер розсадника \"Зелені Янголи\"";"5";"108";"0";"0";"1";"Типове літнє фото туї західної 'Колумна' 100-120 см заввишки";"2021-12-06 11:22:39"
"1422";"Рудомёткина Анжелика";"5";"0";"0";"0";"1";"Огромное Спасибо Ангелам за растения. Все упаковано идеально, кипарисовик  нутканский выше всяких похвал. Оперативно , качественно и с любовью. Хорошо, что вы есть";"2021-12-06 10:37:52"
"1421";"Валентина";"5";"0";"0";"0";"1";"Заказывала первый раз.Упаковка  надёжная.Все горшки с саженцами зафиксированы в коробке без шанса на разрушение !!!Огромное спасибо за отношение к клиентам и растюшкам!!!";"2021-12-05 18:48:32"
"1420";"Екатерина";"5";"0";"0";"0";"1";"Дрбрый день!Огромное спасибо за вашу работу.Я впервые в этом году заказывала у вас растения .И осталась  очень довольна.Все очень понравилось:рестения шикарные,упаковка вообще супер.Когда оператор НП вынес коробочку вверх ногами ,я была в шоке!!думала все растениям(.Но ,нет !С такой упаковкой не одно растение не пострадает).Обратная связь,девочки перезвонили,все уточнили расказали ближайшую дату отправочки!!!Спасибо вам за труд,заботу и красоту.";"2021-12-05 00:00:00"
"1419";"Надія";"5";"0";"0";"0";"1";"Вітаю!!.Дуже вдячна Зеленим янголам за якісні саджанці!!! Замовляла 10 шт. різних рослин для свого саду ,які будуть прикрашати його. Грунт в горшечках  вологий ,гарно упаковані. Величезна подяка вам за Вашу роботу, за відношення до клієнта.";"2021-12-04 22:23:35"
"1418";"Баранова Полина";"5";"0";"0";"0";"1";"Огромное спасибо за саженцы, все пришли в идеальном состоянии.Заказывала уже третий раз в Вашем питомнике.Я просто в восторге от всех растений.Спасибо за труд, за Вашу душу, за любовь к растюшкам. Всем рекомендую ,,Зеленых Ангелов,, Вы оправдываете свое название！";"2021-12-04 21:53:55"
"1417";"Тетяна Довгань";"5";"0";"0";"0";"1";"Дякую вам за те задоволення, яке ви даруєте! Зробила три замовлення та прийняла участь в аукціоні... Одним словом підсіла))";"2021-12-04 19:46:46"
"1416";"Людмила";"5";"0";"0";"0";"1";"Дякую Зененим Янголам за співпрацю! Товар завжди якісний, гарний, з потенціалом щоб рости та квітнути, хочеться з таких рослинок створювати дуже гарні та неповторні композиції, асортимент завжди різний та цікавий! Дуже вдячні працівникам, які  завжди віддають увагу, професіоналізм та бажання, - приділити потрібну увагу клієнтам! Бажаю Вам процвітання та міцного-міцного здоров’я! ";"2021-12-04 17:43:03"
"1415";"Наталья Сидоренко";"5";"0";"0";"0";"1";"Приехали в Киев в идеальном состоянии! Растения в лучшем виде,  чем мы даже представляли! Заказывали сосны и туи. Менеджеры очень приветливые и очень старательные. Благодарим за качественную и оперативную работу ! ";"2021-12-03 16:54:55"
"1414";"Анна Андриевская";"5";"0";"0";"0";"1";"Це моє перше замовлення у цьому розпліднику. Придбала верби, Смарагди та ще дещо. Чудові рослинки приїхали! Коренева прекрасна, всі крони саджанців видно що формувались. Я дуже задоволена. Відправили швидко. Доречі безкоштовного маленького янгола теж поклали) Всім раджу і сама ще прийду за рослинками. ";"2021-12-02 23:21:09"
"1413";"Анна Андриевская";"5";"111";"0";"0";"1";"Це моє перше, але давно бажане замовлення у цьому розсаднику. Рослинки приїхали пречудові з гарною кореневою. Дякую всій команді за чесність,порядність та любов до своєї праці. Я дуже задоволена! Зелене янголятко також поклали до мого замовлення. Дякую)";"2021-12-01 23:07:18"
"1409";"Менеджер розсадника \"Зелені Янголи\"";"5";"1779";"0";"0";"1";"Актуальне фото гортензії 'Меджикал Файр' в контейнері 2л станом на кінець листопада 2021 року.";"2021-12-01 08:37:14"
"1408";"Менеджер розсадника \"Зелені Янголи\"";"5";"1801";"0";"0";"1";"Гортензія волотиста 'Фрайз Мельба' в контейнері 2л станом на кінець листопада 2021 року.";"2021-12-01 08:36:00"
"1410";"Вікторія";"5";"0";"0";"0";"1";"Дякую !! Упаковка супер !!! І рослини як на фото .!!!!!";"2021-12-01 00:00:00"
"1407";"Менеджер розсадника \"Зелені Янголи\"";"5";"1733";"0";"0";"1";"Пухироплідник Шух, контейнер 2л, фото станом на кінець листопада 2021 року.";"2021-11-30 17:52:16"
"1406";"Менеджер розсадника \"Зелені Янголи\"";"5";"1300";"0";"0";"1";"Гортензія пильчата Блубьорд, контейнер 2л, фото станом на кінець листопада 2021 року.";"2021-11-30 17:50:57"
"1405";"Менеджер розсадника \"Зелені Янголи\"";"5";"1491";"0";"0";"1";"Гортензія волотиста 'Сільвер Доллар' в контейнері 2л станом на кінець листопада 2021 року.";"2021-11-30 17:49:45"
"1404";"Менеджер розсадника \"Зелені Янголи\"";"5";"661";"0";"0";"1";"Кипарисовик горохоплідний Філіфера ауреа - коли зимові барви стають ще яскравіші, ніж літні. Актуальне фото станом на кінець листопада 2021 року, контейнері 2л.";"2021-11-30 17:48:11"
"1403";"Менеджер розсадника \"Зелені Янголи\"";"5";"1125";"0";"0";"1";"Актуальне фото кипарисовика горохоплідного 'Філіфера Нана' в контенейрі 2л станом на кінець листопада 2021 року.";"2021-11-30 17:44:45"
"1402";"Менеджер розсадника \"Зелені Янголи\"";"5";"2164";"0";"0";"1";"Ялина звичайна 'Літл Джем', контейнері с2, фото станом на кінець листопада 2021 року.";"2021-11-30 17:42:58"
"1401";"Менеджер розсадника \"Зелені Янголи\"";"5";"2301";"0";"0";"1";"Ялина колюча 'Соня', актуальне фото станом на кінець листопада 2021 року.";"2021-11-30 17:41:26"
"1400";"Менеджер розсадника \"Зелені Янголи\"";"5";"583";"0";"0";"1";"Ялина сербська 'Карел' с2, станом на кінець листопада 2021 року.";"2021-11-30 17:40:23"
"1399";"Менеджер розсадника \"Зелені Янголи\"";"5";"693";"0";"0";"1";"Туя західна 'Містер Бовлінг болл', контейнер 2л, фото станом на кінець листопада 2021 року.";"2021-11-30 17:39:18"
"1398";"Менеджер розсадника \"Зелені Янголи\"";"5";"1931";"0";"0";"1";"Ялівець повзучий 'Андорра Компакта', контейнер 2л, фото станом на 29.11.2021року.";"2021-11-30 17:38:04"
"1397";"Менеджер розсадника \"Зелені Янголи\"";"5";"2351";"0";"0";"1";"Ялина колюча, контейнер 2л, фото станом на кінець листопада 2021 року.";"2021-11-30 17:36:45"
"1396";"Менеджер розсадника \"Зелені Янголи\"";"5";"712";"0";"0";"1";"Туя захілна 'Даніка' в контейнері 2л станом на кінець листопада 2021 року.";"2021-11-30 17:35:36"
"1395";"Менеджер розсадника \"Зелені Янголи\"";"5";"817";"0";"0";"1";"Ялівець повзучий Прінс оф Вейлз в контейнері 2л станом на кінець листопада 2021 року.";"2021-11-30 17:34:36"
"1394";"Менеджер розсадника \"Зелені Янголи\"";"5";"964";"0";"0";"1";"Туя західна 'Літл Джем' в контейнері 2л станом на кінець листопада 2021 року.";"2021-11-30 17:33:29"
"1393";"Менеджер розсадника \"Зелені Янголи\"";"5";"1339";"0";"0";"1";"Ялівець лускатий Вілсоні, контейнер 2л, фото станом на кінець листопада 2021 року.";"2021-11-30 17:32:14"
"1392";"Менеджер розсадника \"Зелені Янголи\"";"5";"610";"0";"0";"1";"Сосна Пуміліо в контейнері 2л станом на кінець листопада 2021 року.";"2021-11-30 17:31:15"
"1391";"Менеджер розсадника \"Зелені Янголи\"";"5";"962";"0";"0";"1";"Сосна Мугус в контейнері 2л, фото станом на кінець листопала 2021 року.";"2021-11-30 17:30:03"
"1390";"Менеджер розсадника \"Зелені Янголи\"";"5";"64";"0";"0";"1";"Спірея Голдфлейм в контейнері 2л, кінець листопада 2021 року.";"2021-11-30 17:28:45"
"1389";"Менеджер розсадника \"Зелені Янголи\"";"5";"712";"0";"0";"1";"Туя Даніка в Р9, кінець листопада 2021 року.";"2021-11-30 17:27:12"
"1388";"Менеджер розсадника \"Зелені Янголи\"";"5";"111";"0";"0";"1";"Туя Смарагд в Р9, кінець листопада 2021року.";"2021-11-30 17:26:15"
"1387";"Анатолий";"5";"0";"0";"0";"1";"Заказ получил в течении 5 дней, всё отлично упаковано, ничего не повредилось. Заказывал 20 шт саженцев Купресоципарис Лейланда 'Голд Райдер'. Растения все здоровые, все было как указанно в заказе. Оплачивал по 100% предоплате. Рекомендую. ";"2021-11-24 17:40:52"
"1386";"Лора Федорович";"5";"1739";"0";"0";"1";"Добрый день, очень благодарна за все саженцы. Упакованы очень хорошо, качество саженцев великолепное. Спасибо Вам.";"2021-11-24 13:45:44"
"1383";"Наталия Наумец";"5";"1967";"0";"0";"1";"Добрый день) Спасибо огромное за Ваш труд. Саженцы всегда радуют))) Учитываются пожелания клиента, что тоже очень приятно. Хороших Вам продаж))))";"2021-11-14 10:44:14"
"1382";"Світлана Литвиненко";"5";"0";"0";"0";"1";"Замовляла подарунковий сертифікат і очікувала тоненький конверт, а прийшов справжній подарунок з осіннім декором, теплом та заботою! Дуже дякую! Справді приємно!";"2021-11-12 17:01:33"
"1381";"Алла Олексійчук ";"5";"0";"0";"0";"1";"Вітаю ! Отримала сьогодні замовлення - модрину . Деревце чудове , прекрасно запаковано . Я вдячна Зелегим Янголам за те , що дарують людям радість ";"2021-11-11 18:44:51"
"1380";"Елена ";"5";"0";"0";"0";"1";"Самое положительное впечатление! Заказ отправлен быстро, туи хорошего качества, ребята всегда на связи для помощи. Сделали подарок, дали бонус для следующей покупки! Реально, зелёные ангелы!!!! очень рекомендую!";"2021-11-10 00:00:00"
"1379";"Менеджер розсадника \"Зелені Янголи\"";"5";"601";"0";"0";"1";"Очиток 'Ангеліна', осінній окрас.";"2021-11-09 15:00:58"
"1378";"Менеджер розсадника \"Зелені Янголи\"";"5";"1816";"0";"0";"1";"Рутвиця орликолиста ' Німбус пінк' в контейнері 2л станом на початок листопада 2021 року.";"2021-11-09 14:59:41"
"1377";"Менеджер розсадника \"Зелені Янголи\"";"5";"993";"0";"0";"1";"Модрина широколуската станом на початок листопада на полі розсадника 'Зелені Янголи'.";"2021-11-09 14:58:36"
"1376";"Менеджер розсадника \"Зелені Янголи\"";"5";"1489";"0";"0";"1";"Осіннє забарвлення листя гортензії крупнолистої 'Ендлес СаммерБлум Стар', фото станом на початок листапада 2021року.";"2021-11-09 14:34:53"
"1374";"Менеджер розсадника \"Зелені Янголи\"";"5";"61";"0";"0";"1";"Забарвлення листя спіреї 'Кріспа' станом на початок листопада 2021 року, саджанці в контейнерах 2л.";"2021-11-09 14:31:33"
"1373";"Менеджер розсадника \"Зелені Янголи\"";"5";"1801";"0";"0";"1";"Гортензія волотиста 'Фрайз Мельба' в контейнерах 2л станом на початок листопада 2021 року.";"2021-11-09 14:30:02"
"1372";"Менеджер розсадника \"Зелені Янголи\"";"5";"1014";"0";"0";"1";"Саджанці гортензії крупнолистої 'Роял Ред' станом на початок листопада в контейнері 2л.";"2021-11-09 14:28:44"
"1371";"Менеджер розсадника \"Зелені Янголи\"";"5";"1753";"0";"0";"1";"Листя гортензії крупнолистої 'Ред Б'юті' станом на початок листопада 2021 року.";"2021-11-09 14:26:04"
"1370";"Менеджер розсадника \"Зелені Янголи\"";"5";"1020";"0";"0";"1";"Гортензії крупнолисті 'Мася! на початку листопада 2021 року в контейнері 2л.";"2021-11-09 14:23:07"
"1369";"Менеджер розсадника \"Зелені Янголи\"";"5";"1491";"0";"0";"1";"Гортензія 'Сільвер Доллар' в контейнері 2л станом на листопад 2021 року.";"2021-11-09 14:21:32"
"1368";"Менеджер розсадника \"Зелені Янголи\"";"5";"59";"0";"0";"1";"Верба розмаринолиста в горщику 2л на розсаднику 'Зелені Янголи' станмо на листопад 2021 року.";"2021-11-09 14:20:36"
"1367";"Менеджер розсадника \"Зелені Янголи\"";"5";"804";"0";"0";"1";"Ялівець 'Пфітцеріана Ауреа' в горщику 2л станом на листопад 2021 року.";"2021-11-09 14:10:46"
"1366";"Менеджер розсадника \"Зелені Янголи\"";"5";"1004";"0";"0";"1";"Фото ялівця 'Голден Саусер' в горщику 2л станом на листопад 2021 року.";"2021-11-09 14:09:36"
"1365";"Менеджер розсадника \"Зелені Янголи\"";"5";"1339";"0";"0";"1";"Ялівець 'Вілсоні' в горщику 2л станом на листопад 2021 року в контейнері 2л.";"2021-11-09 14:08:34"
"1364";"Менеджер розсадника \"Зелені Янголи\"";"5";"812";"0";"0";"1";"Актуальне фото станом на листопад 2021 року, ялівець 'Олл Голд' в контейнері 2л.";"2021-11-09 14:07:02"
"1363";"Менеджер розсадника \"Зелені Янголи\"";"5";"2274";"0";"0";"1";"Осіннє забарвлення Нандіни, фото станом на листопад 2021 року.";"2021-11-09 14:05:39"
"1362";"Шевчук Марина Володимирівна";"5";"0";"0";"0";"1";"Дякувати Вам, не передякувати!!!! Спасибі за гарні рослинки!!! У мене новий мікс із хвойних, кущів, злаків,  квітів  (на шести сотках) тільки з ваших ростюшек!!!.Я в захваті- від людяного ставлення, спілкування і вирішення різних деталей-при спілкуванні з Вами. Особливу подяку хочу висловити АРТУРУ!!!!  Пакування- СУПЕР!!!!!!. Протягом літа, осені систематично отримувала закази----і ВСІ РОСЛИНКИ прийнялись!!! ЯКІСТЬ ВІДМІННА. Хочу зауважити, що живу на півдні, де спека 50-60 градусів....";"2021-11-09 12:48:21"
"1361";"Лілія Бобиляк";"5";"0";"0";"0";"1";"Неодноразово купую 'зелених янголят' у цьому розсаднику. Рослинки чудові, як у горщиках р9, так і с2. А ось така красуня виросла цього року. Шкода, що дозволено похвалитися лише однією фоткою ;) ";"2021-11-09 11:02:50"
"1358";"Сергей";"5";"0";"0";"0";"1";"Впервые заказали на сайте саженцы (в частности гортензий) и остались очень довольны. Приветливо, четко и быстро. Отлично упакованы, доставлены в Одесскую область. Спасибо, удачи Вам!";"2021-11-04 13:52:46"
"1357";"Ельміра Ганенко";"5";"113";"0";"0";"1";"Замовляла Брабанти в кількості 10шт .Посилку отримала у відмінному стані,жодна гілочка не зламалась,рослини всі здорові,відповідають своїм характеристикам і фото.Обслуговування і якість рослин на висоті.Дякую за можливість не виходячи з дому мати у себе таку красу)Процвітання вашим рослинкам і наснаги та сил вам в роботі)";"2021-11-04 08:12:37"
"1356";"Менеджер розсадника \"Зелені Янголи\"";"5";"2275";"0";"0";"1";"Актуальне фото дівочого винограду 'Даймонд Маунтейнз' станом на жовтень 2021 року, контейнер 2л.";"2021-11-03 11:47:09"
"1355";"Менеджер, Зелені Янголи";"5";"2313";"0";"0";"1";"Забарвлення листя дубів болотних на одному з полів розсаднику 'Зелені ЯНголи' станом на кінець жовтня 2021 року.";"2021-10-31 14:46:06"
"1354";"Менеджер, Зелені Янголи";"5";"1525";"0";"0";"1";"Клени 'Отм Блейз' станом на кінець жовтня 2021 року.";"2021-10-31 14:43:58"
"1353";"Менеджер, Зелені Янголи";"5";"1513";"0";"0";"1";"Актуальне фото саджанця та листя клену Гіннала 'Флейм' - мультиштамб заввишки 180-200см станом на кінець жовтня 2021 року.";"2021-10-31 14:42:55"
"1352";"Менеджер, Зелені Янголи";"5";"110";"0";"0";"1";"Туї 'Рейнголд' на розсаднику 'Зелені Янголи' станом на кінець жовтня 2021 року.";"2021-10-31 14:40:29"
"1351";"Менеджер, Зелені Янголи";"5";"1550";"0";"0";"1";"Магнолія 'Суланжа' на в контейнері 20л станом на кінець жовтня 2021 року.";"2021-10-31 14:38:49"
"1350";"Менеджер, Зелені Янголи";"5";"1935";"0";"0";"1";"Актуальні фото тополі 'Італіка' з поля розсаднику 'Зелені ЯНголи' станом на кінець жовтня 2021 року.";"2021-10-31 14:37:30"
"1349";"Менеджер, Зелені Янголи";"5";"1375";"0";"0";"1";"Актуальне фото плюща 'Літл Даймонд' в контейнері 2л станом на кінець жовтня 2021 року.";"2021-10-31 14:35:57"
"1348";"Менеджер, Зелені Янголи";"5";"1100";"0";"0";"1";"Актуальне фото саджанця бузини 'Блек Лейс' станом на кінець жовтня 2021 року.";"2021-10-31 14:33:20"
"1347";"Менеджер, Зелені Янголи";"5";"27";"0";"0";"1";"Актуальне фото саджанця дерену 'Флавірамеа' в контейнері 2л станом на кінець жовтня 2021 року.";"2021-10-31 14:32:25"
"1346";"Менеджер, Зелені Янголи";"5";"1222";"0";"0";"1";"Ліріодендрони на одному з віддалених полів розсаднику 'Зелені Янголи'.";"2021-10-31 14:31:11"
"1345";"Менеджер, Зелені Янголи";"5";"18";"0";"0";"1";"Барбарис 'Кобольд' в контейнері 2л станом на кінець жовтня 2021 року.";"2021-10-31 14:29:48"
"1344";"Менеджер, Зелені Янголи";"5";"639";"0";"0";"1";"Типові фото саджанців бірючини овальнолистої в горщиках 2л станом на кінець жовтня 2021 року.";"2021-10-31 14:28:43"
"1343";"Менеджер, Зелені Янголи";"5";"1305";"0";"0";"1";"Кипарисовики 'Елвудс Емпайр' на одному з полів розсаднику 'Зелені Янголи'.";"2021-10-31 14:26:54"
"1342";"Менеджер, Зелені Янголи";"5";"2014";"0";"0";"1";"Барбарис 'Карло' в контейнері С2 станом на кінець жовтня 2021 року.";"2021-10-31 14:24:38"
"1341";"Менеджер, Зелені Янголи";"5";"1178";"0";"0";"1";"Типові фото саджанців барбарису 'Дартс Ред Лейді' в контейнері 2л станом на кінець жовтня 2021 року.";"2021-10-31 14:23:50"
"1340";"Менеджер, Зелені Янголи";"5";"2261";"0";"0";"1";"Актуальне фото саджанця барбарису 'Голден Цверг' в контейнері С2 станом на кінець жовтня 2021 року.";"2021-10-31 14:14:41"
"1339";"Менеджер, Зелені Янголи";"5";"1177";"0";"0";"1";"Барбарис 'Сенсейшн' в горщику 2л станом на кінець жовтня 2021 року.";"2021-10-31 14:13:37"
"1338";"Менеджер, Зелені Янголи";"5";"85";"0";"0";"1";"Актуальне фото саджанця жимолості пахучої станом на кінець жовтня 2021 року.";"2021-10-31 14:12:38"
"1337";"Менеджер, Зелені Янголи";"5";"1801";"0";"0";"1";"Саджанці гортензій 'Фрайз Мельба' в горщиках 2л станом на кінець жовтня 2021 року.";"2021-10-31 14:11:50"
"1336";"Менеджер, Зелені Янголи";"5";"1999";"0";"0";"1";"Типові фото саджанців спіреї 'Сноумаунд' в контейнері 2л станом на кінець жовтня 2021 року.";"2021-10-31 14:09:49"
"1335";"Менеджер, Зелені Янголи";"5";"61";"0";"0";"1";"Актуальні фото листя та саджанців спіреї 'Кріспа' в контейнері 2л станом на кінець жовтня 2021 року.";"2021-10-31 14:08:36"
"1334";"Менеджер, Зелені Янголи";"5";"1014";"0";"0";"1";"Актуальне фото саджанця гортензії крупнолистої 'Ред Роял' станом на кінець жовтня 2021 року в контейнерах 2л.";"2021-10-31 14:06:36"
"1333";"Менеджер, Зелені Янголи";"5";"30";"0";"0";"1";"Актуальне фото саджанця скумпії 'Роял Пьорпл' станом на кінець жовтня 2021 року в контейнері С2.";"2021-10-31 14:05:21"
"1332";"мене";"5";"723";"0";"0";"1";"Фото з одного з полів розсаднику 'Зелені Янголи', на якому зростають туї 'Гелдерленд'. На даному фото саджанці заввишки 140-160см станом на кінець жовтня 2021 року.";"2021-10-27 18:04:46"
"1331";"Менеджер розсадника \"Зелені Янголи\"";"5";"1295";"0";"0";"1";"Осінній окрас спіреї 'Тріумфанс' на розсаднику 'Зелені Янголи' станом на кінець жовтня.";"2021-10-27 18:02:14"
"1330";"Менеджер розсадника \"Зелені Янголи\"";"5";"2325";"0";"0";"1";"Актуальне фото саджанця дзвоників 'Вікінг' в контейнері 2л станом на кінець жовтня 2021 року.";"2021-10-27 18:00:21"
"1329";"Менеджер розсадника \"Зелені Янголи\"";"5";"1362";"0";"0";"1";"Актуальні фото саджанця пеннісетума лисохвостого станом на кінець жовтня 2021 року.";"2021-10-27 17:58:52"
"1328";"Менеджер розсадника \"Зелені Янголи\"";"5";"1507";"0";"0";"1";"Актуальні фото барбарису 'Чоклейт Самер' станом на кінець жовтня - листя вже опадають. Саджанці в контейнерах 2л.";"2021-10-27 17:56:53"
"1327";"Менеджер розсадника \"Зелені Янголи\"";"5";"1826";"0";"0";"1";"Актуальне фото барбарису 'Корал' в горщику 2 л станом на кінець жовтня 2021 року.";"2021-10-27 17:55:09"
"1326";"Менеджер розсадника \"Зелені Янголи\"";"5";"1796";"0";"0";"1";"Актуальне фото саджанця барбарису 'Веніс' в горщику 2л станом на кінець жовтня 2021 року.";"2021-10-27 17:53:49"
"1325";"Менеджер розсадника \"Зелені Янголи\"";"5";"2328";"0";"0";"1";"Актуальне фото саджанці астильби 'Колор Флеш Лайм' в контейнері 2л станом на кінець жовтня 2021 року.";"2021-10-27 17:51:49"
"1324";"Менеджер розсадника \"Зелені Янголи\"";"5";"64";"0";"0";"1";"Спірея 'Голдфлейм' станом на жовтень 2021 року, контейнер 2л.";"2021-10-27 17:50:45"
"1323";"Менеджер розсадника \"Зелені Янголи\"";"5";"64";"0";"0";"1";"Спірея 'Голдфлейм' в контейнері 2л станом на кінець жовтня 2021 року.";"2021-10-27 17:49:54"
"1322";"Менеджер розсадника \"Зелені Янголи\"";"5";"1779";"0";"0";"1";"Саджанець гортензії 'Меджікал Файр' в контейнері С2 станом на кінець жовтня 2021 року.";"2021-10-27 17:48:42"
"1321";"Менеджер розсадника \"Зелені Янголи\"";"5";"1341";"0";"0";"1";"Барбарис 'Оранж Тауер' в контейнері С2 станом на кінець жовтня 2021 року.";"2021-10-27 17:47:26"
"1320";"Менеджер розсадника \"Зелені Янголи\"";"5";"443";"0";"0";"1";"Барабрис 'Короніта' в контейнері С2 станом на кінець жовтня 2021 року.";"2021-10-27 17:46:21"
"1319";"Менеджер розсадника \"Зелені Янголи\"";"5";"1350";"0";"0";"1";"Спірея 'Антоні Ватерер' в контейнері С2 станом на кінець жовтня 2021 року.";"2021-10-27 17:45:21"
"1318";"Менеджер розсадника \"Зелені Янголи\"";"5";"1392";"0";"0";"1";"Актуальне фото кипарисовика 'Бріан' в контейнері с2 (2л), зроблене на розсаднику 'Зелені Янголи' в кінці липня 2021 року.";"2021-10-27 17:21:50"
"1315";"Лариса";"5";"662";"0";"0";"1";"15.10.21 была с группой на экскурсии в Ужгороде, попросила водителя остановить в питомнике. Это  здорово, купили всей группой, даже те кто до этого ничего не выращивал. Саженцы очень красивые, цена отличная, получила  купон на следующую покупку. Рекомендую всем. Спасибо. ";"2021-10-25 10:25:57"
"1313";"Татьяна Рыбакова";"5";"0";"0";"0";"1";"Замовляла набір волотистих гортензій у горщиках С2. Це було моє друге замовлення у цього виробника. Отримала вчасно. Рослинки чудові, не 2 тоненькі гілочки. Гарно упаковані, і тільки завдяки цьому дійшли без будь-яких пошкоджень, як тільки отримані з поля. Перше моє замовлення було навесні. це також були гортензії у С2 та у Р9. Всі добре прижились і квітли навіть ті, що були у горщиках Р9. Дуже вдячна Зеленим янголам.
";"2021-10-23 13:06:36"
"1312";"Галина Дегтярёва";"5";"0";"0";"0";"1";"Весной делала заказ в этом питомнике.Очень довольна качеством присланных растений, их безупречной упаковкой.Приветливые сотрудники,дружелюбные,подсказывают,советуют,Большое спасибо персоналу и успехов!";"2021-10-22 16:07:41"
"1311";"Менеджер розсадника \"Зелені Янголи\"";"5";"3";"0";"0";"1";"Вівсяниця сиза на розсаднику 'Зелені Янголи' станом на кінець жовтня 2021 року.";"2021-10-22 15:06:48"
"1310";"Менеджер розсадника \"Зелені Янголи\"";"5";"1506";"0";"0";"1";"Осінній окрас листя спіреї 'Голден Прінцес' в горщику 2л, фото з розсадника 'Зелені Янголи' станом на кінець жовтня 2021 року.";"2021-10-22 14:10:27"
"1309";"Менеджер розсадника \"Зелені Янголи\"";"5";"980";"0";"0";"1";"Плющ 'Еректа' в контейнері 2л  станом на кінець жовтня 2021 року.";"2021-10-22 14:08:36"
"1308";"Менеджер розсадника \"Зелені Янголи\"";"5";"2274";"0";"0";"1";"Осінній окрас Нандіни домашньої, саджанець в контейнері 2л станом на кінець жовтня 2021 року.";"2021-10-22 14:05:28"
"1307";"Менеджер розсадника \"Зелені Янголи\"";"5";"1754";"0";"0";"1";"Дерен білий 'Ауреа' в контейнерах Р9 на розсаднику 'Зелені Янголи' станом на кінець жовтня 2021 року.";"2021-10-22 14:00:28"
"1306";"Менеджер розсадника \"Зелені Янголи\"";"5";"62";"0";"0";"1";"Спірея 'Літл Прінцес' в горщику 2л станом на кінець жовтня 2021 року.";"2021-10-22 13:58:14"
"1305";"Менеджер розсадника \"Зелені Янголи\"";"5";"59";"0";"0";"1";"Верба розмаринолиста на розсаднику 'Зелені Янголи' станом на кінець жостня 2021 року.";"2021-10-22 13:57:04"
"1304";"Менеджер розсадника \"Зелені Янголи\"";"5";"1489";"0";"0";"1";"Саджанець гортензії 'Ендлес СаммерБлум Стар' станом на середину жовтня 2021 року в контейнері Р9.";"2021-10-22 13:27:08"
"1303";"Менеджер розсадника \"Зелені Янголи\"";"5";"48";"0";"0";"1";"Пухироплідник 'Лютеус' станом на кінець жовтня 2021 року.";"2021-10-22 13:14:48"
"1302";"Менеджер розсадника \"Зелені Янголи\"";"5";"2312";"0";"0";"1";"Ялівець Екстра 'Голд Кон' на розсаднику 'Зелені Янголи'.";"2021-10-22 13:12:11"
"1301";"Менеджер розсадника \"Зелені Янголи\"";"5";"2203";"0";"0";"1";"Невгамовна Тіареалла 'Пінк Скайрокет' квітне ще з травня. Фото станом на кінець жовтня 2021 року.";"2021-10-22 13:10:23"
"1300";"Менеджер розсадника \"Зелені Янголи\"";"5";"1349";"0";"0";"1";"Калина складчата 'Маріезі' станом на кінець жовтня на розсаднику 'Зелені Янголи'.";"2021-10-22 13:08:15"
"1299";"Менеджер розсадника \"Зелені Янголи\"";"5";"1799";"0";"0";"1";"Забарвлення листя форзиції 'Варієгата' в горщику 2л станом на кінець жовтня 2021 року.";"2021-10-22 13:06:18"
"1298";"Менеджер розсадника \"Зелені Янголи\"";"5";"1829";"0";"0";"1";"Осіннє забарвлення барбарису Тунбега 'Флоренс' станом на кінець жовтня в контейнері С2 (2л).";"2021-10-22 13:03:15"
"1297";"Ірина";"5";"2252";"0";"0";"1";"'Зелені Янголи', Ви - найкращі! Дякую Вам за те, що Ви є. Навіть коли просто отримуєш Вашу розсилку і починаєш переглядати каталог, то посміхаєшся. Тому що у Вас найприємніша команда з усіх, з ким довелось співпрацювати за декілька років. Ще мені подобається зручна навігація по сайту, чесні фото, і тому очікування завжди співпадають з отриманими рослинами. Задоволена усім, що Ви робите. Сподівіаюсь бути Вашим покупцем ще багато років. З величезною повагою та вдячністю";"2021-10-21 18:54:41"
"1296";"Хлемеева Екатерина";"5";"973";"0";"0";"1";"Брала саженцы в данном питомники впервые, осталась очень довольна как сервисом , так и посадочным материалом. Лейланды брала на живую изгородь и в качестве солитера. Получилось замечательно! Менеджеры всегда на связи, по моей просьбе переносили отправку на несколько недель, т к. не было  готово место для посадки. Заказ пришел компактно и бережно упакованным, ничего не пострадало! В маленькую машину поместились 3 коробки без проблем! Спасибо огромное за внимание к клиентам и нашим нуждам!";"2021-10-17 09:54:44"
"1295";"Лариса Добротворская";"5";"0";"0";"0";"1";"Дуже вдячна Зеленим янголам за якісні саджанці!!! Замовляла 18 шт. різних рослин для своєї альпійської гірки та клумби з трояндами. Вибирала, в основному, низькорослі рослини.  Дуже хвилювалась, як їм сподобається нове місце після довгої подорожі. І ще крім того, перші приморозки прийшли у цьому жовтні дуже рано, не знала, як рослини сприймуть негаразди погоди. Але все склалося чудово! Рослини прийнялися і втішають мене своїм бадьорим виглядом уже тиждень на своєму новому постійному місці.";"2021-10-16 22:36:16"
"1293";"Наталья Токарева";"5";"0";"0";"0";"1";"Пользуюсь сайтом несколько лет. Растения приезжают в полном порядке. Но вот упаковка оставляет желать лучшего. Нельзя что ли поставить в одну нормальную коробку? Когда распечатываешь ни когда не понятно как это паковалось.";"2021-10-14 13:07:05"
"1292";"ольга прохорченко";"5";"1486";"0";"0";"1";"Когда";"2021-10-14 11:29:31"
"1291";"ольга прохорченко";"5";"775";"0";"0";"1";"Сообщите когда появиться";"2021-10-14 11:20:54"
"1290";"Валерий Похилько";"5";"65";"0";"0";"1";"Замовляв кущики спіреї.Усе на рівні - якість,оперативність,відношення до покупців і що не мало важливо до рослин, які відправляються.Пакування надійне,можна не переживати,що рослини пошкоджаться при транспортуванні.Рекомендую розсадник до співпраці.";"2021-10-12 23:20:00"
"1288";"Вита Самофалова";"5";"0";"0";"0";"1";"Саженцы супер!Заказывала гортензии и гейхеры.Красавицы,любуюсь.Спасибо большое.Вы лучшие!Всем рекомендую.";"2021-10-12 10:05:24"
"1287";"Тамара";"5";"0";"0";"0";"1";"Отримала друге замовлення. Рослини, як і в першому, дуже гарної якості. Грунт в горшечках вологий, тобто можна не турбуватись, що в дорозі щось засохне чи зав'яне. Упаковці - взагалі найвища оцінка. А ще приємним бонусом і несказаним здивуванням було те, що передзвонив менеджер ( думаю це був Артур ) і повідомив, що посилка вже чекає на відділенні. Замовлення було оплачене повністю, розсаднику повинно бути все рівно. Але - ні! Це мене дуже вразило. Дякую велике. Буду ще не один раз робити замовл";"2021-10-09 11:06:31"
"1286";"Ольга Бодачова";"5";"2260";"0";"0";"1";"Повідомте коли він буде в наявності, будь ласка.";"2021-10-08 13:09:35"
"1285";"Менеджер розсадника \"Зелені Янголи\"";"5";"1519";"0";"0";"1";"Клен 'Сан Велі' на розсаднику 'Зелені Янголи', жовтень 2021 року.";"2021-10-08 09:14:54"
"1284";"Менеджер розсадника \"Зелені Янголи\"";"5";"1521";"0";"0";"1";"Фото кленів 'Отм Фентезі' з розсадника 'Зелені Янголи' станом на початок жовтня 2021 року.";"2021-10-08 09:13:18"
"1283";"Менеджер розсадника \"Зелені Янголи\"";"5";"1525";"0";"0";"1";"Фото саджанців кленів 'Отм Блейз' , зроблені на початку жовтня 2021 року на розсаднику 'Зелені Янголи'.";"2021-10-08 09:11:09"
"1282";"Менеджер розсадника \"Зелені Янголи\"";"5";"2246";"0";"0";"1";"Цвітіння лаванди 'Бандера Пьорпл' в горщиках 2л станом на початок жовтня 2021 року - зацвітає повторно!";"2021-10-08 09:09:14"
"1281";"Менеджер розсадника \"Зелені Янголи\"";"5";"1515";"0";"0";"1";"Саджанці кленів 'Сієнна Глен' станом на початок жовтня 2021 року, фото зроблене на розсаднику 'Зелені Янголи'.";"2021-10-08 09:07:32"
"1280";"Менеджер розсадника \"Зелені Янголи\"";"5";"1254";"0";"0";"1";"Типове фото саджанця вейгели 'Вікеторія' в горщику 2л станом на початок жовтня 2021 року.
";"2021-10-08 09:05:59"
"1279";"Менеджер розсадника \"Зелені Янголи\"";"5";"585";"0";"0";"1";"Вейгела 'Румба' в горщику 2л станом на початок жовтня 2021 року.";"2021-10-08 09:03:35"
"1278";"Менеджер розсадника \"Зелені Янголи\"";"5";"1221";"0";"0";"1";"Осіннє забарвлення листя ліквідамбару смолоносного, фото зроблене на розсаднику 'Зелені Янголи' станом на жовтень 2021 року.";"2021-10-08 09:02:26"
"1277";"Менеджер розсадника \"Зелені Янголи\"";"5";"2321";"0";"0";"1";"Типове фото саджанця бруннери 'Сі Харт' станом на початок жовтня 2021 року.";"2021-10-08 08:59:58"
"1276";"Менеджер розсадника \"Зелені Янголи\"";"5";"18";"0";"0";"1";"Барбарис 'Коболд' змінює забарвлення листя на осінь, фото станом на початок жовтня 2021 року.
";"2021-10-08 08:58:51"
"1275";"Менеджер розсадника \"Зелені Янголи\"";"5";"2329";"0";"0";"1";"Типові фото саджанців обрієти 'Аксент Бургунді' в горщику 2л станом на жовтень 2021 року.";"2021-10-08 08:55:10"
"1274";"Менеджер розсадника \"Зелені Янголи\"";"5";"1787";"0";"0";"1";"Типове фото саджанця гейхерели 'Тапестрі' в контейнері 2л станом на жовтень 2021 року.";"2021-10-08 08:53:30"
"1273";"Менеджер розсадника \"Зелені Янголи\"";"5";"2323";"0";"0";"1";"Типове фото саджанців гейхерели 'Копер Кескейд' в контейнері 2л станом на жовтень 2021 року.";"2021-10-08 08:52:29"
"1272";"Менеджер розсадника \"Зелені Янголи\"";"5";"2041";"0";"0";"1";"Типові фото саджанці офіопогону 'Нігресценс' в горщиках 2л станом на початок жовтня 2021 року.
";"2021-10-08 08:50:43"
"1271";"Менеджер розсадника \"Зелені Янголи\"";"5";"81";"0";"0";"1";"Фото саджанця плюща 'Голдхарт' в горщику С2 станом на початок жовтня 2021 року.";"2021-10-06 13:38:01"
"1270";"Менеджер розсадника \"Зелені Янголи\"";"5";"1300";"0";"0";"1";"Осінні фото саджанця гортензії Блубьорд в горщику 2л станом на початок жовтня 2021 року.
";"2021-10-06 13:36:50"
"1269";"Oksana Hlyapotura";"5";"0";"0";"0";"1";"Отримала дві сосни і два ялівця, вище всіх похвал, Зелені янголи-найкраще співвідношення ціна- якість";"2021-10-06 10:14:46"
"1268";"Лариса Внученко";"5";"0";"0";"0";"1";"Заказала три гортензии метельчатые: все три пришли в отличном состоянии, с цветами (сразу видно соответствие сорта заявленному),с хорошей корневой системой, побеги все целые и живые. Упаковка отличная - испытание Новой Почтой растениям не страшны. Спасибо! Имею желание и дальше покупать у вас растения.";"2021-10-05 10:34:59"
"1265";"Світлана";"5";"2252";"0";"0";"1";" Вигідна пропозиція, розділила живучку (горщик С 2) на 25 розеточок.";"2021-10-03 20:30:17"
"1264";"Светлана Прудка";"5";"0";"0";"0";"1";"Огромное спасибо за прекрасный посадочный материал!!! Всё саженцы пришли прекрасно упакованные и в отличном состоянии!!! Уже их посадила и кажется им нравится новое место проживания!!! Рекомендую Зелёных Ангелов!!!";"2021-10-03 13:34:58"
"1262";"Oksana Pitsek";"5";"1020";"0";"0";"1";"Дякую, Зелені янголи за оперативність,  приємне спілкування та чудові гортензії, які в гарному стані доїхали. Дуже задоволена. ";"2021-10-02 00:36:18"
"1261";"Oksana Pitsek";"5";"2335";"0";"0";"1";"Дякую, Зелені Янголи. за оперативність, за гарне обслуговування, за чудові гортензії. Доїхали в гарному стані. Вже ростуть) і радують. Задоволена дуже.";"2021-10-01 20:00:41"
"1260";"Oksana Pitsek";"5";"2335";"0";"0";"1";"Дякую, Зелені Янголи. за оперативність, за гарне обслуговування, за чудові гортензії. Доїхали в гарному стані. Вже ростуть) і радують. ";"2021-10-01 19:59:24"
"1259";"Світлана";"5";"0";"0";"0";"1";"Ви великі молодці, мені ж з ким порівнювати, маю певний досвід. З вами завжди надійно. Є впевненість в тому, що отримаєш якісні, надійно запаковані рослини, які обов'язково приживуться і будь тішити і прикрашати сад. Величезна подяка вам за Вашу роботу, за відношення до клієнта.";"2021-10-01 18:54:22"
"1258";"Каширець Дар’я";"5";"0";"0";"0";"1";"Довго збиралась зробити замовлення, і от нарешті коли зробила та отримала, була дуже приємно здивована та приголомшена. Рослини незрівнянні! Упаковка ідеальна. Жодна пелюстка або навіть листочок не впали с гортензій. Супер! Дякую велике! Обов‘язково повернусь ще за покупками! ";"2021-10-01 18:40:15"
"1257";"Анжела";"5";"0";"0";"0";"1";"Не знаю, на фоне положительных отзывов, мой  будет  не такой. Сделала покупку на, почти 1500 грн, попросила доствку в подарок, отмолчались...9 сентября получила 6 метельчатых гортензий, саженцы отличные. Но один был со слегка поникшим побегом. Высадила в грунт, полила хорошо. За  3 дня на нем пожелтели все листья и завяли два цветоноса. Пришлось обрезать. Осталась голая рогатка. Месяц почти ведем переписку с видео и фото доказательствами. Сегодня отказали сделать замену окончательно. Разбогатеют";"2021-10-01 17:05:28"
"1255";"Менеджер розсадника \"Зелені Янголи\"";"5";"720";"0";"0";"1";"Фото мигданю трилопатевого на розсаднику 'Зелені янголи' станом на вересень 2021 року.";"2021-09-30 14:52:43"
"1253";"Менеджер розсадника \"Зелені Янголи\"";"5";"962";"0";"0";"1";"Типові фото саджанців сосни Мугус станом на вересень 2021 року.";"2021-09-30 08:52:37"
"1254";"Юлія";"5";"0";"0";"0";"1";"Хочу подякувати Зеленим янголам за чудові рослини. Замовляла вже багато рослин, дуже задоволена!!! Чудово упаковані, здорові , якість найвища!Окремо дякую Іннесі, яка завжди на зв’язку і швидко оформлює замовлення. Дякую Вам безмежно! Так тримати! Рекомендую підписуватись у групу Viber. На фото декілька з тих рослин,що замовляла у цьому році(2021).";"2021-09-30 00:00:00"
"1252";"Менеджер розсадника \"Зелені Янголи\"";"5";"1771";"0";"0";"1";"Актуальні фото саджанців молінії блакитної 'Морекс' в горщиках 2л на розсаднику 'Зелені Янголи' станом на вересень 2021 року.";"2021-09-29 18:05:28"
"1251";"Менеджер розсадника \"Зелені Янголи\"";"5";"1202";"0";"0";"1";"Типові фото саджанців 'Елегантіссіма' в контейнері 2л станом на вересень 2021 року.";"2021-09-29 18:02:29"
"1250";"Менеджер розсадника \"Зелені Янголи\"";"5";"1341";"0";"0";"1";"Типове фото саджанця барбарису 'Оранж Тауер' в контейнері 2л станом на вересень 2021 року.";"2021-09-29 18:01:11"
"1249";"Менеджер розсадника \"Зелені Янголи\"";"5";"61";"0";"0";"1";"Типові фото саджанців спіреї японської 'Кріспа' в контейнерах 2л станом на вересень 2021 року.";"2021-09-29 18:00:00"
"1248";"Менеджер розсадника \"Зелені Янголи\"";"5";"11";"0";"0";"1";"Типові фото саджанці барбарису 'Атропурпуреа Нана' в горщиках 2л станом на вересень 2021 року.
";"2021-09-29 17:58:41"
"1247";"Менеджер розсадника \"Зелені Янголи\"";"5";"1177";"0";"0";"1";"Барбарис 'Сенсейшн' в контейнері 2л станом на вересень 2021 року.";"2021-09-29 17:57:28"
"1246";"Менеджер розсадника \"Зелені Янголи\"";"5";"1179";"0";"0";"1";"Типове фото саджанця барбарису 'Конкорд' в контейнері 2л станом на вересень 2021 року.";"2021-09-29 17:56:08"
"1245";"Менеджер розсадника \"Зелені Янголи\"";"5";"1812";"0";"0";"1";"Саджанець гортензії волотистої 'Меджікал Світ Саммер' в контейнері Р9 станом на вересень 2021 року.";"2021-09-29 17:54:18"
"1244";"Менеджер розсадника \"Зелені Янголи\"";"5";"1301";"0";"0";"1";"Типове фото саджанця гортензіх волотистої 'Меджікал Кендл' в контейнері Р9 станом на вересень 2021 року.";"2021-09-29 17:53:01"
"1243";"Менеджер розсадника \"Зелені Янголи\"";"5";"1115";"0";"0";"1";"Типові фото саджанці кипарисовику 'Стрікта' в контейнерах Р9 станом на вересень 2021 року.";"2021-09-29 17:51:43"
"1242";"Менеджер розсадника \"Зелені Янголи\"";"5";"2323";"0";"0";"1";"Актуальне фото саджанця гейхерели 'Копер Кескейд' в контейнері 2л станом на кінець вересня 2021 року.";"2021-09-29 17:50:31"
"1241";"Менеджер розсадника \"Зелені Янголи\"";"5";"1740";"0";"0";"1";"Актуальне фото саджанця стефанандри 'Кріспа' в контейнері Р9 станом на вересень 2021 року.";"2021-09-29 17:49:10"
"1240";"Менеджер розсадника \"Зелені Янголи\"";"5";"1754";"0";"0";"1";"Саджанець дерену білого 'Ауреа' в контейнері Р9 станом на кінець вересня 2021 року.";"2021-09-29 17:47:51"
"1239";"Менеджер розсадника \"Зелені Янголи\"";"5";"33";"0";"0";"1";"Типові фото саджанці кизильнику 'Парктеппіх' в контейнері Р9 станом на кінець вересня 2021 року.";"2021-09-29 17:46:29"
"1238";"Менеджер розсадника \"Зелені Янголи\"";"5";"65";"0";"0";"1";"Спірея 'Голдмаунд' в контейнері Р9 станом на кінець вересня 2021 року.";"2021-09-29 17:44:30"
"1237";"Менеджер розсадника \"Зелені Янголи\"";"5";"1376";"0";"0";"1";"Гортензія волотиста 'Мега Мінді' в горщику Р9 станом на кінець вересня 2021 року.";"2021-09-29 17:43:25"
"1236";"Менеджер розсадника \"Зелені Янголи\"";"5";"1350";"0";"0";"1";"Спірея 'Антоні Ватерер' в горщику Р9 станом на кінець вересня 2021 року.";"2021-09-29 17:41:16"
"1235";"Менеджер розсадника \"Зелені Янголи\"";"5";"113";"0";"0";"1";"Туї Брабант в очікуванні доставки до нового місця проживання :) Висота саджанців 100-120см, кореневий ком в сітці та мішковині.";"2021-09-29 17:39:46"
"1234";"Менеджер розсадника \"Зелені Янголи\"";"5";"1733";"0";"0";"1";"Пухироплідник 'Шух' на розсаднику 'Зелені Янголи' в контейнерах 2л станом на кінець вересня 2021 року.";"2021-09-29 17:38:08"
"1233";"Менеджер розсадника \"Зелені Янголи\"";"5";"1733";"0";"0";"1";"Фото саджанців пухироплідника калинолистого 'Шух' в контейнері 2л станом на кінець вересня 2021 року.";"2021-09-29 17:37:01"
"1232";"Менеджер розсадника \"Зелені Янголи\"";"5";"1108";"0";"0";"1";"Пухироплідник 'Самер Вайн' в горщиках 2л на розсаднику 'Зелені Янголи' станом на кінець вересня 2021 року.";"2021-09-29 17:34:02"
"1231";"Менеджер розсадника \"Зелені Янголи\"";"5";"1108";"0";"0";"1";"Типові фото саджанців пухироплідника калинолистого 'Самер Вайн' в контейнерах 2л станом на кінець вересня 2021 року.";"2021-09-29 17:32:39"
"1230";"Менеджер розсадника \"Зелені Янголи\"";"5";"2344";"0";"0";"1";"Актуальне фото саджанця очитку 'Санспарклер Лайм Твістер' в контейнері 2л станом на кінець вересня 2021 року.";"2021-09-29 17:29:18"
"1229";"Менеджер розсадника \"Зелені Янголи\"";"5";"1107";"0";"0";"1";"Пухироплідник 'Ред Барон' на розсаднику 'Зелені Янголи' станом на кінець вересня 2021 року.";"2021-09-29 17:27:11"
"1228";"Менеджер розсадника \"Зелені Янголи\"";"5";"1107";"0";"0";"1";"Типові фото саджанців пухироплідника 'Ред Барон' в контейнерах 2л станом на кінець вересня 2021 року.
";"2021-09-29 17:26:18"
"1227";"Менеджер розсадника \"Зелені Янголи\"";"5";"1734";"0";"0";"1";"Типові фото саджанців верби 'Маунт Асо' в контрейнерах 2л станом на кінець вересня 2021 року.";"2021-09-29 17:21:21"
"1226";"Менеджер розсадника \"Зелені Янголи\"";"5";"1014";"0";"0";"1";"Актуальні фото саджанців гортензії 'Роял Ред' в контейнері 2л станом на кінець вересня 2021 року.";"2021-09-29 17:19:01"
"1225";"Менеджер розсадника \"Зелені Янголи\"";"5";"1013";"0";"0";"1";"Актуальне типове фото саджанця гортензії 'Лойтфоєр' в контейнері 2л станом на кінець вересня 2021 року.";"2021-09-29 17:15:45"
"1224";"Менеджер розсадника \"Зелені Янголи\"";"5";"1597";"0";"0";"1";"Фото з розсадника 'Зелені Янголи' - ялини 'Шовенхорст' в контейнері 5л станом на кінець вересня 2021 року.";"2021-09-29 17:14:32"
"1223";"Менеджер розсадника \"Зелені Янголи\"";"5";"2165";"0";"0";"1";"Актуальне фото саджанця ялини 'Костер' в контейнері 5л станом на кінець вересня 2021 року.";"2021-09-29 17:13:12"
"1222";"Менеджер розсадника \"Зелені Янголи\"";"5";"64";"0";"0";"1";"Типові фото саджанців спіреї 'Голдфлейм' в горщику 2л станом на кінець вересня 2021 року.";"2021-09-29 17:11:54"
"1221";"Менеджер розсадника \"Зелені Янголи\"";"5";"614";"0";"0";"1";"Актуальне фото саджанця хебе товстолистої в контейнері 2л станом на кінець вересня 2021 року.";"2021-09-29 17:08:45"
"1220";"Менеджер розсадника \"Зелені Янголи\"";"5";"1383";"0";"0";"1";"Актуальне фото саджанця верби удинської 'Голден Саншайн' в горщику 2л станом на кінець вересня 2021 року.";"2021-09-29 17:07:17"
"1219";"Менеджер розсадника \"Зелені Янголи\"";"5";"1677";"0";"0";"1";"Актуальне фото саджанця осоки 'Ауреомаргіната' в контейнері 2л станом на кінець вересня 2021 року.";"2021-09-29 17:06:00"
"1218";"Менеджер розсадника \"Зелені Янголи\"";"5";"1679";"0";"0";"1";"Актуальне фото осоки 'Лейді Саншайн' в горщику 2л станом на кінець вересня 2021 року.";"2021-09-29 17:04:18"
"1217";"Менеджер розсадника \"Зелені Янголи\"";"5";"2274";"0";"0";"1";"Так виглядають саджанці Нандіни домашньої в горщиках 2л на розсаднику 'Зелені Янголи' станом на кінець вересня 2021 року.";"2021-09-29 17:03:13"
"1216";"Менеджер розсадника \"Зелені Янголи\"";"5";"1182";"0";"0";"1";"Актуальне фото саджанця мшанки шиловидної 'Грін Мосс' станом на кінець вересня 2021 року.";"2021-09-29 17:00:43"
"1215";"Менеджер розсадника \"Зелені Янголи\"";"5";"2249";"0";"0";"1";"Актуальне фото саджанця трясунки середньої в горщику 2л станом на кінець вересня 2021 року.";"2021-09-29 16:59:26"
"1214";"Менеджер розсадника \"Зелені Янголи\"";"5";"1515";"0";"0";"1";"Забарвлення листя клену 'Сієна Глен' станом на кінець вересня 2021 року.";"2021-09-29 16:55:08"
"1213";"Менеджер розсадника \"Зелені Янголи\"";"5";"964";"0";"0";"1";"Туя 'Літл Джем' в горщику 2л станом на кінець вересня 2021 року.";"2021-09-29 16:53:09"
"1212";"Менеджер розсадника \"Зелені Янголи\"";"5";"812";"0";"0";"1";"Актуальне фото саджанця ялівця прибережного 'Олл Голд' в контейнері 2л станом на кінець вересня 2021 року.";"2021-09-29 16:52:05"
"1211";"Менеджер розсадника \"Зелені Янголи\"";"5";"712";"0";"0";"1";"Туя 'Даніка' в контейнері 2л станом на кінець вересня 2021 року.";"2021-09-29 16:46:18"
"1210";"Менеджер розсадника \"Зелені Янголи\"";"5";"693";"0";"0";"1";"Актуальне фото саджанця туї західної 'Містер Бовлінг Болл' в контейнері 2л станом на кінець вересня 2021 року.";"2021-09-29 16:45:21"
"1209";"Менеджер розсадника \"Зелені Янголи\"";"5";"1346";"0";"0";"1";"Актуальне фото саджанця секвойядендрона велетенського станом на кінець вересня 2021 року.";"2021-09-29 16:43:22"
"1208";"Менеджер розсадника \"Зелені Янголи\"";"5";"1294";"0";"0";"1";"Актуальне фото саджанця лаванди 'Розеа' станом на кінець вересня 2021 року в горщику 2л.";"2021-09-29 16:42:12"
"1207";"Менеджер розсадника \"Зелені Янголи\"";"5";"2316";"0";"0";"1";"Актуальне фото саджанця хости 'Мінітмен' в горщику 2д станом на кінець вересня 2021 року.";"2021-09-29 16:41:03"
"1206";"Менеджер розсадника \"Зелені Янголи\"";"5";"1301";"0";"0";"1";"Саджанці в горщиках 2л гортензії волотистої 'Меджікал кендл' станом на кінець вересня 2021 року, фото зроблене на розсаднику 'Зелені Янголи'.";"2021-09-29 16:39:44"
"1205";"Менеджер розсадника \"Зелені Янголи\"";"5";"67";"0";"0";"1";"Актуальні фото саджанця лохини 'Патріот' в горщику 2л станом на кінець вересня 2021 року.";"2021-09-29 16:38:20"
"1204";"Менеджер розсадника \"Зелені Янголи\"";"5";"1829";"0";"0";"1";"Актуальні фото саджанців барбарису 'Флоренс' станом на вересень 2021 року.";"2021-09-28 16:45:11"
"1203";"Менеджер розсадника \"Зелені Янголи\"";"5";"1267";"0";"0";"1";"Суцвіття гортензії волотистої 'Діамант РужРендіа' станом на вересень 2021 року.";"2021-09-27 14:07:44"
"1202";"Менеджер розсадника \"Зелені Янголи\"";"5";"1267";"0";"0";"1";"Гортензія волотиста 'Діамант Руж/Рендіа' - акутальне фото станом на вересень 2021 року в горщику 2л.";"2021-09-27 14:05:20"
"1201";"Менеджер розсадника \"Зелені Янголи\"";"5";"1251";"0";"0";"1";"Фото вейгели 'Нана пурпуреа' в гощиках С2, зроблене на розсаднику 'Зелені Янголи' станом на вересень 2021 року.";"2021-09-27 14:04:05"
"1200";"Менеджер розсадника \"Зелені Янголи\"";"5";"1002";"0";"0";"1";"Фото саджанця ялівця 'Хюз' станом на вересень 2021 року в контейнері 2л.";"2021-09-27 14:02:44"
"1199";"Менеджер розсадника \"Зелені Янголи\"";"5";"1213";"0";"0";"1";"Фото з поля, де зростають кизильники блискучі, станом на вересень 2021 року";"2021-09-27 14:01:38"
"1198";"Менеджер розсадника \"Зелені Янголи\"";"5";"2288";"0";"0";"1";"Фото скабіози 'Маріпоза Блу' станом на вересень 2021 року - ще квітне!";"2021-09-27 14:00:09"
"1197";"Менеджер розсадника \"Зелені Янголи\"";"5";"1182";"0";"0";"1";"Актуальне фото саджанця мшанки 'Грін Моос' станом на вересень 2021 року в контейнері 2л.";"2021-09-27 13:58:58"
"1196";"Менеджер розсадника \"Зелені Янголи\"";"5";"1675";"0";"0";"1";"Актуальне фото саджанця війнику брильянтового в контейнері 2л станом на вересень 2021 року.";"2021-09-27 13:27:06"
"1195";"Менеджер розсадника \"Зелені Янголи\"";"5";"2341";"0";"0";"1";"Набір декоративних трав 'Ніжні суцвіття' ";"2021-09-27 13:25:26"
"1194";"Менеджер розсадника \"Зелені Янголи\"";"5";"826";"0";"0";"1";"Типові фото саджанців ялівця 'Мінт Джуліп' в контейнерах С2 станом на вересень 2021 року.";"2021-09-27 13:17:18"
"1193";"Менеджер розсадника \"Зелені Янголи\"";"5";"824";"0";"0";"1";"Актуальне фото саджанця ялівця 'Голден Спрінг' в контейнері 2л станом на вересень 2021 року.";"2021-09-27 13:15:58"
"1192";"Менеджер розсадника \"Зелені Янголи\"";"5";"1500";"0";"0";"1";"Актуальне фото саджанця ялівця 'Пфітцеріана Глаука' в горщику 2л станом на вересень 2021 року.";"2021-09-27 13:14:39"
"1191";"Менеджер розсадника \"Зелені Янголи\"";"5";"1003";"0";"0";"1";"Актуальне фото ялівця 'Сейбрук Голд' в контейнері 2л станом на кінець вересня 2021 року.";"2021-09-27 13:13:22"
"1190";"Менеджер розсадника \"Зелені Янголи\"";"5";"1299";"0";"0";"1";"Актуальні фото саджанців гортезії волотистої 'Бобо' в контейнері 2л станом на вересень 2021 року.";"2021-09-27 13:11:33"
"1189";"Менеджер розсадника \"Зелені Янголи\"";"5";"2328";"0";"0";"1";"Актуальне фото Астильби 'Колор Флеш Лайм' в горщику 2л станом на вересень 2021 року.";"2021-09-27 13:09:53"
"1188";"Менеджер розсадника \"Зелені Янголи\"";"5";"1706";"0";"0";"1";"Актуальне фото хости 'Джордж Сміт' в контейнері 2л станом на вересень 2021 року.";"2021-09-27 13:08:27"
"1187";"Менеджер розсадника \"Зелені Янголи\"";"5";"1770";"0";"0";"1";"Молінія голуба 'Хейдебраут' - актуальне фото саджанця в горщику 2л станом на вересень 2021 року.";"2021-09-27 13:06:05"
"1186";"Менеджер розсадника \"Зелені Янголи\"";"5";"1691";"0";"0";"1";"Осока Петрі 'Мілк Чоклейт' - актуальне фото станом на вересень 2021 року в горщику 2л.";"2021-09-27 13:04:21"
"1185";"Менеджер розсадника \"Зелені Янголи\"";"5";"1751";"0";"0";"1";"Актуальні фото Молінії 'Хейдецверг' в контейнері С2 станом на кінець вересня 2021 року.";"2021-09-27 13:02:58"
"1184";"Менеджер розсадника \"Зелені Янголи\"";"5";"1744";"0";"0";"1";"Актуальне фото саджанці щучника дернистого 'Палава' в контейнері С2 станом на кінець вересня 2021 року.";"2021-09-27 13:01:20"
"1183";"Менеджер розсадника \"Зелені Янголи\"";"5";"41";"0";"0";"1";"Актуальне фото саджанця лаванди 'Граппенхол' в контейнері Р9 станом на кінець вересня 2021 року.";"2021-09-27 12:57:18"
"1182";"Менеджер розсадника \"Зелені Янголи\"";"5";"1943";"0";"0";"1";"Лаванда вузьколиста в контейнері Р9 станом на вересень 2021 року.";"2021-09-27 12:53:27"
"1181";"Менеджер розсадника \"Зелені Янголи\"";"5";"837";"0";"0";"1";"Туї східні 'Ауреа Нана' висотою 60-70см.";"2021-09-27 12:52:22"
"1180";"Менеджер розсадника \"Зелені Янголи\"";"5";"1375";"0";"0";"1";"Актуальне фото саджанці плюща 'Літл Даймонд' станом на кінець вересня 2021 року.";"2021-09-27 12:39:36"
"1179";"Менеджер розсадника \"Зелені Янголи\"";"5";"1739";"0";"0";"1";"Актуальні фото Стефанандри 'Танакі' станом на кінець вересня 2021 року.";"2021-09-27 12:36:35"
"1178";"Менеджер розсадника \"Зелені Янголи\"";"5";"2257";"0";"0";"1";"Шавлія 'Аманте' в горщику 2л станом на кінець вересня 2021 року.";"2021-09-27 12:30:10"
"1177";"Менеджер розсадника \"Зелені Янголи\"";"5";"1349";"0";"0";"1";"Калина складчата 'Маріезі' станом на кінець вересня 2021 року.";"2021-09-27 12:28:34"
"1176";"Менеджер розсадника \"Зелені Янголи\"";"5";"1980";"0";"0";"1";"Суцвіття гортензії 'Літл Квік Фаєр' станом на кінець вересня 2021 року.";"2021-09-27 12:25:11"
"1175";"Менеджер розсадника \"Зелені Янголи\"";"5";"1801";"0";"0";"1";"Гортензія волотиста 'Фрайз Мельба' в горщику 2л станом на кінець вересня 2021 року.";"2021-09-27 12:21:15"
"1174";"Ольга Суховолець";"5";"105";"0";"0";"1";"Жаль що не вмію загрузити фото.Чудові рослинки.Купила декілька і дуже ними тішуся.
Дякую працівникам Зелених Янголів і всім рекомендую цей ялівець.";"2021-09-24 22:27:40"
"1173";"Мария Ивановна Тупалова";"5";"2294";"0";"0";"1";"Спасибо за роскошные саденцы";"2021-09-24 21:54:40"
"1172";"Мария Ивановна Тупалова";"5";"1376";"0";"0";"1";"Спасибо";"2021-09-24 12:01:38"
"1171";"Мария Ивановна Тупалова";"5";"1376";"0";"0";"1";"Спасибо большое,саженцы просто супер";"2021-09-24 11:58:03"
"1170";"Іван";"5";"0";"0";"0";"1";"Рекомендую!швидка відправка якісний товар та приємні консультанти)
";"2021-09-24 11:07:01"
"1169";"Менеджер розсадника \"Зелені Янголи\"";"5";"1383";"0";"0";"1";"Актуальне фото саджанця верби удинської 'Голден Саншайн' в горщику Р9 станом на вересень 2021 року.";"2021-09-23 15:01:14"
"1168";"Менеджер розсадника \"Зелені Янголи\"";"5";"8";"0";"0";"1";"Фото саджанця верби вавілонської 'Кріспа' в горщику 2л станом на вересень 2021 року.";"2021-09-23 14:58:50"
"1167";"Менеджер розсадника \"Зелені Янголи\"";"5";"58";"0";"0";"1";" Верба 'Хакуро-Нішікі' в Р9 станом на вересень 2021 року.";"2021-09-23 14:57:34"
"1166";"Менеджер розсадника \"Зелені Янголи\"";"5";"1316";"0";"0";"1";"Актуальні фото саджанців верби Чорноколосовидної в горщиках 2л станом на вересень 2021 року.";"2021-09-23 14:56:23"
"1165";"Ніна";"5";"0";"0";"0";"1";"В черговий раз отримала рослини в гарному стані,якісно запаковані. Дякую всьому персоналу,дуже задоволена оперативністю і якістю обслуговування.";"2021-09-23 08:22:09"
"1164";"Оксана";"5";"0";"0";"0";"1";"Дякую, вам Зелені янголи за турботу і швидку доставку рослиною. Всі рослину дійшли у відмінному стані, адаптовані і сильні.
Удачі вам у роботі! ";"2021-09-22 18:54:24"
"1163";"Менеджер розсадника \"Зелені Янголи\"";"5";"1491";"0";"0";"1";"Гортензія волотиста 'Сілвер Доллар' в горщику С2 станом на вересень 2021 року.";"2021-09-22 14:46:27"
"1161";"Менеджер розсадника \"Зелені Янголи\"";"5";"1740";"0";"0";"1";"Стефанандра надрізанолиста 'Кріспа', в р9 станом на вересень 2021 року.";"2021-09-22 14:39:17"
"1160";"Менеджер розсадника \"Зелені Янголи\"";"5";"1755";"0";"0";"1";"Дерен білий 'Регнзам/Ред Гноум' в р9 станом на вересень 2021 року.";"2021-09-22 14:37:58"
"1159";"Менеджер розсадника \"Зелені Янголи\"";"5";"1126";"0";"0";"1";"Вейгела квітуча 'Вінгз оф Фаєр', в р9 станом на вересень 2021 року.";"2021-09-22 14:36:25"
"1158";"Менеджер розсадника \"Зелені Янголи\"";"5";"2321";"0";"0";"1";" Актуальне фото - Бруннера крупнолиста 'Сі Харт' станом на вересень 2021 року.";"2021-09-22 14:35:34"
"1157";"Менеджер розсадника \"Зелені Янголи\"";"5";"2004";"0";"0";"1";"Актуальне фото Гортензії волотистої 'Літл Лайм' в горщику 2л станом на вересень 2021 року.";"2021-09-22 14:11:36"
"1156";"Менеджер розсадника \"Зелені Янголи\"";"5";"1350";"0";"0";"1";"Цвіт спіреї 'Антоні Ватерер' в вересні 2021 року, фото зроблене на розсаднику 'Зелені Янголи'.";"2021-09-22 13:51:02"
"1155";"Менеджер розсадника \"Зелені Янголи\"";"5";"1350";"0";"0";"1";"Актуальні фото саджанців спіреї 'Антоні Ватерер' в горщику 2л станом на вересень 2021 року.";"2021-09-22 13:49:58"
"1154";"Менеджер розсадника \"Зелені Янголи\"";"5";"2318";"0";"0";"1";" Мак голостебловий «Пульнічела Мікс» в горщику 2л станом на вересень 2021 року.";"2021-09-22 13:38:21"
"1153";"Менеджер розсадника \"Зелені Янголи\"";"5";"1301";"0";"0";"1";"Забарвлення суцвітть гортензії 'Меджікал Кендл' станом на вересень 2021 року.";"2021-09-22 13:35:42"
"1152";"Менеджер розсадника \"Зелені Янголи\"";"5";"1779";"0";"0";"1";"Суцвіття гортензії волотистої 'Меджікал Файр' станом на вересень 2021 року.";"2021-09-22 13:24:54"
"1151";"Менеджер розсадника \"Зелені Янголи\"";"5";"2290";"0";"0";"1";" Ехінацея пурпурова 'Ред Перл', С2 станом на вересень 2021 року.";"2021-09-22 13:23:17"
"1150";"Менеджер розсадника \"Зелені Янголи\"";"5";"1772";"0";"0";"1";"Актуальне фото: Мюленбергія волосовидна в С2 станом на вересень 2021 року.";"2021-09-22 13:21:48"
"1149";"Менеджер розсадника \"Зелені Янголи\"";"5";"2056";"0";"0";"1";" Актуальне фото: Споробол розкидистий в С2 станом на вересень 2021 року.";"2021-09-22 13:20:27"
"1147";"Менеджер розсадника \"Зелені Янголи\"";"5";"1818";"0";"0";"1";"Актуальні фото проса 'Прері Скай' станом на вересень 2021 року.";"2021-09-21 12:59:42"
"1146";"Менеджер розсадника \"Зелені Янголи\"";"5";"1437";"0";"0";"1";"Актуальне фото саджанця щучника дернистого в горщику 2л станом на вересень 2021 року.";"2021-09-21 12:57:43"
"1145";"Менеджер розсадника \"Зелені Янголи\"";"5";"817";"0";"0";"1";"Актуальне фото саджанця ялівця повзучого 'Прінс оф Вейлз' станом на вересень 2021 року.";"2021-09-21 12:56:51"
"1144";"Менеджер розсадника \"Зелені Янголи\"";"5";"1772";"0";"0";"1";"Актуальне фото мюленбергії волосовидної в горщику 2л станом на вересень 2021 року.";"2021-09-21 12:55:32"
"1143";"Менеджер розсадника \"Зелені Янголи\"";"5";"67";"0";"0";"1";"Актуальне фото саджанця лохини 'Патріот' в горщику 2л станом на вересень 2021 року.";"2021-09-21 12:54:20"
"1142";"Леся Кивель";"5";"0";"0";"0";"1";"Велика подяка  за Вашу кропітку роботу! Не зважаючи на те, що будо перенаправляння посилки, рослини в прекрасному стані. Запаковані просто ЧУДОВО! ";"2021-09-21 12:53:13"
"1141";"Менеджер розсадника \"Зелені Янголи\"";"5";"1301";"0";"0";"1";"Актуальні фото садажнців гортензій 'Меджікал Кендл' в горщиках 5л станом на вересень 2021 року.";"2021-09-21 12:52:51"
"1140";"Менеджер розсадника \"Зелені Янголи\"";"5";"673";"0";"0";"1";"Актуальне фото саджанця гортензії волотистої 'Лаймлайт' в контейнері 2л станом на початок вересня 2021 року.";"2021-09-21 12:51:21"
"1139";"Наталья ";"5";"1115";"0";"0";"1";"Большое вам спасибо - растения отличного качества и надежная упаковка! Заказывала крушину, кипарис и дёрен - все очень понравилось! Персонал вежливый, доставка в сроки! Покупаю у вас уже не в первый раз и буду заказывать еще!";"2021-09-21 01:04:26"
"1138";"Ірина Чорна";"5";"0";"0";"0";"1";"Дуже вдячна за рослини,які отримала нещодавно! Особливо дельфініуми! Прийшли якісно запаковані, не пошкоджені і з квітами! Буду замовляти увас і надалі! Дякую!";"2021-09-20 15:29:48"
"1137";"Юлия Романий";"5";"1305";"0";"0";"1";"У этого кипарисовика аромат как в комнате, в которую только что внесли новогоднюю елку! Сначала когда распаковывала я даже не поняла откуда так запахло, а потом я минут пять сидела его гладила и нюхала=)) И все растения само-собой пришли шикарные! Спасибо за ваш труд!";"2021-09-17 22:15:42"
"1135";"Маряшка Милашка";"5";"115";"0";"0";"1";"Такой туи у меня не было. Заказала 2 штуки.
Хотелось бы ещё описание как садить и ухаживать. Спасибо ";"2021-09-13 15:44:11"
"1134";"Маряшка Милашка";"5";"111";"0";"0";"1";"Очень вежливые консультанты.
Заказ пришол быстро. 
Но хотелось, чтобы дали ещё каталог по растением. 
А так все супер ";"2021-09-13 15:41:40"
"1133";"Маряшка Милашка";"5";"712";"0";"0";"1";"Заказывала первый раз. Упакована очень хорошо. Спасибо. ";"2021-09-13 15:38:31"
"1123";"Маряшка Милашка";"5";"113";"0";"0";"1";"Получила посылку. Упакована очень хорошо.
Туйки в горшке р9 - высокие и очень хорошие.
Ещё не посадила, стоят в горшочках. ";"2021-09-13 15:33:47"
"1121";"Менеджер розсадника \"Зелені Янголи\"";"5";"1491";"0";"0";"1";"Суцвіття гортензії 'Сілвер Доллар' станом на кінець серпня 2021 року.";"2021-09-09 17:03:57"
"1120";"Наталия";"5";"2041";"0";"0";"1";"Обслуговування доброзичливе й якісне. Менеджери намагаються якнайкраще урахувати побажання клієнта. Замовляла 8 рослин. Посилка прийшла гарно запакована, жодна рослина (а були й доволі високорослі) не пошкоджена. Самі рослини теж у гарному стані. Дуже дякую колективу розсадника. ";"2021-09-08 21:32:34"
"1118";"Валентина";"5";"0";"0";"0";"1";"Доброго дня, дякую всім, рослини прийшли в гарному стані і згідно опису, я задоволена . Вам бажаю всього найкращого! ";"2021-09-06 13:43:30"
"1119";"Светлана";"5";"0";"0";"0";"1";"Всему коллективу 'Зелёных Ангелочков' огромный Респект! Консультанты умнички, растения шикарные! Приживаемость 100%,упаковка:захочеш, не сломаеш!!!!!!!!!!!-4дн.доставка-состояние растений!!!!!! !!!! Заказываю 3раз-я в восторге! Так держать! Всей команде огромная благодарность! Процветания Вам и бесконечного количества клиентов! Добавьте пожалуйсто декоративных травок
";"2021-09-06 00:00:00"
"1116";"Ірина";"5";"0";"0";"0";"1";"Рослини отримала швидко і в чудовому стані.Пакування просто супер! Окрема подяка привітному та уважному персоналу .  Дуже задоволена оперативністю і якістю обслуговування!";"2021-09-03 23:15:49"
"1115";"Светлана Барушкина";"5";"0";"0";"0";"1";"Доброго дня! Хочу подякувати працівникам Зелених Янголів за якісні рослини гортензій. Усі рослини прийшли у гарному стані. Кущики доглянуті, живенькі, зелененькі. Особисто хочу подякувати за пакування. Дуже хвилювалася, як доїдуть гортензії через усю країну із заходу на схід, але все чудово! Співробідники ввічливі, чуйні,  замовлення виконано швидко. Рекомедую усім питомник ЗЕЛЕНІ ЯНГОЛИ. Буду ще користуватися вашими послугами. ДЯКУЮ!!!
";"2021-09-03 16:32:12"
"1112";"Володимир ";"5";"1781";"0";"0";"1";"Деякі фото явно не співпадають з самим описом і характеристиками.";"2021-09-03 11:17:38"
"1111";"Вадим Мукофат";"5";"1442";"0";"0";"1";"Получил заказ(уже третий)!Три вейгелы и один барбарис.Как всегда супер.Растения шикарные и удивил размер- даже больше чем ожидал.Спасибо вам за работу, сделанную с душой!Успехов вам!!!";"2021-09-02 22:02:50"
"1110";"Вікторія";"5";"0";"0";"0";"1";"Зробила замовлення на 4 рослини,   2 гортензії, вейгелу та керію. Усі рослини прийшли гарно запаковані, жодна не пошкоджена. Фото садженців відповідає дійсності. Дуже дякую усім співробітникам за гарні ррслини! Так тримати!";"2021-09-02 17:33:59"
"1109";"Менеджер розсадника \"Зелені Янголи\"";"5";"2260";"0";"0";"1";"Актуальне фото саджанця барбарису 'Голден Тауер' в горщику 2л, кінець серпня.";"2021-09-02 13:27:18"
"1108";"Менеджер розсадника \"Зелені Янголи\"";"5";"2263";"0";"0";"1";"Актуальне фото станом на кінець серпян 2021 року:  Сантоліна розмаринолиста 'Лемон Фізз', контейнер с2.";"2021-09-02 13:17:31"
"1107";"Менеджер розсадника \"Зелені Янголи\"";"5";"839";"0";"0";"1";"Актуальне фото станом на кінець серпня 2021 року: Туя складчата 'Форевер голді' у горщику с2.
";"2021-09-02 13:16:15"
"1106";"Менеджер розсадника \"Зелені Янголи\"";"5";"2298";"0";"0";"1";"Актуальне фото: Дельфіній 'Меджік Фонтейнз Пюр Вайт' у горщику 2л.";"2021-09-02 13:14:47"
"1105";"Менеджер розсадника \"Зелені Янголи\"";"5";"1402";"0";"0";"1";"Актуальне фото садажнця інжиру далматського в горщику 3л станом на кінець серпня 2021 року.";"2021-09-02 13:12:16"
"1104";"Менеджер розсадника \"Зелені Янголи\"";"5";"1213";"0";"0";"1";"Фото з поля розсаднику 'Зелені янголи', на якому зростають кизильники блискучі станом на кінець серпня 2021 року.";"2021-09-02 13:10:45"
"1103";"Менеджер розсадника \"Зелені Янголи\"";"5";"1318";"0";"0";"1";"Актуальне фото саджанця сосни італійської в горщику 2л станом на кінець серпня 2021 року.";"2021-09-02 13:09:06"
"1102";"Менеджер розсадника \"Зелені Янголи\"";"5";"65";"0";"0";"1";"Типове фото саджанця спіреї 'Голдмаунд' в горщику 2л станом на кінець серпня 2021 року.";"2021-09-02 13:06:02"
"1101";"Менеджер розсадника \"Зелені Янголи\"";"5";"629";"0";"0";"1";"Акиуальне фото саджанця піраканти 'Оранж Глоу' в контейнері 2л станом на кінець серпня 2021 року.";"2021-09-02 13:04:17"
"1100";"Менеджер розсадника \"Зелені Янголи\"";"5";"57";"0";"0";"1";"Актуальне фото піраканти 'Ред колумн' в горщику 2л станом на кінець серпня 2021 року.";"2021-09-02 13:03:05"
"1099";"Менеджер розсадника \"Зелені Янголи\"";"5";"2012";"0";"0";"1";"Типові фото саджанців вейгели 'Брістол Рубі' в горщику 5л станом на кінець серпня 2021року.";"2021-09-02 13:01:42"
"1098";"Менеджер розсадника \"Зелені Янголи\"";"5";"1491";"0";"0";"1";"Суцвіття гортензії 'Сілвер доллар' станом на кінець серпня 2021 року.";"2021-09-02 12:59:28"
"1097";"Менеджер розсадника \"Зелені Янголи\"";"5";"1377";"0";"0";"1";"Станом на 1 версеня 2021 року садажнці гортензії 'Фантом' в горщиках 2л виглядають таким чином.";"2021-09-02 12:56:53"
"1096";"Менеджер розсадника \"Зелені Янголи\"";"5";"973";"0";"0";"1";"Актуальне фото саджанця купресоципарису 'Голд Райдер' в горщику Р9 станом на кінець серпня 2021 року.";"2021-09-02 09:26:11"
"1095";"Менеджер розсадника \"Зелені Янголи\"";"5";"111";"0";"0";"1";"Акутальні фото садажнців туї 'Смарагд' в горщиках Р9 станом на кінець серпня 2021 року.";"2021-09-02 09:24:42"
"1094";"Менеджер розсадника \"Зелені Янголи\"";"5";"1754";"0";"0";"1";"Типове фото саджанця дерену білого 'Ауреа' в контейнері Р9 станом на кінець серпня 2021 року.";"2021-09-02 09:22:57"
"1093";"Менеджер розсадника \"Зелені Янголи\"";"5";"1301";"0";"0";"1";"Актуальне фото, зроблене на розсаднику 'Зелені янголи' станом на кінець серпня 2021 року - гортензії 'Меджікал Кендл' в горщиках 5л.";"2021-09-02 09:20:15"
"1092";"Менеджер розсадника \"Зелені Янголи\"";"5";"1002";"0";"0";"1";"Актуальне фото саджанця ялівця повзучого 'Х'юз' в горщику 5л станом на кінець серпня 2021 року.";"2021-09-02 09:16:28"
"1091";"Менеджер розсадника \"Зелені Янголи\"";"5";"1036";"0";"0";"1";"Актуальне фото саджанців слив 'Піссарда' з поля на розсаднику 'Зелені янголи' станом на кінець серпня 2021 року.";"2021-09-02 09:14:56"
"1090";"Менеджер розсадника \"Зелені Янголи\"";"5";"1377";"0";"0";"1";"Суцвіття гортензії 'Фантом' станом на 1 вересня 2021року.";"2021-09-02 09:12:07"
"1089";"Менеджер розсадника \"Зелені Янголи\"";"5";"2269";"0";"0";"1";"Актуальне фото саджанця очитку 'Санспарклер Лайм Зінгер' станом на серпень 2021 року в контейнері 2л.";"2021-09-02 09:10:49"
"1088";"Менеджер розсадника \"Зелені Янголи\"";"5";"2282";"0";"0";"1";"Актуальне фото садажнця анемони 'Велвінд' в контейнері 2л станом на кінець серпня 2021 року.";"2021-09-02 09:06:41"
"1087";"Менеджер розсадника \"Зелені Янголи\"";"5";"2282";"0";"0";"1";"Цвіт анемони японської 'Велвінд' станом на кінець серпня 2021 року.";"2021-09-02 09:05:53"
"1086";"Шишкіна Світлана";"5";"1023";"0";"0";"1";"Замовляла весною гортензію червонолистну, все чудово.За літо підросли шикарно, в цьому році ще не цвітуть, так як була проведена обрізка в розсаднику, коли отримала були обрізані пагони до 10 см. Рослини гарно виглядають навіть без суцвіть, дуже гарне листя.Посаджені в великі горщики.";"2021-09-01 22:06:35"
"1085";"Ивлита";"5";"1022";"0";"0";"1";"Отримала посилочку, дуже ретельно запаковано! А гортнзії вже з цвітом , свіженьки, наче тільки з саду, і це в нашу херсонську спеку! Дякую, янголи!";"2021-09-01 20:17:11"
"1084";"Оксана";"5";"59";"0";"0";"1";"Спасибо за качество обслуживания и здоровое растение.
Ива пришла добротно упакована, доставили в Киев очень быстро.
Ствол потрясающий, как я мечтала - разветвленный.
Спасибо еще раз! Буду заказывать и всем рекомендую";"2021-08-31 12:53:18"
"1083";"Светлана";"5";"837";"0";"0";"1";"Получила саженцы туи в очень хорошем состоянии. Вчера высадила и не могу налюбоваться. Спасибо большое за обслуживание и здоровые саженцы. Отдельное спасибо за приятный бонус в виде подарка.";"2021-08-30 11:54:31"
"1081";"Сатеник";"5";"0";"0";"0";"1";"Спасибо Вам большое за гортензию,она пришла в идеальном виде, где только я не заказывала,а уже 6 штук у меня...все были в таком ужасном состоянии,некоторые ,так и не возродились, некоторых отпаивала откармливала, но ваша - лучше всех... спасибо Вам за ваш труд,за ваше усердие,за ваше внимание!";"2021-08-30 10:29:33"
"1082";"Галина";"5";"1022";"0";"0";"1";"Второй раз заказываю у вас растения и просто наслаждаюсь открывая посылочку. Упаковано просто совершенно (как для себя) , ну а качество самых саженцев радует безумно. Спасибо вам огромное за это!!!!! Так держать. ";"2021-08-30 00:00:00"
"1080";"Володимир";"5";"0";"0";"0";"1";"Раніше замовляв саджанці в інших магазинах, тепер буду тільки тут. Відправка оперативна, рослини в прекрасному стані, якісна упаковка. І я приємно здивований розмірами саджанців, за такі кошти зазвичай відправляють гілочку, а тут маленьке деревце)). Ви повністю відповідаєте своїй назві ))) . Успіхів Вам";"2021-08-28 10:50:52"
"1079";"Людмила";"5";"0";"0";"0";"1";"Отримала свої гортензії вони прекрасні.І пакування і швидкість доставки дуже хороші.Привітний персонал.Щиро дякую.Буду вашим клієнтом.Ви молодці.Процвітання вам! ";"2021-08-28 09:54:25"
"1077";"оксана фортунатова";"5";"0";"0";"0";"1";"Я плакала... ну от счастья и не совсем плакала... Растения - здоровенькие, крепкие, ком оплетается корнями, что говорит о настоящем контейнерном выращивании, а не выкопал=засунул=отправил. Впервые увидела моленбергию красивой и сильной. спасибо. успехов вам ребята и процветания.";"2021-08-26 12:01:43"
"1075";"Менеджер розсадника \"Зелені Янголи\"";"5";"2288";"0";"0";"1";"Актуальне фото саджанця скабіози 'Маріпоза Блу' в горщику 2л станом на серпень 2021 року.";"2021-08-24 15:35:40"
"1074";"Менеджер розсадника \"Зелені Янголи\"";"5";"2280";"0";"0";"1";"Типове фото саджанця армерії 'Армада Роуз' в горщику 2л станом на серпень 2021 року.";"2021-08-24 15:34:24"
"1073";"Менеджер розсадника \"Зелені Янголи\"";"5";"2291";"0";"0";"1";"Типове фото саджанця пенстемону 'Каріло Ред' в горщику 2л станом на серпень 2021 року.";"2021-08-24 15:33:16"
"1072";"Менеджер розсадника \"Зелені Янголи\"";"5";"2295";"0";"0";"1";"Типове фото садажнця гіпсофіли 'Розеа' в горщику 2л станом на серпень 2021 року.";"2021-08-24 15:29:09"
"1071";"Менеджер розсадника \"Зелені Янголи\"";"5";"2248";"0";"0";"1";"Типове фото саджанця лаванди 'Хідкот Блу' в горщику 2л станом на серпень 2021 року.";"2021-08-24 15:28:04"
"1070";"Менеджер розсадника \"Зелені Янголи\"";"5";"2296";"0";"0";"1";"Актуальне фото саджанця лаванди 'Едельвейс' в горщику 2л станом на серпень 2021 року.";"2021-08-24 15:27:01"
"1069";"Менеджер розсадника \"Зелені Янголи\"";"5";"2246";"0";"0";"1";"Актуальне фото саджанця лаванди 'Бандера Пьорпл' в горщику 2л станом на серпень 2021 року.";"2021-08-24 15:26:06"
"1068";"Менеджер розсадника \"Зелені Янголи\"";"5";"1294";"0";"0";"1";"Актуальне фото саджанця лаванди 'Розеа' станом на серпень 2021 року в горщику 2л.";"2021-08-24 15:24:54"
"1067";"Менеджер розсадника \"Зелені Янголи\"";"5";"1293";"0";"0";"1";"Актуальне фото саджанця лаванди 'Мюнстед Стрейн' в горщику 2л станом на серпень 2021 року.";"2021-08-24 15:23:36"
"1066";"Менеджер розсадника \"Зелені Янголи\"";"5";"1301";"0";"0";"1";"Типове фото саджанця гортензії 'Меджікал Кендл' в горщику Р9 станом на черпень 2021 року.";"2021-08-24 15:22:09"
"1065";"Менеджер розсадника \"Зелені Янголи\"";"5";"1301";"0";"0";"1";"Типове фото саджанця гортензії 'Меджікал Кендл' в горщику 2л станом на серпень 2021 року.";"2021-08-24 15:21:20"
"1064";"Менеджер розсадника \"Зелені Янголи\"";"5";"1301";"0";"0";"1";"Суцвіття гортензії 'Меджікал Кендл' станом на серпень 2021 року.";"2021-08-24 15:20:23"
"1063";"Менеджер розсадника \"Зелені Янголи\"";"5";"1477";"0";"0";"1";"Квітка гібіскуса трав'янистого, серпень 2021 року.";"2021-08-24 15:17:57"
"1062";"Менеджер розсадника \"Зелені Янголи\"";"5";"2289";"0";"0";"1";"Актуальне фото саджанця Гейхерелли 'Стоплайт' в горщику 2л станом на серпень 2021 року.";"2021-08-24 15:17:03"
"1061";"Менеджер розсадника \"Зелені Янголи\"";"5";"1786";"0";"0";"1";"Типове фото саджанця гейхерелли 'Солар Екліпс' станом на серпень 2021 року в горщику 2л.";"2021-08-24 15:15:46"
"1060";"Менеджер розсадника \"Зелені Янголи\"";"5";"2293";"0";"0";"1";"Актуальне фото саджанця 'Носерн Експожа Амбер' в горщику 2л станом на серпень 2021 року.";"2021-08-24 15:14:14"
"1059";"Менеджер розсадника \"Зелені Янголи\"";"5";"2293";"0";"0";"1";"Типове фото саджанця гейхери 'Амбер Вейвз' станом на серпень 2021 року в горщику 2л.";"2021-08-24 15:09:46"
"1058";"Менеджер розсадника \"Зелені Янголи\"";"5";"1763";"0";"0";"1";"Актуальні фото саджанців гейхери 'Блек Перл' станом на серпень 2021 року в горщиках 2л.";"2021-08-24 15:07:58"
"1057";"Менеджер розсадника \"Зелені Янголи\"";"5";"2203";"0";"0";"1";"Актуальне фото квітучого саджанця тіарелли 'Пінк Скайрокет' станом на червень 2021 року.";"2021-08-24 15:06:45"
"1056";"Менеджер розсадника \"Зелені Янголи\"";"5";"2203";"0";"0";"1";"Актуальне фото саджанця тіарелли 'Пінк Скайрокет' станом на серпень 2021 року в горщику 2л.";"2021-08-24 15:05:26"
"1055";"Менеджер розсадника \"Зелені Янголи\"";"5";"2283";"0";"0";"1";"Типове фото саджанця Гейхери 'Мармелейд' в горщику 2л станом на серпень 2021 року.";"2021-08-24 15:04:18"
"1054";"Менеджер розсадника \"Зелені Янголи\"";"5";"1935";"0";"0";"1";"Актуальні фото з поля, на якому зростають тополі чорні 'Італіка' станом на серпень 2021 року.";"2021-08-24 15:01:24"
"1053";"Менеджер розсадника \"Зелені Янголи\"";"5";"2237";"0";"0";"1";"Актуальні фото очитків 'Санспарклер Чері Тарт' станом на серпень 2021 року.";"2021-08-24 14:57:57"
"1052";"Менеджер розсадника \"Зелені Янголи\"";"5";"2240";"0";"0";"1";"Фото зроблене на розсаднику у серпні 2021 року - очитки 'Сандерхед' в контейнерах 2л.";"2021-08-24 14:56:45"
"1051";"Менеджер розсадника \"Зелені Янголи\"";"5";"1125";"0";"0";"1";"Типове фото саджанця кипарисовика 'Філіфера Нана' в горщику 2л станом на серпень 2021 року.";"2021-08-24 14:54:13"
"1050";"Менеджер розсадника \"Зелені Янголи\"";"5";"1018";"0";"0";"1";"Актуальне фото саджанця ялівця 'Меєрі' в горщику 2л станом на кінець серпня 2021 року.";"2021-08-24 14:53:05"
"1049";"Менеджер розсадника \"Зелені Янголи\"";"5";"1755";"0";"0";"1";"Актуальне фото саджанця дерену 'Ред Гноум' в горщику 5л станом на кінець серпня 2021 року.";"2021-08-24 14:51:51"
"1048";"Менеджер розсадника \"Зелені Янголи\"";"5";"1755";"0";"0";"1";"Актуальне фото садажнця дерену 'Ред Гноум' в горщику Р9 станом на кінець серпня 2021 року.";"2021-08-24 14:51:01"
"1047";"Менеджер розсадника \"Зелені Янголи\"";"5";"834";"0";"0";"1";"Актуальні фото з поля туї 'Смарагд Вітбонд' станом на серпень 2021 року.";"2021-08-24 14:49:44"
"1046";"Менеджер розсадника \"Зелені Янголи\"";"5";"111";"0";"0";"1";"Актуальні фото туй 'Смарагд' з нашого поля станом на серпень 2021 року.";"2021-08-24 14:48:16"
"1045";"Менеджер розсадника \"Зелені Янголи\"";"5";"109";"0";"0";"1";"Актуальне фото туї 'Глобоза' з нашого поля станом на серпень 2021 року.";"2021-08-24 14:46:39"
"1044";"Менеджер розсадника \"Зелені Янголи\"";"5";"832";"0";"0";"1";"Актуальні фото туй 'Мір'ям' з нашого поля станом на серпень 2021 року.";"2021-08-24 14:45:29"
"1043";"Менеджер розсадника \"Зелені Янголи\"";"5";"584";"0";"0";"1";"Актуальні фото з поля саджанців туй 'Голден Глоуб' станом на серпень 2021 року.";"2021-08-24 14:44:29"
"1042";"Менеджер розсадника \"Зелені Янголи\"";"5";"837";"0";"0";"1";"Актуальні фото туй 'Ауреа Нана' з поля станом на серпень 2021 року.";"2021-08-24 14:41:42"
"1041";"Менеджер розсадника \"Зелені Янголи\"";"5";"837";"0";"0";"1";"Актуальне фото саджанця туї 'Ауреа Нана' станом на серпень 2021 року в горщику Р9.";"2021-08-24 14:40:45"
"1040";"Менеджер розсадника \"Зелені Янголи\"";"5";"992";"0";"0";"1";"Актуальні фото з поля - саджанці Павловнії повстяної станов на серпень 2021 року.";"2021-08-24 14:39:26"
"1039";"Менеджер розсадника \"Зелені Янголи\"";"5";"1753";"0";"0";"1";"Актуальне фото гортензії крупнолистої 'Ред Б'юті' в горщику 2л станом на кінець серпня 2021 року.";"2021-08-24 14:38:13"
"1038";"Менеджер розсадника \"Зелені Янголи\"";"5";"1020";"0";"0";"1";"Актуальне фото саджанця гортензії крупнолистої 'Мася' станом на кінець серпня 2021 року в горщику 2л.";"2021-08-24 14:37:05"
"1037";"Олена";"5";"0";"0";"0";"1";"Щиро дякую за рослини .Пакування на відмінно.Пункт призначення Кременчук.";"2021-08-21 20:03:54"
"1036";"Наталя Поліщук";"5";"1022";"0";"0";"1";"Чудові гарні рослини доїхали в спеку до Харківської області. Коренева система добре розвинута. Упаковка надійна і зручна. Оперативна обробка замовлення. Бажаю здоров'я і натхнення всім робітникам 'Зелених янголів'";"2021-08-21 13:00:52"
"1035";"Руслана";"5";"0";"0";"0";"1";"Дуже гарний магазин. Надійні, порядні люди тут працюють. Три роки замовляю рослини. Всім задоволена. Пересорту нема. Всім раджу цей магазин.";"2021-08-20 22:42:17"
"1034";"Эдуард";"5";"0";"0";"0";"1";"Прекрасные гортензии, очень тщательная упаковка, быстрая доставка. Очень приветливый персонал. У жены полнейший восторг. Развивайтесь и процветайте!!!";"2021-08-20 12:05:35"
"1033";"Олена";"5";"0";"0";"0";"1";"Хочу залишити відгук про гортензіі. Купувала декілька різних у 2л горщиках минулої осені. Зараз душа не нарадується ! Жодного пересорту чи таких, що не прижилися!";"2021-08-18 15:30:42"
"1032";"Олена";"5";"48";"0";"0";"1";"Дякую за рослинки. Пункт призначення  Дніпропетровська область та гарно упаковані пухироплидники отримала не пошкодженими. Не шкодую, що замовила, а це було вперше, у 'Зелених янголів'. Рекомендую.";"2021-08-17 08:59:13"
"1031";"Евгений";"5";"1295";"0";"0";"1";"Какой/когда период цветения?";"2021-08-16 20:37:57"
"1030";"Игнатенко Ольга";"5";"0";"0";"0";"1";"Впервые делала здесь заказ и не прогадала! Заказывала гортензии и тиареллы. Каждое из растений аккуратно запаковано во избежание возможных повреждений. Все политы и в хорошем состоянии☝!!! Таки «рослини з душею» !!! В целом, осталась очень довольна  своим заказом! Благодарю !!!";"2021-08-15 00:00:00"
"1028";"Юлія";"5";"0";"0";"0";"1";"В черговий раз отримала посилку від розсадника 'Зелені Янголи'. В цьому році я отримала вже більше пяти посилок, в кожній посилці по три-чотири рослини. Рослини були упаковані професійно, якісно і надійно. Всі рослини гарної якості, з добре розвиненою кореневою системою. Ціни доступні для кожного. Всім рекомендую цей розсадник. ";"2021-08-14 14:14:40"
"1027";"Галина";"5";"0";"0";"0";"1";"Щиро дякую за якісний товар! Гортензії - розкішні!!!";"2021-08-13 18:01:27"
"1026";"Volodymyr";"5";"2048";"0";"0";"1";"Отлично упаковано, растения в хорошем состоянии, данный лот по размерам больше заявленного. В целом, доволен. Рекомендую.";"2021-08-13 10:31:09"
"1025";"Олександр";"5";"632";"0";"0";"1";"Добрий день повідомте мене будь ласка коли у вас з’явиться Маслинка зонтична, Я би хотів придбати 10 саджанців дякую";"2021-08-11 20:46:06"
"1024";"Олена Закалюк";"5";"339";"0";"0";"1";" рясне листя, здоровий саджанець, був гарно упакований";"2021-08-11 15:42:16"
"1023";"Зуб Наталія Василівнв";"5";"1023";"0";"0";"1";"Хотіла б замовити червонолисну гортензію
Можна повідомити коли буде в продажі
Цікавить садженець в контейнері С, щоб не маленький";"2021-08-11 10:11:12"
"1022";"Світлана";"5";"0";"0";"0";"1";"Отримала пречудовий саджанець гортензії за розмірами і здоров'ям.Дуже задоволена.";"2021-08-09 18:17:21"
"1021";"Леонт\'єва Оксана";"5";"0";"0";"0";"1";"Зелені Янголи, я від Вас у шоці!Рослини шикарні, пакування мабуть робили за кресленнями Ілона Маска ) Моя вдячність усім : хто вирощує, хто пакує, хто працює з замовниками.";"2021-08-09 11:54:50"
"1020";"Мосьпан Людмила";"5";"0";"0";"0";"1";"Щиро дякую 'Янголам' за якісні саджанці гортензії, чудове пакування та якісне обслуговування!))";"2021-08-08 16:57:11"
"1019";"Ірина";"5";"0";"0";"0";"1";"Вперше робила  замовлення  у вашому розсаднику. Якість рослин перевершила всі мої сподівання. 
Замовляла барбариси 'Кобольт' і 'Грін Карпет'  та спірею 'Кріспа'.
Щиро дякую за прекрасні рослини та подарунок!";"2021-08-08 01:27:45"
"1017";"Тетяна  Трояновська";"5";"33";"0";"0";"1";"Отримала дуже гарну рослину, все супер, навіть є інструкція для висадження рослин, дякую, всім рекомендую купувати рослини тільки у Зелених янголів.";"2021-08-06 18:11:39"
"1016";"Тетяна  Трояновська";"5";"681";"0";"0";"1";"Дуже рекомендую всім замовляти рослини в Зелених янголах. Професіонали своєї справи, дякую за вашу працю, ялівцем дуже задоволена, гарно запаковане, все відповідає замовленню!";"2021-08-06 18:01:10"
"1015";"Тетяна  Трояновська";"5";"814";"0";"0";"1";"Отримала замовлення, дуже задоволена, гарно запаковане, дякую!";"2021-08-06 17:55:45"
"1014";"Менеджер розсадника \"Зелені Янголи\"";"5";"1004";"0";"0";"1";"Актуальне фото саджанця ялівця 'Голден саусер' в горщику 2л станом на липень 2021 року.";"2021-08-06 16:40:22"
"1013";"Менеджер розсадника \"Зелені Янголи\"";"5";"1351";"0";"0";"1";"Актуальне фото саджанця станом на серпень 2021 року - Кипарисовик туполистий 'Арнесонс компакт', контейнер с2.";"2021-08-06 13:54:58"
"1012";"Менеджер розсадника \"Зелені Янголи\"";"5";"973";"0";"0";"1";"Актуальне фото станом на серпень 2021 року - Купресоципарис Лейланда 'Голд Райдер', горщик С2.";"2021-08-06 13:53:10"
"1011";"Менеджер розсадника \"Зелені Янголи\"";"5";"1005";"0";"0";"1";"Актуальне фото саджанця станом на серпень 2021 року - Ялівець середній 'Голд кіссен', контейнер с2.";"2021-08-06 13:51:57"
"1010";"Менеджер розсадника \"Зелені Янголи\"";"5";"972";"0";"0";"1";"Актуальне фото саджанця станом на серпень 2021 року  - Кипарисовик туполистий 'Цацумі', контейнер с2.";"2021-08-06 13:50:39"
"1009";"Менеджер розсадника \"Зелені Янголи\"";"5";"839";"0";"0";"1";"Актуальне фото станом на серпень 2021 року туї складчатої 'Форевер голді', горщик С2.";"2021-08-06 13:48:53"
"1008";"Менеджер розсадника \"Зелені Янголи\"";"5";"2248";"0";"0";"1";"Актуальне фото: наша Лаванда 'Хідкот блу' у горщику с2 станом на серпень 2021 року.";"2021-08-06 13:45:25"
"1007";"Менеджер розсадника \"Зелені Янголи\"";"5";"2260";"0";"0";"1";"Актуальне фото: Барбарис 'Голден Тауер', горщик с2 станом на серпень 2021 року.";"2021-08-06 13:44:15"
"1006";"Менеджер розсадника \"Зелені Янголи\"";"5";"1177";"0";"0";"1";"Актуальне фото: Барбарис Сенсейшн, горщик  с2 станом на серпень 2021 року.";"2021-08-06 13:42:53"
"1005";"Менеджер розсадника \"Зелені Янголи\"";"5";"1957";"0";"0";"1";"Актуальне фото: Барбарис 'Саммер сансет' в гонтейнері с2 станом на серпень 2021 року.";"2021-08-06 13:39:33"
"1004";"Менеджер розсадника \"Зелені Янголи\"";"5";"1802";"0";"0";"1";"Актуальне фото: Пенісетум 'Рубрум' у горщику с2 станом на серпень 2021 року.";"2021-08-06 13:35:45"
"1003";"Менеджер розсадника \"Зелені Янголи\"";"5";"18";"0";"0";"1";"Актуальне фото саджанця барбарису 'Коболд' в горщику 2л станом на серпень 2021 року.
";"2021-08-06 13:22:55"
"1002";"Менеджер розсадника \"Зелені Янголи\"";"5";"1503";"0";"0";"1";"Саджанець м'яти шоколадної в горщику 2л станом на серпень 2021 року.";"2021-08-06 13:21:16"
"1001";"Менеджер розсадника \"Зелені Янголи\"";"5";"2218";"0";"0";"1";"Актуальне фото з розсадника станом на серпень 2021 року - горщики по 2л з вербеною 'Буенос Айрес'";"2021-08-06 13:19:41"
"1000";"Менеджер розсадника \"Зелені Янголи\"";"5";"1673";"0";"0";"1";"Актуальне фото з розсаднику станом на серпень 2021 року - Війник 'Карл Форестер' в горщиках 2л.";"2021-08-06 13:18:04"
"999";"Менеджер розсадника \"Зелені Янголи\"";"5";"1818";"0";"0";"1";"Актуальне фото саджанців проса 'Прері Скай' з розсадника в горщиках 2л станом на серпень 2021 року.";"2021-08-06 13:16:05"
"998";"Менеджер розсадника \"Зелені Янголи\"";"5";"1674";"0";"0";"1";"Війник - «Овердам» - станом на серпень 2021 року, фото саджанців в горщиках 2л.";"2021-08-06 13:14:46"
"997";"Менеджер розсадника \"Зелені Янголи\"";"5";"1771";"0";"0";"1";"Шоколадні суцвіття Молінії голубої «Морекс» - фото станом на серпень 2021 року з розсадника, саджанці в горщиках по 2л.";"2021-08-06 13:13:04"
"996";"Менеджер розсадника \"Зелені Янголи\"";"5";"648";"0";"0";"1";"Актуальне фото: Плющ звичайний 'Мармората' у горщику С2 станом на серпень 2021 року.";"2021-08-06 13:11:20"
"995";"Менеджер розсадника \"Зелені Янголи\"";"5";"2276";"0";"0";"1";"Актуальне фото : виноград дівочий 'Фанвей парк', горщик с2 станом на серпень 2021року.";"2021-08-06 13:10:12"
"994";"Менеджер розсадника \"Зелені Янголи\"";"5";"1946";"0";"0";"1";"Актуальне фото: форзиція 'Фієста' у горщику с2 станом на серпень 2021 року.
";"2021-08-06 13:02:25"
"993";"Менеджер розсадника \"Зелені Янголи\"";"5";"2184";"0";"0";"1";"Акутальне фото саджанця ханонехлої крупної 'Ауреола' в горщику 2л станом на черпень 2021 року.";"2021-08-06 12:59:23"
"992";"Менеджер розсадника \"Зелені Янголи\"";"5";"704";"0";"0";"1";"Актуальне фото саджанця імперати циліндричної 'Ред Барон' в горщику 2л станом на серпень 2021 року.
";"2021-08-06 12:57:28"
"991";"Менеджер розсадника \"Зелені Янголи\"";"5";"1960";"0";"0";"1";"Актуальне фото саджанця барбарису 'Голдаліта' станом на серпень 2021 року в горщику 2л.";"2021-08-06 12:51:08"
"990";"Менеджер розсадника \"Зелені Янголи\"";"5";"646";"0";"0";"1";"Актуальне фото плюща 'Чікаго' в горщику 2л станом на серпень 2021 року.";"2021-08-06 12:42:43"
"989";"Менеджер розсадника \"Зелені Янголи\"";"5";"1783";"0";"0";"1";"Актуальне фото лавровишні 'Новіта' в горщику 5л станом на кінець липня 2021 року.";"2021-08-06 12:35:39"
"988";"Менеджер розсадника \"Зелені Янголи\"";"5";"1200";"0";"0";"1";"Актуальне фото саджанця кедру ліванського в горщику 2л станом на кінець липня 2021 року.";"2021-08-06 12:33:39"
"987";"Менеджер розсадника \"Зелені Янголи\"";"5";"1346";"0";"0";"1";"Актуальне фото саджанця секвойядендрону велетенського в горщику 2л станом на кінець липня 2021 року.";"2021-08-06 12:32:08"
"986";"Менеджер розсадника \"Зелені Янголи\"";"5";"2217";"0";"0";"1";"Актуальне фото саджанця осоки 'Ред Рустер' в горщику 2л станом на кінець липня 2021 року.";"2021-08-06 12:28:50"
"985";"Менеджер розсадника \"Зелені Янголи\"";"5";"984";"0";"0";"1";"Саджанець пенстемону 'Дарк Тауерс' в горщику 2л станом на кінець липня 2021 року.";"2021-08-06 12:27:37"
"984";"Менеджер розсадника \"Зелені Янголи\"";"5";"111";"0";"0";"1";"Фото саджанця туї Смарагд в горщику 2л висотою 40-60см станом на кінець липня 2021 року.";"2021-08-06 12:23:39"
"1018";"Ольга";"5";"0";"0";"0";"1";"В черговий раз отримала чудові рослини - дякую! Дуже приємно вразив подарунок за моє замовлення!!!!!!";"2021-08-06 00:00:00"
"983";"Вадим";"5";"0";"0";"0";"1";"Сегодня получил заказ( спирея Голдфлейм и барбарис Голден Ринг).Это что- то.
Упаковка аккуратная и качественная,растения просто невероятные,действительно как на сайте.Восторг.
Вы самые лучшие!!! Спасибо.";"2021-08-05 19:59:51"
"982";"Ольга Цимбалюк";"5";"1300";"0";"0";"1";"Отримала чудову, дбайливо впаковану гортензію. Щиро дякую працівникам 'Зелені Янґоли'!!  Рекомендую купувати рослини саме тут!";"2021-08-04 19:22:19"
"979";"Екатерина";"5";"0";"0";"0";"1";"Заказывала впервые и осталась очень довольна! Растения пришли в хорошем состоянии,упаковано хорошо,работа сотрудников также на уровне! Обязательно буду заказывать ещё!)";"2021-08-04 15:06:55"
"978";"Ігор";"5";"0";"0";"0";"1";"Замовляємо вже втретє - все дуже подобається. Великий вибір, професійне обслуговування, відповідадьне ставлення до роботи
Замовляли азалії три види, рододендрон, спіреї японськи - все завжди приїзджає дуже гарно запаковане, в чудовому стані. 
В цей раз замовили злак - пенісетум і декілька маленьких радощів :) - гвоздички, простріл. Дуже вдячні! З нетерпінням чекаємо!
";"2021-08-03 23:08:43"
"976";"Юлія";"5";"0";"0";"0";"1";"Отримала свої рослини. Дуже гарні , усе як на фото. Сподобалося , що швидко відповідають на запитання, допомогають. Дуже дякую! Буду замовляти ще;)";"2021-08-02 15:44:48"
"975";"Надія ";"5";"2256";"0";"0";"1";"Отримала своє замовлення. Рослинки всі в гарному
стані, хороша упаковка, менеджер завжди на зв'язку. Дякую! ";"2021-08-02 14:42:39"
"974";"Ольга Рапота";"5";"0";"0";"0";"1";"Прекрасный питомник! Не первый раз заказываю растения, все приходят в отличном состоянии и прекрасно развиваются. Большое спасибо за добросовестное отношение к клиентам и замечательные саженцы! Обязательно буду заказывать у Вас ещё! ";"2021-08-02 12:09:42"
"972";"Алла";"5";"2256";"0";"0";"1";"Сьогодні отримала своє замовлення. Всі рослинки - в чудовому стані, навіть попри нереальну спеку! Запаковані дуже дбайливо! Дуже вдячна за чудове ставлення до клієнтів! Бажаю процвітання вашому розсаднику!!! 
";"2021-07-31 17:49:46"
"971";"Наталья Кольякова";"5";"0";"0";"0";"1";"Сейчас многие покупают в интернет-магазинах. И я-не исключение. Во-первых- это очень удобно и, во-вторых, можно купить то, что не купишь не везде, тем более на рынке. Хочу пару слов о работе сотрудников питомника. Очень впечатлило отношение к клиенту и самому заказу. Не успела я сделать заказ, ребята тут же перезвонили. Оговорили детали. Я русскоязычный заказчик. Оператор сразу перестроился на 'мій стиль мовлення', что несказанно порадовало. Мой восторг не вмещает весь диапозон.";"2021-07-31 10:22:50"
"970";"Катерина";"5";"1105";"0";"0";"1";"Заказывала посылкой в Киев, все упаковали очень хорошо, растения пришли в хорошем виде,рекомендую!";"2021-07-30 22:50:38"
"969";"Людмила";"5";"0";"0";"0";"1";"Отримала замовлення i залишилась ним дуже задоволена. Все прийшло гарно запаковане i в чудовому станi . Дiвчата якi приймають замовлення- професiонали. Буду i  надалi замовляти тiльки у вас та рекомендувати знайомим. Дякую.";"2021-07-30 15:04:39"
"968";"Анна";"5";"67";"0";"0";"1";"Отримала свою дуже бажану лохину! Також придбала сосну італійську - нарешті здійсниться моя мрія створити на ділянці середземноморський пейзаж! Як завжди саджанці вищого гатунку, пакування делікатне і надійне ( є з чим порівняти, коли отримуєш рослини, що побували наче в мясорубці!) Щиро дякую за вашу працю! Ваша навіки, Ганна, Запоріжжя. ";"2021-07-29 22:45:13"
"967";"Алла Артамонова";"5";"818";"0";"0";"1";"Рослина прийшла в чудовому стані. Дуже дякую Зеленим Янголам.";"2021-07-29 09:56:12"
"964";"Наталія";"5";"0";"0";"0";"1";"Купувала гортензію Полярний Ведмідь, потрібна була саме білосніжна гортензія. Зацвіла, на жаль, зелена. Я так розумію, лайм лайт. Вона, звичайно, гарна, але зовсім не пасує до моєї задумки. На жаль.";"2021-07-27 22:08:29"
"963";"Тамара Пономаренко";"5";"0";"0";"0";"1";"Получила Вашу посылку. Я не первый раз делаю у Вас заказ. Хочу поблагодарить Вас за присланные растения. Растения пришли в отличном состоянии, упакованы прекрасно! Всегда приходит именно тот саженец, который  я заказывала. Огромное Вас спасибо за Ваш труд. Успехов Вам и процветания. ";"2021-07-27 19:16:35"
"962";"Тетяна бігун";"5";"2274";"0";"0";"1";"Сьогодні отримала замовлення і хочу сказать по пятибальній системі";"2021-07-27 14:27:11"
"961";"Инна";"5";"837";"0";"0";"1";"Купила в мае тую Ауреа Нана 50 см. Высадила в открытый грунт. Высота  увеличилась на25 см, а ширина на 15см. Красавица!!! И это медленнорастущая туя? Думаю, ещё приобрести. ";"2021-07-26 16:02:49"
"960";"Швец наталья";"5";"0";"0";"0";"1";"Всем добрый день! Очень редко пишу плохое, но сейчас решила это сделать. Два года покупала растения и все было хорошо. Но когда вдруг что-то идёт не так хорошо, сразу же компания тебя делает виноватым. Последний раз купила шесть одинаковых растений и все дружненько засохли. Тут же мне рассказывают, что неправильно посадили ( до этого все правильно сажали, с вот сейчас нет), нет полива ( хотя на фото видно , что рядом идёт капельный полив).разочаровано в вас((((";"2021-07-26 11:46:47"
"959";"Виктория Птащенко";"5";"0";"0";"0";"1";"Впервые заказала злаки...Это просто чудо))) В молинию и овсянницу просто влюбилась, жду мюленбергию в новом заказе))) Очень хорошая упаковка и прекрасные саженцы. Кажется, я начинаю хотеть злаковый сад))";"2021-07-25 20:11:44"
"958";"Тетяна";"5";"0";"0";"0";"1";"Дуже вагалась замовляти літом,але ризикнула.На щастя рослини доїхали добре.А гортензія Грей Стар ще й квітуча.Дуже дякую за вашу працю і відношення до кожного клієнта.";"2021-07-25 13:35:31"
"957";"Наталья ";"5";"1179";"0";"0";"1";"Сегодня получила растения! Очень довольна! Все растения в отличном состоянии!!! Переживала, что от жары приедут ,,уставшие,, , но все замечательно!!! Рекомендую заказывать  понравившиеся растения! Они действительно с душой!!!!
Спасибо!!!!";"2021-07-24 16:31:22"
"956";"Менеджер розсадника \"Зелені Янголи\"";"5";"646";"0";"0";"1";"Актуальне фото плюща звичайного 'Чікаго' станом на липень 2021 року в горщику 2л.";"2021-07-23 13:19:28"
"955";"Менеджер розсадника \"Зелені Янголи\"";"5";"1998";"0";"0";"1";"Актуальне фото саджанця спіреї японської 'Японіс Дварф' в горщику 2л станом на липень 2021 року.";"2021-07-23 13:12:32"
"954";"Менеджер розсадника \"Зелені Янголи\"";"5";"64";"0";"0";"1";"Актуальне фото саджанця спіреї японської 'Голдфлейм' в горщику 2л станом на липень 2021 року.";"2021-07-23 13:10:16"
"953";"Менеджер розсадника \"Зелені Янголи\"";"5";"1999";"0";"0";"1";"Актуальне фото спіреї 'Сноумаунд' в горщику 2л станом на липень 2021 року.";"2021-07-23 12:50:47"
"952";"Менеджер розсадника \"Зелені Янголи\"";"5";"2012";"0";"0";"1";"Типове фото саджанця вейгели 'Брістол Рубі' станом на липень 2021 року в горщику 5л.";"2021-07-23 12:17:19"
"951";"Менеджер розсадника \"Зелені Янголи\"";"5";"1442";"0";"0";"1";"Актуальне фото саджанця вейгели 'Евіта' в горщику 2л станом на липень 2021 року.";"2021-07-23 12:13:12"
"950";"Менеджер розсадника \"Зелені Янголи\"";"5";"1254";"0";"0";"1";"Актуальне фото саджанця вейгели квітучої 'Вікторія' станом на липень 2021 року в горщику 2л.";"2021-07-23 12:05:50"
"949";"Менеджер розсадника \"Зелені Янголи\"";"5";"2248";"0";"0";"1";"Актуальне фото саджанця лаванди вузьколистої 'Хідкот Блу' в горщику 2л станом на липень 2021 року.";"2021-07-23 12:03:14"
"948";"Менеджер розсадника \"Зелені Янголи\"";"5";"2268";"0";"0";"1";"Актуальне фото саджанця лаванди 'Платінум Блонд' в горщику 2л станом на липень 2021 року.";"2021-07-23 12:00:55"
"947";"Менеджер розсадника \"Зелені Янголи\"";"5";"2201";"0";"0";"1";"Актуальне фото саджанця рудбекії променистої 'Голдштрум' в горщику 2л станом на липень 2021 року.";"2021-07-23 11:57:41"
"946";"Менеджер розсадника \"Зелені Янголи\"";"5";"1489";"0";"0";"1";"Актуальне фото гортензії крупнолистої 'Ендлес Саммер  Блум Стар' станом на липень 2021 року в горщику 2л.";"2021-07-23 11:53:38"
"945";"Менеджер розсадника \"Зелені Янголи\"";"5";"2262";"0";"0";"1";"Актуальне фото саджанця котовника 'Нептун' станом на липень 2021 року в горщику 2л. ";"2021-07-23 11:51:55"
"944";"Менеджер розсадника \"Зелені Янголи\"";"5";"2259";"0";"0";"1";"Актуальне фото саджанця перовскії 'Лейсі Блу' станом на липень 2021 року в горщику 2л.";"2021-07-23 11:50:15"
"943";"Менеджер розсадника \"Зелені Янголи\"";"5";"2014";"0";"0";"1";"Актуальні фото саджанця барбарису 'Карло' в горщику 2л станом на липень 2021 року.";"2021-07-23 11:48:30"
"942";"Менеджер розсадника \"Зелені Янголи\"";"5";"1217";"0";"0";"1";"Актуальне фото гортензії волотистої 'Пінкі Вінкі' станом на липень 2021 року в горщику 2л.";"2021-07-23 09:35:30"
"941";"Анна";"5";"0";"0";"0";"1";"Заказывала весной в горшках Р9, упаковка, растения, доставка, все класс! Решила высадить в кадку (контейнер), после многочисленных дождей весной она вымокла, вовремя заметила и выкопала. Дренажа хорошего не было. Не повторяйте мои ошибки - влаголюбивые тоже не любят много воды. Сейчас все обошлось, цветением порадовали.";"2021-07-22 18:06:01"
"940";"Анна";"5";"0";"0";"0";"1";"Всем доброго дня! Благодарю Зелёных ангелов за их труд. Покупала эту гортензия в горшках Р9 весной, высадила в грунт на солнечное место, уже радуют цветением. Рекомендую этот питомник - обслуживание, доставка и растения просто класс! Запорожье";"2021-07-22 17:59:24"
"939";"Менеджер розсадника \"Зелені Янголи\"";"5";"776";"0";"0";"1";"Актуальне фото саджанця сосни гірської 'Хессе' в горщику 10л станом на липень 2021 року.";"2021-07-22 16:36:56"
"938";"Ірина";"5";"0";"0";"0";"1";"Не перший раз роблю замовлення в цьому розсаднику. І як завжди мої сподівання виправдались. Замовляла  спірею, барбарис, тую та кипарисовик. Замовлення прийшло швидко.  Все дуже гарно та надійно  запаковано. Всі рослини здорові та доглянуті. Колективу  бажаю подальшого процвітання. Всім раджу  цей розсадник.";"2021-07-22 16:07:19"
"937";"Менеджер розсадника \"Зелені Янголи\"";"5";"1177";"0";"0";"1";"Актуальне фото саджанця барбарису Тунберга 'Сенсейшн' в горщику 2л станом на липень 2021 року.";"2021-07-22 15:04:55"
"936";"Менеджер розсадника \"Зелені Янголи\"";"5";"339";"0";"0";"1";"Актуальне фото саджанця винограду Віча в горщику 2 л станом на липень 2021 року.";"2021-07-22 15:01:48"
"935";"Менеджер розсадника \"Зелені Янголи\"";"5";"1194";"0";"0";"1";"Актуальне фото саджанця барбарису Тунберга 'Еректа' станом на липень 2021 року в горщику 2л.";"2021-07-22 15:00:02"
"934";"Менеджер розсадника \"Зелені Янголи\"";"5";"1597";"0";"0";"1";"Актуальне фото ялини колючої блакитної 'Шовенхорст' в горщику 5л станом на липень 2021 року.";"2021-07-22 14:58:40"
"933";"Менеджер розсадника \"Зелені Янголи\"";"5";"774";"0";"0";"1";"Актуальне фото саджанця ялини 'Ізелі Фастігіате' в горщику 5л станом на липень 2021 року.";"2021-07-22 14:55:37"
"932";"Менеджер розсадника \"Зелені Янголи\"";"5";"1233";"0";"0";"1";"Актуальне фото саджанці верби пурпурової 'Нана' в горщику 2 л станом на липень 2021 року.
";"2021-07-22 14:51:51"
"931";"Менеджер розсадника \"Зелені Янголи\"";"5";"2253";"0";"0";"1";"Актуальне фото спіреї березолистої 'Тор' станом на липень 2021 року у горщику 2л.";"2021-07-22 14:47:18"
"930";"Менеджер розсадника \"Зелені Янголи\"";"5";"789";"0";"0";"1";"Актуальне фото ялини 'Баррі' в горщику 5л станом на липень 2021 року";"2021-07-22 12:33:26"
"929";"Менеджер розсадника \"Зелені Янголи\"";"5";"1940";"0";"0";"1";"Актуальне фото саджанця розмарину звичайного 'Спіді' станом на липень 2021 року в горщику 2л.";"2021-07-22 12:27:24"
"928";"Менеджер розсадника \"Зелені Янголи\"";"5";"1503";"0";"0";"1";"Актуальне фото саджанця м'яти перцевої шоколадної станом на липень 2021 року в горщику 2л.";"2021-07-22 12:25:33"
"927";"Менеджер розсадника \"Зелені Янголи\"";"5";"33";"0";"0";"1";"Актуальне фото кизильнику верболистого 'Парктеппіх' станом на липень 2021 року в горщику 2л.";"2021-07-22 12:22:42"
"926";"Менеджер розсадника \"Зелені Янголи\"";"5";"455";"0";"0";"1";"Актуальні фото плюща 'Сагіттіфолія' в горщику 2 л станом на липень 2021 року.";"2021-07-22 12:21:23"
"925";"Менеджер розсадника \"Зелені Янголи\"";"5";"2004";"0";"0";"1";"Актуальне фото саджанця гортензії волотистої 'Літл Лайм' в горщику 2л станом на липень 2021 року.";"2021-07-22 12:19:35"
"924";"Менеджер розсадника \"Зелені Янголи\"";"5";"1826";"0";"0";"1";"Актуальне фото барбарису 'Корал' в горщику 2 л станом на липень 2021 року";"2021-07-22 12:18:21"
"923";"Менеджер розсадника \"Зелені Янголи\"";"5";"1491";"0";"0";"1";"Актуальні фото саджанців гортензії волотистої 'Сільвер Долар' в горщику 2л станом на 20 липня 2021 року.";"2021-07-22 11:46:43"
"922";"Виктория";"5";"0";"0";"0";"1";"Дуже задоволена. Купила весною лохину. Приїхала добре загорнута, гарнюсенька, та ще й з квітками. Тепер ласуємо своєю ягідкою. Дякую.";"2021-07-21 08:50:31"
"921";"Наталия";"5";"0";"0";"0";"1";"Отримала посилку, дуже дякую.Рослинки  гарні.Добре запаковані,а найголовніше неочікувано величенькі.";"2021-07-19 20:01:16"
"920";"Менеджер розсадника \"Зелені Янголи\"";"5";"67";"0";"0";"1";"Актуальне фото саджанця лохини 'Патріот' в горщику 2л станом на липень 2021 року.";"2021-07-19 15:59:34"
"919";"Менеджер розсадника \"Зелені Янголи\"";"5";"635";"0";"0";"1";"Актуальне фото саджанця жимолості шапкової 'Варієгата' в горщику 2л станом на липень 2021 року.";"2021-07-19 15:58:15"
"918";"Менеджер розсадника \"Зелені Янголи\"";"5";"650";"0";"0";"1";"Актуальне фото саджанця жимолості блискучої 'Багесенс Голд' в горщику 2л станом на липень 2021 року.";"2021-07-19 15:54:12"
"917";"Менеджер розсадника \"Зелені Янголи\"";"5";"1740";"0";"0";"1";"Актуальні фото саджанців Стефанандри 'Кріспа' в горщику 2л станом на липень 2021 року";"2021-07-19 15:47:14"
"916";"Менеджер розсадника \"Зелені Янголи\"";"5";"1105";"0";"0";"1";"Кортадерія Селло 'Розеа' в горщику 2л станом на липень 2021 року.";"2021-07-19 15:38:42"
"915";"Менеджер розсадника \"Зелені Янголи\"";"5";"712";"0";"0";"1";"Актуальне фото саджанця туї 'Даніка' в горщику Р9 станом на липень 2021 року.";"2021-07-19 15:31:35"
"914";"Менеджер розсадника \"Зелені Янголи\"";"5";"450";"0";"0";"1";"Актуальне фото саджанця кипарисовика Лавсона 'Елвудс Голд' в горщику Р9 станом на липень 2021 року.";"2021-07-19 13:25:12"
"913";"Менеджер розсадника \"Зелені Янголи\"";"5";"631";"0";"0";"1";"Актуальне фото саджанця ялівця 'Грей Овл' в горщику Р9 станом на липень 2021 року.";"2021-07-19 13:23:00"
"912";"Менеджер розсадника \"Зелені Янголи\"";"5";"1025";"0";"0";"1";"Актуальне фото саджанця ялівця звичайного 'Хорстман' в горщику Р9 станом на липень 2021 року.";"2021-07-19 13:19:46"
"911";"Менеджер розсадника \"Зелені Янголи\"";"5";"1390";"0";"0";"1";"Актуальне фото саджанця вейгели квітучої 'Сюзан' станом на липень 2021 року в горщику 2л.";"2021-07-19 12:16:43"
"910";"Менеджер розсадника \"Зелені Янголи\"";"5";"1293";"0";"0";"1";"Актуальне фото лаванди вузьколистої 'Мюнстед Стрейн' в горщику 2л станом на липень 2021 року.";"2021-07-19 12:08:12"
"909";"Менеджер розсадника \"Зелені Янголи\"";"5";"2246";"0";"0";"1";"Актуальне фото саджанця лаванди стехадської 'Бандера Пьорпл' в горщику 2л станом на липень 2021 року.";"2021-07-19 10:22:46"
"908";"Менеджер розсадника \"Зелені Янголи\"";"5";"2245";"0";"0";"1";"Актуальне фото лаванди вузьколистої 'Елеганс Пьорпл' станом на липень 2021 року в горщику 2л.";"2021-07-19 10:20:58"
"907";"Дарья";"5";"74";"0";"0";"1";"Пришел просто замечательный саженец! всем рекомендую!
Есть вопрос: какая морозостойкость именно у этого вида? есть ли шанс сформировать в дерево?";"2021-07-19 09:23:58"
"906";"Юлія";"5";"0";"0";"0";"1";"Отримала свої рослинки живими та здоровими серез добу, а це з Ужгорода у Дніпро у спеку 35 градусів. Дякую. Замовляю вже не вперше.";"2021-07-19 08:31:33"
"905";"Людмила";"5";"1489";"0";"0";"1";"Замовляла восени 2020 року. Гортензія прийшла вчасно, в гарному стані. Зараз цвіте на чотирьох пагонах, ще два пагони  скоро розквітнуть.  Дійсно,дуже гарний, насичений колір. Рекомендую .";"2021-07-17 16:51:42"
"904";"Катерина";"5";"0";"0";"0";"1";"Щиро дякую за рослини, прийшли в чудовому стані.";"2021-07-17 14:08:03"
"903";"Менеджер розсадника \"Зелені Янголи\"";"5";"791";"0";"0";"1";"Актуальне фото саджанця кипарисовика 'Блом' в горщику Р9 станом на липень 2021року.";"2021-07-13 18:02:05"
"901";"Менеджер розсадника \"Зелені Янголи\"";"5";"826";"0";"0";"1";"Актуальне фото саджанця ялівця середнього 'Мінт Джуліп' станом на липень 2021 року в Р9.";"2021-07-13 17:56:04"
"900";"Менеджер розсадника \"Зелені Янголи\"";"5";"837";"0";"0";"1";"Актуальне фото саджанця туї східної 'Ауреа Нана' станом на липень 2021 року в Р9.";"2021-07-13 17:53:46"
"899";"Менеджер розсадника \"Зелені Янголи\"";"5";"87";"0";"0";"1";"Актуальне фото саджанця кипарисовика Лавсона 'Івонн' в Р9 станом на липень 2021 року.";"2021-07-13 17:49:39"
"898";"Менеджер розсадника \"Зелені Янголи\"";"5";"630";"0";"0";"1";"Актуальне фото саджанця гліцинії китайської в горщику 2л станом на липень 2021 року.";"2021-07-13 17:48:14"
"897";"Менеджер розсадника \"Зелені Янголи\"";"5";"2200";"0";"0";"1";"Актуальне фото саджанця делосперми 'Джувел оф Дезерт Гарнет' станом на липень 2021 року.";"2021-07-13 17:47:01"
"896";"Менеджер розсадника \"Зелені Янголи\"";"5";"1167";"0";"0";"1";"Актуальне фото делосперми 'Файр Спіннер' в горщику 2л станом на липень 2021 року";"2021-07-13 17:40:40"
"894";"Менеджер розсадника \"Зелені Янголи\"";"5";"988";"0";"0";"1";"Актуальне фото тису 'Хіксі' в горщику 2л станом на липень 2021 року.";"2021-07-13 17:26:35"
"893";"Менеджер розсадника \"Зелені Янголи\"";"5";"980";"0";"0";"1";"Актуальне фото саджанця плюща 'Еректа' станом на липень 2021 року в горщику 2л.";"2021-07-13 17:25:23"
"892";"Менеджер розсадника \"Зелені Янголи\"";"5";"1179";"0";"0";"1";"Актуальне фото саджанця барбарису 'Конкорд' в горщику 2л станом на липень 2021 року.";"2021-07-13 17:08:41"
"891";"Менеджер розсадника \"Зелені Янголи\"";"5";"1350";"0";"0";"1";"Акутальне фото спіреї японської 'Антоні Ватерер' станом на липень 2021 року в горщику 2л";"2021-07-13 17:07:23"
"890";"Менеджер розсадника \"Зелені Янголи\"";"5";"1489";"0";"0";"1";"Актуальне фото саджанця гортензії 'Ендлес СаммерБлум Стар' станом на липень 2021 року";"2021-07-13 12:29:23"
"889";"Людмила Новосьол";"5";"97";"0";"0";"1";"Отримала замовлення:ялівець китайський 'Стрікта' в кількості 3 шт. Дуже задоволена рослинками та якістю упаковки - все продумано, рослини чудово доїхали навіть у спеку( Ужгород - Обухів). Окрема подяка за рослинку у подарунок!
Замовляла тут не вперше, тому однозначно рекомендую магазин. Оплачувала по передплаті - все добре. 
На жаль не виходить додати фото замовлення";"2021-07-12 16:15:45"
"888";"Олег";"5";"0";"0";"0";"1";"Доставили сосны/туи в отличном состоянии - за сутки с Ужгорода в Киев. Ощущается забота и качество работы с клиентами - рекомендую!

Небольшой недостаток:  пришлось ждать отправки товара около 2 недель - но об этом они предупредили. ";"2021-07-12 11:30:11"
"887";"Ольга";"5";"2188";"0";"0";"1";"Дякую за чудову рослину! Приїхала в ідеальному стані, активно наростає та квітне)";"2021-07-10 10:25:51"
"886";"Светлана Алёшина";"5";"0";"0";"0";"1";"Дякую за гарні рослини! Робила 2 замовлення: рододендрони та гортензії. Шикарно квітне гортензія 'полярний ведмідь' , була придбана цієї весни розміром р9";"2021-07-09 21:06:29"
"885";"Менеджер розсадника \"Зелені Янголи\"";"5";"1202";"0";"0";"1";"Актуальне фото саджанця дерену 'Елегантіссіма' станом на липень 2021 року  в горщику 5л";"2021-07-09 16:29:47"
"884";"Менеджер розсадника \"Зелені Янголи\"";"5";"2193";"0";"0";"1";"Типове фото саджанця та цвіту сону звичайного 'Пінвіл Дарк Ред Шейдс' в горщиках Р9 станом на липень 2021 року";"2021-07-09 16:27:10"
"883";"Менеджер розсадника \"Зелені Янголи\"";"5";"1376";"0";"0";"1";"Актуальне фото в горщику 25л гортензії волотистої 'Мега Мінді' та її суцвіття станом на липень 2021 року";"2021-07-09 16:22:15"
"882";"РАЦА ОЛЬГА";"5";"1015";"0";"0";"1";"Гортензія куплена цієї весни в 'Зелені янголи'. Дуже дякую за таку красоту!!!";"2021-07-09 14:57:26"
"881";"Менеджер розсадника \"Зелені Янголи\"";"5";"639";"0";"0";"1";"Актуальні фото саджанця бирючини овальнолистої в горщику 2л станом на липень 2021 року";"2021-07-09 14:27:40"
"879";"Менеджер розсадника \"Зелені Янголи\"";"5";"2197";"0";"0";"1";"Типове фото саджанця гвоздики 'Пріті Бекі' станом на липень 2021 року";"2021-07-09 14:00:46"
"878";"Менеджер розсадника \"Зелені Янголи\"";"5";"61";"0";"0";"1";"Актуальне фото спіреї 'Кріспа' в горщику 2л станом на липень 2021 року";"2021-07-09 13:59:00"
"877";"Менеджер розсадника \"Зелені Янголи\"";"5";"2211";"0";"0";"1";"Актуальні фото саджанця делосперми 'Сандела Неон' в горщику 2л та суцвіття станом на липень 2021 року";"2021-07-09 13:37:35"
"876";"Менеджер розсадника \"Зелені Янголи\"";"5";"1978";"0";"0";"1";"Актуальні фото суцвіття та саджанця гортензіії 'Конфетті' станом на липень 2021 року";"2021-07-09 13:37:04"
"875";"Менеджер розсадника \"Зелені Янголи\"";"5";"2194";"0";"0";"1";"Типове фото саджанця очитку 'Кейп Бланко' в горщику 2л станом на липень 2021 року";"2021-07-09 13:33:47"
"874";"Менеджер розсадника \"Зелені Янголи\"";"5";"1251";"0";"0";"1";"Типове фото забарвлення листя Вейгели 'Нана Пурпуреа' та садажнця в горщику 2л станом на липень 2021 року";"2021-07-09 13:31:42"
"873";"Менеджер розсадника \"Зелені Янголи\"";"5";"2204";"0";"0";"1";"Актуальне фото садажнця іберісу 'Айс Пінк' в горщику 2л станом на липень 2021 року";"2021-07-09 13:18:29"
"872";"Менеджер розсадника \"Зелені Янголи\"";"5";"62";"0";"0";"1";"Актуальне фото саджанція спіреї 'Літл Прінцес' станом на липень 2021 року в горщику 2л";"2021-07-09 12:44:45"
"871";"Менеджер розсадника \"Зелені Янголи\"";"5";"1300";"0";"0";"1";"Актуальне фото саджанця гортензії волотистої 'Блубьорд' станом на липень 2021 року.";"2021-07-09 09:05:37"
"870";"Менеджер розсадника \"Зелені Янголи\"";"5";"1812";"0";"0";"1";"Актуальні фото саджанців гортензій 'Меджікал Світ Саммер' станом на липень 2021 року.";"2021-07-09 08:57:25"
"869";"Менеджер розсадника \"Зелені Янголи\"";"5";"1801";"0";"0";"1";"Актуальне фото гортензіїї волотистої 'Фрайз Мельба' станом на липень 2021року, контейнер 2л.";"2021-07-09 08:55:31"
"868";"Микола";"5";"0";"0";"0";"1";"Замовив Кортадерію Селло і отримав чудові злаки відмінної якості (просто не очікував, бо мав прикрий досвід від інших продавців). Рослини надійно запаковані, транспортування перенесли добре, не пошкоджені. Дякую Зелені Янголи, я ваш назавжди. Хто має ще сумніви (так як і я коли замовляв) рекомендую.";"2021-07-08 18:47:46"
"867";"Менеджер розсадника \"Зелені Янголи\"";"5";"1812";"0";"0";"1";"Типові фото саджанців гортензії 'Меджікал Світ Саммер' в горщиках 2л станом на 5 липня 2021 року.";"2021-07-08 14:34:04"
"866";"Менеджер розсадника \"Зелені Янголи\"";"5";"1801";"0";"0";"1";"Типові фото саджанців гортензії 'Фрайз Мельба' станом на 5.07.2021року в горщиках 2л.";"2021-07-08 14:32:06"
"865";"Менеджер розсадника \"Зелені Янголи\"";"5";"1779";"0";"0";"1";"Актуальні фото саджанців гортензії 'Меджікал Файр' в горщику 2л станом на  05.07.2021 року.";"2021-07-08 14:27:38"
"864";"Менеджер розсадника \"Зелені Янголи\"";"5";"1781";"0";"0";"1";"Актуальне фото саджанця гортензії 'Бомбшел' в горщику 2л станом на липень 2021 року.";"2021-07-08 14:20:02"
"863";"Менеджер розсадника \"Зелені Янголи\"";"5";"2238";"0";"0";"1";"Актуальне фото саджанця очику скельного 'Блу Спрус' станом на липень 2021 року в горщику 2л.";"2021-07-08 14:18:25"
"862";"Менеджер розсадника \"Зелені Янголи\"";"5";"2242";"0";"0";"1";"Актуальне фото садажнця очитку 'Літл Міс Саншайн' в горщику 2л станом на липень 2021року.";"2021-07-08 14:16:47"
"861";"Менеджер розсадника \"Зелені Янголи\"";"5";"2236";"0";"0";"1";"Актуальне фото очитку несправжнього 'Драгонз Блад' в горщику 2л станом на липень 2021року.";"2021-07-08 14:15:26"
"860";"Менеджер розсадника \"Зелені Янголи\"";"5";"614";"0";"0";"1";"Актуальне фото саджанця хебе товстолистої в горщику 2л станом на липень 2021 року.";"2021-07-08 14:14:01"
"859";"Менеджер розсадника \"Зелені Янголи\"";"5";"2206";"0";"0";"1";"Актуальне фото кореопсису 'Лейдібьорд' в горшку 2л станом на липень 2021 року.";"2021-07-08 14:05:26"
"858";"Менеджер розсадника \"Зелені Янголи\"";"5";"1991";"0";"0";"1";"Актуальне фото пієрісу японського 'Мінор' в горщику 2л станом на липень 2021 року.";"2021-07-08 14:04:21"
"857";"Менеджер розсадника \"Зелені Янголи\"";"5";"97";"0";"0";"1";"Актуальне фото саджанця ялівця китайськаго 'Стрікта' в горщику 2л станом на липень 2021 року.";"2021-07-08 14:02:43"
"856";"Менеджер розсадника \"Зелені Янголи\"";"5";"1018";"0";"0";"1";"Актуальне фото саджанця ялівця лускатого 'Меєрі' в горщику 2л станом на липень 2021 року.";"2021-07-08 14:01:32"
"855";"Менеджер розсадника \"Зелені Янголи\"";"5";"1733";"0";"0";"1";"Актуальне фото саджанця 'Шух! в горщику 2л станом на липень 2021 року в горщику 2л.";"2021-07-08 13:59:47"
"854";"Менеджер розсадника \"Зелені Янголи\"";"5";"925";"0";"0";"1";"Актуальне фото полину 'Сілвер Брокейд' в горщику 2л станом на липень 2021 року.";"2021-07-08 13:58:36"
"853";"Менеджер розсадника \"Зелені Янголи\"";"5";"2190";"0";"0";"1";"Актуальне фото саджанця іберісу 'Мастерпіс' в горщику 2л станом на липень 2021 року.";"2021-07-08 13:57:05"
"852";"Менеджер розсадника \"Зелені Янголи\"";"5";"1506";"0";"0";"1";"Актуальне фото саджанця спіреї 'Голден Прінцес' в гошку 2л станом на липень 2021 року.";"2021-07-08 13:55:06"
"851";"Менеджер розсадника \"Зелені Янголи\"";"5";"556";"0";"0";"1";"Актуальне фото очитку несправжнього 'Тріколор' станом на липень 2021 року в горщику 2л.";"2021-07-08 13:42:23"
"850";"Менеджер розсадника \"Зелені Янголи\"";"5";"2241";"0";"0";"1";"Актуальне фото саджанця очитку звичайного 'Дарк Меджік' в горщику 2л станом на липень 2021 року.";"2021-07-08 13:40:39"
"849";"Менеджер розсадника \"Зелені Янголи\"";"5";"2238";"0";"0";"1";"Актуальне фото очитку скельного 'Блу Спрус' станом на липень 2021 року в горщиках 2л.";"2021-07-08 13:38:51"
"848";"Менеджер розсадника \"Зелені Янголи\"";"5";"2240";"0";"0";"1";"Актуальне фото очитку звичайного 'Сандерхед' в горщику 2л станом на липень 2021 року.";"2021-07-08 13:36:43"
"847";"Менеджер розсадника \"Зелені Янголи\"";"5";"2237";"0";"0";"1";"Актуальне фото очитку Санспарклер 'Чері Тарт' в горщику 2л станом на липень 2021 року.";"2021-07-08 13:34:39"
"846";"Менеджер розсадника \"Зелені Янголи\"";"5";"1295";"0";"0";"1";"Актуальні фото суцвітть спіреї Білларда 'Тріумфанс' станом на кінець червня 2021 року.";"2021-07-08 13:31:05"
"845";"Менеджер розсадника \"Зелені Янголи\"";"5";"106";"0";"0";"1";"Актуальне фото саджанця ялівця лускатого 'Блу Карпет' станом на липень 2021 року в горщику 2л.";"2021-07-08 13:25:36"
"844";"Менеджер розсадника \"Зелені Янголи\"";"5";"1125";"0";"0";"1";"Актуальне фото кипарисовика горохоплідного 'Філіфера Нана! станом на червень 2021 року.";"2021-07-08 13:23:38"
"843";"Менеджер розсадника \"Зелені Янголи\"";"5";"662";"0";"0";"1";"Актуальне фото саджанця кипарисовика 'Санголд' в контейнері 2л станом на липень 2021 року.";"2021-07-08 13:21:04"
"842";"Менеджер розсадника \"Зелені Янголи\"";"5";"610";"0";"0";"1";"Актуальні фото саджанців сосни 'Пуміліо' в горщику 5л станом на липень 2021 року.";"2021-07-08 13:19:30"
"841";"Менеджер розсадника \"Зелені Янголи\"";"5";"962";"0";"0";"1";"Актуальні фото саджанців сосни гірської 'Мугус' станом на липень 2021 року в горщику 5л.";"2021-07-08 13:17:11"
"840";"Менеджер розсадника \"Зелені Янголи\"";"5";"1018";"0";"0";"1";"Актуальне фото саджанця ялівця 'Меєрі' в горщику 2л станом на липень 2021року.";"2021-07-08 13:14:03"
"839";"Менеджер розсадника \"Зелені Янголи\"";"5";"818";"0";"0";"1";"Актуальне фото саджанця ялівця 'Вілтоні' в горщику 2л станом на початок липня 2021 року.";"2021-07-08 13:12:22"
"838";"Менеджер розсадника \"Зелені Янголи\"";"5";"108";"0";"0";"1";"Актуальне фото туї 'Колумна' станом на липень 2021 року в горщику 2л.";"2021-07-08 13:07:32"
"837";"Менеджер розсадника \"Зелені Янголи\"";"5";"111";"0";"0";"1";"Актуальне фото саджанця туї Смарагд в горщику 2л станом на 1 липня 2021року.";"2021-07-08 13:02:40"
"836";"Менеджер розсадника \"Зелені Янголи\"";"5";"74";"0";"0";"1";"Актуальні фото саджанців інжиру станом на 7.07.2021 в горщику 3л.";"2021-07-08 12:54:50"
"835";"Менеджер розсадника \"Зелені Янголи\"";"5";"2174";"0";"0";"1";"Актуальне фото саджанця дуба звичайного станом на 30.06.2021р.";"2021-07-08 12:52:25"
"834";"Менеджер розсадника \"Зелені Янголи\"";"5";"2064";"0";"0";"1";"Актуальне фото саджанця кипарисовика туполистого 'Лукас' в горщику 2л станом на 30.06.2021р.";"2021-07-08 12:37:13"
"833";"Менеджер розсадника \"Зелені Янголи\"";"5";"1437";"0";"0";"1";"Актуальне фото щучника дернистого в горщику 2л станом на липень 2021 року.";"2021-07-08 12:34:47"
"832";"Менеджер розсадника \"Зелені Янголи\"";"5";"2219";"0";"0";"1";"Актуальне фото саджанця молодило 'Сіріус' станом на липень 2021 року";"2021-07-08 12:30:10"
"831";"Менеджер розсадника \"Зелені Янголи\"";"5";"3";"0";"0";"1";"Актуальне фото саджанця вівсяниці сизої станом на червень 2021 року";"2021-07-08 12:26:31"
"828";"Ольга Суховолець";"5";"2188";"0";"0";"1";"Дуже вдячна за посилку,гарна здорова рослина. Рекомендую всім.";"2021-07-08 12:01:46"
"826";"Ольга Суховолець";"5";"614";"0";"0";"1";"Дуже гарна  пришла рослинка, дуже задоволена . Дякую. Всім рекомендую.";"2021-07-08 11:53:32"
"821";"Виктория Птащенко";"5";"0";"0";"0";"1";"Не первый раз заказываю,но в этот раз разочаровала упаковка.. 28 саженцев в 2 коробки это слишком компактно, к тому же,много растений сложили в 3 яруса в 1 коробку..у некоторых саженцев листья прилипли к скотчу,другие поломались...надеюсь растения отойдут и приживутся...";"2021-07-05 14:11:13"
"820";"Катерина";"4";"0";"0";"0";"1";"Заказала гортензию крупнолистную, 2 барбариса и гортензию метельчатую Ванилла Фрайз. Нужно отдать должное упаковке, все растения оченькачественно запакованы, влажные, целые. Разочаровал только размер саженца гортензии метельчатой. Странно, что молодые побеги только-только проснулись. За несколько дней до этой покупки приобрела в другом питомнике тоже горшок С2 (Полар Бир), его размер и качество понравилось больше. 
Саженец, приобретённый здесь, на фото справа. Только за это сниму звезду. ";"2021-07-05 12:08:05"
"819";"Марина Покидина";"2";"2161";"0";"0";"1";"Флокс пришел страшненький, больной, листья в пятнах и скрученные. Жаль! Потому что Гортензия и подарок просто супер!";"2021-07-05 09:17:35"
"818";"Марина Покидина";"5";"1983";"0";"0";"1";"Отличная гортензия, точно как на фото. Немного в дороге подсохла, но в целом очень классная. И подарок супер!";"2021-07-05 09:12:04"
"817";"Наталья Ярославовна Говорушка";"5";"0";"0";"0";"1";"Очень благодарна за полученные туи,саженец красивый,корень просто супер,,упаковано по моей просьбе компактно,ввиду дальнего расстояния.Всем рекомендую,отвечают на любой вопрос";"2021-07-02 13:35:14"
"816";"Ольга";"5";"0";"0";"0";"1";"Спасибо за Ваш труд!Получаешь растения и все на высшем уровне,упаковка,быстрая доставка,саженцы в идеальном состоянии,ну и конечно ,сортовая принадлежность!!!Процветания Вам!";"2021-07-02 12:02:21"
"815";"Менеджер, Зелені Янголи";"5";"1673";"0";"0";"1";"Актуальне фото у 2 л горшку зроблене 01.07.2021  (1,5-2 м)";"2021-07-01 12:04:50"
"814";"Менеджер, Зелені Янголи";"5";"1761";"0";"0";"1";"Актуальне фото у 2 л горшку зроблене 01.07.2021";"2021-07-01 12:03:59"
"813";"Яна";"5";"1422";"0";"0";"1";"Сообщите как появится ";"2021-06-30 23:27:07"
"812";"Менеджер, Зелені Янголи";"5";"18";"0";"0";"1";"Актуальне фото у 2 л горшку зроблене 28.06.2021";"2021-06-29 10:36:47"
"811";"Менеджер, Зелені Янголи";"5";"1817";"0";"0";"1";"Актуальне фото в 2 л горшку зроблене 27.06.2021";"2021-06-28 12:06:56"
"810";"Менеджер, Зелені Янголи";"5";"1784";"0";"0";"1";"Актуальне фото в 5 л горшку зроблене 27.06.21";"2021-06-28 12:06:00"
"809";"Менеджер, Зелені Янголи";"5";"1740";"0";"0";"1";"Актуальне фото у 5 л горшку зроблене 27.06.2021 (діаметр бл. 1 м)";"2021-06-28 12:04:31"
"808";"Менеджер, Зелені Янголи";"5";"1997";"0";"0";"1";"Актуальне фото у 2 л горшку зроблене 27.06.2021 ";"2021-06-28 12:03:20"
"807";"Менеджер, Зелені Янголи";"5";"672";"0";"0";"1";"Актуальне фото у 2 л горшку зроблене 27.06.2021";"2021-06-28 12:02:25"
"806";"Менеджер, Зелені Янголи";"5";"1772";"0";"0";"1";"Актуальне фото у 2 л горшку зроблене 27.06.2021";"2021-06-28 11:57:12"
"805";"Менеджер, Зелені Янголи";"5";"1202";"0";"0";"1";"Актуальне фото у 5 л горшку зроблене 27.06.2021";"2021-06-28 11:55:54"
"804";"Дивак Тетяна";"5";"2141";"0";"0";"1";"Пришла красивая,мощная ,ухоженная гортензия но когда зацвела оказалось не doppio bianko,а doppio rosa(((тоже красивая,но не белая!(";"2021-06-27 22:47:08"
"803";"Яна";"5";"25";"0";"0";"1";"Добрый день. Подскажите, как будет чувствовать себя кустарник при высадке на солнце в южном регионе?";"2021-06-25 20:12:06"
"802";"Менеджер, Зелені Янголи";"5";"1046";"0";"0";"1";"Актуальне фото в 10 л горшку зроблене 25.06.21";"2021-06-25 17:01:17"
"801";"Менеджер, Зелені Янголи";"5";"1983";"0";"0";"1";"Актуальне фото у 2 л горшку зроблене 24.06.21";"2021-06-24 17:56:15"
"800";"Менеджер, Зелені Янголи";"5";"2220";"0";"0";"1";"Актуальне фото зроблене ";"2021-06-24 17:25:43"
"799";"Менеджер, Зелені Янголи";"5";"1467";"0";"0";"1";"Актуальне фото в 2 л горшку зроблене 24.06.2021";"2021-06-24 14:58:19"
"796";"Оксана Оксана";"5";"0";"0";"0";"1";"Добрий день.
З величезною дякою пишу свій відгук. Адже замовляю вже не вперше. Та завжди отримую величезне задоволення і при спілкуванні з менеджером, і коли розпаковую свої рослинки. Проте, найбільше мені подобається спостерігати, як швиденько і гарненько зростають, вже мої, Зелені янголятка. ";"2021-06-24 14:06:23"
"795";"Менеджер, Зелені Янголи";"5";"1783";"0";"0";"1";"Актуальне фото в 5 л горшку зроблене 23.06.21";"2021-06-23 11:45:07"
"794";"Менеджер, Зелені Янголи";"5";"2209";"0";"0";"1";"Актуальне фото будлеї 'Принц Чармінг' в горшку 2 л , зроблене 22.06.21";"2021-06-23 11:26:08"
"793";"Менеджер, Зелені Янголи";"5";"2205";"0";"0";"1";"Актуальне фото в 2 л горшку зроблене 18.06.21";"2021-06-22 16:44:57"
"792";"Менеджер, Зелені Янголи";"5";"2206";"0";"0";"1";"Актуальне фото зроблене в 2 л горшку 18.06.21";"2021-06-22 16:43:20"
"791";"Менеджер, Зелені Янголи";"5";"2208";"0";"0";"1";"Актуальне фото зроблене в горшку 2 л 21 червня 2021";"2021-06-22 16:41:24"
"790";"Менеджер, Зелені Янголи";"5";"1120";"0";"0";"1";"Актуальне фото сніжноягідника в горшку 2 л , зроблене 21.06.21";"2021-06-22 16:36:52"
"789";"Менеджер, Зелені Янголи";"5";"1818";"0";"0";"1";"Актуальне фото проса Прері Скай в 2 л горшку, зроблене 22.06";"2021-06-22 16:34:05"
"788";"Менеджер, Зелені Янголи";"5";"1829";"0";"0";"1";"Актуальне фото барбарису Флоренс в 2 л горшку, зроблене 5 червня 2021";"2021-06-22 16:30:45"
"787";"Менеджер, Зелені Янголи";"5";"85";"0";"0";"1";"Актуальне фото в горшку 2 л, зроблене 22.06";"2021-06-22 16:29:11"
"786";"Менеджер, Зелені Янголи";"5";"673";"0";"0";"1";"Актульне фото гортензії Лаймлайт в 5 л горшку, зроблене 22.06.2021";"2021-06-22 16:17:57"
"785";"Менеджер розсадника \"Зелені Янголи\"";"5";"11";"0";"0";"1";"Актуальне фото барбарису Атропурпуреа Нана в горщику 2л, зроблене на розсаднику 'Зелені Янголи' у червні 2021 року ";"2021-06-22 15:29:30"
"784";"Менеджер, Зелені Янголи";"5";"2056";"0";"0";"1";"Актуальне фото спороболу у 2 л горшку зроблене 22.06.21";"2021-06-22 12:46:04"
"783";"Менеджер, Зелені Янголи";"5";"1802";"0";"0";"1";"Актуальне фото пеннісетуму 'Рубрум' в горшку 2 л , зроблене 21.06.2021";"2021-06-22 11:38:21"
"782";"Менеджер, Зелені Янголи";"5";"1991";"0";"0";"1";"Актуальне фото пієрісу Мінор в 2 л горшку, зроблене в червні 2021";"2021-06-21 11:41:47"
"781";"Менеджер, Зелені Янголи";"5";"1194";"0";"0";"1";"Актуальне фото барбарису Еректа в горшку 2 л, зроблене на розсаднику 19.06.21";"2021-06-21 09:27:07"
"780";"Менеджер, Зелені Янголи";"5";"614";"0";"0";"1";"Актуальне фото хебе товстолистого в горшку 2 л, зроблене 19.06.21";"2021-06-21 09:25:19"
"779";"Менеджер, Зелені Янголи";"5";"2188";"0";"0";"1";"Актуальне фото хебе самшитолистного, в горшку 2 л, зроблене 19.06.21";"2021-06-21 09:24:13"
"778";"Менеджер, Зелені Янголи";"5";"1940";"0";"0";"1";"Актуальне фото розмарину Спіді в горшку 2 л, зроблене на розсаднику 19.06.21";"2021-06-21 09:23:11"
"777";"Менеджер, Зелені Янголи";"5";"1220";"0";"0";"1";"Актуальне фото бирючини Атровіренс в горшку 2 л, зроблене на розсаднику 19.06.21";"2021-06-21 09:21:43"
"776";"Марта";"5";"742";"0";"0";"1";"Заказывала весной саженец пихты корейской. Очень довольна обслуживанием. Пихта пришла чудесная , густая. Отлично прижилась и дала прирост. Рекомендую питомник ! ";"2021-06-20 17:26:53"
"775";"Менеджер, Зелені Янголи";"5";"1781";"0";"0";"1";"Актуальне фото Бомбшел у 2 л горшку зроблене 19.06.21";"2021-06-19 17:03:35"
"774";"Ольга Костенко ";"5";"0";"0";"0";"1";"Сьогодні отримала посилку із 2 дернами жовтими, гібіскусом гібридним та 2 піраканти Ред Колумн.Запаковано надійно,  дерни навіть прикриті кружальцями фетру, шоб грунт не висипався. Важко розраховувати, всн надійно закріплено скотчем, здається, що із посилкою може щось трапитись лише, якщо на неї слон наступив би. ДЕРНИ чудові, крупні, піраканти у 0.5л горщиках маленькі проте із чудовим корінням. ГІБІСКУС прекрасний. Я дуже задоволена покупкою. Відтепер-це буде мій постійний магазин!Нарешті!";"2021-06-19 12:37:20"
"773";"Ирина";"5";"0";"0";"0";"1";"Посылочка пришла раньше обещанного, всё хорошо упакованно, сами растения шикарные, вы большие умнички Зелёные Ангелы. Буду вашим постоянным покупателем))";"2021-06-18 11:36:19"
"771";"Юлія";"5";"0";"0";"0";"1";"Сьогодні отримала чергову посилку від розсадника Зелені Янголи. Замовляла барбариси  різні сорти і березу. Вони чудові вислали мені рослини із гарною розвинутою корінневою системою. Підібрали і упакували рослини класно, великий за це вам респект. Хочу також подякувати вашим менеджерам за швитке і ввічливе обслуговування по телефону при замовленні товару. Ви дійсно одні з найчудових розсадників рослин. Всім друзям і знайомим буду вас  рекомендувати. ";"2021-06-16 17:23:53"
"769";"Наталия";"5";"0";"0";"0";"1";"Получила свою посылочку. Как всегда и растения и упаковка-отлично. Спасибо огромное 'зеленым ангелам' за труд и радость которую вы нам дарите.";"2021-06-15 00:23:38"
"768";"Менеджер, Зелені Янголи";"5";"2052";"0";"0";"1";"Актуальне фото берези карликової 'Голден Треже' в горшку 3,6 л , зроблене на розсаднику 14.06.2021";"2021-06-14 13:20:57"
"767";"Елена ";"5";"0";"0";"0";"1";"Большо спасибо за  растения.Пришли быстро в хорошей упаковке.Рекомендую поставщика!";"2021-06-12 17:40:23"
"766";"Менеджер, Зелені Янголи";"5";"1301";"0";"0";"1";"Актуальне фото гортензії Меджікел Кендл в горшку 5 л, зроблене на розсаднику 10.06.2021";"2021-06-11 17:59:08"
"765";"Тетяна ";"5";"962";"0";"0";"1";"Давно  хотела написать слова благодарности за прекрасные растения! Несмотря на путешествие в целую неделю, все растения прибыли в  полном порядке и  уже  прижились на  новом месте. Огромное спасибо за  Ваш труд и до новых заказов! ";"2021-06-11 14:52:03"
"764";"khrushc.i";"5";"1251";"0";"0";"1";"Добрый вечер, спасибо большое за полученную посылочку, всё пришло а хорошем виде и раньше обещанного. Красавица вейгела.";"2021-06-10 19:11:37"
"763";"Олена";"5";"0";"0";"0";"1";"Дякую, все прийшло дуже гарно запаковане, швидко.Це було друге замовлення, але не останню))";"2021-06-06 23:55:50"
"762";"Лілія Бобиляк";"5";"0";"0";"0";"1";"Отримала рододендрон 'AUTUMN FIRE'  (ОТМ ФАЙР). Він - ЧУДОВИЙ. Величезне дякую за чудові емоції!";"2021-06-05 18:00:34"
"761";"Шаламова Олена";"5";"0";"0";"0";"1";"Велике Вам дякую за Вашу працю! Бажаю Вам i надалi так тримати. Уciм буду рекомендовать працювати з Вами. ";"2021-06-05 16:48:34"
"760";"Менеджер, Зелені Янголи";"5";"1801";"0";"0";"1";"Актуальне фото гортензії Фрайз Мельба в горшку 10 л , зроблене на розсаднику в червні";"2021-06-05 15:22:19"
"758";"Олександр";"5";"738";"0";"0";"1";"Сподобався Ваші саджанці кедрового сланника, хочу купити.";"2021-06-04 11:46:53"
"757";"Людмила";"5";"837";"0";"0";"1";"Получила уже две посылки с растениями и жду третью. Растения здоровенькие, соответствуют заявленным размерам. Туя Ауреа Нана красавица, пышная, яркая. Спасибо вам!";"2021-06-04 10:17:18"
"756";"Алла";"5";"39";"0";"0";"1";"Сообщите о наличии этого товара";"2021-06-03 12:11:44"
"755";"Тамила";"5";"2157";"0";"0";"1";"хотела бы приобрести черешковую гортензию. сообщите когда будет в наличии";"2021-06-02 14:43:33"
"754";"Олена Падіна";"5";"0";"0";"0";"1";"Отримавши своє замовлення була безмежно рада! Величезна дяка!Рослинки такі чудові) Замовляла 10 штук різних(спіреї, барбариси, ялівці, пузиреплідники, керія)і всіма дуже задоволена. Що правда, один ялівець з жовтуватими гілочками біля стовбура..дуже сподіваюсь, що відновиться. За пакування рослин до перевезення окрема дяка!!! Переживала, якими Нова Почта їх доставить. Марно переживала)) Запаковані супер! Жодна гілочка не пошкодилась) Нарешті знайшла надійного постачальника мешканців свого саду!";"2021-05-31 16:02:13"
"752";"Ганнна Мітіна";"5";"1003";"0";"0";"1";"Росли завжди приїжджають чудової якості. Чогось не можу додати фото)";"2021-05-30 12:47:20"
"751";"Оксана";"5";"837";"0";"0";"1";"Заказывала две туи.Переживала за качество.И зря!Туи пришли очень красивые.Деревья здоровые.Сразу видно,что свежей выкопки.Благодарю за отеменный товар.Нам их очень не хватало.Наслаждаемся. ";"2021-05-29 20:45:24"
"750";"Алла Важеловська";"5";"0";"0";"0";"1";"Сегодня получила посылку! Растения в идеальном состоянии! Упаковка-на высшем уровне! Спасибо вам огромное за ваш труд!
";"2021-05-28 13:50:11"
"743";"Олена Клімова";"5";"0";"0";"0";"1";"Отримала замовлення, сажанці чудові, живеньки. Замовлення прийшло швидко. Дякую Зеленим Янголам.";"2021-05-28 10:36:52"
"741";"Менеджер, Зелені Янголи";"5";"1799";"0";"0";"1";"Актуальне фото форзиції Варієгата в горшку 2 л, зроблене на розсаднику 28.05.2021";"2021-05-28 10:31:58"
"739";"Менеджер, Зелені Янголи";"5";"58";"0";"0";"1";"Актуальне фото верби Хакуро-Нішікі в горшку 2 л , зроблене на розсаднику Зелені Янголи 28.05.2021";"2021-05-28 10:25:24"
"738";"Менеджер, Зелені Янголи";"5";"59";"0";"0";"1";"Актуальне фото верби розмаринолистої в горшку 5 л зроблене на розсаднику Зелені Янголи 28.05.2021";"2021-05-28 10:23:42"
"737";"Менеджер, Зелені Янголи";"5";"1023";"0";"0";"1";"Актуальне фото гортензії червонолистої в горшку 2 л , зроблене на розсаднику 27.05.21";"2021-05-27 17:23:32"
"736";"Менеджер, Зелені Янголи";"5";"690";"0";"0";"1";"Актуальне фото верби удинської 'Секки' в горшку 5 л, зроблене на розсаднику 27.05.2021";"2021-05-27 17:21:45"
"735";"Менеджер, Зелені Янголи";"5";"587";"0";"0";"1";"Актуальне фото вейгели квітучої рожевої в горшку 2 л, зроблене 27.05.21";"2021-05-27 17:18:48"
"734";"Менеджер, Зелені Янголи";"5";"980";"0";"0";"1";"Акткуальне фото плющу Еректа в 2 л горшку, зроблене на розсаднику 27.05.21";"2021-05-27 17:16:33"
"733";"Менеджер, Зелені Янголи";"5";"1754";"0";"0";"1";"Фото дерену 'Ауреа' в горшку 5 л, зроблене на розсаднику 25.05.2021";"2021-05-26 17:18:53"
"732";"Менеджер, Зелені Янголи";"5";"1365";"0";"0";"1";"Актуальне фото бересклету Форчуна 'Тустін' в горшку 5л, зроблене на розсаднику 25.05.21";"2021-05-26 17:16:35"
"731";"Менеджер, Зелені Янголи";"5";"56";"0";"0";"1";"Актуальне фото сакури 'Канзан', в горшку с18, висотою 160-180 см, зроблена на розсаднику 26.05.2021 ";"2021-05-26 17:10:17"
"730";"Менеджер, Зелені Янголи";"5";"56";"0";"0";"1";"Актуальне фото сакури 'Канзан', в горшку с18, висотою 140-160 см, зроблена на розсаднику 26.05.2021";"2021-05-26 17:08:59"
"729";"Менеджер, Зелені Янголи";"5";"56";"0";"0";"1";"Актуальне фото сакури 'Канзан' в горшку с18, висотою 200-250 см , зроблене на розсаднику 26.05.2021";"2021-05-26 17:07:49"
"727";"Вікторія ";"5";"0";"0";"0";"1";"Велика подяка працівникам інтернет -магазину за якісні рослини, за надійне пакування. Посилка прийшла дуже швидко,всі рослинки гарні,видно, що з любов'ю вирощені. При першій нагоді буду ще у вас робити замовлення. Дякую за ваш труд.";"2021-05-26 11:55:54"
"726";"Лена ";"5";"1092";"0";"0";"1";"Получила посылку тую Янтарь пришла все хорошо рекомендую. 
";"2021-05-25 01:39:18"
"724";"Александра Викторовна Примаченко";"5";"790";"0";"0";"1";"Заказывала ёлочку. Прислали красоту. Упаковка очень хорошая. Рекомендую. Я ваш клиент.";"2021-05-24 18:42:32"
"723";"Юлия Самарская";"5";"111";"0";"0";"1";"Спасибо огромное Зеленым ангелам, туи пришли шикарные, плюс подарочек туя тедди";"2021-05-24 18:29:32"
"721";"Зелені Янголи";"5";"1404";"0";"0";"1";"Актуальне фото туни китайської у горшку с2, зроблене 22.05.21";"2021-05-24 17:56:46"
"720";"Зелені Янголи";"5";"889";"0";"0";"1";"Актуальне фото туї Літл Бой у онтейнері с5, зроблене 24.05.21";"2021-05-24 17:53:40"
"719";"Olga";"1";"1668";"0";"0";"1";"Не вышла из зимы ";"2021-05-24 11:55:48"
"717";"Инга";"5";"0";"0";"0";"1";"Получила отличные саженцы кипарисовика. Очень надёжно упакованы) Заказывала у ' Зелених янголів'  саженцы несколько раз, всегда экземпляры приходили отменные! Качество выше всяких похвал) Успехов компании и процветания! ";"2021-05-22 16:48:09"
"716";"Зелені Янголи";"5";"821";"0";"0";"1";"Актуальне фото ялівця Холгер в 5 л горшку, зроблене 21.05.21";"2021-05-21 18:02:24"
"715";"Елена ";"5";"1801";"0";"0";"1";"Спасибо большое за гортензию, упаковка отличная ,куст супер, не перестаю вами восхищаться, вы самые,самые лучшие.Заказывая у вас , знаю с уверенностью , что прийдет растение в превосходном виде. Успехов вам и процветания и еще раз огромное спасибо.";"2021-05-21 15:39:42"
"714";"Виктория";"5";"0";"0";"0";"1";"Спасибо огромное,мой любимый питомник растений!Сегодня прилетели ангелочки-эдельвейсы. Доехали прекрасно,упакованы как всегда супео,состояние прекрасное. Никогда себе раньше не могла и представить,что такое чудо сможет поселиться у меня на горке)) Сейчас определяются границы моего участка и я не могу заказывать много растений,но здесь не удержалась и не пожалела. Я просто счастлива!Спасибо за радость и эмоции!Желаю процветания и отличного настроения всей Вашей команде!Из Одессы с любовью))";"2021-05-21 12:03:35"
"713";"Татьяна";"5";"632";"0";"0";"1";"Купила лох зонтичный по акции в декабре прошлого года. Думала, приедет что-то мелкое, а получила прекрасно развитый кустик высотой больше полуметра. Переживала, примется ли, так как сажала в открытый грунт 30 декабря. в день получения посылки. Кустик не только прекрасно перезимовал, но и выпустил бутоны. Надеюсь осенью попробовать плоды. Кстати, у молодых листьев приятный вкус, когда куст разрастётся, их можно будет собирать для приготовления чая. В общем, я покупкой довольна. Спасибо!";"2021-05-21 10:25:54"
"712";"Менеджер, Зелені Янголи";"5";"1944";"0";"0";"1";"Актуальне фото лаванди Альба в 2 л горшку , зроблене 11.05.2021";"2021-05-20 17:46:20"
"711";"Менеджер, Зелені Янголи";"5";"973";"0";"0";"1";"Актуальне фото купресокипарису Голд Райдер у горшку 2 л , зроблене на розсаднику 06.05.2021";"2021-05-20 17:44:01"
"710";"Зелені Янголи";"5";"1233";"0";"0";"1";"Актуальне фото верби пурпурової Нани в горшку 2 л , зроблене 11.05.2021";"2021-05-20 17:41:00"
"709";"Зелені Янголи";"5";"1204";"0";"0";"1";"Актуальне фото дерену Сайберіан Перлз в горшку 2 л, зроблене 17.05.21";"2021-05-20 17:38:07"
"708";"олена тернюк";"5";"111";"0";"0";"1";"Замовляла три туї Смарагд різних сортів. Поки що різницю у відтінках хвої помітно мало. Саджанці у чудовому стані,  дійсно майже одного розміру, ретельно запаковані. Була дуже корисна інструкція , як правильно саджати. Я отримала саме те, що хотіла- деревця великого розміру за маленькі гроші і чудовий сервіс . Щиро вдячна!
";"2021-05-20 15:24:17"
"707";"олена тернюк";"5";"1739";"0";"0";"1";"Подивіться, якого розміру я отримала стефанандру! Таке буває?)) Рослина була у горшику, чудово себе почуває після пересадки. ";"2021-05-20 15:12:45"
"705";"Менеджер розсадника \"Зелені Янголи\"";"5";"2051";"0";"0";"1";"Актуальне фото півонії Скарлет Хевен зроблене на розсаднику Зелені Янголи в травні 2021 ";"2021-05-19 18:14:52"
"704";"Зелені Янголи";"5";"104";"0";"0";"1";"Актуальне фото ялівця Блу Ароу , у горшку 2 л, зроблене 19.05.21";"2021-05-19 18:05:31"
"703";"Оля Берёза";"5";"1593";"0";"0";"1";"Забрала на почте это маленькое зелёное чудо. Доехала а отличном состоянии. Огромная вам благодарность за такую красоту!";"2021-05-17 12:13:29"
"701";"Зелені Янголи";"5";"2057";"0";"0";"1";"Актуальне фото ялівця Кінг оф Спрінг в горшку 2 л, зроблене 15.05.21";"2021-05-17 11:52:35"
"700";"Зелені Янголи";"5";"1002";"0";"0";"1";"Актуальне фото ялівця 'Хюз' в контейнері с2(2 л), зроблене на розсаднику 'зелені Янголи' 15.05.21";"2021-05-17 11:44:35"
"699";"Зелені Янголи";"5";"3";"0";"0";"1";"Актуальне фото вівсяниці сизої, в горшку 2 л , зроблене на розсаднику 05.05.2021";"2021-05-17 11:42:33"
"702";"Наталия";"5";"0";"0";"0";"1";"Купила 2 куста шиповника, очень-довольна! Кустики красивенькие, ровненькие, отлично упакованы, доставили Новой почтой в Киев в целости и сохранности! Спасибо большое!!! ";"2021-05-17 00:00:00"
"698";"Олена Тернюк";"5";"0";"0";"0";"1";"Дуже вражена роботою , приємно вражена! Зателефонували, прояснили усі дрібниці і подробиці! Рослини, дуже великі- ретельно упаковані. Вклали листівку з доречнимм порадами- ну просто про все потурбувались! Раджу всім і сама звернусь не раз. Дякую!";"2021-05-15 20:53:04"
"697";"Алла";"5";"0";"0";"0";"1";"Добрый день ! Хочу сказать огромное спасибо !!! Сегодня получила посылку с саженцами качество цена просто отличные по сравнению с другими центрами когда открываешь посылку и просто хочется плакать саженца не видно или ищешь его где то среди опилок . А здесь просто нельзя нарадоваться от красавцев. Процветания вашему питомнику и пусть Растюшки радуют не только меня но и всех ваших клиентов ";"2021-05-15 16:25:14"
"695";"Менеджер, Зелені Янголи";"5";"640";"0";"0";"1";"Актуальне фото - бирючина овальнолиста Ауреум у горщику 2л. Фото зроблене на розсаднику 'Зелені янголи' у травні 2021 року";"2021-05-15 11:15:59"
"694";"Менеджер розсадника \"Зелені Янголи\"";"5";"2168";"0";"0";"1";"Актуальне фото
едельвейсу альпійського Мей Сноу в горщику 2 л  , зроблене на розсаднику 'Зелені Янголи' в травні 2021 р.";"2021-05-14 15:22:22"
"693";"Инга";"5";"2147";"0";"0";"1";"По сути, тот же суперфосфат. Но дороже, раз так в 5.эти гранулы лежат камнем в земле, хоть лей, хоть не лей. А ты сыпешь и сыпешь, весной и осенью... ";"2021-05-14 14:01:42"
"692";"Менеджер розсадника \"Зелені Янголи\"";"5";"1068";"0";"0";"1";"Актуальне травневе фото калини Бульденеж в горщику С7,5 зроблене на розсаднику 'Зелені Янголи' в 2021 році.";"2021-05-14 13:10:13"
"691";"Менеджер розсадника \"Зелені Янголи\"";"5";"1133";"0";"0";"1";"Актуальні фото півонії древовидної 'HAIHUANG/HIGH NOON' в горщику 6 л зроблені на розсаднику 'Зелені Янголи' в травні 2021.";"2021-05-14 09:21:58"
"690";"Менеджер розсадника \"Зелені Янголи\"";"5";"821";"0";"0";"1";"Актальне фото ялівця лускатого Холгер в горщику С2, (2л) зроблене на розсаднику 'Зелені Янголи' в травні 2021. ";"2021-05-14 08:44:53"
"689";"Менеджер розсадника \"Зелені Янголи\"";"5";"821";"0";"0";"1";"Актальне фото ялівця лускатого Холгер в горщику С5, зроблене на розсаднику 'Зелені Янголи' в травні  2021.";"2021-05-14 08:44:05"
"686";"Андрій";"5";"0";"0";"0";"1";"Чудовий розсадник та чудові консультанти. Замовляв на НП переживав як все доїде. Все ціленьке та гарно упаковане";"2021-05-13 22:16:13"
"685";"Менеджер розсадника \"Зелені Янголи\"";"5";"1970";"0";"0";"1";"Фото суцвіть азалії Росінетта в горщику 2 л , зроблене на розсаднику 'Зелені Янголи' в травні 2021 року.";"2021-05-13 17:52:40"
"684";"Менеджер розсадника \"Зелені Янголи\"";"5";"2170";"0";"0";"1";"Актуальне фото азалії Лілієнштайн в горщику 2 л, зроблене на розсаднику 'Зелені Янголи' в травні 2021";"2021-05-13 17:47:26"
"683";"Менеджер розсадника \"Зелені Янголи\"";"5";"1784";"0";"0";"1";"Цвіт лавровишні Отто Люкен в горщику С5. Фото зроблене на розсаднику 'Зелені Янголи' в травні 2021 р.  ";"2021-05-12 17:20:49"
"682";"Менеджер розсадника \"Зелені Янголи\"";"5";"1797";"0";"0";"1";"Актуальне фото карагани дерев'янистої в горщику С5, зроблене на розсаднику 'Зелені Янголи' 12.05";"2021-05-12 16:56:05"
"681";"Менеджер розсадника \"Зелені Янголи\"";"5";"1739";"0";"0";"1";"Травневе фото листочків стефанандри Танакі. Діаметр рослини в горщику С5 на сьогодні -  близько 1 метру. Стефанандру Танакі в розсаднику 'зелені Янголи' можна купити гуртом - звертайтесь на номер гуртового відділу 0503716996.";"2021-05-12 16:51:29"
"680";"Менеджер розсадника \"Зелені Янголи\"";"5";"837";"0";"0";"1";"Весняне фото туї Ауреа Нана, зроблено на одному з полів розсадника 'Зелені Янголи'. Фото потрібного вам розміру запитуйте у менеджера :)";"2021-05-12 16:45:53"
"678";"Вікторія Король";"5";"0";"0";"0";"1";"Дякую, приїхала моя краса, все дуже гарно запаковано, рослини в чудовому стані. Успіхів .";"2021-05-11 17:38:06"
"676";"Зелені Янголи";"5";"542";"0";"0";"1";"Актуальне фото в горшку р9 від 10.05.2021";"2021-05-10 18:02:06"
"675";"Зелені Янголи";"5";"1821";"0";"0";"1";"Актуальне фото калини Прк Харвест в горшку 2 л зроблене 10.05.2021 ";"2021-05-10 17:59:06"
"674";"Зелені Янголи";"5";"1148";"0";"0";"1";"Актуальне фото ломикаменю Піксі в горшку р9 зроблене 10.05.2021";"2021-05-10 17:57:55"
"673";"Зелені Янголи";"5";"2167";"0";"0";"1";"Актуальне фото павловнії Гіант - 27 в  горшку 0,5 л  зроблене 10.05.2021";"2021-05-10 17:56:55"
"672";"Зелені Янголи";"5";"14";"0";"0";"1";"Актуальне фото барбарису в горшку 5 л , зроблене 08.05.2021";"2021-05-10 17:52:36"
"671";"Надія";"5";"0";"0";"0";"1";"Замовляла гортензію , дуже задоволена, велике спасибі, окрема подяка за пакування , ні один листочок не відірвався.";"2021-05-10 11:55:05"
"670";"Ніна Чорна";"5";"0";"0";"0";"1";"Спасибо огромное за такую доставку и за ваш труд.  Я заказывала во многих интернетмагазинах, но у вас я получаю второй раз и в восторге от того как вы упаковуете растения, все приходит в идеальном виде. И все , что я в прошлом году у вас заказывала, принялось, хорошо перезимовало и растет прекрасно! Еще раз спасибо  и всех вам благ! ";"2021-05-10 07:47:33"
"677";"Людмила Гончарук";"5";"1644";"0";"0";"1";"Отримала три троянди, саджанці вегетуючі. Не дуже гарної якості, з підмороженими пагонами. Прийшлось робити обрізку пошкоджених пагонів. ";"2021-05-10 00:00:00"
"667";"Star Waltz Glamur";"5";"2061";"0";"0";"1";"Покупала в этом году, он просто ФАНТАСТИЧЕСКИЙ!!!
Огромное спасибо команде Зелёные Ангелы за эту невероятную красоту.";"2021-05-08 12:15:45"
"666";"Зелені Янголи";"5";"582";"0";"0";"1";"Актуальне фото ялини Дейзіс Вайт в горшку 2 л , зроблене 06.05.2021";"2021-05-07 17:34:46"
"665";"Зелені Янголи";"5";"111";"0";"0";"1";"Актуальне фото туї Смарагд, в горшку 2 л, зроблене 06.05.2021";"2021-05-07 17:33:12"
"664";"Зелені Янголи";"5";"108";"0";"0";"1";"Актуальне фото туї Колумни  в 2  л горшку , зроблене 06.05.2021";"2021-05-07 17:31:41"
"663";"Ковальчук Віта";"5";"0";"0";"0";"1";"Замовляла Ялівець китайський Стрікта, сьогодні отримала. Саджанець прекрасний по усіх параметрах! Дякую!!! Пакування на високому рівні, рослина без пошкоджень. однозначно раджу ваш розсадник усім любителям рослин!!! 
P.S Неочікувано мій саджанець виявився таким як на фото, пухнастий і гарно сформований!!!";"2021-05-07 13:56:55"
"662";"Зелені Янголи";"5";"1542";"0";"0";"1";"Актуальне фото цвіту півонії Ru Hua Shin Yu/Like a Girl в горшку 7,5 л, зроблене 05.05.2021";"2021-05-05 16:56:35"
"661";"Зелені Янголи";"5";"1318";"0";"0";"1";"Актуальне фото сосни італійської, в горшку 2 л, зроблене 05.05.2021";"2021-05-05 16:54:43"
"660";"Зелені Янголи";"5";"1796";"0";"0";"1";"Актуальне фото барбарису Веніс, в горшку 2 л, зроблене 03.05.21";"2021-05-05 16:53:16"
"658";"Оксана";"5";"0";"0";"0";"1";"Отримала чудову еріку. Запаковано відмінно. Відправлено раніше запланованого часу, не дивлячись на завантаження. дякую ";"2021-04-30 00:42:29"
"657";"Диана";"5";"56";"0";"0";"1";"Пришла целая, хорошо упакованная 2-х метровая красавица. Ждём немного тепла чтобы посадить, но она уже радует цветением";"2021-04-28 19:55:18"
"656";"Лариса Карлаш";"5";"0";"0";"0";"1";"Замовляла на цьому сайті вперше. Підкупила назва розсадника. Очікування виправдались на всі 100%. Замовлені саджанці надійшли високої якості. Окремо хочу подякувати операторам, які допомогли обрати потрібні рослини. Дякую всім за професіоналізм і доброту! До нових зустрічей!";"2021-04-27 15:33:45"
"654";"Юлия ";"5";"0";"0";"0";"1";"Заказали в Киевскую область 20 туй и около 6 кустов с деревьями! Привезли четко в сроки, все деревья прекрасные!) Сервис на высоте! Очень приятно иметь дело с профессионалами! Рекомендую однозначно! 
Благодарю Вас за такой классный подход к делу)))))) ";"2021-04-26 08:48:37"
"653";"Олена Солопан";"5";"0";"0";"0";"1";"Отримала замовлені рослинки.  В захваті від якості рослин та надійності пакування. Хочеться отримувати ваших 'янголят' знову і знову, бо працює команда професіоналів своєї справи. Ви з рослинками даруєте позитивні емоції. Пишаюся вами і рекомендую всім!";"2021-04-25 21:43:27"
"652";"Роман Бень";"5";"0";"0";"0";"1";" Друзі Привіт!
Щиро Вдячний за доставку! Все прийшло вчасно і неушкоджене, і дуже гарно і акуратно запаковане.
Я замовленням задоволений.ДЯКУЮ!";"2021-04-24 19:59:09"
"651";"Елизавета";"5";"0";"0";"0";"1";"Хочу оставить отзыв! Я очень довольна заказом) переживала за транспортировку, но у вас все так продуманно и упаковано, все туи доехали не проронив ни иголочки ! Спасибо !";"2021-04-23 17:38:37"
"650";"Анна";"5";"0";"0";"0";"1";"На днях отримала чергову посилку з вашими рослинами) 
Сказати, що задоволена - це нічого не сказати! 
Всі рослинки чудово запаковані та доїхали цілими та свіжими. Навіть високі деревця)
Дякую вам щиро!
Доречі, всі саджанці минулих років (а у мене ваших рослин багато) чудово перезимували)
Нехай вам буде щастя!
❤❤❤";"2021-04-23 00:02:34"
"649";"Зелені Янголи";"5";"1402";"0";"0";"1";"Актуальне фото інжиру Далматського в горшку 3 л, зроблене 22.04.21";"2021-04-22 17:28:38"
"648";"Зелені Янголи";"5";"48";"0";"0";"1";"Актуальне фото пухироплідника Лютеус в горшку 5 л , зроблені 19.04.21";"2021-04-22 17:27:41"
"647";"Зелені Янголи";"5";"1158";"0";"0";"1";"Актуальне фото рододендрону Персі Вайсман в горшку 2 л, зроблене 22.04";"2021-04-22 12:35:31"
"646";"Зелені Янголи";"5";"1160";"0";"0";"1";"Актуальне фото рододендрону Грандіфлорум у горшку 2 л , зроблене на розсаднику 22.04.21";"2021-04-22 12:28:50"
"645";"Лариса";"5";"0";"0";"0";"1";"Отримала сьогодні посилку із розсадника Зелені Янголи.Як завжди,задоволена якістю саджанців.Дякую всім працівникам затурботу і  ввічливість,за те,що ви даруєте нам цю красу!Всіх вам благ та процвітання!";"2021-04-21 20:12:31"
"644";"Вiра Молокiна";"5";"0";"0";"0";"1";"Дякую за здорові гарні рослини. Цього разу замовляла різні грунтопокривні, інжир,гравілат та секатор. Все ціле, незважаючи на квест з Новою поштою. Рослини дуже гарні, з розвиненою кореневою. Замовляю четвертий раз, жодного випаду рослини. Чекаю на цвітіння минолоріч замовлених 'ведмедиків', еріка вже радує. Аплодую пакувальникам та дякую за уважність менеджерам";"2021-04-21 16:23:32"
"643";"Анна Вербицька";"5";"0";"0";"0";"1";"Вдруге замовляю рослини і вдруге не помиляюсь у виборі. Рослини чудові. Відповідають розмірам. Дякую Вашим співробітникам. Завжди відповідають на питання та допомагають!";"2021-04-21 10:20:25"
"641";"Глафіра";"5";"1318";"0";"0";"1";"Добрий день! А коли будуть в наявності?";"2021-04-19 14:39:35"
"640";"Алёна ";"5";"0";"0";"0";"1";"Всем привет. Хочу поделиться с вами радостью! И эту радость мне подарили 'Зелёные ангелы'. Такой красоты и за такую цену я давно уже не видела!!!! Спасибо вам 'Ангелы' за ваш труд❤️ А ещё порадовал подарочек и приятные ребята менеджеры!!!!!";"2021-04-19 00:00:00"
"638";"Биднярская Елена ";"5";"0";"0";"0";"1";"Задоволена янголятками. Всi доставленi неушкодженими i  в дуже-дуже гарному станi. Все живе i гарноi якостi.";"2021-04-18 21:08:45"
"637";"Наталія";"5";"0";"0";"0";"1";"Дякую, не перший раз замовляю, все як завжди гарно, але цього разу  була приємно вражена пакуванням, в рослин шансів пошкодити що-небудь не було. Приїхали красиві і не пошкоджені. Не знаю сільки часу і сил  зайняло пакування, але браво!!!";"2021-04-18 17:14:41"
"639";"Биднярская Елена ";"5";"0";"0";"0";"1";"Всем советую этот рассадник!!!";"2021-04-18 00:00:00"
"636";"Ольга Меренкова";"5";"1489";"0";"0";"1";"Отримала свою гортензію Ендлес Самер, у С2. Все ціле,  дякую. ";"2021-04-17 21:35:09"
"635";"Оксана";"5";"0";"0";"0";"1";"Отримала хеномелис .Моїм враженням не має меж !Дякую усім хто вирощує, пакує, відповідає на дзвінки";"2021-04-17 19:15:00"
"634";"Пушкіна Світлана";"5";"0";"0";"0";"1";"Дякую, отримала замовлення. Пакування надійне, безпечне для рослин. Мої очікування від рослин, їх  стану і якості співпали з тим, що я побачила, коли розпакувала коробку. Вірю, що добре будуть розвиватись та квітнути влітку.";"2021-04-17 17:58:13"
"632";"Алёна ";"5";"705";"0";"0";"1";"Спасибо большое 'Зелёным Ангелам' за заказ. Всё зелененькое красивое. ";"2021-04-15 21:57:42"
"631";"Furinets Tatyana";"5";"0";"0";"0";"1";"Большое спасибо за посылочку, все доехало хорошо.  Отдельное спасибо Инессе за консультацию.";"2021-04-14 18:17:34"
"629";"Наталья Валентиновна ";"5";"662";"0";"0";"1";"Вчера получила два своих новых питомца - кипарисовики 'Санголд'. Качество растений - отличное, упаковка - превосходная! Спасибо большое вам, Зеленi янголи! Рекомендую всем этот питомник! Удачи вам и процветания!!!";"2021-04-13 14:48:50"
"628";"Юлия Одинцова";"5";"0";"0";"0";"1";"Спасибо за прекрасные саженцы.
Из всех хороших хочу выделить хурму. Саженец большой, с хорошей корневой. Цена адекватная.";"2021-04-13 14:12:05"
"622";"Светлана Палехина";"5";"0";"0";"0";"1";"Вот какие растюшки ко мне приехали";"2021-04-12 17:05:25"
"621";"Наталья, г.Харьков";"5";"0";"0";"0";"1";"Получила свой заказ- кипарисовник орехоплодный. Саженцы отличные, упаковка превосходная! Большое спасибо, Зелени Янголи ! Буду делать у вас заказы. Успехов вам и процветания вашим рослинкам! Щиро дякую!!!!";"2021-04-12 12:26:05"
"618";"Тарас Гордеев";"5";"0";"0";"0";"1";"Доброго дня! Вже не перший раз получаю рослини з Вашого пітомника. Дуже вдячний. Ось і вчора отримав посилку. Все сподобалось.Бажаю вам міцного здоров'я, а вашій фірмі процвітання.";"2021-04-11 15:12:02"
"617";"Тарас Гордеев";"5";"583";"0";"0";"1";"Доброго дня ";"2021-04-11 15:02:16"
"613";"Людмила Гончарук";"5";"1211";"0";"0";"1";"Останнє фото с коричневим листям схоже на пухироплідник, а не на дерен? ";"2021-04-09 14:19:19"
"612";"Ирина";"5";"0";"0";"0";"1";"Получила посылку.Все растения в хорошем состоянии. Большое спасибо.
";"2021-04-09 08:03:00"
"611";"Татьяна";"5";"0";"0";"0";"1";"Большущее спасибо! Гортензии получила, все великолепно упаковано и сами растения шикарные. Здоровья вам и процветания! ";"2021-04-08 19:24:57"
"610";"Об‘єднання співвласників багатоквартирного будинку «Новий-14»";"5";"0";"0";"0";"1";"Замовили в Зелених янголів:
1) платан Лондонський;
2) два клени Отм блейз;
3) павловнії-2 шт;
4) ялівець. 
Доставка з Ужгорода в Київську обл. Переживали, що далеко й можливі збої. Виявилося даремно! Зелені янголи не підвели! Все чітко, менеджери (працювали з Інессою, але підключалися й Артур та Олена) гарно працюють з клієнтом. Зворотній зв‘язок миттєвий. Всі побажання нас як клієнтів врахували. Та ще й надали знижку. Ну дуже приємно. Однозначно рекомендуватиму знайомим";"2021-04-07 20:50:24"
"609";"Олена";"5";"0";"0";"0";"1";"Замовляла Туї смарагд 80-100см ,спіреі,гортензіі та інше.Рослини дуже гарноі якості.Туї просто шикарні!Все  дуже гарно та компактно упаковано.Дякую за таку красу!";"2021-04-07 14:37:37"
"608";"Неля,";"5";"0";"0";"0";"1";"Отримала сьогодні гортензії. Дуже дякую вам, рослини в гарному стані, упаковка чудова,все закріплено,земля прикрита,вологий грунт. Щиро дякую вам.";"2021-04-06 15:21:10"
"606";"Юлія";"5";"1489";"0";"0";"1";"Замовляла на початку весни 4 кущика цієї гортензії. Чудові екземпляри з хорошими корінцями, гарно пішли в ріст, зараз на етапі бутонізації! Гарне пакування!";"2021-04-05 13:08:46"
"607";"Inna";"5";"0";"0";"0";"1";"Получила посылку 1 апреля, а там просто ужас: полусухие растения, а некоторые и вовсе сухие. Менеджер отказался заменить испорченные растения. Развод на деньги. Никому не рекомендую здесь покупать.

Відповідаємо на ваш відгук: Доброго дня, Інна! Як ми вже писали вам раніше, ви отримали  саджанці  листопадних рослин взимку (звісно без листя) - в такий період гілочки виглядають 'сухими' , 'неживими' - але насправді саджанці живі та здорові,просто знаходяться в стані спокою. Зробивши зріз гілки або перевіривши коріння можна легко в цьому впевнитись. Більшість саджанців у вашій посилці були в контенері р9 (1-1.5 річні саджанці у пів-літровому горщику, для дорощування). Всі рослини в даному замовленні відповідають сорту, віку та розміру , заявленому на сайті . Нижче прикріплено ваше фото, вашої отриманої послики, щоб всі клієнти мали змогу ознайомитись з тим, як виглядають в березні саджанці листяних рослин, зокрема в контейнері р9 і як доїзжають наші посилки.";"2021-04-05 00:00:00"
"597";"Валентина";"5";"0";"0";"0";"1";"Привіт! Отримала посилочку від Янголів! Все супер запаковано, доїхало добре. Щиро дякую! Ви кращі!";"2021-04-03 12:34:35"
"595";"Eugene Krabs";"5";"0";"0";"0";"1";"Спасибо большое, все пришло в отличном состоянии, очень долго искал именно эти растения)";"2021-04-02 18:28:44"
"590";"Ірина";"5";"0";"0";"0";"1";"Замовила 11.03.2021 чотири сорти гортензій та японську спірею. 19.03.2021 все отримала. Запаковано все було надійно та продумано. Всі рослинки прийшли живенькі. Через тиждень на всіх з'явились почки. Товаром залишилась задоволена. Дякую всім працівникам розсадника. І ціни тут помірні у порівнянні з іншими. Тому раджу всім. ";"2021-03-31 12:57:45"
"586";"Наталія";"5";"62";"0";"0";"1";"Замовлення у Янголів робила вперше. Рослини прихали чудові, гарно доглянуті. Окрема подяка за пакування верби 'Хакуро Нішікі', доїхала без пошкоджень. Дякую за обслуговування, тільки позитивні рекомендації.";"2021-03-30 11:07:16"
"585";"Мороз Ольга";"5";"0";"0";"0";"1";"Неоднократно заказывала саженцы и всегда оставалась довольна. Получала растения здоровые, все хорошо прижились. Спасибо команде за оперативность, качественную и надежную упаковку. Всем рекомендую.";"2021-03-30 01:04:47"
"581";"Олена";"5";"0";"0";"0";"1";"Добрый день! Получила посылку с растениями! Все растения  хорошего качества и благополучно доехали. Большое спасибо!";"2021-03-29 16:23:10"
"580";"Валентина Лозінська";"5";"0";"0";"0";"1";"Перший раз заказала у цієї компанії, і не помилилася. Заказ на гортензії робила у лютому місяці, але домовилися про відправку рослин після морозів. І от сьогодні я їх отримала. Все чудово упаковано, рослини живі, з гарною кореневою системою. Велике вам дякую. Рекомендую.";"2021-03-29 13:30:38"
"579";"Ольга";"5";"0";"0";"0";"1";"Спасибо большое за можевельнички ,за очень быструю доставку ,желаю вам обильных Божьих благословений
 в труде";"2021-03-29 12:08:27"
"578";"Олена Клімова";"5";"0";"0";"0";"1";"Отримала сажанці, всі супер, живенькі, великі, за такі кошти. Дякую Вам велике.";"2021-03-29 10:22:56"
"577";"Елена";"5";"0";"0";"0";"1";"Вы лучшие’ 
Получила свой заказ; ромашки с отличной корневой, горшки упакованы супер, отношение к заказчику отличное, очень , очень довольна, РЕКОМЕНДУЮ.";"2021-03-29 08:45:24"
"575";"Яна Рыбась";"5";"0";"0";"0";"1";"Спасибо большое за прекрасные, здоровые растения. Хорошие менеджеры, всегда на связи, всё объяснят и подскажут. Рекомендую!!! ";"2021-03-27 14:01:03"
"574";"Виктор Потреба";"5";"706";"0";"0";"1";"Замовлення в Янголах робив вперше.Рослини приіхали гарні.Дуже ними задоволений.Ввічливі дівчатка біля телефонів.Буду замовляти ще.Рекомендую.";"2021-03-26 20:23:20"
"573";"Марина";"5";"0";"0";"0";"1";"Хочу висловити велику радість та подяку за чудові саджанці!) Навіть Ванілла фрейз хоч і маленька, проте видно що доглянута з любов'ю!) Нарешті збулася мрія і про магнолію, сподіваюся це диво добре приживеться на заздрість усім сусідам))))) Дякую за прекрасних янголят, ви несете весну нам у двір та в душу)
Окремо, дякую за надану консультацію щодо вирощування рослин. Приємно розуміти, що спілкуєшся, дійсно, з професіоналами своєї справи!) ";"2021-03-26 12:38:53"
"569";"Белей Віталій";"5";"0";"0";"0";"1";"Дякую !!!!!))
Все чудово , саджанці гарної якості , пакування теж)
";"2021-03-22 14:24:20"
"568";"Тетяна Безносько";"5";"1953";"0";"0";"1";"Дякую,тепер маю чотири вінничкові гортензії. а те що маленькі то не страшно, виростимо. Головне кореневий ком добре сформований .";"2021-03-21 16:13:24"
"567";"катерина";"5";"1341";"0";"0";"1";"Делала заказ первый раз, осталась очень довольна. Саженцы соответствуют заявленным,упакованы аккуратно, компактно, надежно закреплены. Заказ пришел быстро, предварительно даже отправили фото  растишек. Пожалела что не заказала больше сортов, а сейчас спустя неделю их уже нет. Буду обязательно покупать здесь еще, рекомендую. Спасибо вам, ребята успешных продаж и благодарных клиентов1";"2021-03-20 22:57:55"
"565";"Оксана ";"5";"0";"0";"0";"1";"Получила сегодня свой заказ, растения все доехали в отличном состоянии!!! Туи смарагд шикарные и огромные!!! Спасибо Вам большое!!!❤❤❤❤❤, гортензии и можжевельники так же в отличном состоянии !!!";"2021-03-19 20:17:31"
"564";"Светлана";"5";"1316";"0";"0";"1";"Впервые заказала у Зелёных Ангелов саженцы - заказ небольшой, но очень желанный. Получила посылку и просто нарадоваться не могла: упаковка надёжная, саженцы в отличном состоянии - ивы даже серёжки не растеряли!!! Спасибо огромное! Буду заказывать ещё и рекомендовать друзьям! ";"2021-03-19 20:13:33"
"563";"Татьяна";"5";"0";"0";"0";"1";"Доброго дня !(sun)
Вчера  17.03 2021 все  деревья приехали целыми и хорошо связаны лентой  и по количеству все в порядке.
Спасибо за маркировку растений, название и фамилия клиента .
И водитель  в этот  раз очень приятный человек.
Ответственный.  и очень спокойный.
Да! И это моя 4 я большая покупка и доставка попутным транспортом.
РЕКОМЕНДУЮ ! позже добавлю фото";"2021-03-18 22:35:59"
"562";"Oksana Hlyapotura";"5";"0";"0";"0";"1";"Отримала акційне замовлення 4 гортензії, окремо дуже дякую за подарунок спірею. Моїй радості не було меж- всі рослинки живі, в гарному стані, всі бруньки цілі, корінь на весь стаканчик р9. Не дочекаю, коли буду висаджувати. Ви отримали ще одного постійного клієнта, дякую за якісний 
посадковий матеріал";"2021-03-18 16:34:22"
"561";"Олена Клімова";"5";"1305";"0";"0";"1";"Вперше зробила замовлення в ' Зелені янголи' і була здивована, сажанці всі відповідали опису, живеньки, гарні, височенькі за чудовою ціною. Дякую Вам, всім рекомендую!!!";"2021-03-16 15:11:06"
"558";"Катерина Кишкан";"5";"56";"0";"0";"1";"Здравствуйте, а подскажите пожалуйста, у этой сакуры образовываются плоды которые потом осыпаются?";"2021-03-15 22:18:38"
"557";"Анна";"5";"0";"0";"0";"1";"Зробила заказ у розсаднику рослин 'Зелені янголи' вперше. Вже отримала замовлення . Рослини відповідають розмірам, виглядають чудово, всі живі, жодного пошкодженя. Я дуже задоволена! Бажаю Вам подальшого розвитку та процвітання!";"2021-03-15 10:39:23"
"555";"Вячеслав";"5";"0";"0";"0";"1";"Заказывал можжевельники и пузыреплодник. Упаковка хорошая, саженцы красивые (хвойники),  пузыреплодник  густой, не одна, две веточки, а пять-шесть веточек. Саженцами доволен, будем ждать, когда вырастут. Общение с покупателями вежливое. Рекомендую.";"2021-03-14 15:49:03"
"554";"Світлана";"5";"1005";"0";"0";"1";"Дуже дякую за якісного , великого саджанця ялівця!  Замовлення робила тут вперше. Рекомендую цей магазин! ";"2021-03-13 12:52:56"
"553";"Светлана  Мокряк ";"5";"1448";"0";"0";"1";"Получила прекрасные, как всегда, саженцы, отлично упакованы, размер больше заявленного! Отдельное спасибо за консультацию и помощь в выборе подарка! ";"2021-03-11 21:50:50"
"552";"Геннадий ";"5";"1318";"0";"0";"1";"Хотим заказать две штуки саженцев";"2021-03-10 18:04:14"
"548";"Ольга Меренкова";"5";"706";"0";"0";"1";"Купувала навесні 2021 у розмірі 60-80 см. Він просто гарнюня, дуже плотний, набитий пухнастик. Замовлю ще 1, щоб було більше яскравих акцентів.";"2021-03-09 00:10:51"
"547";"Екатерина Гученко";"5";"0";"0";"0";"1";"8 марта 2021года получила два заказа. Когда отркыла упаковки - душа пела от радости за  ухоженные, здоровые и очень красивые растения. Спасибо всему коллективу 'Зеленых Ангелов'  за нелегкий труд, любовь к прекрасному и уважение к покупателям. Благодарю за подарки и желаю процветания Вашему питомнику. ";"2021-03-08 21:16:45"
"546";"Наталья Паныч";"5";"0";"0";"0";"1";"Дуже задоволена рослинками!!! На вигляд невеличкі, бо розмір  P9. Нічого страшного виростем!!!! Упаковка надійна, рослини закріплені і не пошкодились при пересилці! Дякую  вам!!! ";"2021-03-07 21:40:23"
"545";"Наталья Паныч";"5";"976";"0";"0";"1";"Дуже задоволена гортензією. На вигляд маленька, але ж виросте і буде краса. Дякую!!! ";"2021-03-07 15:01:13"
"544";"Светлана";"5";"0";"0";"0";"1";"Заказывала гортензию и другие декоративные  саженцы. Очень довольна заказом.Все очень хорошо упаковано, грунт увлажнен и  растения пришли в хорошем состоянии.Очень благодарна за оперативность и хорошие саженцы. Успехов и процветания вашему делу и здоровья сотрудникам!!!! Спасибо Вам!!!";"2021-03-07 12:16:35"
"538";"Алёна Шагинян";"5";"1025";"0";"0";"1";"Приехал можжевельник , классная  жирненькая растень ! отлично упакован , заявленный размер 110-120 см . Форма можжевельники ниспадающая , потому ожидала не большое растение , А приехало как по мне огромное  ! очень рекомендую !";"2021-03-02 13:50:06"
"535";"Виктория";"5";"0";"0";"0";"1";"Всем доброго первого весеннего дня! Вчера получила заказ на 20 наименований ( плюс 2 в подарок) - 54 единицы. Сразу видно - вырощено и упаковано с любовью! Первое знакомство с Зелёными Ангелами состоялось и впечатления отличные. Качество саженцев супер (есть с чем сравнивать) и доставка в Одессу себя оправдывает. Спасибо Вам огромное!!! Уже задумалась о следующем заказе...Здоровья всем и верного, крутого Ангела за спиной!!!";"2021-03-01 15:30:54"
"534";"Светлана";"5";"1489";"0";"0";"1";"Хочется сказать слова благодарности работникам 'Зеленых ангелов'. Гортензии были очень хорошо упакованы. Доехали прекрасно. Самое главное -это корень растений (фото во вложении).Он достоин самой высокой оценки.  Я уверена, что эти цветы  будут меня только радовать . Советую всем - не пожалеете. ";"2021-03-01 11:06:04"
"531";"Менеджер розсадника \"Зелені Янголи\"";"5";"1086";"0";"0";"1";"Актуальне зимове фото туї Голден Брабант, висотою 200-220 см, зроблене на розсаднику 24.02.2021 ";"2021-02-24 17:12:42"
"530";"Менеджер розсадника \"Зелені Янголи\"";"5";"33";"0";"0";"1";"Актуальне зимове фото скизильника Парктеппіх, в контейнері р9 , зроблене на розсаднику 24.02.2021";"2021-02-24 17:09:30"
"529";"Менеджер розсадника \"Зелені Янголи\"";"5";"64";"0";"0";"1";"Актуальне зимове фото спіреї Голдфлейм, в контейнері с2 (2л), зроблене на розсаднику 24.02.2021";"2021-02-24 17:07:01"
"528";"Менеджер розсадника \"Зелені Янголи\"";"5";"1022";"0";"0";"1";"Актуальне зимове фото гортензії Ванілле Фрайз, в контейнері р9, зроблене на розсаднику 'Зелені Янголи' 24.02.2021 (після стрижки)";"2021-02-24 16:59:42"
"526";"інна хома";"5";"73";"0";"0";"1";"чи є зараз в наявності тамарикс?";"2021-02-24 11:00:51"
"525";"Менеджер розсадника \"Зелені Янголи\"";"5";"779";"0";"0";"1";"Актуальне фото сони Варелла , розміром 20-30 см, зроблене на розсаднику 22.02.2021";"2021-02-23 12:55:52"
"524";"Менеджер розсадника \"Зелені Янголи\"";"5";"673";"0";"0";"1";"Актуальні зимові фото гортензії Лаймлайт в контейнері р9, зроблене на розсаднику 'Зелені Янголи' 23.02.2021 ";"2021-02-23 12:46:28"
"523";"Менеджер розсадника \"Зелені Янголи\"";"5";"976";"0";"0";"1";"Актуальне зимовве фото гортензії Полар Бер в контейнері р9, зроблене на розсаднику 'Зелені Янголи' 23.02.2021";"2021-02-23 12:44:13"
"522";"Менеджер розсадника \"Зелені Янголи\"";"5";"1023";"0";"0";"1";"Актуальне зимовве фото гортензії крупнолистої червонолистої в контейнері р9, зроблене на розсаднику 'Зелені Янголи' 23.02.2021 ";"2021-02-23 12:41:17"
"521";"Менеджер розсадника \"Зелені Янголи\"";"5";"1127";"0";"0";"1";"Актуальне зимове фото гортензії Кіушу в контейнері р9, зроблене на розсаднику 'Зелені Янголи' 23.02.2021";"2021-02-23 12:40:12"
"520";"Менеджер розсадника \"Зелені Янголи\"";"5";"1377";"0";"0";"1";"Актуальне зимовве фото гортензії Фантом в контейнері р9, зроблене на розсаднику 'Зелені Янголи' 23.02.2021";"2021-02-23 12:39:05"
"519";"Менеджер розсадника \"Зелені Янголи\"";"5";"1013";"0";"0";"1";"Актуальне зимове фото гортензії Лойтфойєр, в контейнері р9, зроблене на розсаднику 'Зелені Янголи' 23.02.2021";"2021-02-23 11:43:35"
"518";"Менеджер розсадника \"Зелені Янголи\"";"5";"1489";"0";"0";"1";"Актуальне зимове фото гортензії Ендлес Самер Блум Стар, в контейнері р9, зроблене на розсаднику 'Зелені Янголи' 23.02.2021 ";"2021-02-23 11:37:03"
"517";"Менеджер розсадника \"Зелені Янголи\"";"5";"1014";"0";"0";"1";"Актуальне зимове фото гортензії Роял Ред, в контейнері р9, зроблене на розсаднику 'Зелені Янголи' 23.02.2021";"2021-02-23 11:35:14"
"516";"Менеджер розсадника \"Зелені Янголи\"";"5";"1300";"0";"0";"1";"Актуальне зимове фото гортензії Блубьорд, в контейнері р9, зроблене на розсаднику 'Зелені Янголи' 23.02.2021";"2021-02-23 11:33:18"
"512";"Анна";"5";"0";"0";"0";"1";"Отримала свій подарунковий сертифікат!
Дякую Вам!

Окреме дякую за неймовірно миле ти елегантне оформлення!

Це ❤!

А Ваші рослинки - це ❤❤❤ назавжди!";"2021-02-22 08:51:19"
"511";"Святослав ";"5";"1502";"0";"0";"1";"Як засівати сосну жовту? Обов'язкова стратифікація?";"2021-02-21 19:34:51"
"510";"Юлія";"5";"0";"0";"0";"1";"Отримала посилку від розсадника Зелені янголи, дуже була приемно вражена за їх дбайливо упаковані рослини. Рослини в гарному стані, доглянуті, просто чудові. Працюю з розсадником деквлька років, дуже задоволена ним. Рекомендую всім купувати продукцію в цьому розсаднику як любителям так і професіоналам. Тут доступні ціни та широкий асортимент продукції. Бажаю сайту побільше вдячних клієнтів.";"2021-02-20 00:00:00"
"508";"Менеджер розсадника \"Зелені Янголи\"";"5";"1781";"0";"0";"1";"Актуальне зимове фото гортензії Бомбшел в контейнері 25 л, зроблене на розсаднику 19.02.2021 (пострижена)";"2021-02-19 17:12:32"
"507";"Менеджер розсадника \"Зелені Янголи\"";"5";"992";"0";"0";"1";"Актуальне зимове фото павловнії повстяної з грунту, зроблене 19.02.2021";"2021-02-19 17:09:50"
"506";"Менеджер розсадника \"Зелені Янголи\"";"5";"993";"0";"0";"1";"Актуальне зимове фото модрини широколускатої, зроблене 19.02.2021";"2021-02-19 17:08:35"
"509";"Менеджер розсадника "Зелені Янголи"";"5";"1091";"0";"0";"1";"Актуальне зимове фото туї Мініма з грунту, зроблене на розсаднику 18.02.2021";"2021-02-19 00:00:00"
"502";"Менеджер розсадника \"Зелені Янголи\"";"5";"1969";"0";"0";"1";"Актуальне зимове фото туї 'Малоняна Холуб', зроблене на розсаднику 'Зелені Янголи' 04.02.2021";"2021-02-17 15:39:09"
"501";"Менеджер розсадника \"Зелені Янголи\"";"5";"804";"0";"0";"1";"Актуальні фото ялівця 'Пфітцеріана Ауреа' в горщику С2, зроблені на розсаднику 'Зелені Янголи' в лютому 2021";"2021-02-17 15:30:43"
"500";"Менеджер розсадника \"Зелені Янголи\"";"5";"1970";"0";"0";"1";"Актуальне зимове фото азалії 'Росінетта' в горщику С2, зроблене на розсаднику 'Зелені Янголи' 04.02.2021";"2021-02-17 13:17:46"
"207";"Менеджер розсадника \"Зелені Янголи\"";"5";"27";"0";"0";"1";"Актуальне фото в контейнері с2, зроблене на розаднику 04.02.2021";"2021-02-16 13:37:01"
"206";"Менеджер розсадника \"Зелені Янголи\"";"5";"27";"0";"0";"1";"Актуальне фото в контейнері р9, зроблене на розаднику 04.02.2021";"2021-02-16 13:34:11"
"205";"Менеджер розсадника \"Зелені Янголи\"";"5";"642";"0";"0";"1";"Актуальне зимове фото барбарису в контейнері с2, зроблене на розсаднику 04.02.2021";"2021-02-16 13:32:51"
"204";"Менеджер розсадника \"Зелені Янголи\"";"5";"460";"0";"0";"1";"Актуальні зимові фото піраканти в контейнері с2, зроблене на розсаднику 04.02.2021";"2021-02-16 13:22:59"
"203";"Менеджер розсадника \"Зелені Янголи\"";"5";"1195";"0";"0";"1";"Актуальне зимове фото в контейнері с2, зроблене на розсаднику 04.02.2021";"2021-02-16 13:19:36"
"202";"Менеджер розсадника \"Зелені Янголи\"";"5";"16";"0";"0";"1";"Актуальне зимове фото в контейнері с2, зроблене на розсаднику 04.02.2021";"2021-02-16 13:15:04"
"200";"Менеджер розсадника \"Зелені Янголи\"";"5";"335";"0";"0";"1";"Актуальне зимове фото в контейнері с5, зроблене на розсаднику 04.02.2021 ";"2021-02-16 09:53:46"
"199";"Менеджер розсадника \"Зелені Янголи\"";"5";"1799";"0";"0";"1";"Актуальне зимове фото в контейнері с2, зроблене на розсаднику 04.02.2021";"2021-02-16 09:52:31"
"198";"Менеджер розсадника \"Зелені Янголи\"";"5";"1946";"0";"0";"1";"Актуальне зимове фото в контейнері с2, зроблене на розсаднику 04.02.2021";"2021-02-16 09:51:47"
"197";"Менеджер розсадника \"Зелені Янголи\"";"5";"1064";"0";"0";"1";"Актуальне зимове фото в контейнері с2, зроблене на розсаднику 04.02.2021 ";"2021-02-16 09:50:26"
"196";"Менеджер розсадника \"Зелені Янголи\"";"5";"1190";"0";"0";"1";"Актуальне зимове фото в контейнері с2, зроблене на розсаднику 04.02.2021";"2021-02-16 09:49:38"
"195";"Менеджер розсадника \"Зелені Янголи\"";"5";"676";"0";"0";"1";"Актуальне зимове фото в контейнері с2, зроблене на розсаднику 04.02.2021 ";"2021-02-16 09:48:22"
"193";"Менеджер розсадника \"Зелені Янголи\"";"5";"656";"0";"0";"1";"Актуальне зимове фото в контейнері с2, зроблене на розсаднику 04.02.2021";"2021-02-16 09:45:14"
"497";"Сергей";"5";"0";"0";"0";"1";"Спасибо За хорошие саженцы и отличную упаковку Сначала переживали что не приедет Но все Отлично доехало. Отличного качества Всем рекомендую";"2021-02-16 00:00:00"
"192";"Менеджер розсадника \"Зелені Янголи\"";"5";"1754";"0";"0";"1";"Актуальне зимове фото в контейнері с2, зроблене на розсаднику 04.02.2021";"2021-02-15 17:29:22"
"190";"Менеджер розсадника \"Зелені Янголи\"";"5";"14";"0";"0";"1";"Актуальне зимове фото в контейнері с2, зроблене на розсаднику 04.02.2021";"2021-02-15 17:23:20"
"189";"Менеджер розсадника \"Зелені Янголи\"";"5";"1507";"0";"0";"1";"Актуальне зимове фото в контейнері с2, зроблене на розсаднику 04.02.2021";"2021-02-15 17:22:24"
"188";"Менеджер розсадника \"Зелені Янголи\"";"5";"1303";"0";"0";"1";"Актуальне зимове фото у контейнері с2, зроблене на розсаднику 04.02.2021 ";"2021-02-15 17:13:09"
"187";"Менеджер розсадника \"Зелені Янголи\"";"5";"1179";"0";"0";"1";"Актуальне зимове фото у контейнері с2, зроблене на розсаднику 04.02.2021 ";"2021-02-15 17:12:29"
"186";"Менеджер розсадника \"Зелені Янголи\"";"5";"1109";"0";"0";"1";"Актуальне зимове фото у контейнері с2, зроблене на розсаднику 04.02.2021";"2021-02-15 17:11:43"
"185";"Менеджер розсадника \"Зелені Янголи\"";"5";"1204";"0";"0";"1";"Актуальне зимове фото у контейнері с2, зроблене на розсаднику 04.02.2021 ";"2021-02-15 16:59:30"
"184";"Менеджер розсадника \"Зелені Янголи\"";"5";"1829";"0";"0";"1";"Актуальне зимове фото у контейнері с2, зроблене на розсаднику 04.02.2021";"2021-02-15 16:58:44"
"183";"Менеджер розсадника \"Зелені Янголи\"";"5";"1826";"0";"0";"1";"Актуальне зимове фото у контейнері с2, зроблене на розсаднику 04.02.2021 ";"2021-02-15 16:57:59"
"181";"Менеджер розсадника \"Зелені Янголи\"";"5";"1796";"0";"0";"1";"Актуальне зимове фото у контейнері с2, зроблене на розсаднику 04.02.2021";"2021-02-15 16:56:21"
"180";"Менеджер розсадника \"Зелені Янголи\"";"5";"1178";"0";"0";"1";"Актуальне зимове фото у контейнері с2, зроблене на розсаднику 04.02.2021 ";"2021-02-15 16:55:20"
"179";"Менеджер розсадника \"Зелені Янголи\"";"5";"1341";"0";"0";"1";"Актуальне зимове фото у контейнері с2, зроблене на розсаднику 04.02.2021 ";"2021-02-15 16:54:36"
"177";"Менеджер розсадника \"Зелені Янголи\"";"5";"618";"0";"0";"1";"Актуальне зимове фото у контейнері с2, зроблене на розсаднику 04.02.2021 ";"2021-02-15 16:50:03"
"175";"Менеджер розсадника \"Зелені Янголи\"";"5";"1351";"0";"0";"1";"Актуальне зимове фото у с5, зроблене на розсаднику 04.02.2021";"2021-02-15 16:35:00"
"174";"Менеджер розсадника \"Зелені Янголи\"";"5";"631";"0";"0";"1";"Актуальне зимове фото у с5, зроблене на розсаднику 04.02.2021";"2021-02-15 16:34:19"
"173";"Менеджер розсадника \"Зелені Янголи\"";"5";"889";"0";"0";"1";"Актуальне зимове фото у с5, зроблене 04.02.2021";"2021-02-15 16:32:10"
"172";"Менеджер розсадника \"Зелені Янголи\"";"5";"1452";"0";"0";"1";"Актуальне зимове фото у с2, зроблене 04.02.2021";"2021-02-15 16:31:08"
"170";"Менеджер розсадника \"Зелені Янголи\"";"5";"11";"0";"0";"1";"Актуальне зимове фото у р9, зроблене 04.02.2021";"2021-02-15 16:27:17"
"169";"Менеджер розсадника \"Зелені Янголи\"";"5";"1801";"0";"0";"1";"Актуальне зимове фото у р9, зроблене 04.02.2021";"2021-02-15 16:20:10"
"166";"Менеджер розсадника \"Зелені Янголи\"";"5";"1779";"0";"0";"1";"Актуальне зимове фото у р9, зроблене 04.02.2021";"2021-02-15 16:13:01"
"165";"Менеджер розсадника \"Зелені Янголи\"";"5";"73";"0";"0";"1";"Актуальне зимове фото у р9, зроблене 04.02.2021";"2021-02-15 16:11:23"
"164";"Менеджер розсадника \"Зелені Янголи\"";"5";"1301";"0";"0";"1";"Актуальне зимове фото у р9, зроблене 04.02.2021";"2021-02-15 16:09:48"
"163";"Вячеслав";"5";"1656";"0";"0";"1";"Буду вдячний за повідомлення про появу очітків у продажу";"2021-02-13 16:35:02"
"162";"Людмила Гончарук";"5";"1821";"0";"0";"1";"Ця калина має лікувальні властивості? Чи тільки декоративні? ";"2021-02-10 22:06:34"
"161";"Менеджер розсадника \"Зелені Янголи\"";"5";"446";"0";"0";"1";"Актуальне фото кизильника Даммера в контейнері с2 (2л), зроблене на розсаднику 'Зелені Янголи' 09.02.2021 ";"2021-02-10 16:51:58"
"160";"Менеджер розсадника \"Зелені Янголи\"";"5";"1350";"0";"0";"1";"Актуальне фото спіреї 'Антоні Ватерер' в контейнері с2 (2л), зроблене на розсаднику 'Зелені Янголи' 09.02.2021";"2021-02-10 16:47:53"
"159";"Менеджер розсадника \"Зелені Янголи\"";"5";"1023";"0";"0";"1";"Актуальне фото гортензії червонолистої в контейнері с2 (2л), зроблене на розсаднику 'Зелені Янголи' 09.02.2021";"2021-02-10 16:46:59"
"158";"Менеджер розсадника \"Зелені Янголи\"";"5";"59";"0";"0";"1";"Актуальне фото верби розмаринолистої в контейнері с5 (5л), зроблене на розсаднику 'Зелені Янголи' 09.02.2021";"2021-02-10 16:45:05"
"157";"Менеджер розсадника \"Зелені Янголи\"";"5";"62";"0";"0";"1";"Актуальне фото спіреї 'Літл Прінцес' в контейнері с2 (2л), зроблене на розсаднику 'Зелені Янголи' 09.02.2021";"2021-02-10 16:42:58"
"156";"Менеджер розсадника \"Зелені Янголи\"";"5";"62";"0";"0";"1";"Актуальне фото спіреї 'Літл Прінцес' в контейнері с2 (2л), зроблене на розсаднику 'Зелені Янголи' 09.02.2021 ";"2021-02-10 16:39:30"
"155";"Менеджер розсадника \"Зелені Янголи\"";"5";"645";"0";"0";"1";"Актуальне фото плюща 'Гаральд' в контейнері с2 (2л), зроблене на розсаднику 'Зелені Янголи' 09.02.2021";"2021-02-10 16:36:19"
"154";"Менеджер розсадника \"Зелені Янголи\"";"5";"1073";"0";"0";"1";"Актуальне фото вейгели 'кандіди' в горшку с2 (2 л), зроблене на розсаднику 'Зелені Янголи' 09.02.2021";"2021-02-10 16:33:37"
"153";"Менеджер розсадника \"Зелені Янголи\"";"5";"1227";"0";"0";"1";"Актуальне фото шипшини зморшкуватої 'Алба' в контейнері с2 (2 л) зроблене на розсаднику 'Зелені Янголи' 09.02.2021";"2021-02-10 16:31:31"
"152";"Менеджер розсадника \"Зелені Янголи\"";"5";"1365";"0";"0";"1";"Актуальне фото бересклету 'Тутстін' в контейнері с2 (2л), зроблене на розсаднику 'Зелені Янголи' 09.02.2021";"2021-02-10 12:37:09"
"151";"Менеджер розсадника \"Зелені Янголи\"";"5";"579";"0";"0";"1";"Актуальне фото ялини канадської 'Коніка' в контейнері с2(2 л), зроблене на розсаднику 'Зелені Янголи' 08.02.2021 ";"2021-02-09 16:24:06"
"150";"Менеджер розсадника \"Зелені Янголи\"";"5";"102";"0";"0";"1";"Актуальне фото ялівця лежачого 'Нана' в контейнері с2(2 л), зроблене на розсаднику 'Зелені Янголи' 08.02.2021";"2021-02-09 16:22:49"
"149";"Менеджер розсадника \"Зелені Янголи\"";"5";"1500";"0";"0";"1";"Актуальне фото ялівця 'Пфітцеріана Глаука' в контейнері с2(2 л), зроблене на розсаднику 'Зелені Янголи' 08.02.2021";"2021-02-09 16:21:04"
"148";"Менеджер розсадника \"Зелені Янголи\"";"5";"1378";"0";"0";"1";"Актуальне фото ялівця 'Голд Кост' в контейнері с2(2 л), зроблене на розсаднику 'Зелені Янголи' 08.02.2021";"2021-02-09 16:19:37"
"147";"Менеджер розсадника \"Зелені Янголи\"";"5";"1321";"0";"0";"1";"Актуальне фото ялівця 'Дабс Фростед' в контейнері с2(2 л), зроблене на розсаднику 'Зелені Янголи' 08.02.2021 ";"2021-02-09 16:18:29"
"146";"Менеджер розсадника \"Зелені Янголи\"";"5";"682";"0";"0";"1";"Актуальне фото ялівця 'Голден Карпет' в контейнері с2(2 л), зроблене на розсаднику 'зелені Янголи' 08.02.2021";"2021-02-09 16:17:14"
"145";"Менеджер розсадника \"Зелені Янголи\"";"5";"1018";"0";"0";"1";"Актуальне фото ялівця 'Меєрі' в контейнері с2(2 л), зроблене на розсаднику 'зелені Янголи' 08.02.2021";"2021-02-09 16:14:29"
"144";"Менеджер розсадника \"Зелені Янголи\"";"5";"821";"0";"0";"1";"Актуальне фото ялівця 'Холгер' в контейнері с2(2 л), зроблене на розсаднику 'зелені Янголи' 08.02.2021";"2021-02-09 16:13:29"
"143";"Менеджер розсадника \"Зелені Янголи\"";"5";"1002";"0";"0";"1";"Актуальне фото ялівця 'Хюз' в контейнері с2(2 л), зроблене на розсаднику 'зелені Янголи' 08.02.2021 ";"2021-02-09 16:07:32"
"142";"Менеджер розсадника \"Зелені Янголи\"";"5";"824";"0";"0";"1";"Актуальне фото ялівця 'Голден Спрінг' в контейнері с2(2 л), зроблене на розсаднику 'зелені Янголи' 08.02.2021 ";"2021-02-09 16:06:10"
"141";"Менеджер розсадника \"Зелені Янголи\"";"5";"1931";"0";"0";"1";"Актуальне фото ялівця 'Андорра Компакта' в контейнері с2(2 л), зроблене на розсаднику 'зелені Янголи' 08.02.2021";"2021-02-09 16:05:15"
"140";"Менеджер розсадника \"Зелені Янголи\"";"5";"710";"0";"0";"1";"Актуальне фото кипарисовика 'Жанет' в контейнері с2 (2л), зроблене на розсаднику 'Зелені Янголи' 08.02.2021";"2021-02-09 15:33:19"
"139";"Менеджер розсадника \"Зелені Янголи\"";"5";"1392";"0";"0";"1";"Актуальне фото кипарисовика 'Бріан' в контейнері с2 (2л), зроблене на розсаднику 'Зелені Янголи' 08.02.2021 ";"2021-02-09 15:31:51"
"138";"Менеджер розсадника \"Зелені Янголи\"";"5";"95";"0";"0";"1";"Актуальне фото кипарисовика 'Бульвард'  в контейнері с2 (2л), зроблене на розсаднику 'Зелені Янголи' 08.02.2021";"2021-02-09 15:28:24"
"137";"Менеджер розсадника \"Зелені Янголи\"";"5";"1001";"0";"0";"1";"Актуальне фото кипарисовика 'Тедді Бер' в контейнері с2 (2л), зроблене на розсаднику 'Зелені Янголи' 08.02.2021";"2021-02-09 15:25:23"
"136";"Менеджер розсадника \"Зелені Янголи\"";"5";"662";"0";"0";"1";"Актуальне фото кипарисовика 'Санголд', в контейнері с2 (2л), зроблене на розсаднику 'Зелені Янголи' 08.02";"2021-02-09 15:21:01"
"135";"Менеджер розсадника \"Зелені Янголи\"";"5";"675";"0";"0";"1";"Актуальне фото ялівця Експанса Варієгата, у контейнері с2 (2л) зроблене на розсаднику Зелені Янголи 08.02.21 р";"2021-02-09 15:16:44"
"134";"Менеджер розсадника \"Зелені Янголи\"";"5";"814";"0";"0";"1";"Актуальне фото ялівця Шлягер, у контейнері с2 (2л) зроблене на розсаднику Зелені Янголи 08.02.21 р";"2021-02-09 15:06:27"
"133";"Менеджер розсадника \"Зелені Янголи\"";"5";"105";"0";"0";"1";"Актуальне фото ялівця Блу Стар, у контейнері с2 (2л) зроблене на розсаднику Зелені Янголи 08.02.21 р";"2021-02-09 15:05:03"
"132";"Менеджер розсадника \"Зелені Янголи\"";"5";"1934";"0";"0";"1";"Наш подарунковий сертифікат можна презентувати на будь-яку подію! Гарантовано сподобається люителям рослин :)";"2021-02-08 11:41:50"
"131";"Менеджер розсадника \"Зелені Янголи\"";"5";"1233";"0";"0";"1";"Актуальне фото верби пурпурової Нана горщику 2л, зроблене на розсаднику 'Зелені Янголи' 04.02.2021 ";"2021-02-08 08:58:45"
"130";"Менеджер розсадника \"Зелені Янголи\"";"5";"1734";"0";"0";"1";"Актуальне фото верби 'Маунт Ашо' у контенері р9, зроблене на розсаднику 'Зелені Янголи' 04.02.2021";"2021-02-08 08:56:58"
"129";"Менеджер розсадника \"Зелені Янголи\"";"5";"1734";"0";"0";"1";"Актуальне фото верби 'Маунт Ашо' у горщику 2л, зроблене на розсаднику 'Зелені Янголи' 04.02.2021";"2021-02-08 08:54:54"
"124";"Менеджер розсадника "Зелені Янголи"";"5";"1109";"0";"0";"1";"Зимове фото пухироплідника Ейнджел Голд, що продаємо, зроблене на розсаднику 04.02.2021 . Горщик 2л";"2021-02-05 16:20:50"
"123";"Менеджер розсадника "Зелені Янголи"";"5";"660";"0";"0";"1";"Актуальне зимове фото кипарисовика Цацумі Голд в горщику С5 , зроблене на розсаднику 04.02.2021";"2021-02-05 14:52:25"
"120";"Менеджер розсадника "Зелені Янголи"";"5";"1351";"0";"0";"1";"Зимове фото кипарисовика 'Арнесонс Компакт' у горщику С5, зроблено на розсаднику 04.02.2021";"2021-02-05 00:00:00"
"121";"Менеджер розсадника "Зелені Янголи"";"5";"631";"0";"0";"1";"Зимове фото ялівця Грей Овл в горщику 5л, зроблене на розсаднику 04.02.2021 ";"2021-02-05 00:00:00"
"128";"Менеджер";"5";"646";"0";"0";"1";"фото в С2";"2021-02-05 00:00:00"
"113";"Андріанна";"5";"1954";"0";"0";"1";"Сміливо замовляйте набір гортензій взимку - ми відправимо Вам його навесні, якщо так бажаєте. Але при бажанні- можемо відправити навіть взимку, в період не дуже сильних морозів, запакуємо надійно.  Реальні свіжі фото наших рослин та відгуки клієнтів завжди можете подивитися у вайбер-групі розсадника 'Зелені Янголи', якщо хочете долучитися- пишіть на вайбер на 0503716996.Прикріпляю зимове фото гортензії Ендлес Самер  з повагою, Керуюча продажами Розсадника 'Зелені Янголи', Андріанна Недолуженко";"2021-02-02 15:38:25"
"111";"Марта";"5";"976";"0";"0";"1";"Замовила цього 'янгнола' Здоровий саджанець , хороша корнева система, вже підстрижений)) я дуже задоволена своїм замовленням!";"2021-01-28 11:42:06"
"109";"Марта";"5";"791";"0";"0";"1";"Була на розсаднику, територія вражає, все гарно і чітко структуровано, багато персоналу, які доглядають і піклуються про рослинки.  Звернула увагу на цей кипарисовик , гарний, густий, без будь яких пошкоджень, як на картинці)  ";"2021-01-28 10:32:49"
"110";"Марта";"5";"791";"0";"0";"1";"Була на розсаднику, територія вражає, все гарно і чітко структуровано, багато персоналу, які доглядають і піклуються про рослинки.  Звернула увагу на цей кипарисовик , гарний, густий, без будь яких пошкоджень, як на картинці)  ";"2021-01-28 10:32:49"
"108";"Kostas";"5";"973";"0";"0";"1";"Произрастает в Литве, Алитусе, зона 5. Высота 4 м. ";"2021-01-27 08:51:23"
"107";"Марта";"5";"111";"0";"0";"1";"Замовляла дану тую! Рослинки добре запаковані , корні в доброму стані! Також приємні робітники, помогли з замовленням! Хочу замовити ще такі туї для живоплоту, підскажіть який крок посадкт, або прорахуйте будь ласка скільки потрібно штук для огорожі довжиною 8,8 метра. Наперед вдячна))";"2021-01-22 10:22:52"
"106";"Лариса";"5";"1954";"0";"0";"1";"Хорошее предложение, но сейчас мороз и как переслать по такой погоде? ";"2021-01-21 11:41:57"
"496";"Марта";"5";"0";"0";"0";"1";"Купляю не іперше і щоразу залишаюсь задоволеною . Рослинки добре приживаються і в подальшому радують око )\r\nДякую дівчатам за допомогу в діборі рослин та консультацію!\r\nЦіни найнижці що мені приходилось бачити, дешевше просто не знайтдете , не шукайте!)\r\nБуду замовляти однозначно ще!";"2021-01-21 09:58:41"
"105";"Катерина";"5";"113";"0";"0";"1";"Дуже задоволена якістю та розміром саджанців! Окрім чудових рослин, мені надали консультацію, прорахували скільки саджанців потрібно для створення живої огорожі, дали інструкцію по посадці... а згодом в телефонному режимі проконсультували як правильно стригти цю тую! Тепер мій жипопліт вимахав трохи більше метру заввишки. Рекомендую Ваш розсадник всім знайомим! Ще раз дякую всьому колективу,  і до нових зустрічей!";"2021-01-19 13:24:46"
"104";"Елена Берилла";"5";"817";"0";"0";"1";"Саджанець дуже хорошої якості, розмір рослини в горщику 2л теж порадував. Однозначно рекомендую!";"2021-01-19 09:08:49"
"103";"Елена Берилла";"5";"1772";"0";"0";"1";"Цвітіння темно-рожеве, дрібне. В цьому році планую докупити саджанці, щоб посадити густіше, і отримати рожеву хмарку як на фото :)";"2021-01-19 09:07:01"
"102";"Елена Берилла";"5";"1489";"0";"0";"1";"Можу сміливо порекомендувати цей сорт гортензії! квітне на нових гілках, квітів дуже багато, колір шикарний, як на фото!! Дуже зажоволена, це одна з моїх улюблених гортензій.";"2021-01-19 09:00:11"
"101";"Елена Берилла";"5";"1502";"0";"0";"1";"Купувала такий саджанець - все дуже сподобалось! Гарна коренева система, рослинка була 40 см заввишки. До речі, в цієї сосни дуже гарна довга хвоя.";"2021-01-19 08:48:27"
"100";"Светлана  Мокряк ";"5";"81";"0";"0";"1";"Потрясающе красивый плющ, спасибо за отличный саженец! Вы, как всегда на высоте!";"2020-12-26 21:59:25"
"99";"Светлана  Мокряк ";"5";"81";"0";"0";"1";"Потрясающе красивый плющ, спасибо за отличный саженец! Вы, как всегда на высоте!";"2020-12-26 21:58:01"
"494";"Микола";"5";"0";"0";"0";"1";"Заказав на Новий рік Коніку в горшику. Дійшла ціла, вибирав за фотографіями, прийшла саме та, що заказував. Дякую за консультації стосовно утримання і посадки. Пітомник рекомендую.";"2020-12-21 10:10:07"
"493";"Ирина";"5";"0";"0";"0";"1";" Получила свой заказ с хвойниками- можжевельник Стрикта потрясающий! Спасибо Инессе за помощь и внимание ! Все растения и туйка 'Голден Смарагд' и кипарисовик ' Бульвард' и Стрикта будут украшать наш дом в новогодние праздники, а после висадим на даче. Упаковка отлично! Благодарю вас и с наступающими праздниками! ";"2020-12-19 00:00:00"
"492";"Лариса Санина";"5";"0";"0";"0";"1";" На сайті 'Зелені Янголи' замовляла вперше і не помилилася! Придбала собі кипарисовик, вейгелу, спирею та чотири гортензії. Все у контейнерах Р-9. Була приємно вражена!Коренева система дуже добре розвинена, рослинки зволожені, земля ніде не просипалася, все щільно запаковано, нічого не зламалося, навіть бруньки на гортензіях приїхали цілі! Висловлюю свою подяку всім працівникам розсадника, особливо пакувальникам за якісну та компактну запаковку посилки!!!Процвітання та вдячних покупців Вам! Готую вже наступне замовлення.  <div id='gtx-trans' style='position: absolute; left: 406px; top: 72px;'> <div class='gtx-trans-icon'></div> </div>";"2020-12-18 20:57:15"
"491";"Злата Бирук";"5";"0";"0";"0";"1";"Здравствуйте Все! Я впервые сделала заказ  у Зеленых Ангелов. Заказала гортензию Лаймлайт. После того как получила свою посылочку думаю, что это войдет у меня в привычку. Посадочный материал пришёл замечательный. Отношение коллектива к заказчику просто супер! Буду рекомендовать эту компанию своим друзьям! Огромное спасибо за ваш труд ребята и за ту радость, что вы дарите нам!";"2020-12-16 09:32:23"
"487";"Ирина Гаврилова";"5";"0";"0";"0";"1";"Заказ пришел 4.12.20, забрала 10.12.20, посадила  на грядку временно до весны в экстримальных погодных условиях. Упаковка супер,корневая система растений разная - одни горшки(все двухлитровые) с мощной корневой,одни со слабой ,буду ждать весны для высадки на постоянное место. Заказывать буду теперь только у вас,спасибо!";"2020-12-12 23:24:08"
"98";"Олена Чорна";"5";"673";"0";"0";"1";"Очень довольна качеством всех заказанных саженцев, отличная упаковка, спасибо за Ваш труд. Обязательно буду заказывать еще.";"2020-12-09 18:36:56"
"97";"Олена Чорна";"5";"673";"0";"0";"1";"Очень довольна качеством всех заказанных саженцев, отличная упаковка, спасибо за Ваш труд. Обязательно буду заказывать еще.";"2020-12-09 18:36:18"
"485";"Любов";"5";"0";"0";"0";"1";"Вперше зробила замовлення так пізно восени, хвилювалася що рослини замерзнуть, бо вночі мінусові температури. Але сьогодні отримала замовлення так гарно упаковане, що рослинки всі цілі ,  вологі,  утеплені. Я дуже рада та вдячна всим, хто приймав участь в   вирощувані, упаковці та відправленні мого замовлення  разом з інструкцією з посадки рослин. Бажаю всим   міцного здоро\'я  та процвітання";"2020-12-09 16:43:33"
"484";"Наталия";"5";"0";"0";"0";"1";"Замовляла перший раз,замоволенням дуже задоволена,всі рослинки відповідають замовленому,доїхали дуже гарно запаковані,неушкоджені,за запитом перед відправленням зробили фото рослин,які будуть відправлені.Гарне обслуговування і інформування,швидко реагують на запити,взагалі дуже гарні враження(,маю досвід замовлень в багатьох інтернет магазинах на протязі багатьох років,є з чим порівняти),люди люблять свою справу.Дякую Вам і розвитку,тільки залишайтесь на рівні.Буду замовляти ще.";"2020-12-07 19:39:28"
"483";"Марія";"5";"0";"0";"0";"1";"Доброго вечора. Ми щиро вдячні Вам за гарні рослини,особлива подяка пакувальникам,ми такої упаковки ще не бачили. Ви великі молодці.";"2020-12-07 19:01:03"
"482";"Ирина";"5";"0";"0";"0";"1";"Заказывала растения первый раз. Очень довольна, упаковка супер, на почте была задержка с доставкой, но оказалось, что напрасно волновалась, саженцы в отличном состоянии, не пересохли, доехали в полном порядке, благодаря упаковке! У меня растения были в горшках, аккуратно завернут каждый саженец, все здоровые и с прекрасной корневой системой. Благодарю всю команду питомника, ребята просто молодцы, очень внимательные и всегда на связи!)) Развивайтесь, процветайте и радуйте нас замечательными растениями!)";"2020-12-07 10:33:01"
"480";"Людмила Берьова";"5";"0";"0";"0";"1";"Заказывала крупномер Можжевельник Скай рокет. Получила роскошное растение. Упаковано надежно и компактно. Менеджер питомника Артур постоянно  держал  связь со мной, информировал о статусе моего заказа.  Сказать,что я осталась довольна растением и обслуживанием?  Я  в  полном восторге!!! Планирую  и  дальше  заказывать крупномеры  в  \'Зеленых ангелах\' и настоятельно  рекомендовала его своим друзьям и знакомым. Команде  питомника желаю сил, здоровья и успехов!";"2020-12-04 10:28:00"
"479";"Юрій";"5";"0";"0";"0";"1";"Дякую за шикарні туї барбант і смарагд";"2020-12-01 17:16:01"
"478";"Артем Машуков";"5";"0";"0";"0";"1";"В течение 4-5 лет заказываю посадочный материал в этом питомнике. Посадочный материал всегда очень качественный. Чувствуется, что растения выращивают настоящие профи и с большой любовью и знанием вопроса. Всерастения прижились, выпадений не было. Очень рекомендую заказывать в Зеленых Ангелах. Никогда не пожалеете о сделанном выборе и ни одну гривну не потратите вхолостую!";"2020-11-28 21:41:08"
"477";"Іра Бурдюх";"5";"0";"0";"0";"1";" Замовляла тую великого розміру,прийшла саме та яку я хотіла.Дуже гарно запакували не сипалась глина.Зробила повну предоплату.Однозначно рекомендую цей магазин!!!!!!!!!!! ";"2020-11-27 08:56:13"
"476";"Светлана";"5";"0";"0";"0";"1";" Заказала растения 17.11.2020. Получила 19.11.2020. Моя безмерная благодарность ' Зелёным Ангелам ' ! Всем : кто выращивает эти чудесные растения; кто их упаковывает и отсылает / упакованы надёжно - не рассыпался грунт; растения чистые и неповреждённые; вместе с этим, упакованы компактно - стоимость пересылки выходит 'демократичной' )) /;спасибо Мирославе за всегда быстрый отклик, за чёткую и исчерпывающую информацию.Спасибо за инструкцию по посадке - ещё одно свидетельство об истинной заботе ' Зелёных Ангелов' о своих растениях. Спасибо Адрианне Ивановне за её труды, за такой коллектив, - в самом деле ( ИМХО ) всё делается с душой. Пусть Бог даст им сил и мудрости и впредь быть такими же добросовестными, ответственными, доброжелательными и радовать своих покупателей. Здоровья и успехов всем членам команды ' Зелёные Ангелы'. ";"2020-11-20 11:40:13"
"475";"Алекс";"5";"0";"0";"0";"1";"Дуже дякую за рослинки! Замовляла туйки на подарунок. Прийшли  охайно та надійно запаковані. Дуже гарні! Персонал надзвичайно доброзичливий, допомогли вибрати та надали важливі поради по догляду. Дякую!!!";"2020-11-19 11:41:06"
"474";"Оксана Леонтьева";"5";"0";"0";"0";"1";"Отримала замовлені рослини:кизильник блискучий і форзицію р9 .Рослини суперові! Дякую за Вашу працю.";"2020-11-18 20:27:54"
"473";"Наталія";"5";"0";"0";"0";"1";"Добрий день. Отримала посилочку з гортензіями, дуже вам вдячна.Упаковано добре, дійшло все хорошо.Буду звертатись до вас за замовленнями. Ще раз дякую.";"2020-11-16 10:18:23"
"472";"Ирина Лысенко";"5";"0";"0";"0";"1";"Заказала в первый раз 4 смарагдовые туи. Доставка Новой почтой, в пригород. Деревца пришли хорошо упакованные, отличного качества. Очень понравилось, что вложена инструкция по посадке и рекомендации по распоковке проволочного контейнера. Завтра будет посадка в грунт. Спасибо огромное. Есть пожелания -   можно добавить в стоимость - упаковка на деревянном поддоне. Выгрузка и погрузка без поддона очень не удобна. Ещё раз Спасибо.";"2020-11-09 17:55:15"
"471";"Юлія";"5";"0";"0";"0";"1";"Замовляла вперше і залишилась дуже задоволена! Замовлення залишала на сайті, менеджер зателефонува швидко для уточнення деталей. Працівник вічливий, професійний. Рослини прийшли швидко, дуже гарної якості, добре запаковані. Всім рекомендую!!!";"2020-11-08 08:16:48"
"470";"Оленка";"5";"0";"0";"0";"1";"Отримала свої рослинки. Брала піраканту і барбарис. Кущики прийшли добре запаковані, не пошкодилися під час пересилки, в гарному стані, пухнасті, красиві. Дуже задоволена! Це був мій перший досвід співпраці із Зеленими Янголами. Дякую вам!";"2020-11-07 14:10:58"
"469";"Крістіна";"5";"0";"0";"0";"1";"Всі отримані мною товари дуже якісні. Дякую за гарне пакування!  Серед усіх замовлених мною рослин в інших садових центрах, ваші рослини виглядають найкраще. Дякую вам за це. Персонал турбується о своїх клієнтах та о рослинах.";"2020-11-06 15:01:10"
"468";"Владимир";"5";"0";"0";"0";"1";"Спасибо за полученный вовремя заказ. Все качественно сделано. Божьих Вам благословений.";"2020-11-05 22:07:56"
"467";"Таня";"5";"0";"0";"0";"1";"Шановні друзі! Замовляла вперше  і дуже задоволена. Ви настільки вразили мене якістю рослинок, що вдячності немає меж. Абсолютно повноцінні рослинки, так що квітник можна створити своїми власними руками за годину. Бажаю Вам багато нових клієнтів, успіхів! Всім рекомендую! Єдине маленьке прохання - збільшити асортимент багаторічників (квітів), якщо це можливо. Велике дякую!";"2020-11-01 23:08:03"
"466";"Людмила";"5";"0";"0";"0";"1";"Сердечно дякую Зеленим Янголам за рослини! Робила замовлення вперше, і не розчарувалася. Менеджери ввічливі, працюють швидко і професійно. Рослини прийшли гарні, доглянуті, гарно запаковані.  Буду рекомендувати друзям. Дякую!!!";"2020-10-30 16:43:53"
"465";"Світлана";"5";"0";"0";"0";"1";"Рослини доставлено в чудовому стані, користувалась різними інтерне магазинами рослин, але на далі замовлятиму тільки у вас.";"2020-10-30 14:53:43"
"464";"Ніна";"5";"0";"0";"0";"1";" Дякую Вам, зробила замовлення, прислали фото рослин на вайбер, але на Новій пошті забрала ще кращі рослини. Дуже уважні та ввічливі люди працюють. Ще раз дякую. ніяких зауважень немає, тільки щіра подяка. ";"2020-10-29 14:33:01"
"463";"Зінаїда Орловська";"5";"0";"0";"0";"1";"Рослини гарні. Упаковка надзвичайно надійна. Зелені Янголи  -  Ви професіонали !  ДЯКУЮ!";"2020-10-25 19:11:04"
"462";"Алиса";"5";"0";"0";"0";"1";"Заказываю здесь уже не первый раз.Очень довольна!Саженцы прекрасного качества.Упакованы были отлично.Сервис на высоте.Спасибо.Удачи вам и процветания!";"2020-10-18 19:11:21"
"460";"Людмила";"5";"0";"0";"0";"1";"Сегодня получила свой заказ на 42 брабанта и 3 гортензии. Сделала 30% предоплату и ждала посылку 5 дней! Саженцы все замечательные! Очень переживала, т.к заказывала первый раз, но я довольна! Спасибо!!! Буде у вас заказывать! Удачи вам!!!";"2020-10-17 18:06:13"
"459";"Олена";"5";"0";"0";"0";"1";"Отримала ще одне своє замовлення. \r\nЯк і завжди все організовано та виконано на високому рівні. Дійсно, зрощено та доглянуте з любов\'ю.  \r\nІ коли дивуються звідки у мене такі  гарні рослинки, кажу - це від друзів Зелених Янголів!";"2020-10-16 11:10:31"
"458";"Татьяна Черноморск";"5";"0";"0";"0";"1";"Вы в самом деле достойны похвал!!! Благодарю и рекомендую!";"2020-10-16 09:07:58"
"457";"Марина Снітко";"5";"0";"0";"0";"1";"Второй раз получила заказ, все растения здоровые и ухоженные на 5+, всё упаковано правильно. \r\nБольшое спасибо! Очень достойный сайт, молодцы!!!";"2020-10-09 20:05:07"
"456";"Елена Горохова";"5";"0";"0";"0";"1";" Уважаемый коллектив'Зелених янголів 'хочу выразить вам огромную благодарность за вашу роботу и отношение к ростишкам. Дождалась свои туи и влюбилась в них с первого взгляда!!!!!, они прекрастны. Доставили даже быстрей чем ожидали. Буду надеяться что приживуться как и остальные ростишки из вашего питомника. Рекомендую всем заказывать ваши ростения. Огромное вам спасибо. ";"2020-10-09 19:44:03"
"455";"Галина";"5";"0";"0";"0";"1";"Добрий день! Отримала замовлення і ... отримала велике задоволення від чудової якості рослин! Мені доводилося купляти рослини в різних садових товариствах, але Ви їх перевершили: рослини просто буяють, продумане упаковування. Все дуже добре і приємно!\r\nДякую! Успіхів Вам!";"2020-10-09 13:32:57"
"454";"Лариса";"5";"0";"0";"0";"1";"Отримала замовлення швидко, рослини здорові, добре запаковані. Щиро вдячна.Бажаю Вам процвітання, бо Ви того варті";"2020-10-09 02:02:10"
"453";"Наталия Макаренко";"5";"0";"0";"0";"1";"Добрый день! Благодарю Вас за прекрасные растения, за чудесную упаковку и быструю и качественную доставку. Желаю долголетия и процветания Вашей компании. Рекомендую всем! С удовольствием буду заказывать у Вас еще растения.";"2020-10-06 20:57:16"
"452";"Natalia";"5";"0";"0";"0";"1";"Здравствуйте!\r\nХочу выразить огромную благородность вашему коллективу! Кто выращивал, упаковывал и консультировал, и вообще всем кто принимает участие в этом процессе :)\r\nПолучила свою красоту, все растения очень хорошо упакованы, и в хорошем состоянии! \r\nЖелаю Вам процветания, и успехов в вашем нелегком труде!)";"2020-10-04 16:39:57"
"451";"Наталія";"5";"0";"0";"0";"1";" Не збиралась цієї осені зовсім купувати рослини, але подарунковий промокод і наявність на сайті давно бажаних рослин за приємними цінами, зробили своє діло))))  Замовила Сосну Пуміліо, ялівець Блу Альпс та дві гортензіі у р9-вийшло зовсім не дорого. Сосну замовила теж у найменшому для цієї категорі об’ємі с2, була готова отримати 5см гілочку, так як знаю ціни на подібні сосни. Але Янголи не були б Янголами, якщо б не зробили чудо!!!! Я отримала такі ШИКАРНІ рослини, що плакала, обіймаючи їх , як дитина. Янголи, люблю вас ЩИРО і ДЯКУЮ!!! Процвітання вам і величезних успіхів, так як ви даруєте людям щастя!!! (Хотіла б показати фото мого замовлення , так як рослинки просто шикарні і доїхали так, ніби їх принесли на руках, але тут мабуть фото не можна вставити) ";"2020-10-02 15:55:40"
"450";"Рима Туманян";"5";"0";"0";"0";"1";"Огромное спасибо  за качественную продукцию и своевременную отправку. Процветание вашему  производству.";"2020-10-01 13:50:29"
"96";"Светлана  Мокряк ";"5";"1345";"0";"0";"1";"Покупала год назад, отличный саженец хорошо прижился и радует нас, спасибо Зеленые ???? Ангелы!!!";"2020-09-30 20:04:42"
"449";"Анастасія Перепелиця";"5";"0";"0";"0";"1";"Спасибо ребята! Приятно удивлена качеством посадочного материала. Заказывая гортензию Лайм Лайт в 2-х литровом горшке, даже не ожидала получить куст с 5-ю цветущими побегами! Все в хорошем живом состоянии, бодрое и здоровое, несмотря на дальний переезд.";"2020-09-22 10:32:21"
"448";"Татьяна";"5";"0";"0";"0";"1";"Вы лучшие!!! С п а с и б о!!!";"2020-09-12 10:46:06"
"447";"наталья";"5";"0";"0";"0";"1";"Первый раз обратилась в питомник, и сделала заказ на 3 саженца Вегейлы. Саженцы пришли очень хорошие, спасибо. Хочу продолжить сотрудничать с питомником.";"2020-09-11 11:01:52"
"446";"Ірина Тихонюк";"5";"0";"0";"0";"1";"Щиро дякую Вам, &amp;quot;Зелені Янголи&amp;quot;, за моє замовлення. Я цьогоріч вже втретє отримую рослини через інтернет-магазин. Однак саме Ваша робота просто вразила. По-перше, дуже зручне (і, що важливо компактне) та дбайливе пакування. Всі рослини доїхали у чудовому стані. Приємно було нагадування Вашего менеджера телефоном про те, що потрібно забрати посилку на &amp;quot;Новій пошті&amp;quot;. Тобто Ви не просто отримали гроші та надіслали замовлення. Ви дбаєте про кінцевий результат.\r\nДуже-дуже-дуже ще раз Вам дякую. Впевнена, що буду Вашим постійним клієнтом.\r\nЗ повагою,";"2020-09-10 16:39:08"
"445";"Татьяна";"5";"0";"0";"0";"1";"Спасибо огромное!!!Ангелы Вы как всегда на высоте)))";"2020-08-30 19:46:35"
"444";"Тетяна Вершняк";"5";"0";"0";"0";"1";"Знову у Вас замовляла рослини і знову любуюсь їх красою. Рослини дуже добре розвинені. Замовляла жимолость та лохину, кущі великі та з гарною кореневої системою. Окреме дякую за подарунок. Ви великі молодці янголята.";"2020-08-26 14:02:39"
"443";"Елена";"5";"0";"0";"0";"1";"Спасибо большое за ростишки, очень довольна и обслуживанием и ростениями. Планирую еще делать заказы.";"2020-08-20 20:39:34"
"442";"Галина";"5";"0";"0";"0";"1";"Добрий день.Дякую за оперативність та якість \r\n відправлену гортензію. Одержала гарно упаковану, не пошкоджену. Дякую Артуру і всім працівникам за їхню працю.  Всім рекомендую.";"2020-08-20 15:24:24"
"441";"Светлана";"5";"0";"0";"0";"1";" Выражаю своё восхищение работой менеджеров компании!!! Вчера получила 3 саженца гортензии! Посадочный материал а контейнерах,в отличном состоянии,ростюшки сильные очень хорошо развиты,в цвету!!! Мощные кустики с большим количеством побегов!!! Отдельно хочу выразить своё восхищение упаковкой!!! Упаковано с любовью к живым растениям!!! Даже отверстия для воздуха предусмотрено,не говоря о том ,что на упаковке есть предупреждающие знаки для компании доставки,это вертикальное положение,хрупкость товара и т.д. Вы действительно Ангелы для своих растений!!!Всем менеджерам сердечная благодарность за обслуживание , профессионализм и сопровождение товара!!! Удачи и процветания Вам, Зелені янголи!!! Игорю Билевичу за рекомендацию этого питомника отдельная благодарность!  <div id='gtx-trans' style='position: absolute; left: 584px; top: 70.9757px;'> <div class='gtx-trans-icon'></div> </div>";"2020-08-20 06:51:53"
"440";"Мирослава";"5";"0";"0";"0";"1";"Замовлена Гортензія Ендлес Самер Блум Стар прийшла швидко і в чудовому шикарному стані. Окрім того отримала подаруночок, а саме: незнайомого для мене \'зеленого янгола\'- пенстемон \'Дарк Тауерс\'. Гарненький! Сердечно дякую працівникам за оперативність та якість.";"2020-08-18 11:18:27"
"439";"Любовь Луценко";"5";"0";"0";"0";"1";"Спасибо за  посылку ,гортензии дошли без каких-либо проблем и были хорошо упакованы. Приятно удивлена акционным гортензиям . Всем рекомендую";"2020-08-15 12:28:27"
"438";"елена";"5";"0";"0";"0";"1";"получила посылку с гортензиями растения роскошные упаковка отличная это не первый мой заказ продолжаете приятно удивлять вы лучшие";"2020-08-15 07:03:52"
"437";"Виктория Птащенко";"5";"0";"0";"0";"1";" Первый мой заказ - штамбовая гортензия Vanille Fraise.Вчера забрали и посадили эту красавицу, саженец пришел цветущий)) Прекрасная упаковка, быстрая доставка. Надеюсь, приживется и будет нас радовать. Хочу выразить большую благодарность всем работникам питомника: очень вежливые, отзывчивые, профессиональные и приятные люди. Буду заказывать еще и всем рекомендую. Узнала об этом чудесном питомнике из ролика блогера Игоря Билевича.  <div id='gtx-trans' style='position: absolute; left: 62px; top: 30px;'> <div class='gtx-trans-icon'></div> </div>";"2020-08-07 11:47:01"
"436";"Елена";"5";"0";"0";"0";"1";"Вчера получила ваши растения Новой почтой, добрались отлично, хорошо упакованы, земля влажная, растения крепкие и здоровые, особенно восторгаюсь гортензией) шикарная, позже закажу еще. Спасибо.";"2020-08-07 09:27:44"
"435";"Татьяна";"5";"0";"0";"0";"1";"Швидка обробка замовлення,приємні ціни та рослини високої якості!Дуже вдячна за прекрасні Гортензії,буду замовляти ще.";"2020-08-06 20:21:32"
"434";"Bozhena Nahorna";"5";"0";"0";"0";"1";"Спасибо большое за работу! Растения всегда качественные,  в отличной упаковке  , с продуманной защитой от пересыхания грунта,  что не маловажно! Всё принимается и отлично растёт и радует. Все характеристики на сайте соответствуют действительности,  поэтому я полностью доверяю  и рекомендую Моя бабушка говорили, что самая тяжёлая работа - это растить детей и выращивать растения! Ещё раз спасибо за Ваш труд!";"2020-08-06 09:45:55"
"95";"Надія Шатохіна";"5";"586";"0";"0";"1";"Купувала у тому році, дуже гарна рослина. Висадила на відкритому сонці. Колір темно-зелений, насичений. Крона щільна правильною кулькою. І взагалі ніяких проблем з цією туєю. Майже посадив і забув, тільки полив. Я дуже задоволена. Якість посадкового матеріалу, як завжди у Янголів, на найвищому рівні. Дякую.";"2020-08-04 10:59:37"
"433";"Анна Гавриленко";"5";"0";"0";"0";"1";"Отримала посилку - всі рослини в чудовому стані, доглянуті!)\r\nГортензії навіть не помітили що була доставка - квітнуть і гарно зволожені)\r\nЧудових вам клієнтів та гарної погоди!)";"2020-08-03 17:52:19"
"432";"Юлія";"5";"0";"0";"0";"1";"Дуже вдячна Зеленим Янголам за оперативність та прекрасні саджанці. Туї всі прийшли гарно запаковані, без покоджень, з прекрасною кроною. Висадили відразу і надіємося на гарний результат, адже посадковий матеріал дійсно найкращої якості.";"2020-08-03 16:40:46"
"431";"Светлана";"5";"0";"0";"0";"1";"Добрый день! Заказывала первый раз и была приятно удивлена! Туйки просто супер!!!Очень качественно упаковали, за это я переживала больше всего!!! Спасибо большое за пунктуальность, внимательность, лояльность!!! Теперь буду с удовольствием у вас совершать покупки!!!";"2020-07-31 14:52:32"
"430";"Ірина";"5";"0";"0";"0";"1";"Спасибі за увагу! Спасибі за упаковку і доставку! Все супер! Квіти  прийшли в Київ Новою поштою - як сьогодні з питомнику...Раджу всім!!!!\r\nА вашій команді- успіхів!";"2020-07-30 17:23:20"
"429";"Valerii Dyomochkina";"5";"0";"0";"0";"1";"Заказываю уже не первый раз, полученными заказами очень довольна. Очень качественно упаковано. Спасибо менеджерам, очень внимательные.";"2020-07-27 18:28:39"
"428";"Світлана";"5";"0";"0";"0";"1";"Доброго дня. За тривалий  час роботи в озелененні довелось співпрацювати з багатьма садовими центрами. Про Зелених ангелів чула давно від колег, та якось не приходилось з ними співпрацювати. Виникла потреба в великій кількості кизильника повзучого,і я знайшла його у Зелених ангелів, а це -2000шт. Менеджери  садового центру відреагували зразу на дзвінок , підібрали рослини, зробили пропозицію, і не пройшло й тижня- рослини уже були у нас. Ми за 3 дні їх висадили- і у нас тепер  красивий укріплений берег!!!Дякую Андріанні та всій вашій команді за професійність!!!";"2020-07-24 14:42:45"
"427";"Наталія Єременко";"5";"0";"0";"0";"1";"Доброго дня! Отримала свою посилку з гортензіями та гейхерами. Всі рослинки у гарному стані, дбайливо запаковані. Щиро дякую! Рекомендую всім розсадник Зелені янголи";"2020-07-21 17:03:14"
"426";"Олена";"5";"0";"0";"0";"1";"Отримала свою гортензію і гібіскус! Рослинки порадували: яскраві, свіжі, добре сформовані, гортензія з квіткою. Грунт у контейнерах дбайливо зволожений й додатково захищений від висихання. Пакування якісне і зручне. Оперативно і якісно! Дякую за чудову роботу! Однозначно рекомендую!";"2020-07-20 13:11:35"
"425";"Наталья Гузенко";"5";"0";"0";"0";"1";"Отримала своїх янголят, я в захваті, рослини перенесли дорогу терміном 5 діб, і залишилися свіжими, гарними та вологими. Дякую велике Вам, неодмінно замовлю іще!!";"2020-07-20 07:04:45"
"424";"Андрій";"5";"0";"0";"0";"1";"Працюючи з різними садовими центрами вперше зустрічаю такий високий рівень обслуговування, а головне дуже бережне відношення до рослин під час відправки. Все, що замовляв прийшло чудової якості і в хорошому стані. Дякую. В центр звернувся після пепегляду передачі з участю Ігоря Билевича.";"2020-07-17 15:43:04"
"94";"Діана Мелещук";"5";"1022";"0";"0";"1";"Гортерзия пришла быстро и отлично упакованная.  Само растение здоровое, крупное, цветущее, просто красота. Все отлично, думаю, чтобы еще себе заказать)";"2020-07-17 14:17:42"
"93";"Світлана Бут";"5";"976";"0";"0";"1";"У липні 2020 придбала гортензію цього сорту, залишилася дуже задоволена, горщик С2, гарно розвинена коренева система, кущик 80 сантиметрів заввишки з величезними квітами. Добре запакований, після подорожі з заходу на схід прибув у гарному стані. Ціна та якість на відмінно. Дякую!????";"2020-07-16 12:27:21"
"92";"Надія Шатохіна";"5";"976";"0";"0";"1";"Отримала вчора моїх 'ведмедиків'. Які ж вони гарні! Вже з квіточками (так прикро, що доведеться їх зрізати, як буду висаджувати). Замовляю в Зелених янголах регулярно вже кілька років. Завжди рослинки якісні, у гарному стані й усі 100 % приживаються. На сайті інформація про рослини також достовірна, що дуже важливо. Й обслуговування на найвищому рівні: співробітники завжди перетелефонують, точно провідомлять про час відправлення, рослини завжди дуже добре запаковані. Зелені янголи - один з найнадійніших постачальників рослин в Україні.";"2020-07-15 16:08:06"
"423";"Евгения Сорока";"5";"0";"0";"0";"1";" Добрый день! Получила, уже не первую, посылку с саженцами гортензии, ооочень довольна. Все саженцы с прекрасной корневой системой, здоровые кустики, с большими бутонами. Уже покупала кипарисовики, туи, гортензии, можжевельники, почвопокровные растения. Осталась довольна качеством саженцов, упаковкой, вниманием менеджеров. Молодцы, буду и дальше работать с вашим магазином. Советую всем !!! ";"2020-07-13 14:00:42"
"422";"Вікторія та Юрій";"5";"0";"0";"0";"1";"Доброго ранку (smiley)велике ДЯКУЮ за троянди, які ми отримали з Вашої компанії!!! В гарному стані, міцні кущики. Вже тиждень пройшов, як посадили і вони навіть не прихворіли, а дали вже нові листочки. Ви справжні ПРОФЕСІОНАЛИ(like)";"2020-07-13 10:00:12"
"421";"Milla Chernega";"5";"0";"0";"0";"1";" Ангелы!! Огромное Вам спасибо за великолепную работу! Годы идут, а Вы не меняетесь!! Качество растений, упаковки и обслуживания на высоте! Спасибо за роскошные гортензии! Доехали отлично, несмотря на +38 на улице!! ";"2020-07-11 16:52:03"
"420";"Лариса Бащева";"5";"0";"0";"0";"1";" Спасибо огромное за прекрасные растения. За их упаковку и быструю доставку. Хотела сделать себе праздник и он с вашей помощью получился. ";"2020-07-10 14:22:06"
"419";"Ірина";"5";"0";"0";"0";"1";"Отримала свої рослини (гортезії та кущ спіреї). Рослини в гарному стані і доїхали чудово, завдяки прекрасному пакуванню. Велика вдячність Зеленим  янголам за їхню професійну роботу, закрема Мирославі за консультацію))))";"2020-07-10 12:06:57"
"91";"Ганна Пикаленко";"5";"976";"0";"0";"1";"закохана в гортензії, як саджала дивіться відео https://youtu.be/EmhbCTJIhZQ";"2020-07-03 14:14:28"
"418";"Эрика Липка";"5";"0";"0";"0";"1";"Добрый день! Вчера получила очередную посылку с гортензиями. Спасибо всем сотрудникам-янголяткам за такую красоту!";"2020-06-30 12:46:46"
"417";"Лідія";"5";"0";"0";"0";"1";"Дужа задоволена квітами. Гарно запаковані, доставлені в чудовому стані. Буду замовляти ще.";"2020-06-26 17:00:35"
"416";"Лариса";"5";"0";"0";"0";"1";"Саджанці отримала у відмінному стані.Супер задоволена!Дякую Янголятам за швидку доставку та приємне спілкування!Бажаю всім вам здоров\'я,наснаги та багато щирих клієнтів.Нехай ваші зелені янголятка і надалі радують нас.Тому рекомендую всім Зелені Янголи і сама в подальшому буду ще замовляти  саджанці,які дарують красу та милують око!\r\nВи---молодці!!!";"2020-06-26 15:11:33"
"90";"Тетяна  Вершняк ";"5";"1022";"0";"0";"1";"Дуже гарний кущик. Чудово запакований. Швидка доставка. Відмінна якість. Дякую за гарну роботу";"2020-06-23 11:20:40"
"89";"Тетяна  Вершняк ";"5";"1017";"0";"0";"1";"Дуже гарний кущик. Прийшов добре запакований. На днях щацвіте. Рекомендую";"2020-06-23 10:36:29"
"415";"Тетяна Вершняк";"5";"0";"0";"0";"1";"Отримала посилочку і дуже задоволена. Пакування супер. Рослини у гарному стані, навіть будуть цвісти. Дякую янголяти за гарну роботу. Буду ще замовляти!";"2020-06-23 10:23:48"
"88";"Ліза Лапкіна";"5";"1263";"0";"0";"1";" Коли можна буде предбати і";"2020-06-20 12:06:32"
"87";"Ліза Лапкіна";"5";"1266";"0";"0";"1";"Коли можна буде предбати ?";"2020-06-20 12:05:20"
"414";"Людмила Подолян";"5";"0";"0";"0";"1";"Получила посылку с отличными саженцами. Корни в хорошем состоянии. Упаковка на высоте. Продумано все до мелочей. Очень приятные сотрудники. Рекомендую Зелені Янголи. Подруги уже подписаны на вас.";"2020-06-13 21:56:39"
"413";"Людмила Боровик";"5";"0";"0";"0";"1";"Отримала вчора замовлення,дуже задоволена!!! Навіть не очікувала.Вчасно вислали,приємні співробітники,все добре запаковано,просто чудово.Обов\'язково ще звернусь";"2020-06-07 08:50:51"
"412";"Алена";"5";"0";"0";"0";"1";"Я впервые столкнулась с таким высоким уровнем обслуживания! Заказ терпеливо оформили, ответили на все вопросы, даже бронь есть бесплатная! Потом пришли мои Сосны - красавицы были тщательно упакованы так, что ни с одного горшочка не высыпалось и грамма грунта. Деревья в отличном состоянии как на фото! Всем рекомендую Зелених Ягоголів - ребята профессионалы! Будем Вашими постоянными клиентами! Спасибо большое!";"2020-05-29 09:43:34"
"411";"Евгения";"5";"0";"0";"0";"1";"Получила сегодня свой заказ, очень оперативно. Прекрасные растения. За подарок большое спасибо!! Удачи в работе, в жизни. Радуйте нас и дальше! Рекомендую всем Зелених Янголив!";"2020-05-28 16:31:00"
"410";"Юлия";"5";"0";"0";"0";"1";"Получила сегодня дерево. Все очень быстро, профессионально. Дерево идеальное, приятная цена, с радостью рекомендую☀️";"2020-05-28 16:23:23"
"409";"Лариса Шайко";"5";"0";"0";"0";"1";" Очень, очень довольна заказом! Саженцы просто чудо! Еще неоднократно буду обращаться именно к вам, т. к. есть уже горький опыт с другими поставщиками. Благодарю вас за ваш труд- все четко, лаконично , профессионально!   С уважением - Лариса, г. Новая Каховка ";"2020-05-28 14:32:17"
"408";"YULIIA";"5";"0";"0";"0";"1";"Заказ был выслан в обещанное время, саженцы отличные, об особенностях посадки и условий для растения предупредили, служба клиентской поддержки работает хорошо. Всем довольна. Большое спасибо!";"2020-05-25 09:35:03"
"407";"руслана";"5";"0";"0";"0";"1";"жаль что малый выбор растений ,саженцы у них прекрасного качества садить одно удовольствие такие растения";"2020-05-18 21:39:49"
"406";"Виктория";"5";"0";"0";"0";"1";"Получила посылку 12 апреля, сейчас 12 мая, все растения принялись и пошли в рост. Огромное Вам спасибо за Ваш труд. Долгих лет Вам здоровья и процветания.";"2020-05-13 09:25:42"
"405";"Татьяна Желтоножко";"5";"0";"0";"0";"1";"Спасибо. Сервис на высоте. Саженцами довольна. Пишу новый заказ. Вам удачи и процветания!";"2020-05-12 22:34:33"
"404";"Худан тетяна михайлівна";"5";"0";"0";"0";"1";" Сьогодні побували у 'Зелені янголи' нас приємно зустріла молода,гарна продавець,підсказала, все розказала,дозволила вибрати товар( 26 туй,1 яблуньку,1 грушку),велике спасибі,успіхів... ";"2020-05-12 21:51:46"
"403";"Болдырева Виктория";"5";"0";"0";"0";"1";" Доброго вам утра, многоуважаемые 'Зеленые ангелы'. Хочу вас поблагодарить за 'безразличное' отношение к своим покупателям. Спасибо,что 'ответили' нам на сообщение от 20.03.2020 г. Видно ваш биолог не компетентен в вопросе, или может на карантине. Спасибо!!!!      <strong>Відповідь: </strong>приносимо вибачення за невідповідальне ставлення нашого працівника, який не доніс відповідь до вас.. на ваше запитання щойно відповіли вам в особисті. ";"2020-05-09 06:35:53"
"402";"Светлана";"5";"0";"0";"0";"1";"Спасибо за саженцы,неожиданно очень быстро,организовано.Удобная упаковка,приятно.";"2020-05-08 08:46:45"
"401";"Виктория";"5";"0";"0";"0";"1";"Вчера получила посылку. Огромное спасибо! Растения прекрасные. Упаковка отличная. Рекомендую!!! И отдельное спасибо за подарок!";"2020-04-17 13:29:49"
"86";"Людмила Мамошук";"5";"705";"0";"0";"1";"Замовлення надійшло швидко. Саджанці актинідії чудові. Левізія трошки прим,ялась. Дякую Вам за уважне ставлення як до клієнта ";"2020-04-15 12:47:35"
"400";"Вікторія Бондарєва";"5";"0";"0";"0";"1";" Рослини в чудовому стані, дбайливо запаковані. Дякуємо за серсіс. З Великодніми святами! ";"2020-04-15 11:48:25"
"399";"Tanya Iovenko";"5";"0";"0";"0";"1";"Замовляла рослини вперше. Вони виявилися неймовірно гарними! Запаковані відмінно, доїхали всі неушкоджені. Дякую \'Зеленим янголам\'! Процвітання та гарних клієнтів!";"2020-04-13 09:41:52"
"397";"Русу Маріанна";"5";"0";"0";"0";"1";"Рослини доїхали швидко та в прекрасному стані! Велика любов до рослин та професіоналізм - варто поваги! Успіхів!";"2020-04-02 17:25:05"
"396";"Ольга Первенецкая";"5";"0";"0";"0";"1";"Здравствуйте. Спасибо за ваши труды и саженцы. Всего вам доброго и больших успехов!";"2020-03-23 13:47:40"
"395";"Ольга";"5";"0";"0";"0";"1";"Вчера получили посылку с растениями. Постарались забрать с Новой почты сразу,  учитывая \'живой \' товар.   Все растения в отличном состоянии, хорошо упакованы,  грунт влажный.  Посылку отправили оперативно,  через два дня после заказа.  Большое спасибо!  Удачи в бизнесе!";"2020-03-22 23:16:42"
"394";"Ольга Чорна";"5";"0";"0";"0";"1";"Вперше зробила  замолвлення в 2020 р. Уважне вiдоношенная до замовника, кущi доставленI в гарному станI, надiйно запакованi. \r\nI";"2020-03-22 13:54:11"
"393";"татьяна";"5";"0";"0";"0";"1";"Заказывала растения в 2019 году, все прижились отлично, в этом году 2020 заказала 8 саженцев. Попросила выслать в конце февраля. Выслали сразу. Все растения пришли живые, с хорошей корневой системой и не маленькие, а довольно подрощенные хорошо запакованы. Хотя выбирала поменьше. Корни обплели горшочек со всех сторон, это первый показатель что растения хорошо приживутся. Очень довольна, советую всем этот питомник.";"2020-03-10 12:21:47"
"392";"Antonina";"5";"0";"0";"0";"1";" Уважаемые работники питомника «Зелёные ангелы»!Благодарим вас за внимательное отношение к клиентам. Не раз обращались к вам за советом, попадали на разных людей,  но всегда чувствовали внимательное и заинтересованное общение. Посылки получали в отличном состоянии, за что отдельная благодарность упаковщикам. Ни одно растение в дороге не пострадало.  Радуют большой выбор растений и адекватные цены. Обязательно будем делать заказы ещё. Рекомендуем всем друзьям и всем любителям зелёных насаждений делать заказы в этом питомнике, так как обращались в несколько питомников и супермаркетов и имеем с чем сравнивать. Желаем «Зелёным ангелам» новых успехов, благоприятных условий и красивых растений. Антонина  <div id='gtx-trans' style='position: absolute; left: 54px; top: 56px;'> <div class='gtx-trans-icon'></div> </div>";"2020-02-18 16:12:17"
"391";"Екатерина";"5";"0";"0";"0";"1";"Рекомендую! замовленням задоволена.";"2020-02-07 12:18:24"
"390";"Хворостяная Н.Н.";"5";"0";"0";"0";"1";" Замовлення на таку дальню відстань робила вперше.Скажу відверто-хвилювалась,як витримають далеку дорогу.Отримала посилку-щастю не було меж.Всі рослини здорові, з потужною кореневою системою,зовсім не ушкоджені,запаковані дуже добре.Всім вам дякую.Якість і ціна вражають.Успіхів вам! Множте й надалі таку красу! ";"2020-02-07 12:12:35"
"389";"Екатерина";"5";"0";"0";"0";"1";" Робила замовлення перший раз,все прийшло як і замовляла,я задоволена та рекомендую. ";"2020-02-06 16:50:57"
"388";"Наталия Хоменко";"5";"0";"0";"0";"1";"Добрый день, спешу высказать слова благодарности за качественный и своевременно доставленный заказ. Привезенные саженцы туй и сеянец сосны такого же качества как и на фото сайта. Спасибо.";"2020-01-23 15:52:57"
"387";"Болдырева Виктория";"5";"0";"0";"0";"1";"10.01.20 сделала заказ четырех видов гортензии. Посылка была отправлена 15.01. Вчера, 17.01, уже пришла к месту назначения. Заказывала первый раз на сайте &quot;Зелених Янголів&quot;. Немного переживала, немного не доверяла. НО!!!! Хочу сказать огромное спасибо всем людям которые участвовали в оформлении и доставке моего заказа. Все дошло в целости и сохранности. Саженцы гортензий хорошие, и по качеству, и по величине. Туя, полученная в подарок, даже не ожидала, классная. Ну, теперь дождемся  весны, чтобы высадить, а потом лета чтобы  посмотреть результаты цветения кустарником. Но, как говорил Владимир (сотрудник интернет магазина), у них за время работы не было никаких недоразумений с заказчиками. Я думаю стоит верить. Так что огромное вам спасибо ребята. Дальнейших успехов в работе и процветания.";"2020-01-18 09:10:44"
"85";"Наталія Бикова";"5";"1379";"0";"0";"1";"Красуня!!!";"2019-12-16 12:13:05"
"386";"Юлія Круподьорова";"5";"0";"0";"0";"1";"Я очень переживала, что за положительными отзывами кроется злой умысел, но прошу прощения за недобрые мысли. И я рада, что нашла людей которым важны не только деньги но и репутация. Рекомендую всем - всем - всем. Любители флоры и фауны если хотите потратиться, то загляните к &amp;amp;quot;Зеленым ангелам&amp;amp;quot;. Получила 12.12.2019 посылку, а пришла она в отделение 09.12.2019. Растения все в отличном состоянии. От туички просто невозможно оторвать глаз. Спасибо!!!";"2019-12-13 14:53:55"
"385";"Наталія";"5";"0";"0";"0";"1";"Отримала своє осінньо-зимнє замовлення хвойних рослинок- марно переживала, доїхали чудово,упаковані дуже добре(окрема подяка пакувальнику). Рослини чудові, замовлення обробили і відправили дуже оперативно-дякую чудовій команді Зелених Янголів. За бонусного Янгола дуже рада і вдячна. Бажаю вам процвітання і з наступаючими Різдвяними святами!!!";"2019-12-05 08:09:23"
"384";"Татьяна Васюхно";"5";"0";"0";"0";"1";"Спасибо огромное!!! Заказываю растения первый раз, все очень понравилось, упаковано все очень хорошо, приехало целым. Корневая отличная. Буду заказывать теперь только у Вас.";"2019-12-04 19:26:02"
"383";"Наталія";"5";"0";"0";"0";"1";"Отримала чергову зелену посилку (з туями Смарагд в с2) від Янголів! Як завжди, висока якість рослин: кореневий ком щільний, грунт вологий, сформовані добре. Висаджу собі стіночку з туй! Дякую за Зеленого янгола, приємні ціни та якість!";"2019-12-04 15:54:32"
"382";"Андріанна";"5";"0";"0";"0";"1";"Дорогі клієнти, безмежно вдячні вам за довіру та теплі слова! Ви не уявляєте, наскільки важливою є ваша підтримка для всієї нашої команди, а також для тих, хто ще боїться довіритись і замовити рослини онлайн. Спасибі вам! Гарних всім садів і легкої зимівлі!";"2019-12-04 14:50:15"
"381";"Марина";"5";"0";"0";"0";"1";"Не первый раз делаю заказ в этом питомнике, только за эту осень было 4 заказа! И не могу сделать ни одного замечания. Упаковка, саженцы, работа с клиентом - все каждый раз на высоте! Пока Зеленые Ангелы лучшие для меня! Спасибо за вашу работу, за терпение в общении с заказчиками, жду новинок! Успехов всей команде!";"2019-12-02 16:06:54"
"380";"Александр П";"5";"0";"0";"0";"1";"Заказываю второй раз  МОЖЖЕВЕЛЬНИК СКАЛЬНЫЙ БЛУ АРОУ .ТУЯ ЗАПАДНАЯ СМАРАГД.Ель канадская \'Коника\'.растения прекрасные .очень понравились мне моим соседям и родственникам что они и себе захотели .не удержался немного и им раздал .цены радуют  со скидкой на темно-зеленую пятницу .";"2019-12-01 15:48:44"
"378";"Алена Кононыхина";"5";"0";"0";"0";"1";"Заказываю уже не первый раз растения , всегда довольна качеством   .Все растения с хорошей корневой системой .Прижились все .  Быстрая обработка заказа.Благодарю за труд! Процветания!";"2019-12-01 11:27:52"
"376";"Виктория Старовойтова";"5";"0";"0";"0";"1";"Не помню делала ли я когда либо заказ у Ангелов, но последний вынуждает стать постоянным клиентом! Ни в одном питомнике при заказе онлайн не предлагали просмотр предварительно перед оплатой фото растений, это отличная идея! Особенно когда покупаешь вне сезона. Индивидуальный подход к каждому клиенту делает Вас особенно привлекательными, о чем говорят отзывы! С нетерпением жду заказ, обязательно буду рекомендовать друзьям и соседям по даче!\r\nОГРОМНОЕ ВАМ СПАСИБО ЗАРАНЕЕ! \r\nЦЕНЫ И СКИДКИ ОТЛИЧНЫЕ!";"2019-11-30 07:53:55"
"375";"Дегтярь Людмила Александровна";"5";"0";"0";"0";"1";"Заказываю растюшки не первый раз.Качество  и размеры по ценовой политике на порядок выше,чем в других питомниках.Упаковано все основательно,доходит без потерь и быстро.Рекомендую.Не будет разочарований- одни положительные эмоции.Успехов вам.";"2019-11-29 12:01:17"
"372";"Андрей";"5";"0";"0";"0";"1";"Заказал саженцы шефердии. Пришла посылка быстро, упакована отлично (даже земля из горшочков не рассыпалась), растения в отличном состоянии. Огромное спасибо. Буду заказывать ещё у вас.)";"2019-11-20 08:02:45"
"371";"Елена Григорьевна Драгоева";"5";"0";"0";"0";"1";" Качественные саженцы, быстрое реагирование и отличная упаковка. Очень благодарна и желаю процветания и удачи Зеленим Янголам. С уважением, Елена. ";"2019-11-18 09:48:15"
"370";"Ірина";"5";"0";"0";"0";"1";"Дуже вдячна всім працівникам &amp;laquo;Зелених Янголів&amp;raquo; . Отримала велике задоволення як від рослин що були в прекрасному стані які  отримала ,так і від  поважного  відношення до свого клієнта. Особливо хочу подякувати за це Артура , за його увагу -бо не мало було до нього прохань у виборі бажаних рослин.  Дуже дякую.! Всі рослинки хороші,чудово упаковані і все вчасно спрацьовано.";"2019-11-04 23:28:06"
"369";"Надежда";"5";"0";"0";"0";"1";"Сегодня получила ваши растения. Радости и восторгу нет предела. Спасибо большое, за ваш добросовестный труд. Растения все красивые, живые, корневая система отличная. Замечательно упакованы. Заказывайте здесь, не сомневайтесь!";"2019-11-02 19:03:47"
"368";"Виктория";"5";"0";"0";"0";"1";"Хочу выразить  благодарность \'Зеленим Янголам\' за ваш труд и хорошее отношение к клиенту , растения бесподобные , заказываю не первый раз и рекомендую. Велике ДЯКУЮ";"2019-10-25 11:55:48"
"367";"Александр Волков";"5";"0";"0";"0";"1";"Покупаем у Зелених янголiв не первый раз. Всегда очень довольны и сотрудничеством, и качеством растений. Индивидуальный подход и ответственность - их визитная карточка. Конечно, буду покупать и дальше. Особенно благодарю Артура за доброжелательность и профессионализм, которые так редко сегодня встречаются.";"2019-10-24 23:17:20"
"366";"Людмила Климова";"5";"0";"0";"0";"1";" Буду покупать еще!!! Замечательные саженцы!!!!! СПАСИБО ";"2019-10-23 12:02:16"
"365";"Светлана";"5";"0";"0";"0";"1";"Дуже дякую працiвникам Зелених янголiв  за такi чудовi хвойнi рослини. Просто супер! Велик i  горщики, гарно упакованi,  за переiзд можна не хвилюватись! Заказую не вперше, завжди обережно, з любовью, здоровi, у гарному станi. Сподiваюсь на подальшу  сп iвпрацю навеснi. Рекомендую вас всiм знайомим. Вам натхнення, теплого сонечка, добра та радостi.";"2019-10-17 13:16:41"
"363";"Леонид Сивоконенко";"5";"0";"0";"0";"1";"Дуже вдячні за саженці, два рази у вересні замовляли гортензіі, спіреі, лапчатку . Доїхали добре,  гарно упаковані, гортензіі з бутонами.Будемо замовляти самі і іншим радити,дякуємо за гарне обслуговування.";"2019-10-04 14:57:01"
"362";"Ирина";"5";"0";"0";"0";"1";"Ребята растения великолепные!!! Просила на подарок подобрать саженцы  гортензий с цветками - подобрали! Просто восторг, спасибо!!! Буду покупать ещё";"2019-09-30 12:09:49"
"84";"Владимир  Корунчак ";"5";"952";"0";"0";"1";"Огромное спасибо за присланные растения! Кипарисовик завораживает своим очарованием,надеюсь будет радовать долгие годы. ";"2019-09-27 02:11:00"
"361";"Христина Гамова";"5";"0";"0";"0";"1";" Приймала участь,в інстаграмі в гівевеї,виграла неймовірно красиву гортензію,сорту лаймлайт,щиро Вам дякую,вона неймовірно красива,буду звертатися,ще.Бажаю процвітання Вам!!!і Вашій справі! ";"2019-09-24 21:04:35"
"83";"Елена Смагина";"5";"1022";"0";"0";"1";"Первый заказ сделала весной, на пробу , так сказать. Растения пришли раскошные, очень качественно упакованы. Второй заказ сделала на 51 растение. Вчера пришли растения, все отличные, с хорошей корневой. Очень качественно упакованы, ни одно растение при пересылке не повредилось. Гортензии даже в самом маленьком горшке крупные, одно растение с соцветием. Рекомендую как добросовестного и ответственного продавца. Зелёные Ангелы, добра и процветания вам!";"2019-09-24 11:48:41"
"82";"Елена Смагина";"5";"673";"0";"0";"1";"Первый заказ сделала весной, на пробу , так сказать. Растения пришли раскошные, очень качественно упакованы. Второй заказ сделала на 51 растение. Вчера пришли растения, все отличные, с хорошей корневой. Очень качественно упакованы, ни одно растение при пересылке не повредилось. Гортензии даже в самом маленьком горшке крупные, одно растение с соцветием. Рекомендую как добросовестного и ответственного продавца. Зелёные Ангелы, добра и процветания вам!";"2019-09-24 11:45:31"
"81";"Елена Смагина";"5";"976";"0";"0";"1";"Первый заказ сделала весной, на пробу , так сказать. Растения пришли раскошные, очень качественно упакованы. Второй заказ сделала на 51 растение. Вчера пришли растения, все отличные, с хорошей корневой. Очень качественно упакованы, ни одно растение при пересылке не повредилось. Гортензии даже в самом маленьком горшке крупные, одно растение с соцветием. Рекомендую как добросовестного и ответственного продавца. Зелёные Ангелы, добра и процветания вам! В с5 гиганты цветущие. ";"2019-09-24 11:36:56"
"360";"Віталія";"5";"0";"0";"0";"1";"Щиро дякую Вам за чудову рослинку та приємне обслуговування.";"2019-09-20 22:15:59"
"359";"Сергей Жбанков";"5";"0";"0";"0";"1";"Впервые,но правда по рекомендации знакомых,заказали продукцию в питомнике.Менеджеры по продажам достаточно быстро и профессионально офомили сделку.Больше всего опасений ожидали от качества саженцев и отгрузки,ведь ехать нужно из Ужгорода в Одессу.Но,как оказалось зря!Были приятно удивлены качеством упаковки саженцев.Итог:остались очень довольны сервисом,спасибо большое Всем,кто  принимал участие в нашем заказе.";"2019-09-20 15:47:53"
"358";"Костянтин";"5";"0";"0";"0";"1";"Вдячний фірмі \'З.Я.\' за чудові, якісні садженці, купив 20 кипарисів і 10 туй. Упаковка посадкового матеріалу професійна. Ще окрема подяка за кваліфіковані поради при висаджуванні. Про фірму дізнався від знайомого, який в минулому році закупив більше 60 хвойних садженців. Рекомендую всім!!!";"2019-09-20 15:15:12"
"356";"Шевченко";"5";"0";"0";"0";"1";"Дякую за втілення маленької моеї мрії, рослини просто супер . Шевченко Наталія";"2019-09-17 20:22:50"
"354";"Шмырко Олена";"5";"0";"0";"0";"1";"Дякуюююююююю!!!!!!!!!! Все просто чудово!!!!!Дуже задоволена , обслуговування на найвищому рівні !!!! РОСЛИНИ НАЙКРАЩІ  !!!!";"2019-09-13 10:57:13"
"353";"Оксана";"5";"0";"0";"0";"1";"Отримала своє замовлення. Дуже рада і дуже вдячна!!! Рослини чудові,упаковка шикарна,інструкція,накладна... Давно такого не було... Вдячна безмежно!!! Окрема подяка за подарунок, гортензію!!!";"2019-09-13 09:00:36"
"352";"Александра";"5";"0";"0";"0";"1";"Добрый день!Благодарю за саженцы туи. Все пришли крепкие красивые. Особенная благодарность за подробную инструкцию для начинающих садоводов как я. Желаю вам успехов и процветания.";"2019-09-12 17:12:42"
"351";"Валентина Захарчук";"5";"0";"0";"0";"1";"Дякую, панове, за Вашу роботу. Від того, як запаковані рослини, до вкладеної інструкції по посадці - це все викликає захоплення. А саме повідомлення \'Ваші рослини в дорозі\' - і на душі світліше. Окреме відання та подяка пану Артуру, з яким спілкувалася по телефону. Будемо ще купувати саме у Вас.";"2019-09-09 11:23:43"
"350";"Андрій";"5";"0";"0";"0";"1";"Большое спасибо коллективу \'Зелених Янголів\' за качественную, быструю, и главное - душевную работу, что называется \'лицом к покупателю\'!) Так держать!";"2019-09-05 13:05:44"
"349";"Инна";"5";"0";"0";"0";"1";"Сегодня получила саженцы гортензии. Очень довольна и удовлетворена.Все растения в отличном состоянии, отличного размера и очень хорошо упакованы. Огромная благодарность &quot;Зеленим янголам&quot; и Артуру, который со мной работал. Процветания и всяческих успехов вашей фирме и крепкого всем здоровья. Будем сотрудничать и украшать Родину цветами.";"2019-09-03 16:06:16"
"348";"Елена";"5";"0";"0";"0";"1";"Люди, большое спасибо за ваш труд! Рекомендую ваш питомник, растения чудесные, приобрела кипарисовики и можжевельник. Доставили в течении суток.";"2019-08-29 18:14:52"
"347";"Олена";"5";"0";"0";"0";"1";"Перший раз замовляю тут саджанцi - дуже задоволена! Починаючи з iнформативноi телефонноi розмови до вигляду, доставки самих рослинок. Все гарно запаковано, вiдповiдаэ зкявленому стану, просто чудово!! Щиро дякую! Процвiтання вашiй фiрмi!!";"2019-08-29 12:10:30"
"346";"Надія Юрьєва";"5";"0";"0";"0";"1";"Прекрасные саженцы! заказывала во многих местах и качество было ужасным.Теперь только Зеленые Ангелы!!!Процветания вам!";"2019-08-20 08:45:07"
"345";"Людмила";"5";"0";"0";"0";"1";"Дорогие ангелы! Огромное спасибо Вам за такие чудесные саженцы! Гортензии великолепные! Процветания Вам и удачных продаж!";"2019-08-17 20:21:34"
"344";"Наталия Здор";"5";"0";"0";"0";"1";"Вот уж, действительно, где с любовью к растениям! Приятно получать такой качественный посадочный материал! Спасибо Вам огромное за гортензии. Мира и процветания.";"2019-08-13 07:43:17"
"80";"Наталія Дзюба";"5";"1221";"0";"0";"1";"Скажіть, чому на сайті нема в наявності? У прайсі він є.";"2019-08-06 22:37:04"
"343";"Галина Насобкова";"5";"0";"0";"0";"1";"Один з найкращих розсадників в Україні! Якщо маю бажання придбати якусь рослину, перш за все шукаю її тут, бо не маю жодних сумнівів в якості і відповідності сорту. Дякую \'Зеленим янголам\' за високий рівень і завжди рекомендую знайомим.";"2019-07-31 14:49:52"
"342";"Мила";"5";"0";"0";"0";"1";"Дорогие Ангелы! Спасибо за прекрасные растения! Брала в прошлом году 10 кипарисовиков лейланда - перезимовали отлично! Дали хороший рост! В этом брала глицинию, гортензии-все замечательного качества! Отдельное спасибо менеджерам за приятное общение и ответственность! С Вами легко и приятно!";"2019-07-31 07:57:04"
"341";"Олександр";"5";"0";"0";"0";"1";"Робив замовлення на різних сайтах, кожного разу змішані почуття викликає те що приходить. На сайті Зелені Янголи роблю замовлення вже не перший раз, якісь чудова за доступними цінами.Рекомендую!!!!!Один з найкращих садових центрів !!!!!!!";"2019-07-30 09:55:52"
"340";"Анна Хицкова";"5";"0";"0";"0";"1";" Не первый раз заказываю растения через интернет,но впервые всем довольна!Начиная от общения с менеджером и до получения растюшек!Добросовестная упаковка и отличное состояние!Если буду ещё пополнять свою коллекцию,то обязательно в этом питомнике и ,конечно же,буду рекомендовать знакомым! ";"2019-07-25 19:11:04"
"339";"Лариса Изварина";"5";"0";"0";"0";"1";" Открыла для себя в этом году замечательный питомник 'Зелёные ангелы. Два раза заказывала саженцы. Очень довольна. Сразу видно, что растения выращиваются с любовью. Саженцы приходят в прекрасном состоянии, заботливо упакованы. Выбор растений очень большой, цены нормальные. Я приобретала саженцы во многих питомниках, но Зелёные ангелы, пожалуй лучшие. Спасибо за прекрасные саженцы, удачи вам!!! ";"2019-07-24 00:23:05"
"338";"Лідія";"5";"0";"0";"0";"1";" Щиро дякую! Рослини доставлені в чудовому стані. Ви молодці! Так тримати! ";"2019-07-23 23:29:47"
"336";"Инна";"5";"0";"0";"0";"1";"Спасибо огромное за шикарные растения, прекрасное обслуживание, заботливую упаковку и отличное качество саженцев!!! Заказываю не первый раз и всегда очень довольна!!! Отдельная благодарность за подарочек, очень приятно!!! Успехов Вам и процветания!!!";"2019-07-19 09:56:28"
"335";"Лидия Думенко";"5";"0";"0";"0";"1";" Отримала свое замовлення, рослинки сподобались, доглянутi , гарний розмiр, знов замовляю iншi, тому. що не всi виробники вiдправляють такий товар, а Зеленi Янголи - молодцi. Дякую. ";"2019-07-17 21:56:47"
"334";"Виктория";"5";"0";"0";"0";"1";"Замовили піраканту.  Кущики прийшли вчасно свіженькі в гарному стані. Дуже дуже дякую .";"2019-07-13 14:44:47"
"333";"Галина Бойчук";"5";"0";"0";"0";"1";"Благодарю коллектив за добросовестный труд!вы молодцы!два раза заказывала у вас.растения качественные в отличном состоянии! До скорого встречи..)) обязательно закажу ещё что то  у вас!";"2019-07-12 14:53:22"
"332";"Наталія";"5";"0";"0";"0";"1";"Одержала свої рослини. Була приємно вражена опцією \'ціна-якість\'. Рослини шикарні і доглянуті. Інесса дуже приємний менеджер. Дякую їй за підбір і відправку рослин. Ви всі молодці. Дякую за вашу роботу. Буду рекомендувати вас всім.";"2019-07-11 09:41:00"
"331";"Лілія";"5";"0";"0";"0";"1";" Дуже задоволена рослинами, дякую вам за роботу.Приємні співробітники,ви найкращі!!! ";"2019-06-29 07:34:53"
"330";"Алла";"5";"0";"0";"0";"1";"Зелёные Ангелы))) Само название гоаоритнза себя!!! Вы самая лучшая компания на свете! Вы огромные умнички с золотыми ручками и душой! Ваши растения приносят частичку вас и ваших трудов выращеных с любовью и душой!!! Огромное вам спасибо за прекрасные растения, хочу пожелать вам всего самого наилучшего процветания и побольше щедрых добрых покупателей!!! Спасибо, что Вы есть!! Рекомендую на миллион %";"2019-06-10 12:07:36"
"329";"Василь Літепло";"5";"0";"0";"0";"1";"Добрий день!\r\nЗробив замовлення у Вашому магазині.Усім задоволений.Все вчасно .Дякую! Персонал привітний і професійний ,що немаловажно для мене.  Рекомендую усім хто любить рослини.";"2019-06-10 11:22:24"
"79";"Ганнна Мітіна";"5";"101";"0";"0";"1";"Дуже гарні, здорові рослини. Чудово приживаються. Радує оперативна доставка. Мені дуже сподобався цей магзин.";"2019-06-09 10:50:49"
"328";"Людмила";"5";"0";"0";"0";"1";" Доброго дня! У всіх дуже хороші відгуки. До мене замовлення прийшло в гарному стані тільки барбарис Тунберга 'Admiration' набагато меньший чим на картинці в ємкості що вказана. Трішечки обідно що у всіх так гарно а в мене наоборот.      <strong>Відповідь: </strong>На<strong> </strong>останньому фото, з яким ймовірно порівнювали зображено барбарис у горщику с5 , а у вас у замовленні був барбарис у горщику с2. До того ж барбарс 'Адмірейшн' - карликовий, максимальна можлива висота якого може становити 50 см. Швидкість його росту невисока і становить 3-4 см на рік. Але це скоріше його перевага, тому що через компактні розміри він ідеально підходить для невеликих садів та клумб. І не забувайте, що при  розмові з менеджером ви завжди можете уточнити розмір рослини і попросити актуальне фото! Бажаємо вдалих покупок! ";"2019-06-08 22:40:30"
"327";"Ганна";"5";"0";"0";"0";"1";" https://youtu.be/3GQ519Pgms0 купувала у вас гортензію лайм лайт, вона вже цвіте)) хоча ще маленька така.  Це посилання на відео як я її саджала. ";"2019-06-07 19:42:04"
"326";"Алена Батура";"5";"0";"0";"0";"1";" Доброго дня! Робила замовлення тут вперше. Дуже задоволена рослинами, які отримала! Прийшли мої туїчки-красотулічки в обговорені строки, в гарному стані, зволожені (хоча зараз така спека та не близька дорога) і добре запаковані. А щодо розміру рослин - справді вражаючий! Висадила я їх і радію, що є в нас такий пречудовий розсадник рослин 'Зелені Янголи' з відповідальними, приємними та кваліфікованими працівниками. Дякую Вам за всю ту роботу, яку для нас Ви з душею робите! Успіхів Вам!!! Р.S. Обов'язково буду замовляти ще. ";"2019-06-06 08:52:49"
"325";"Зінаїда Люботин";"5";"0";"0";"0";"1";" Відпочиваючи на Закарпатті в березні 2019 року я планувала відвідати росадник Зелені Янголи .Доїхати було дуже зручно. Більше двух годин я провела в чудовому росаднику.Працівники дуже приємні і на всі мої запитання відповідали кваліфіковано.Я сама вибирала рослини які мені сподобались це гортензії 3шт.,магнолія,вейгела,кипарисовик .Мені їх відправили новой поштой.Дуже зручно.Всі рослини дійшли чудово. А тепер дивлячи на ці рослини в моєму саду згадуєш Закарпаття її чудову природу,доброзичливих людей.І не даремно росадник зветься ЗЕЛЕНІ ЯНГОЛИ РОСЛИНИ З ДУШЕЮ.Це не реклама, а так воно і є РОСЛИНИ З ДУШЕЮ!!! ";"2019-06-02 23:19:30"
"324";"Оксана Личман";"5";"0";"0";"0";"1";" Замовляла гортензії, спірею, туї, кипарисовик.Все добре доїхало і прийнялося, а гортензії збираються цвісти.Дякую за якісні рослини , збираюся замовляти ще. ";"2019-05-26 12:48:17"
"323";"галина ференс";"5";"0";"0";"0";"1";" Замовляла гортензії. Прийшли в хорошому стані гарно запаковані Все на вищому рівні.Дуже задоволена Буду ще замовляти ";"2019-05-24 14:22:00"
"322";"Тетяна";"5";"0";"0";"0";"1";" Дуже вдячна за квіти! Усі прийшли в дуже гарному стані, якісне упакування! Розмір рослин також вражаючій! Обов‘язково замовлятиму ще! ";"2019-05-23 18:11:25"
"321";"Людмила Мельник";"5";"0";"0";"0";"1";" Сделала заказ через сайт на каштаны и инжир, менеджер вежливо подтвердил заказ, согласовали дату отправки в Киев через Новую Почту. растения приехали все целые, красивые, отлично упакованы, ни один листик не пострадал. Спасибо, Зеленые Ангелы за Ваш труд!!! Обязательно буду заказывать еще! ";"2019-05-23 16:21:08"
"320";"Юля Корженевская";"5";"0";"0";"0";"1";" Хочу сказать большое спасибо за Вашу работу!!!! Вы молодцы! ";"2019-05-23 15:41:27"
"319";"Світлана";"5";"0";"0";"0";"1";" Дякую за посилочку все доїхало, всі рослини в гарному стані. ";"2019-05-23 07:42:09"
"318";"Наталия";"5";"0";"0";"0";"1";" Огромное спасибо за растения, упаковано отлично, а размер растений просто впечатляет. Буду заказывать и в дальнейшем. ";"2019-05-14 17:45:05"
"317";"Наталія";"5";"0";"0";"0";"1";" Замовила туї в горщиках р9 і 2-3л- була приємно вражена розміром, очікувала принаймні в половину менші, за ту ж ціну купувала в іншому магазині набагато менші. Рослини добротні, якісні. Єдина неприємності це те що не всі горщики підписані (замовляла 2 сорта туй), замовляла для огорожі, то бажано не переплутати. Щодо пакування,то запаковано на відмінно, все закріплено скотчем,під час транспортування рослини навіть не прим'ялись. Дякую за вашу роботу. Розвитку вам і процвітання. ";"2019-05-14 12:35:46"
"316";"Ирина Беляева";"5";"0";"0";"0";"1";" Жду вторую посылку из этого магазина. Первый раз заказывала гортензию. Сказать, что я довольна-это ничего не сказать. Прекрасный саженец, надеюсь, будет радовать меня обильным цветением. Фото растения, которое отправляли, увидела заранее. ";"2019-05-13 21:44:44"
"315";"Ирина Королева";"5";"0";"0";"0";"1";" Дякую за горечавку. Прийшла в дуже гарному стані. ";"2019-05-13 07:48:10"
"314";"Ольга";"5";"0";"0";"0";"1";" Сьогодні отримала своє замовлення. Рослини в чудовому стані, все гарно запаковано, грунт зволожений. Велике дякую! Вже рекомендую своїм друзям та буду у вас замовляти і далі. ";"2019-05-08 17:30:57"
"313";"Світлана Ремінська";"5";"0";"0";"0";"1";" Повернулась на сайт з метою залишити повторний відгук. По-перше. Отримані гортензії на даний час мають дуже гарний вигляд. Рослини мають гарний приріст, чекаю на квіти. По-друге. Приємно вражена змінами на сайті: додаванням фото гортензій без листя, тих які призначені для дорощування. Тепер набагато простіше і приємніше орієнтуватися у віртуальному просторі. Дякую за розуміння та врахування побажання покупців. ";"2019-05-08 05:07:50"
"312";"Андріанна Недолуженко";"5";"0";"0";"0";"1";" Усім читачам та Світлані з Києва- доброго дня! вчора переглядала відгуки на сайті в бек -офісі і виявила 2 неопубліковані нашими працівникими, звісно- вони були негативні. Я за те, щоб на сайті були всі відгуки ( окрім зовсім неадекватних чи нецензурних, але таких на щастя нема :)), тому ВЧОРА МИ ОПУБЛІКУВАЛИ СТАРИЙ ЩЕ БЕРЕЗНЕВИЙ ВІДГУК, сьогодні опублікую ще один. Дякуємо світлані за відгук, адже ми зробили 'розбір польотів' і, надіюсь, покращили роботу команди і контроль. У Світлани ми попросили вибачення в особисьтих повідомленнях одразу і запропонували повернути кошти за непромарковані гортензії, так як нові працівники відділу пакуввання допустилися помилки, а у нас був такий 'гарячий' сезон, що проконтролювати все не вдавалося. також повідомили, що впринципі ідентифікувати сорти вона могла, бо були позначки фломастером (чорним на чорному, але на світлі видно), які працівник зробив на складі для себе, зщоб потім поклеїти правильно етикетки (що на жаль не доробив).  ПРО РОЗМІР гортензій в контейнері п9 вранньою весною - так, ви всі маєте бути го тові, що вони стрижені, адже ми формуємо кущі, ті самі що влітку були з квітами і мали по 30-40 см- на весні приїдуть 'обрубані палочки по 10 см'. щоб більше не було непорозумінь- ми добавили на сайт сезонне фото кущика. Наголошую- САДЖАНЦІ В КОНТЕЙНЕРІ П9- це саджанці ДЛЯ ДОРОЩУВАННЯ, маленькі. Також нагадую_ВИ ЗАВЖДИ МОЖЕТЕ ПОПРОСИТИ ФОТО РЕАЛЬНЕ СЬОГОДНІШНЄ РОСЛИНИ ЯКУ ЗАМОВЛЯЄТЕ, якщо це дуже важливо, як у випадку подарунку, і не соромтесь наголосити на це, ми радо увійдемо у ваше положення. ";"2019-05-02 10:23:20"
"78";"Юліана Сергіївна";"5";"108";"0";"0";"1";"Була просто вражена якістю дуже розвинених рослин з міцною кореневою системою, яскравим зовнішнім виглядом, все як на фото один в один. Саджанці навіть вище ніж думала. Раціональна і компактна упаковка. Менеджер віднісся з розумінням. Дуже задоволена! Дякую що працюєте не тільки професійно,а ще й з душею і особистим підходом до кожного клієнта!";"2019-04-26 20:56:42"
"311";"Савчук Неонила Анатольевна";"5";"0";"0";"0";"1";" Купила у вас растения ,все пришло в очень хорошем состоянии,надо еще заказать магнолию.Работаете с удовольствием,очень приятно. ";"2019-04-23 17:14:14"
"310";"Андрей";"5";"0";"0";"0";"1";" Сегодня получил заказ - упаковка выше всяких похвал, как и качество саженцев. Огромное спасибо за Ваш труд! Спасибо огромное и удачи Вам!!! ";"2019-04-20 00:10:54"
"309";"Жанна Шевченко";"5";"0";"0";"0";"1";" Большое всем спасибо. Растения пришли крепкие, хорошо упакованные. Я в двух питомниках заказала гортензию ещё в январе. Они до сих пор не пришли. Особая благодарность Артуру. Всё сказал, объяснил. Осенью обязательно сделаю заказ! ";"2019-04-11 16:45:51"
"308";"Божена";"5";"0";"0";"0";"1";" Дуже велика подяка! Рослини прийшли вчасно, гарно запаковані, в гарному вологому грунті! Щира подяка! Замовляю ще! ";"2019-03-30 16:12:06"
"307";"Ольга Архипова";"5";"0";"0";"0";"1";" Получила сегодня свои растения, и радости нет предела!!! Растения все здоровые и большого размера! Зеленые Ангелы- лучшие в своём деле! Спасибо большое за Ваш труд!!! И хороших продаж! ";"2019-03-29 20:02:11"
"306";"Вікторія Терпан";"5";"0";"0";"0";"1";" Дуже дякую за гарні рослини. Замовляю вже не перший раз, можна сказати постійно. Рослинки просто чудові, красиві та якісні. ";"2019-03-26 12:38:59"
"305";"Ярослава";"5";"0";"0";"0";"1";" Дякуючи Вашій щедрості та безкорисливості, на подвір'ї нашого реабілітаційного центру для дітей, красуються 10 прекрасних туй та 2 ялівця. Весь товар дійшов до нас у прекрасному стані, був надійно запаковпний. Дякуємо, що так швидко відгукнулися！ ";"2019-03-13 12:15:57"
"77";"Yana Reprintseva";"5";"706";"0";"0";"1";"Покупала эти можжевельники летом 2018 года. 10 штук. Высадила в открытый грунт. На зиму только замульчировала корневую систему, не делала укрытие. По состоянию на март 2019 - все 10 растений живы, пережили зиму и из под снега вышли в хорошем состоянии. Ожидания более чем оправдались, так как не надеялась, что все эти крохотные кустики перезимуют без укрытия. Спасибо Ангелам! ";"2019-03-09 22:00:35"
"304";"Світлана";"5";"0";"0";"0";"1";"Замовляти тут більше не буду:(. Хоча найменування гарне. На жаль мені не пощастило: запаковані рослини не  \'з любов’ю\'. Але збереглися добре, земля у горщиках була вологою. Та при замовленні товару зпрацював маркетинговий хід, як то кажуть. По-перше.Будьте уважні: в опису рослин вказано розмір горщиків. Але жодного слова про розмір рослин. Я розумію, що кожен товар має свою ціну, але не треба вводити покупця в оману. Розмір надісланих рослин біля 10 см. Тобто, якби про це було зазначено, я не замовляла б саме такі рослини. Замовила б інші, дорожчі. По-друге. Товар (4 рослини двох видів) не підписаний. Тож тепер не маю змоги зробити подарунок, тому що 2-ві рослини замовляла собі, а 2-ві на подарунок. Та з огляду на ситуацію, буду замовляти в іншого продавця, бо подарунок треба все ж купити :(((  (Треба чекати кілька років (поки зацвіте...), бо рослини надто малі). Розчарували. Сюди не повернусь, хоча мала намір придбавати на свою ділянку рослини. Дякую.";"2019-03-01 09:43:10"
"303";"Марина";"5";"0";"0";"0";"1";" Сегодня получила посылку. Отлично упакована посылка. Растения в шикарном состоянии. Заказывала уже второй раз и буду заказывать ещё. Спасибо огромное и удачи Вам!!! ";"2019-02-20 19:52:34"
"302";"Ольга Мирошниченко";"5";"0";"0";"0";"1";" Заказывала растения уже второй год. Все в прекрасном состоянии, императа за год разрослась невероятно. Сегодня получила новый заказ - упаковка выше всяких похвал, как и качество саженцев. Огромное спасибо за Ваш труд! ";"2019-02-16 12:30:49"
"301";"Оксана Джура";"5";"0";"0";"0";"1";" Отримала в черговий раз посилку -все красиве, розміри більш ніж заявлені на сайті,що дуже радує!!! ";"2019-02-12 20:17:13"
"300";"Ирина";"5";"0";"0";"0";"1";" Буду заказывать третий раз. Менеджер Лена обслужила чудесно.Растения посадила поздней осенью надеюсь примутся как и первые). А как они любовно были упакованы!!! Спасибо....Я с вами ...вы трудяшки) Благодарю и желаю вам от души всего самого доброго... ";"2019-02-01 21:24:48"
"299";"Інна Левчук";"5";"0";"0";"0";"1";" Заказую тут вже не вперше ,в минулому році купувала по скидці туї , п'ять штук , все добре прийнялось росте і радує , В цьому році вирішила подрузі зробити подарок , ялину блакитну і ялицю корейську .Прийшла посилка все так швидко , вчора у вечері було вже темно коли посилку забирали , я й не туди , що в коробці під ялинкою сюрприз не сподіваний ,маленька туйка і повітряні кульки , дуже приємно , Дякую ! Бажаю Вам успіхів , багато клієнтів , і всього найкращого , рекомендую всим хто хоче отримати якісні рослини по доступним цінам! ";"2019-01-18 12:43:59"
"298";"Інна";"5";"0";"0";"0";"1";" Мені подобається ваше відношення до клієнтів і рослини у вас високої якості і по доступних цінах , все просто на найвищому рівні , я вважаю .Дуже приємно з вами мати справи ,ми з чоловіком тепер ваші постійні клієнти .)))Дякую ! ";"2019-01-17 18:59:19"
"297";"Ганна Пикаленко";"5";"0";"0";"0";"1";" відео розпаковка мого замовлення https://www.youtube.com/watch?v=e-8boEwoBlU&list=PL013Kf1uJO3uE09qad95MmCpTxu9bQEVR ";"2018-12-28 21:17:43"
"296";"Виктория Иванченко";"5";"0";"0";"0";"1";" Получила посылку 29.11.17.Первое впечатление- шок. Саженцы в посылке, а их было 18, были просто набросаны в коробку без всякой упаковки и как попало. Нижний ярус стояли на дне коробки. а остальные лежали поперек или вверх контейнером, отчего растения по вываливались, субстрат рассыпался. Саженцы не только не упакованы, но и в коробке ничем не прослоены, чтобы при транспортировка их не бросало по коробке.После успокоилась, водрузила саженцы обратно в контейнеры и уже смогла оценить сами растения- они очень хорошие. Очень жаль, что доставка испортила первое впечатление. ";"2018-12-04 17:39:35"
"76";"Светлана  Мокряк ";"5";"951";"0";"0";"1";"Он ещё красивее в жизни! Спасибо ";"2018-11-27 21:23:52"
"75";"Светлана  Мокряк ";"5";"1001";"0";"0";"1";"Очень красивое и здоровое растение, как и остальные в заказе, спасибо за ваш труд!";"2018-11-27 21:11:38"
"295";"Татьяна";"5";"0";"0";"0";"1";" 'Зеленые Ангелы' -самые лучшие! Заказывала в магазине впервые,и с уверенностью могу сказать - Я теперь Ваш постоянный покупатель. Растения ко мне приехали замечательные! Крепкие, здоровые, с хорошей корневой. Соотношение цена-качество на высоте. Ребята знают свою работу, и выполняют ее качественно с душой! Очень порадовал размер хвойников, я не ожидала что они будут настолько большими.  Спасибо огромное, за качественный материал и приятные цены! Процветания и счастливых клиентов Вам! ";"2018-11-23 20:36:12"
"74";"Светлана  Мокряк ";"5";"770";"0";"0";"1";"Растение пришло хорошо упаковано, больше заявленного размера, с отличной корневой системой и шикарным цветом хвои, спасибо большое за ваш труд и грамотные консультации!";"2018-11-20 09:35:56"
"294";"Людмила Кулик";"5";"0";"0";"0";"1";" Дякую працівникам 'Зелених янголів'. Отримала чудові саджанці. Все свіже, зелене, коріння -   прекрасне, ціна - демократична. Успіхів Вам і процвітання! Рекомендуватиму всім знайомим. ";"2018-11-15 10:10:00"
"73";"Тетяна Бублик";"5";"709";"0";"0";"1";"Вчора отримала рослини. Вони суперові, великі і красиві!!! Гарно упаковані і з корисними порадами щодо посадки і догляду. Дякую вам!  Успіхів і процвітання!!!";"2018-11-08 11:31:23"
"293";"Вячеслав";"5";"0";"0";"0";"1";" Получил свою посылку с плющами. Растения отличного качества и приехали в отличном состоянии. огромная благодарность сотрудникам питомника! ";"2018-10-24 16:51:12"
"292";"Natalie Panchenko";"5";"0";"0";"0";"1";" Огромная благодарность Елене. Мне было очень приятно сотрудничать с ней. Заказывала много и часто. Растения всегда приходили в хорошем состоянии и отлично упакованы. Обязательно буду заказывать здесь и дальше)) Удачи Вам! ";"2018-10-23 09:52:03"
"291";"Алексей Гайдамак";"5";"0";"0";"0";"1";" Какие Вы молодцы!!! Мы очень довольны качеством и обслуживания , и посадочного материала! Теперь покупать будем только у Вас. Удачи Вам и процветания! Ещё раз наша благодарность!!! ";"2018-10-12 18:37:39"
"290";"Тетяна Романчук";"5";"0";"0";"0";"1";" Сьогодні одержала посилку. Рослини просто шикарні. Гортензія супер. Я в великому захваті. Такі гарні рослини я ще не отримувала. Дуже дякую. ";"2018-10-11 08:08:43"
"72";"Тетяна Ананьєва";"5";"952";"0";"0";"1";"Очень красивый,можно смело сказать лучше чем на фото! Заказываю не первый год,ни разу не подвели !   ";"2018-10-04 17:26:53"
"289";"Екатерина Чижикова";"5";"0";"0";"0";"1";" Добрый день. Получила посылку от 'Зеленых ангелов'. Все растения в прекрасны. Очень Вам благодарна. Буду Вашим постоянным покупателем. ";"2018-10-01 14:15:04"
"71";"Вікторія Терпан";"5";"709";"0";"0";"1";"Дуже дякую! Чудові рослини! Здорові, красиві та вже досить великі - справжні деревця.";"2018-09-21 19:34:16"
"288";"Надежда Саенко";"5";"0";"0";"0";"1";" Получила посилку отличного качества. Огромное спасибо всем работникам. Буду вашим постоянним клиентом, а вам побольше покупателей. ";"2018-09-21 10:36:32"
"70";"Олександр Ходус";"5";"88";"0";"0";"1";"Яку максимальну мінусову температуру витримує ?";"2018-09-21 09:22:38"
"69";"Альона Деменкова";"5";"1228";"0";"0";"1";"Кущики - зелені, рясні з яскравими червоними плодами! Дуже єфектно виглядають!";"2018-09-13 20:04:26"
"68";"Альона Деменкова";"5";"976";"0";"0";"1";"Гортензія- Чарівна! Великий, зелений , ще й квітучий кущ!!!";"2018-09-13 19:54:41"
"67";"Альона Деменкова";"5";"459";"0";"0";"1";"Дякую за яскраву зелену прегарнюню))  лапчатку! я задоволена!";"2018-09-13 19:34:31"
"287";"Альона Деменкова";"5";"0";"0";"0";"1";" Хочу висловити безмірну вдячність за приємні враження!!! Замовляю вдруге. Весною купувала павловнії, замовлення прийшло на день народження з подарунком! Сьогодні - це гарні ,'лапаті'деревця! Зараз купувала гортензію 'полярний ведмідь' та японську троянду-шипшину. Гортензія- просто красуня, великий Квітучий кущ! Троянди- чарівні кущики з смішними яскравими плодами))) Друзі, - ви неймовірні!!! ";"2018-09-13 19:25:58"
"66";"Олександр Іванченко";"5";"108";"0";"0";"1";" Саджанці найвищої якості, менеджери вічливі та компетентні, упаковка якісна, доставка швидка ! !!!!!!! Дякую!!!!!";"2018-09-09 15:17:11"
"65";"Олександр Іванченко";"5";"650";"0";"0";"1";"Замовлення роблю вже вдруге, не можу підібрати слів, щоб висловити свій захват саджанцями та роботою співробітників. Саджанці найвищої якості, менеджери вічливі та компетентні, упаковка якісна, доставка швидка ! !!!!!!! Дякую!!!!!";"2018-09-09 15:13:58"
"64";"Руслана Сидлецька";"5";"673";"0";"0";"1";"Замовила цю гортензію восени 2017, відповідно і висадила тоді ж, наприкінці вересня (хоча більшість джерел пишуть, що гортензії краще висаджувати навесні). Крім Лайм-лайт я ще придбала Ванілла фрайз і Полар бир кілька одиниць. Всі гарно укорінились, так що моя думка -волотисті гортензії можна висаджувати восени. Правда на зиму я їх гарно 'закутала'. Навесні всі гарно проснулись, попускали листя і всі кущі цвітуть. Я купувала всі рослини у 3л-х контейнерах, квіти у мене величезні як на фото, де рукою тримають суцвіття. Правда, я їх дуже люблю, регулярно поливаю і підкормлюю. Зелені янголи точно рекомендую!";"2018-08-23 18:22:15"
"63";"Yana Reprintseva";"5";"706";"0";"0";"1";"Это мой первый заказ у 'Зеленых Ангелов'. Очень приятный и вежливый персонал. Заказала акционный 'Голд Кон' 10шт. Растения пришли очень компактно упакованные, даже не поверила, что в таком ящичке поместятся 10 контейнеров Р-9! Но все было на месте и, главное, все растения в отличной кондиции, не помятые и живые! Спасибо всем 'Зеленым Ангелам' за правильный подход к своему делу! Обязательно будет еще один отзыв на эти саженцы о том, как они выйдут из предстоящей зимовки! И - да, буду заказывать еще!";"2018-08-16 17:07:34"
"62";"Елена Синчило";"5";"952";"0";"0";"1";"Растение соответствует фото и размеру, заявленному на сайте. Качественное, как и другие растения из заказа!";"2018-07-29 00:20:50"
"61";"Елена Синчило";"5";"1184";"0";"0";"1";"Пришло замечательное качественное растение! Спасибо, янголы!";"2018-07-29 00:17:54"
"60";"Елена Синчило";"5";"1184";"0";"0";"1";"Пришло замечательное качественное растение! Спасибо, янголы!";"2018-07-29 00:16:57"
"286";"Елена Осипова";"5";"0";"0";"0";"1";" Спасибо большое всем работникам 'Зеленых ангелов'. Получила сегодня посылочку, упаковка отличная, все растения живы-здоровы и отличного качества. Очень порадовали Метасеквойи - они просто гиганты. Буду обращаться к Вам еще и друзьям советовать. Процветания питомнику и больше благодарных покупателей! ";"2018-07-25 21:12:44"
"285";"Елена Осипова";"5";"0";"0";"0";"1";" Спасибо большое всем работникам 'Зеленых ангелов'. Получила сегодня посылочку, упаковка отличная, все растения живы-здоровы и отличного качества. Очень порадовали Метасеквойи - они просто гиганты. Буду обращаться к Вам еще и друзьям советовать. Процветания питомнику и больше благодарных покупателей! ";"2018-07-25 21:11:58"
"59";"Інна Поворознюк";"5";"446";"0";"0";"1";"Заказала  Кизильник Даммера, гортензії, руту, катальпу, та ін. Все прийшло за 2 дні, дуже компактно упаковано, все свіженьке. Велике спасибі. ";"2018-07-19 22:58:23"
"284";"ирина";"5";"0";"0";"0";"1";" весной получила кипарис стрикта,тую филикоидэс,тую голден таффет,тисс хилли. спасибо за них. все прижилось и радует. упаковано все отлично, корневой ком классический. этой фирме можно доверять. ";"2018-07-13 11:51:53"
"283";"Маргарита Руденко";"5";"0";"0";"0";"1";" Спасибо всем работникам 'Зеленых ангелов' за прекрасную и добросовестную работу. Покупкой очень довольна. Всех вам благ! ";"2018-07-10 16:09:32"
"282";"Маргарита Руденко";"5";"0";"0";"0";"1";" Спасибо всем работникам 'Зеленых ангелов' за прекрасную и добросовестную работу. Покупкой очень довольна. Всех вам благ! ";"2018-07-10 16:09:16"
"281";"Тетяна Нізельник";"5";"0";"0";"0";"1";" Спасибо большое! Посылку получили, растениями остались довольны. ";"2018-06-22 01:22:21"
"58";"Наталія Дзюба";"5";"1346";"0";"0";"1";"Отримала двi рослинки, дуже гарнi, дякую!";"2018-06-15 22:17:22"
"57";"Сергій Андріїв";"5";"632";"0";"0";"1";"Доброго дня. Здається, це все ж таки не шафердія, а гумі, у шафердії і ягоди інші і листя. ось порівняйте: http://shedrazemlya.org.ua/sestry-oblepixiny-gumi-i-sheferdiya/";"2018-06-13 14:59:56"
"56";"Наталія Дзюба";"5";"1346";"0";"0";"1";"А можна побачити фото секвойі, яка продається?";"2018-06-11 23:10:12"
"55";"Тетяна Мороз";"5";"1311";"0";"0";"1";"Приобрели голубую ель за три недели до 2018 Нового года. Стояла в горшке в прохладной комнате. Ежедневно 2-3 раза в день опрыскивала. Встретили праздник и через 5 дней была оттепель. Мы рискнули и высадили в сад. С наступлением теплых дней почти ежедневно делала ей ' душ ', в апреле месяца она буйно пошла в рост. Сейчас просто красавица. Спасибо ! ";"2018-06-11 08:05:47"
"280";"Лилия Юрко";"5";"0";"0";"0";"1";" Получила свою посылочку, от полученных можжевельников осталась в восторге, все здоровенькие и действительно уже хорошо подросшие. Хочу поблагодарить за Ваш труд и радость, которую дарите нам. Удачных Вам продаж и благодарных клиентов. Буду ещё заказывать у Вас растюхи. ";"2018-06-01 19:00:12"
"279";"Виталий";"5";"0";"0";"0";"1";" На днях получили свои туйки Smaragd в горшочках p9. Остались очень довольны.Туйки как на подбор,зеленые,свеженькие.За скидку отдельное спасибо. Это наш первый заказ у Вас. Ребята ,настоятельно рекомендуем питомник' Зелені янголи'. Спасибо Вам,за Ваш труд. ";"2018-05-09 00:29:09"
"277";"Світлана";"5";"0";"0";"0";"1";" Спасибо огромное за чудесные растения и быструю доставку!  Делала заказ не один раз, все саженцы отлично прижились.  Очень приятно с вами работать! ";"2018-05-02 16:21:19"
"276";"Марина Дудкіна";"5";"0";"0";"0";"1";" Спасибо большое за доставленный во время заказ все гортензии живы и здоровы,в отличном состоянии,всем сотрудникам спасибо за труд,удачных продаж,ваши растения вызывают желания производить покупки не однократно! ";"2018-04-20 22:26:46"
"275";"Марина Дудкіна";"5";"0";"0";"0";"1";" Спасибо большое за доставленный во время заказ все гортензии живы и здоровы,в отличном состоянии,всем сотрудникам спасибо за труд,удачных продаж,ваши растения вызывают желания производить покупки не однократно! ";"2018-04-20 22:26:45"
"274";"Марина Дудкіна";"5";"0";"0";"0";"1";" Спасибо большое за доставленный во время заказ все гортензии живы и здоровы,в отличном состоянии,всем сотрудникам спасибо за труд,удачных продаж,ваши растения вызывают желания производить покупки не однократно! ";"2018-04-20 22:26:41"
"273";"Лена";"5";"0";"0";"0";"1";" Пришла посылочка! Спасибо большое! Растения отличные, доехали хорошо. Надеюсь приживутся нормально. Успешной вам работы!!!!!!! ";"2018-04-19 11:10:12"
"272";"Ольга Мирошниченко";"5";"0";"0";"0";"1";" Заказала 5 растений, прочитав хороший отзыв. Были опасения, но все растения в прекрасном состоянии, горшочек заполнен весь. Упаковка очень добросовестная и недорогая. Огромное спасибо за труд и порядочность! Буду заказывать еще! ";"2018-04-14 10:44:53"
"54";"Ольга Мирошниченко";"5";"524";"0";"0";"1";"Заказала 5 растений, прочитав хороший отзыв. Были опасения, но все растения в прекрасном состоянии, горшочек заполнен весь. Упаковка очень добросовестная и недорогая. Огромное спасибо за труд и порядочность! Буду заказывать еще!";"2018-04-14 10:43:44"
"53";"Євген Розгон";"5";"839";"0";"0";"1";"Получила вчера свои туи Фореве Голди!  Очень красивые! Цвет такой яркий и сочный! Растения в отличном состоянии. ";"2018-04-13 08:23:09"
"271";"Лариса Вишневська";"5";"0";"0";"0";"1";" Сегодня получила Вашу посылку. От вида здоровых и крепких, хорошо упакованных растений я просто пришла в восторг. Я счастлива. Спасибо Вам огромное, за ту радость которую я получила и за Ваш труд. Низкий поклон, долголетия и процветания. Сама буду заказывать ещё и всем очень рекомендую. ";"2018-03-30 20:55:45"
"47";"Альвіна  Буракова";"5";"99";"0";"0";"1";"чекатиму вашу відповідь про ці ялівці висотою від 0,60 см до 1 метра ,потімвирішимо і додам у корзину ";"2018-03-21 15:46:14"
"270";"Оксана Акимочкина";"5";"0";"0";"0";"1";" Огромное спасибо всем сотрудникам за труд и заботу к растениям. И конечно же к нам - покупателям. Уже не один год приобретаю хвойники только в этом розсаднике. Все растюшки отличного качества, видно, что выращиваются с любовью. А цены настолько демократичны, что хочется покупать и покупать... (жаль - места уже маловато). Отдельное спасибо за приятный сюрприз - подарок в виде туи Аниек. Правда теперь у меня 'голова болит': куда посадить. Но это конечно же шутка. Еще раз спасибо. Процветания, благополучия и всех благ всем, кто выращивает такую красоту. ";"2018-03-21 12:04:00"
"269";"Ирина Островская";"5";"0";"0";"0";"1";" Огромное вам спасибо! Заказывала уже дважды и я теперь ваш постоянный благодарный клиент! Растения отличные.Все запаковано очень аккуратно. Всем советую!!!! ";"2018-03-19 13:54:52"
"268";"Інна Левчук";"5";"0";"0";"0";"1";" Дякую Зеленим Янголам ! Всим задоволена і ціною ,і якістю саджанців , і тим ,що пішли на зустріч ,вислали як домовлялись , упаковано все добре , дійшли до нас рослинки, через всю Україну, на відмінно .Хай щастить вам у роботі ! ";"2018-03-19 10:41:06"
"267";"Ірина";"5";"0";"0";"0";"1";" Дякую за отримані шикарні рослини! Упаковка супер! Приємно співпрацювати! Впевнена, що це мій не останній заказ! Невтомності вашим рукам! ";"2018-03-16 20:06:01"
"265";"Олена Завадська";"5";"0";"0";"0";"1";" Спасибо огромное за растения. Растюхи замечательные,упаковка супер. Все доехало отлично!!! ";"2017-11-16 13:21:05"
"46";"Володимир Баточенко";"5";"86";"0";"0";"1";"На Бродівщині може плодоносити і шоколадна ліана (ТРК 'Броди') 25.09.2017 http://www.namezhi.com.ua/index.php/5243-na-brodivshchyni-mozhe-plodonosyty-i-shokoladna-liana-trk-brody https://www.youtube.com/watch?v=OrLaOoVgBHw&t=365s ";"2017-11-10 10:36:23"
"264";"Володимир Баточенко";"5";"0";"0";"0";"1";" Випадково, у пошуках садивного матеріалу натрапив на сайт 'Зелених янголів'. Замовив перший раз. Отримав саджанці і... стало прикро що не знав про розсадник раніше. Чудовий матеріал за мінімальну ціну! Дуже Вам дякую! Успіхів!!! ";"2017-11-10 10:13:55"
"45";"Ігор Степура";"5";"619";"0";"0";"1";"Продукцией не доволен. На картинке одно, а на самом деле выслали то , что не продаётся. Речь идёт о барбарисах ' Ред Карпет'. Запаковали растения в два яруса. Весь нижний ярус пришёл в ужасном состоянии. Сами растения уже высылали с сухими веточками. ";"2017-10-18 11:24:05"
"263";"Наталия Филатова";"5";"0";"0";"0";"1";" Була приємно здивована оперативним сервісом та якістью замовлених рослин - розкішні та дуже ретельно упаковані. Усі вже прижилися, нічого не пропало. Буду постійним клієнтом. ";"2017-10-05 14:19:35"
"262";"Оксана Акимочкина";"5";"0";"0";"0";"1";" Уже не в первый раз заказываю хвойники. В сентябре этого года не удержалась и заказала еще 10 туй сорта Колумна. Пришли прекрасные туйки (как, впрочем, и все предыдущие заказанные растения)!Так и захотелось процетировать Пушкина: 'Все равны, как на подбор'. Даже не удержалась, перемеряла. Все 10 туй одного роста - 72см. Даже шнурок не понадобился для высадки. Огромное спасибо всему коллективу за ваш труд и профессионализм. А еще за ваши весьма демократические цены (по сравнению с другими продавцами), честность по отношению к нам - покупателям в указании размера посадочного материала. Успехов, удачи и материального процветания, Ангелы! ";"2017-09-18 10:11:32"
"44";"Ірина Лазарева";"5";"1114";"0";"0";"1";"Мюленбергия красивейший злак, видела его в местах естественного произростания, и с тех пор мечтала завести у себя.  И вот благодаря вам мечта сбывается, получила симпатичный лохматый кустик, утеплю на зиму по примеру Виктории сосновыми ветками, надеюсь ему у меня понравится!  Спасибо вам ребята за положительные эмоции, которых сегодня так не хватает!";"2017-09-02 12:58:54"
"43";"Ірина Лазарева";"5";"632";"0";"0";"1";"Давно хотела добавить саду серебристых красок, вот ваша шефердия мне и попалась!) Заказала двух малышей в р9, и ожидала одногодочек, которых нужно дорастить до высадки в открытый грунт. Но ваши шефердии удивили и порадовали своим здоровьем и размерами, сразу пойдут на ПМЖ! Вот они, красотки, на переднем плане http://piccy.info/view3/11532513/6b109853f63eacb2b7eb1fc45911082b/  Заказывала первый раз, но конечно не в последний! Спасибо за ваш труд, ребята, за выхоленые растения, отличные цены и подаренное хорошее настроение! Дай вам Бог здоровья и процветания, и много-много покупателей!   Не прощаюсь) с уважением Ирина Лазарева, Киев";"2017-09-02 12:37:26"
"42";"Ірина Лазарева";"5";"673";"0";"0";"1";"Забыла подписать, слева на фото гортензия Limelight, а справа - Polar Bear";"2017-09-02 11:37:09"
"41";"Ірина Лазарева";"5";"976";"0";"0";"1";"Получила отличные гортензии, видно, что растили с любовью! Специально сфотала, слева Limelight, справа Polar Bear, обе в 3-литровых горшках (а что же тогда вы в 5-литровых высылаете?). За гортензиями сидит моя кошка, и сравнение не в ее пользу)) А впереди - шеффердии в р9  http://piccy.info/view3/11532513/6b109853f63eacb2b7eb1fc45911082b  Очень подняла настроение ваша посылочка! Кстати, и упаковка порадовала, умная и аккуратная.  С уважением, Ирина Лазарева ";"2017-09-02 11:36:02"
"40";"Ірина Лазарева";"5";"673";"0";"0";"1";"Ребята, я была поражена, когда получила ваши растения, просто не ожидала таких размеров и упитанности, да еще по такой цене! Вот они на фото, ваши красавицы гортензии (это те, что 3л контейнерах) и шеффердии - 'манюни' в р9. А за ними кошка, сама пришла попозировать для масштаба)) http://piccy.info/view3/11532513/6b109853f63eacb2b7eb1fc45911082b/ Спасибо вам огромное, очень порадовали! Обязательно вернусь к вам за новыми растениями, ассортимент у вас хороший! С наилучшими пожеланиями, Ирина Лазарева";"2017-09-02 11:03:04"
"261";"Tanya Ananyeva";"5";"0";"0";"0";"1";" Заказываю не первый раз,всегда очень довольна ! Упаковывают супер ,все продумывают до мелочей,не одна веточка не отломается! Рекомендую ! СПАСИБО ВАМ ЗА ВАШ ТРУД ! ПРОЦВЕТАНИЯ НА МНОГИЕ ЛЕТА! ";"2017-08-26 12:07:24"
"260";"Ірина Руснак";"5";"0";"0";"0";"1";" 19 липня замовила 2 гортензії Vanille Fraise і 2 - Limelight. А вже 21 ці тендітні вродливиці милували око. Вони чудово доїхали!!! А головне - органічно доповнили мою колекцію волотистих гортензій. Думаю, на цьому не зупинюсь. На черзі - Polar Bear. Дякую всім працівникам розсадника за подаровану радість! ";"2017-07-21 12:27:46"
"39";"Наталія Токарева";"5";"962";"0";"0";"1";"Заказала маленькую сосну в Р9. Приехало маленькое чудо. Все скелетные веки уже есть. Вся как на фото, только совсем крошечная. Заказываю еще. Не знаю, правда, когда вырастет.";"2017-07-16 16:30:53"
"38";"Наталія Токарева";"5";"650";"0";"0";"1";"Заказала на распродаже 2 растения. Приехали очень красивые. высокие, пушистые. Качество превзошло мои ожидания. Спасибо.";"2017-07-16 16:24:58"
"37";"Наталія Токарева";"5";"656";"0";"0";"1";"Заказала это растение. Приехало очень свежее, транспортировку хорошо перенесло. Фото и описание полностью соответствуют. В земле были добавлены удобрения для полноценного развития. Заказываю еще.";"2017-07-16 16:18:20"
"259";"Валентина Сутуга";"5";"0";"0";"0";"1";" Дуже дякую за чудові рослинки!!!! Розмір вразив. Завжди отримуєш рослину набагато меншу ніж очікуєш, а у Вас навпаки))) Великі та здорові. Ще раз дякую! Якщо хтось вагається замовляти чи ні, то я щиро рекомендую. Замовляйте, не пошкодуєте))) ";"2017-07-15 12:33:44"
"258";"Тетяна Буряк";"5";"0";"0";"0";"1";" Хочу щиро подякувати за чудове виконання мого замовлення. Дуже швидко та якісно. Рослини чудові. Буду всім своїм знайомим рекомендувати ваш центр. Спасибі! ";"2017-07-11 21:32:43"
"257";"Татьяна Фесенко";"5";"0";"0";"0";"1";" я я также заказывала не первый раз-и понимаю восхищение людей.Не могла понять-почему Зеленые Ангелы???-а теперь поняла-это состояние душы.От качества зеленых Ангелов становится на душе тепло и кажется растут крылья... ";"2017-07-08 10:17:44"
"256";"Наталія";"5";"0";"0";"0";"1";" Брала декілька сортів Туй.Рослинами задоволена-розмір рослин,доставка,упаковка все на належному рівні. ";"2017-07-05 18:01:02"
"36";"Наталія Токарева";"5";"807";"0";"0";"1";"Заказала 2 Арнольда. Приехали. Стройные,  высокие. Хвоя колючая. Вот только упаковка по высоте была  низкая-согнули верхушки. Заказываю уже не в первый раз на этом сайте. Сервис-на высшем уровне. Всегда перезванивают, уточняют детали.";"2017-07-05 13:39:11"
"35";"Наталія Токарева";"5";"821";"0";"0";"1";"У вас , на мой взгляд, ошибка? Вы пишете растет в ширину. а максимальный размер указываете по высоте. На других сайтах пишут: 'Высота взрослого растения: 0,8 м (10 лет) Диаметр кроны взрослого растения: 1,5 м' Уточните размеры взрослого. Хочу заказать.";"2017-06-11 23:59:48"
"255";"Нина";"5";"0";"0";"0";"1";" Брала растения на разных питомниках и не один год.На этом питомнике взяла первый раз,кусты просто супер и по размеру и по состоянию,и упакованы для перевозки очень аккуратно.Молодцы! ";"2017-06-09 20:21:44"
"254";"Ольга Матичин";"5";"0";"0";"0";"1";" Доброго дня Зелені янголи ! Отримала рослини , які перевершили всі мої сподівання! Надалі буду слідкувати за вашою розсилкою та знижками і замовлятиму лише у вас. Найкращі побажання! Ольга із Косонь(Косино). ";"2017-06-08 13:05:55"
"253";"Ольга Матичин";"5";"0";"0";"0";"1";" Доброго дня Зелені янголи ! Отримала рослини , які перевершили всі мої сподівання! Надалі буду слідкувати за вашою розсилкою та знижками і замовлятиму лише у вас. Найкращі побажання! Ольга із Косонь(Косино). ";"2017-06-08 13:05:48"
"34";"Наталія Токарева";"5";"647";"0";"0";"1";"Заказала 3 штуки. В принципе фото соответствовали. Но приехали в очень тяжком состоянии. Практически желтеющем. Корневая сильно разрослась и вышла из вазона. Сейчас отходят в открытом грунте.";"2017-05-21 12:17:59"
"33";"Наталія Токарева";"5";"681";"0";"0";"1";"Получила посылку. Все пришло в наилучшем виде. Растения были аккуратно упакованы. Кто еще в поиске хорошего поставщика, покупайте у этих ребят. Будете довольны.";"2017-05-14 19:32:54"
"32";"Наталія Токарева";"5";"682";"0";"0";"1";"Заказывала хвойные, в частности, этот можжевельник. Все растения пришли упакованные С ЛЮБОВЬЮ к своим питомцам. Очень красивые и свежие. На 2 дня раньше оговоренного срока. Всем советую этот магазин. Правда. цены немного дороговаты. Но зато КАЧЕСТВО-просто супер.";"2017-05-14 19:22:43"
"31";"Наталія Токарева";"5";"979";"0";"0";"1";"Заказываю уже второй раз растения из этого интернет-магазина. Очень бережно были упакованы растения. Сразу видно, что люди ценят и берегут свой труд и с любовью отправляют своих питомцев покупателям. Ребята, спасибо. С вами хочется иметь дело.";"2017-05-14 19:15:57"
"252";"Ольга Василик";"5";"0";"0";"0";"1";" Доброго вечора! Вперше замовляла. Боялась розпаковувати, переживала, що пришлють , в якому стані доїдуть мої очікувані рослинки. Але все добре! Вдячна компанії і Андрію, що радив і комплектував моє замовлення. Впевнена , що це не останнє моє замовлення. Дуже до вподоби маленькі рослинки в р9. Дякую дуже!!! ";"2017-05-06 22:16:05"
"30";"Вікторія Бойко";"5";"1114";"0";"0";"1";"Была посажена осенью 2016. На зиму набросала немного хвои. Сейчас зеленеет, очень рассчитываю на цветение. Посадочный материал был очень хороший.";"2017-04-21 16:45:50"
"251";"Алла Некрылова";"5";"0";"0";"0";"1";" Это не первый мой заказ растений, но отзыв оставляю первый раз. Огромное спасибо Андрианне за терпение, желание помочь в выборе, за радушие и максимум информации по выбранным растениям. Сами растения всегда радуют ухоженностью и соответствуют ожиданиям, а бывает и так, что по прибытии удивляют тем, что восхищают ещё больше, чем при выборе на сайте. Успехов и процветания питомнику. ";"2017-04-13 15:21:35"
"29";"Вікторія Бойко";"5";"1132";"0";"0";"1";"Шедевр! Выставочный экземпляр - упаковка, качество, корни!";"2017-04-06 10:58:32"
"247";"Ольга Матичин";"5";"0";"0";"0";"1";" Сьогодні отримала рослини. Якістю рослин та оперативністю обслуговування дуже задоволена! Всім рекомендую!!!! ";"2017-03-30 22:15:54"
"28";"Ірина Золотих";"5";"73";"0";"0";"1";"Отримала вчора тамарикс и і була вражена великим розміром рослини. Заввишки мій гигант був біля 1,5 м. Пакування дуже гарне. Незважаючі на велики пагони, не будо жодного навіть маленького зламу. Сподіваюсь побачити цвітіння вже у цьому році. ";"2017-03-23 07:41:15"
"27";"Ірина Золотих";"5";"665";"0";"0";"1";"Отримала вчора кріптомерію. Сказати, що я в захваті - не сказати нічого. Я аж ніяк не очікувала такого великого розміру і була просто вражена якістю і красою рослини. Дякую вам за те, що кожне замовлення не припиняете мене дивувати! ";"2017-03-23 07:35:58"
"246";"Светлана";"5";"0";"0";"0";"1";" Работаете профессионально.Прошел год, делаю новый заказ. ";"2017-03-22 21:27:25"
"245";"Алла Шведова";"5";"0";"0";"0";"1";" Уже в 3-й раз заказываю хвойники у Зеленых ангелов. Каждый раз в восторге от работы питомника. Растения приходят здоровые, крепкие. Цены отличные. А персоналу питомника отдельное, огромное спасибо. Мирославочка и Андрей просто супер!!! Слаженная и отличная работа. Благодаря таким профессионалам хочется обращаться снова и снова к услугам Зеленых ангелов. ";"2017-03-22 18:57:52"
"244";"Алла Поліщук";"5";"0";"0";"0";"1";" Сьогодні отримала замовлення.Рослини, пакування, спілкування, оперативність- на відмінно.Дякую. Дуже задоволена! ";"2017-03-10 18:38:22"
"242";"Инна";"5";"0";"0";"0";"1";" Впервые заказывала растения в Ландшафтном центре и осталась очень довольна! Спасибо Вам за честность, порядочность, оперативность и несомненно качественный посадочный материал! Растения очень красивые, ухоженные, хорошо упакованные, доехали отлично! Радости нет предела!!! Хочу выразить отдельную благодарность Мирославе за доброжелательное общение, помощь в выборе растений, консультации и советы! Приятно у Вас делать покупки! Успехов Вам и процветания!!! ";"2016-12-01 12:39:01"
"241";"Елена Ситникова";"5";"0";"0";"0";"1";" Впервые заказываю на этом сайте.Заказ доставлен в срок.Растения пришли в хорошем состоянии(2 можжевельника и 1 кипарисовик).Спасибо за работу магазину и сотрудникам!!!! ";"2016-11-21 10:32:57"
"240";"Галина";"5";"0";"0";"0";"1";" Щиро дякую.Замовлення у вас робила вперше.Приємно здивована співвідношенням ,,ціна-якість,,.Думала,що кущі будуть маленькі,а вони такі гарні.)Швидко передзвонили і відправили замовлення.Всього вам найкращого. ";"2016-11-13 23:00:26"
"239";"Ольга";"5";"0";"0";"0";"1";" Растения покупаю не первый год. Никогда не было разочарований. Растения приходят аккуратно упакованы и вид имеют просто чудесный. Всегда ухожены и доглянуты. Еще нравится, что Андрианна всегда откликается на мои просьбы. Всем рекомендую ребята очень добросовестные! ";"2016-11-04 22:12:24"
"238";"оксана";"5";"0";"0";"0";"1";" Шикарные растения, отличные цены. Постоянно какие-то бонусы. Очень профессиональное обслуживание. Рекомендую всем. ";"2016-11-04 09:22:39"
"237";"Андріанна. розсадник ЗЕЛЕНІ ЯНГОЛИ";"5";"0";"0";"0";"1";" Доброго дня, Сергій (з Києва). Можливо ви випадково прочитаєте цей відгук-відповідь на вашу претензію. У нас в інтернеті дійсно крутиться (або крутилася) реклама про тую колумну 90-100 см по 76.5- і це була правдла, це є ціна при умові купівлі 10 шт на нашому сайті присвяченому живим огорожам 'УКРАЇНСЬКІ ЖИВОПЛОТИ' http://zhivoplit.com.ua/uk/﻿  Там ви можете придбати таку тую навіть по 68.5 грн при умові купівлі 50 шт. ( правда на разіі більші туї розпродані і в наяаності 60-80 см). Також весною на цьому сайті була акція на цю тую періодом прибл місяць по 76.5 навіть від 1 шт (і багато хто так придбав). Можливо десь помилково зависла в інтернеті об'ява про це -не виключено. Завжди бажано розібратись до кінця і пам'ятати- що негативне і песимістичне налаштувпння- лише засліплює. Моя вам порада-побільше вірте людям і вірте в людей, будьте відкриті -це рецепт щастя. Слідкуйте за нашими актуальними знижками прямо на наших сайтах- не завжди є час вчасно змінювати інформацію що десь 'гуляє' в інтернеті, адже ми не 'купи-продай', а виробники, і це забирає дуже багато часу.  В будь-якому випадку- вибачте за незручності. ";"2016-11-03 20:53:21"
"236";"Анжела";"5";"0";"0";"0";"1";" Беру не первый раз и не первый год, довольна была всегда. Ребята молодцы, рекомендую всем!!!!!!!!!! ";"2016-11-03 12:29:55"
"26";"Наталья";"5";"1115";"0";"0";"1";"Спасибо большое, посылочку получила, очень довольна!!!!! Заказывала кипарис Стрикта) Посадочный материал качественный, с хорошо развитой корневой системой, хорошо упакован.  Саженцы сильные, здоровые, и к тому же цена очень порадовала)))) Очень вежливый менеджер, быстрая доставка. Очень осталась довольна. Непременно буду заказывать еще.  Спасибо Вам огромное!!!!!";"2016-10-29 18:41:53"
"235";"Сергей";"5";"0";"0";"0";"1";" Реклама в Яндексе одна с нереальными ценами, а заходишь на сайт тут в три раза выше, как у всех. Вранье это НЕ залог успеха....(Туя Колумна для вечнозеленой живой изгороди. Высота 90-110 см по 76,50 грн.) ";"2016-10-15 09:59:19"
"234";"Алена";"5";"0";"0";"0";"1";" Хочу поблагодарить Вас за отличную, слаженную и компетентную работу. Заказывала два раза растения, и на этом не остановлюсь, саженцы в отличном состоянии, не могла нарадоваться. Огромное спасибо за вашу внимательность к клиентам , за оперативность при оформлении заказа. Всем рекомендую Ландшафт центр - работать с профессионалом своего дела всегда очень приятно!!! Отдельное спасибо Андрею и Андрианне с вами очень приятно работать!!! ";"2016-10-10 14:50:19"
"25";"Валентина Гуцалюк";"5";"837";"0";"0";"1";"Она прекрасна! Шикарная, идеальная и такая уже взрослая!!! Купила и не могу налюбоваться, хожу и обнимаю её.";"2016-09-14 10:42:37"
"24";"Андріанна";"3";"108";"0";"0";"1";"щиро дякуємо вам за відгуки! Завжди раді допомогти з вибором гарних адаптованих рослин.";"2016-09-12 09:57:44"
"233";"Лариса";"5";"0";"0";"0";"1";" В наше жестокое время когда встречаешь порядочных и умных людей как то понимаешь что не всё так плохо. Я заказывала растения и не ожидала что к моему копеечному заказу будет такое внимание. Гортензия такой красоты цветущий куст, что никак не высажу в грунт, всё любуюсь красотой. Очень хороший центр и качественный товар. Отдельное спасибо Андрею комплектовавшему заказ. Всем рекомендую Ландшафт центр - не пожалеете!!! ";"2016-09-05 16:09:24"
"232";"Галина";"5";"0";"0";"0";"1";" Огромное спасибо ребятам! Все очень быстро, четко, красиво. Саженцы свежие и все приживаются что самое главное. Заказывала много раз и еще буду заказывать. Очень довольная! Большое спасибо! МОЛОДЦЫ! ";"2016-08-29 07:46:17"
"231";"Олег Малий";"5";"0";"0";"0";"1";" Хочеться похвалити за швидкий та гарний сервіс. Вибір величезний. Молодці!!! Все компактно запаковано, земля волога, не пересохла. І дякую за подаруночок. Дуже приємно. Магазин рекомендую. Саджанці в гарному стані, досить великі та здорові. Буду замовляти ще. ";"2016-08-11 21:38:13"
"23";"Інга";"5";"108";"0";"0";"1";"Замовляла з доставкою Київ. Вже удруге. Вперший раз всі 10 туй чудово прийнялися. Цього разу купила вже цілий комплект різних рослин. Всіми рослинами дуже задоволена. Висока якість рослин!  Дякую за рослини.";"2016-08-01 15:31:31"
"229";"Наталія Недашківська";"5";"0";"0";"0";"1";" Вдруге замовляю і вдруге дуже задоволена і роботою менеджера , і якістю самих рослин . Замовлена смоківниця взагалі за межами будь яких похвал - вона прийшла вже з зав*язаними плодами !!!! Дякую всім працівникам розплідника , бажаю щоб і на далі все залишалось на такому рівні якості !!!!! ";"2016-07-28 12:04:45"
"22";"Ірина Золотих";"5";"989";"0";"0";"1";"Отримала акційні рослини і була просто вражена їх розмірами и станом. Дуже дякую! Це було моє перше замовленя і я впевнена що не останнє. Обовїязково буду замовляти ще! ";"2016-07-27 14:56:18"
"21";"Валентина Гуцалюк";"3";"1097";"0";"0";"1";"Заказала себе такую растюшку. Приехал крепенький саженец, пахнет лимоном!!! Мы с малой уже два часа не отходим, всё нюхаем. Очень интересное и необычное растение с опушёнными листьями.";"2016-07-27 13:46:02"
"20";"Олександр";"5";"108";"0";"0";"1";"Туї чудово прийнялися. Виглядають дуже здоровими та швидко ростуть. Гарна консультація. Рекомендую!";"2016-07-19 10:40:04"
"228";"Ирина";"5";"0";"0";"0";"1";" Получила огромную радость от очередного полученного заказа.Растения просто шикарные!У меня самый красивый участок! И ещё,на других фирмах просто микрорастения,какие то мошенники...Желаю вам долгие годы радовать покупателей от всей души! ";"2016-07-07 14:26:57"
"19";"Мар'яна Замрій";"3";"555";"0";"0";"1";"Скажіть будь-ласка на цих  6 фото це олин и той самий очиток чи різний?";"2016-06-12 11:24:25"
"18";"Сергей Чишко";"5";"787";"0";"0";"1";"спасибо большое за присланную нам елочку она красивее чем на фото голубенькая пышная здоровья и процветания людям которые дарят нам такую красоту ";"2016-06-04 15:03:25"
"226";"Валентина";"5";"0";"0";"0";"1";" Огромное спасибо, ребятки, за очередные шикарные растюшки! Вы лучшие! Обязательно буду заказывать ещё! Отношение к покупателям превосходное, упаковка отличная! Процветания Вам и здоровья!!! ";"2016-05-13 12:23:35"
"225";"Наталя";"5";"0";"0";"0";"1";" Отримала сьогодні, Вашу посилочку. Була в захваті як від рослин , так і сервісу! Рослини доїхали дуже гарно, в ідеальному стані просто!!! Гарна корнева система,гарні стебла...Все на вищому рівні!!! Хожу щаслива...Дякую Вам , за все!!! І за те, що робите ,нас жінок, щасливими!!! Радуйте далі нас!!! Здоров'я Вам, успіху і процвітання!!! ";"2016-05-12 21:23:51"
"224";"Людмила Чупікова";"5";"0";"0";"0";"1";" Отримала замовлені рослини. Дуже дякую. Все чудово - оперативно та якісно!!! Всім потенційним покупцям рекомендую співпрацювати з Ландшафт- центром, а працівникам Центру - вдячних замовників та вдалих продаж. ";"2016-05-11 20:15:19"
"223";"Владимир";"5";"0";"0";"0";"1";" Спасибо большое,ваш центр работает отменно,заказ выполнен невероятно быстро,растения пришли в отличной упаковке и идеальном состоянии.Молодцы ";"2016-05-10 07:00:12"
"222";"Тетяна";"5";"0";"0";"0";"1";" Дякую за гарні рослини! Приємні ціни, оперативна доставка,коренева система рослин на вищому рівні! Дуже приємне спілкування! Щиро дякую! ";"2016-05-05 09:54:25"
"17";"Тетяна Бутнік";"4";"632";"0";"0";"1";"Красива двудомна рослина. Тому хлопчик і дівчинка потрібні. Дівчинка без хлопчика теж має плоди, але вони осипаються швидше. ";"2016-05-04 14:26:42"
"221";"Мария";"5";"0";"0";"0";"1";" Вчера получила долгожданные растения! Андриана огромное вам спасибо! Растения великолепны. От кипарисовиков просто обалдела. Они супер! Отдельное спасибо за доставку домой, очень удобно. Еще раз огромное спасибо!!! ";"2016-04-19 17:52:49"
"220";"Наталія";"5";"0";"0";"0";"1";" Дякую за якісний посадковий матеріал і турботливе ставлення до пакування замовлення.Приємно вражена цінами та швидкістю доставки.Дякую! ";"2016-04-03 13:41:37"
"16";"Валентина Гуцалюк";"3";"73";"0";"0";"1";"Получила от Вас саженец. Размер-супер, даже не ожидала! Зимовал на балконе. Сейчас зацвёл- цветки белые. А так хотелось тёмно-розового! Это случайно так попался? Они у Вас разные?";"2016-03-04 17:19:49"
"219";"Татьяна Михайлевич";"5";"0";"0";"0";"1";"Очень довольна качеством растений, а также обслуживанием персонала.Ребята работают очень слаженно и оперативно.Огромное спасибо!!!";"2016-03-04 12:45:25"
"218";"Александра";"5";"0";"0";"0";"1";"Ваши растения успешно к нам доехали! Все суперского качества! Я очень и очень довольна! Спасибо вам большое! Отдельное спасибо за подарок, мне понравился!!!:-)  Ни одна веточка не поломалась при такой далекой транспортировке, вы очень постарались и с упаковкой! Приятно у вас делать покупки!!!";"2016-02-29 19:13:13"
"217";"Ольга";"5";"0";"0";"0";"1";"Я вже не перший раз замовляю у вас рослини і завжди залишалась задоволена.Сервіс-відмінний, швидкість виконання замовлення-блискавична , тому Всім РЕКОМЕНДУЮ!";"2016-02-29 17:46:37"
"216";"Андріанна Недолуженко";"5";"0";"0";"0";"1";"Дякую вам, дорогі клієнти, за ваші відгуки! Тільки сьогодні побачила Їх на сайті в бек-офісі - виявляється вони були вже давно у нас на модерації, треба було лише надати їм дозвіл бути показаними...:) попрошу програміста зняти це правило :)\r\nВід усієї команди нашого розсадника дякуємо вам за ваше захоплення рослинами і за довіру до нашої компанії !\r\nОбожнюю свою роботу, люблю ВАС :)\r\nдо звязку!\r\nз повагою, ваша Андріанна та КОМАНДА ЛАНДШАФТ.ІНФО";"2016-02-27 17:10:05"
"215";"Катя";"5";"0";"0";"0";"1";"Замовляла рослинки в р9, дуже задоволена якістю, а головне розмірами. Рекомендую.";"2016-02-27 16:30:03"
"214";"Евгения";"5";"0";"0";"0";"1";"Мой маленький отчет: все растюшки доехали быстро и благодаря хорошей упаковке без потерь - спасибо большое! Туйки густые и ровненькие, можевельники, спиреи, барбарисы - красивые и пышненькие. Отдельное спасибо за подарки.\r\nФотоотчет:\r\n[url=http://img-fotki.yandex.ru/get/6618/1063058.5/0_d3659_8940a9f8_XXXL.jpg][img]https://img-fotki.yandex.ru/get/6618/1063058.5/0_d3659_8940a9f8_S[/img][/url]  [url=https://img-fotki.yandex.ru/get/16117/1063058.5/0_d3657_3082ceb6_XXXL.jpg][img]https://img-fotki.yandex.ru/get/16117/1063058.5/0_d3657_3082ceb6_S[/img][/url] [url=https://img-fotki.yandex.ru/get/4610/1063058.5/0_d3655_352e033d_XXXL.jpg][img]https://img-fotki.yandex.ru/get/4610/1063058.5/0_d3655_352e033d_S[/img][/url] [url=https://img-fotki.yandex.ru/get/68326/1063058.5/0_d3653_4196d72f_XXXL.jpg][img]https://img-fotki.yandex.ru/get/68326/1063058.5/0_d3653_4196d72f_S[/img][/url]\r\n\r\n[url=https://img-fotki.yandex.ru/get/6606/1063058.5/0_d3656_663e7ecd_XXXL.jpg][img]https://img-fotki.yandex.ru/get/6606/1063058.5/0_d3656_663e7ecd_S[/img][/url][url=https://img-fotki.yandex.ru/get/6438/1063058.5/0_d3654_50c7bf30_XXXL.jpg][img]https://img-fotki.yandex.ru/get/6438/1063058.5/0_d3654_50c7bf30_S[/img][/url] [url=https://img-fotki.yandex.ru/get/6200/1063058.5/0_d3658_f07fd894_XXXL.jpg][img]https://img-fotki.yandex.ru/get/6200/1063058.5/0_d3658_f07fd894_S[/img][/url]";"2015-11-17 15:16:29"
"213";"Наиля Агишева";"5";"0";"0";"0";"1";"Получила растения от Андрианны. От такой красоты дух перехватило. Растения шикарные. Упаковка просто супер, собралось все отделение, такую упаковку думаю и они видели в первый раз. Спасибо за ваш труд, профессионализм и доброжелательное общение. Успехов и процветания !!!!!!";"2015-11-07 12:37:06"
"212";"Галина";"5";"0";"0";"0";"1";"Хорошо, что теперь можно оставить отзыв на сайте. Покупала через сайт уже трижды. Хвойные и барбарисы просто красавцы! Огромный выбор. Размер соответствет описанию.  Качество растений отменное. Мне отправляли Интаймом и Новой Почтой. Упаковка отличная, все доехало замечательно.  Андрианна  спасибо огромное!";"2015-10-20 11:07:53"
"211";"Валентина";"5";"0";"0";"0";"1";"Получила долгожданные растения. Всё супер! Тамарикс удивил, 1,5 саженец-красавец! Отдельное спасибо за подарок! Очень довольна качеством саженцев, скоростью обработки заказа. Молодцы! Обязательно весной закажу ещё что-то.";"2015-10-17 14:23:56"
"210";"Анна Якименко";"5";"0";"0";"0";"1";"Делала заказ в Ланшафт центре, осталась оооочень довольна!!! Огромное спасибо Андреане за помощь, скорость выполнения заказа, за размеры растений, за качество растений!!! Очень была удивленна размерами пришедших хвойников, за ту цену по которой их продают, я была уверенна что придут малыши, а пришли вполне большие саженцы!!! Еще очень порадовала корневая, весь горшок внутри да еще и снаружи был покрыт корнями, корни огромные!!! Ну и просто неожиданностью стал для меня подарок, хвойник который я спрашивала но не заказала- мне подарили!!!!! Очень рекомендую этот садовый центр, отличные цены и качество растений!!! Большое Вам спасибо, что помогаете создавать красоту!!! Побольше Вам благодарных клиентов!!! Спасибо!!!";"2015-10-14 22:54:15"
"15";"Антоніна";"5";"108";"0";"0";"1";"Чудові туї і ціна дуже низька (я спершу думала, що застарілі ціни чи що :)) . Але окремо дякую за сервіс - дуже все швидко, чітко, приємне ввічливе спілкування, відповіді на питання, врахування всіх побажань. Ви молодці! (одночасно замовляла саджанці плодових в іншому магазині, то є з чим порівнювати). І звичайно ж подарунок - це було так приємно і несподівано! ";"2015-10-02 12:15:59"
"14";"Андріанна";"5";"10";"0";"0";"1";"Швидкоростучий гарний кущ. На бордовому листі дуже яскраво виглядає жовтий цвіт.  Зараз в продажі гарні розміри. Рекомендую!";"2015-04-16 00:24:37"
"13";"Іван Білоус";"5";"470";"0";"0";"1";"Цей сорт горлянки, як і Металіка Кріспа, приїхав в гарному стані з добре сформованою над- і підземною частинами. Приємно було висаджувати, немає хвилювань за приживаність рослин.";"2015-04-08 23:42:24"
"12";"Іван Білоус";"5";"469";"0";"0";"1";"Сподобався товарний вигляд цієї горлянки - добре сформоване коріння, розеточки листя заповнюють горщик. Сезон тільки-но розпочинається і я маю справу з цим сортом горлянки вперше, тому стосовно поведінки рослини поки не можу нічого сказати.";"2015-04-08 23:32:13"
"11";"Лілія середа";"5";"781";"0";"0";"1";"Дуже сподобався кипарисовик, бажаю всього найкращого!!!! РЕКОМЕНДУЮ!!!";"2015-03-15 17:24:18"
"10";"Лілія середа";"5";"87";"0";"0";"1";"Дякую за кипарисовик, дуже задоволена! РЕКОМЕНДУЮ!!!";"2015-03-15 17:21:27"
"9";"Лілія середа";"3";"775";"0";"0";"1";"Дякую за рослинку, покупкою задоволена!!! РЕКОМЕНДУЮ!";"2015-03-15 17:18:37"
"8";"Лілія середа";"5";"772";"0";"0";"1";"Дякую за гарну ялиночку, дуже сподобалася співпраця!!! Бажаю успіху і процвітання!!!";"2015-03-15 17:16:02"
"7";"Лілія середа";"5";"756";"0";"0";"1";"Дуже сподобалася піхта  Grübele 'Doni Tajuso', Дякую за гарну рослинку, рекомендую!!!!!";"2015-03-15 17:11:22"
"6";"Лілія середа";"5";"757";"0";"0";"1";"Дякую, за гарну рослинку, дуже задоволена покупкою! Велике спасибі хочу виразити Андріанні!  Дуже відзивчива, добра, і порядна! Швидка доставка, гарна упаковка!!!!";"2015-03-15 17:07:41"
"5";"Светлана";"3";"87";"0";"0";"1";"Купила Кипарисавик очень Классный!!!";"2015-03-15 16:39:47"
"4";"anriuz anriuz";"4";"448";"0";"0";"1";"Різні сорти, вирощені спеціально для умов нашого регіону";"2014-05-26 20:22:21"
"3";"anriuz anriuz";"5";"10";"0";"0";"1";"Дуже добре підходить для живоплотів";"2014-05-26 20:17:29"
"2";"Вася Пупкін";"5";"1";"0";"0";"1";"Чудова рослина для саду";"2013-10-13 16:44:32"